forecast_date,linear,ridge,forecast_ensemble_median,forecast_ensemble_mean,forecast_lower_approx,forecast_upper_approx,source_file,indicator_code,indicator_name,source_title,gradient_boosting,huber,random_forest
2025-12-31,11.624068965517232,24.42055555555556,18.022312260536395,18.022312260536395,9.843580077098974,26.201044443973817,data (20).xls,2.14.Я.1,Уровень бедности среди многодетных семей,"Уровень бедности среди многодетных семей (процент, значение показателя за год)",,,
2026-12-31,5.314068965517226,18.81166666666667,12.062867816091948,12.062867816091948,1.2434221175040872,22.882313514679808,data (20).xls,2.14.Я.1,Уровень бедности среди многодетных семей,"Уровень бедности среди многодетных семей (процент, значение показателя за год)",,,
2027-12-31,-0.9959310344827728,13.202777777777781,6.103423371647504,6.103423371647504,0.0,19.035134407739662,data (20).xls,2.14.Я.1,Уровень бедности среди многодетных семей,"Уровень бедности среди многодетных семей (процент, значение показателя за год)",,,
2028-12-31,-7.305931034482782,7.593888888888895,0.14397892720305627,0.14397892720305627,0.0,14.888398055038643,data (20).xls,2.14.Я.1,Уровень бедности среди многодетных семей,"Уровень бедности среди многодетных семей (процент, значение показателя за год)",,,
2029-12-31,-13.615931034482784,1.985000000000003,0.0,0.0,0.0,10.541998849633453,data (20).xls,2.14.Я.1,Уровень бедности среди многодетных семей,"Уровень бедности среди многодетных семей (процент, значение показателя за год)",,,
2030-12-31,-19.925931034482787,-3.6238888888888816,0.0,0.0,0.0,6.050223575257911,data (20).xls,2.14.Я.1,Уровень бедности среди многодетных семей,"Уровень бедности среди многодетных семей (процент, значение показателя за год)",,,
2026-04-30,1.345474551551415,1.3549283602373197,1.357991774950609,1.3559081100373624,1.3508505956823003,1.3651329542189177,data (21).xls,2.14.Я.2,Суммарный коэффициент рождаемости (Я1),Суммарный коэффициент рождаемости (Я1),1.357991774950609,1.358139196780806,1.363006666666663
2026-05-31,1.3425464831493783,1.3520280667003697,1.3541744076316873,1.3540920721752285,1.3468134485280103,1.3615353667353642,data (21).xls,2.14.Я.2,Суммарный коэффициент рождаемости (Я1),Суммарный коэффициент рождаемости (Я1),1.3584114033947092,1.3541744076316873,1.3632999999999975
2026-06-30,1.3411965632149103,1.3501744342762085,1.3512479011916871,1.3533630098816551,1.3436735367622525,1.3588222656211217,data (21).xls,2.14.Я.2,Суммарный коэффициент рождаемости (Я1),Суммарный коэффициент рождаемости (Я1),1.360736150725472,1.3512479011916871,1.363459999999998
2026-07-31,1.3409363681602018,1.3492063709092261,1.3495287913552163,1.3524244505122067,1.34174687166315,1.3573107110472826,data (21).xls,2.14.Я.2,Суммарный коэффициент рождаемости (Я1),Суммарный коэффициент рождаемости (Я1),1.3591140554697254,1.3495287913552163,1.3633366666666633
2026-08-31,1.3409854834959398,1.3487254970300995,1.3488626710718257,1.3523489823215866,1.3408785899301006,1.3568467522135508,data (21).xls,2.14.Я.2,Суммарный коэффициент рождаемости (Я1),Суммарный коэффициент рождаемости (Я1),1.3596012600100693,1.3488626710718257,1.363569999999998
2026-09-30,1.3404806152634807,1.3482028910396735,1.3488129855906796,1.3525345702871059,1.3406317369536112,1.3569942342277481,data (21).xls,2.14.Я.2,Суммарный коэффициент рождаемости (Я1),Суммарный коэффициент рождаемости (Я1),1.3612163595416977,1.3488129855906796,1.3639599999999983
2026-10-31,1.3387069089538992,1.3471208134243144,1.348778006953495,1.3518480387389609,1.340404232007545,1.3571517818994447,data (21).xls,2.14.Я.2,Суммарный коэффициент рождаемости (Я1),Суммарный коэффициент рождаемости (Я1),1.3606577976964314,1.348778006953495,1.363976666666665
2026-11-30,1.3352894941963611,1.345111434640477,1.3481520665150253,1.3506891852712166,1.33959009335288,1.3567140396771706,data (21).xls,2.14.Я.2,Суммарный коэффициент рождаемости (Я1),Суммарный коэффициент рождаемости (Я1),1.3610129310042227,1.3481520665150253,1.3638799999999962
2026-12-31,1.330293930971254,1.3420553947438514,1.3464878433674368,1.3483977685648678,1.3377417206828879,1.3552339660519857,data (21).xls,2.14.Я.2,Суммарный коэффициент рождаемости (Я1),Суммарный коэффициент рождаемости (Я1),1.3598383404084693,1.3464878433674368,1.3633133333333278
2027-01-31,1.3281370383484647,1.335116698470229,1.3357651704909184,1.3440738583336789,1.3268386964055325,1.3446916445763042,data (21).xls,2.14.Я.2,Суммарный коэффициент рождаемости (Я1),Суммарный коэффициент рождаемости (Я1),1.3603870510254499,1.3357651704909184,1.3609633333333322
2027-02-28,1.3217424398531519,1.3306879000285685,1.3318405611867206,1.3406611971603302,1.322737308076928,1.340943814296513,data (21).xls,2.14.Я.2,Суммарный коэффициент рождаемости (Я1),Суммарный коэффициент рождаемости (Я1),1.3591250847332144,1.3318405611867206,1.3599099999999966
2027-03-31,1.3159018249260361,1.3263008336982076,1.327299517080278,1.3376669271032546,1.318022853091277,1.336576181069279,data (21).xls,2.14.Я.2,Суммарный коэффициент рождаемости (Я1),Суммарный коэффициент рождаемости (Я1),1.3590391264784223,1.327299517080278,1.3597933333333294
2027-04-30,1.3113300480760428,1.3224732389927796,1.3227437661298744,1.3348957867157758,1.3132968739240372,1.3321906583357117,data (21).xls,2.14.Я.2,Суммарный коэффициент рождаемости (Я1),Суммарный коэффициент рождаемости (Я1),1.3580685470468519,1.3227437661298744,1.3598633333333296
2027-05-31,1.308401979674006,1.3195729454558298,1.3195729454558298,1.3331297488536418,1.3099588386365464,1.3291870522751132,data (21).xls,2.14.Я.2,Суммарный коэффициент рождаемости (Я1),Суммарный коэффициент рождаемости (Я1),1.3584881754909521,1.3187789769807554,1.360406666666665
2027-06-30,1.307052059739538,1.3177193130316687,1.3177193130316687,1.3324206865600683,1.3079408506005665,1.3274977754627708,data (21).xls,2.14.Я.2,Суммарный коэффициент рождаемости (Я1),Суммарный коэффициент рождаемости (Я1),1.360812922821715,1.3158524705407553,1.3606666666666642
2027-07-31,1.3067918646848296,1.3167512496646863,1.3167512496646863,1.3315247938572865,1.306811148805019,1.3266913505243536,data (21).xls,2.14.Я.2,Суммарный коэффициент рождаемости (Я1),Суммарный коэффициент рождаемости (Я1),1.3591908275659683,1.3141333607042844,1.3607566666666642
2027-08-31,1.3068409800205676,1.3162703757855596,1.3162703757855596,1.3314266589999995,1.30617122321298,1.3263695283581391,data (21).xls,2.14.Я.2,Суммарный коэффициент рождаемости (Я1),Суммарный коэффициент рождаемости (Я1),1.3596780321063122,1.3134672404208938,1.3608766666666645
2027-09-30,1.3063361117881083,1.3157477697951334,1.3157477697951334,1.3315395802988523,1.305492031875894,1.3260035077143728,data (21).xls,2.14.Я.2,Суммарный коэффициент рождаемости (Я1),Суммарный коэффициент рождаемости (Я1),1.361293131637941,1.3134175549397478,1.3609033333333314
2027-10-31,1.3045624054785268,1.3146656921797744,1.3146656921797744,1.3308637154173744,1.3042557239832808,1.325075660376268,data (21).xls,2.14.Я.2,Суммарный коэффициент рождаемости (Я1),Суммарный коэффициент рождаемости (Я1),1.3607345697926747,1.313382576302563,1.3609733333333318
2027-11-30,1.3011449907209887,1.3126563133959372,1.3127566358640934,1.3297895286162968,1.3021946892899108,1.323318582438276,data (21).xls,2.14.Я.2,Суммарный коэффициент рождаемости (Я1),Суммарный коэффициент рождаемости (Я1),1.361089703100466,1.3127566358640934,1.361299999999998
2027-12-31,1.2961494274958818,1.3096002734993113,1.3110924127165051,1.3274981119099483,1.3003806438140422,1.321804181618968,data (21).xls,2.14.Я.2,Суммарный коэффициент рождаемости (Я1),Суммарный коэффициент рождаемости (Я1),1.3599151125047126,1.3110924127165051,1.3607333333333294
2028-01-31,1.2939925348730925,1.3026615772256889,1.3026615772256889,1.3236748472595101,1.2918020528068364,1.3135211016445414,data (21).xls,2.14.Я.2,Суммарный коэффициент рождаемости (Я1),Суммарный коэффициент рождаемости (Я1),1.3603870510254499,1.3003697398399865,1.3609633333333322
2028-02-29,1.2875979363777796,1.2982327787840287,1.2982327787840287,1.3202621860861616,1.2872274824142103,1.309238075153847,data (21).xls,2.14.Я.2,Суммарный коэффициент рождаемости (Я1),Суммарный коэффициент рождаемости (Я1),1.3591250847332144,1.2964451305357887,1.3599099999999966
2028-03-31,1.281757321450664,1.2938457124536675,1.2938457124536675,1.317267916029086,1.2826965498944696,1.3049948750128655,data (21).xls,2.14.Я.2,Суммарный коэффициент рождаемости (Я1),Суммарный коэффициент рождаемости (Я1),1.3590391264784223,1.2919040864293463,1.3597933333333294
2028-04-30,1.2771855446006704,1.2900181177482397,1.2900181177482397,1.3144967756416068,1.2787269219145248,1.3013093135819547,data (21).xls,2.14.Я.2,Суммарный коэффициент рождаемости (Я1),Суммарный коэффициент рождаемости (Я1),1.3580685470468519,1.2873483354789426,1.3598633333333296
2028-05-31,1.2742574761986336,1.2871178242112897,1.2871178242112897,1.3127307377794728,1.2756863596970998,1.2985492887254797,data (21).xls,2.14.Я.2,Суммарный коэффициент рождаемости (Я1),Суммарный коэффициент рождаемости (Я1),1.3584881754909521,1.2833835463298235,1.360406666666665
2028-06-30,1.2729075562641656,1.2852641917871286,1.2852641917871286,1.3120216754858993,1.27369415900744,1.2968342245668172,data (21).xls,2.14.Я.2,Суммарный коэффициент рождаемости (Я1),Суммарный коэффициент рождаемости (Я1),1.360812922821715,1.2804570398898234,1.3606666666666642
2028-07-31,1.272647361209457,1.2842961284201462,1.2842961284201462,1.3111257827831175,1.2725891674094079,1.2960030894308845,data (21).xls,2.14.Я.2,Суммарный коэффициент рождаемости (Я1),Суммарный коэффициент рождаемости (Я1),1.3591908275659683,1.2787379300533528,1.3607566666666642
2028-08-31,1.2726964765451951,1.2838152545410195,1.2838152545410195,1.3110276479258307,1.2719729484441973,1.2956575606378418,data (21).xls,2.14.Я.2,Суммарный коэффициент рождаемости (Я1),Суммарный коэффициент рождаемости (Я1),1.3596780321063122,1.2780718097699622,1.3608766666666645
2028-09-30,1.272191608312736,1.2832926485505936,1.2832926485505936,1.3111405692246838,1.2713165268380058,1.2952687702631813,data (21).xls,2.14.Я.2,Суммарный коэффициент рождаемости (Я1),Суммарный коэффициент рождаемости (Я1),1.361293131637941,1.2780221242888161,1.3609033333333314
2028-10-31,1.2704179020031545,1.2822105709352345,1.2822105709352345,1.3104647043432052,1.270102112368654,1.294319029501815,data (21).xls,2.14.Я.2,Суммарный коэффициент рождаемости (Я1),Суммарный коэффициент рождаемости (Я1),1.3607345697926747,1.2779871456516312,1.3609733333333318
2028-11-30,1.2670004872456164,1.2802011921513974,1.2802011921513974,1.309390517542128,1.2679618275256304,1.2924405567771644,data (21).xls,2.14.Я.2,Суммарный коэффициент рождаемости (Я1),Суммарный коэффициент рождаемости (Я1),1.361089703100466,1.2773612052131615,1.361299999999998
2028-12-31,1.2620049240205093,1.2771451522547714,1.2771451522547714,1.3070991008357793,1.2647762669361033,1.2895140375734395,data (21).xls,2.14.Я.2,Суммарный коэффициент рождаемости (Я1),Суммарный коэффициент рождаемости (Я1),1.3599151125047126,1.2756969820655732,1.3607333333333294
2029-01-31,1.25984803139772,1.270206455981149,1.270206455981149,1.3032758361853412,1.257709392261609,1.282703519700689,data (21).xls,2.14.Я.2,Суммарный коэффициент рождаемости (Я1),Суммарный коэффициент рождаемости (Я1),1.3603870510254499,1.2649743091890546,1.3609633333333322
2029-02-28,1.2534534329024072,1.2657776575394886,1.2657776575394886,1.2998631750119929,1.253153716823764,1.278401598255213,data (21).xls,2.14.Я.2,Суммарный коэффициент рождаемости (Я1),Суммарный коэффициент рождаемости (Я1),1.3591250847332144,1.2610496998848568,1.3599099999999966
2029-03-31,1.2476128179752914,1.2613905912091277,1.2613905912091277,1.296868904954917,1.2486410360491227,1.2741401463691326,data (21).xls,2.14.Я.2,Суммарный коэффициент рождаемости (Я1),Суммарный коэффициент рождаемости (Я1),1.3590391264784223,1.2565086557784144,1.3597933333333294
2029-04-30,1.2430410411252981,1.2575629965036996,1.2575629965036996,1.294097764567438,1.244689052494116,1.2704369405132832,data (21).xls,2.14.Я.2,Суммарный коэффициент рождаемости (Я1),Суммарный коэффициент рождаемости (Я1),1.3580685470468519,1.2519529048280107,1.3598633333333296
2029-05-31,1.2401129727232614,1.2546627029667499,1.2546627029667499,1.292331726705304,1.2416655605136653,1.2676598454198345,data (21).xls,2.14.Я.2,Суммарный коэффициент рождаемости (Я1),Суммарный коэффициент рождаемости (Я1),1.3584881754909521,1.2479881156788917,1.360406666666665
2029-06-30,1.2387630527887934,1.2528090705425887,1.2528090705425887,1.2916226644117306,1.2396898865157653,1.2659282545694122,data (21).xls,2.14.Я.2,Суммарный коэффициент рождаемости (Я1),Суммарный коэффициент рождаемости (Я1),1.360812922821715,1.2450616092388915,1.3606666666666642
2029-07-31,1.2385028577340849,1.2518410071756063,1.2518410071756063,1.290726771708949,1.238600906454179,1.2650811078970337,data (21).xls,2.14.Я.2,Суммарный коэффициент рождаемости (Я1),Суммарный коэффициент рождаемости (Я1),1.3591908275659683,1.243342499402421,1.3607566666666642
2029-08-31,1.238551973069823,1.2513601332964797,1.2513601332964797,1.290628636851662,1.2380002102167078,1.2647200563762515,data (21).xls,2.14.Я.2,Суммарный коэффициент рождаемости (Я1),Суммарный коэффициент рождаемости (Я1),1.3596780321063122,1.2426763791190303,1.3608766666666645
2029-09-30,1.2380471048373636,1.2508375273060537,1.2508375273060537,1.2907415581505148,1.2373588470189743,1.2643162075931331,data (21).xls,2.14.Я.2,Суммарный коэффициент рождаемости (Я1),Суммарный коэффициент рождаемости (Я1),1.361293131637941,1.2426266936378842,1.3609033333333314
2029-10-31,1.236273398527782,1.2497554496906944,1.2497554496906944,1.2900656932690364,1.23615904943676,1.2633518499446288,data (21).xls,2.14.Я.2,Суммарный коэффициент рождаемости (Я1),Суммарный коэффициент рождаемости (Я1),1.3607345697926747,1.2425917150006993,1.3609733333333318
2029-11-30,1.232855983770244,1.2477460709068573,1.2477460709068573,1.2889915064679591,1.2340329612139733,1.2614591805997413,data (21).xls,2.14.Я.2,Суммарный коэффициент рождаемости (Я1),Суммарный коэффициент рождаемости (Я1),1.361089703100466,1.24196577456223,1.361299999999998
2029-12-31,1.227860420545137,1.2446900310102313,1.2446900310102313,1.2867000897616103,1.2308611968210108,1.2585188651994519,data (21).xls,2.14.Я.2,Суммарный коэффициент рождаемости (Я1),Суммарный коэффициент рождаемости (Я1),1.3599151125047126,1.2403015514146414,1.3607333333333294
2030-01-31,1.2257035279223478,1.237751334736609,1.237751334736609,1.2828768251111722,1.2238077364701343,1.2516949330030835,data (21).xls,2.14.Я.2,Суммарный коэффициент рождаемости (Я1),Суммарный коэффициент рождаемости (Я1),1.3603870510254499,1.2295788785381228,1.3609633333333322
2030-02-28,1.219308929427035,1.2333225362949487,1.2333225362949487,1.2794641639378237,1.2192651108478507,1.2473799617420467,data (21).xls,2.14.Я.2,Суммарный коэффициент рождаемости (Я1),Суммарный коэффициент рождаемости (Я1),1.3591250847332144,1.225654269233925,1.3599099999999966
2030-03-31,1.2134683144999192,1.2289354699645876,1.2289354699645876,1.2764698938807482,1.2147651316558314,1.2431058082733437,data (21).xls,2.14.Я.2,Суммарный коэффициент рождаемости (Я1),Суммарный коэффициент рождаемости (Я1),1.3590391264784223,1.2211132251274825,1.3597933333333294
2030-04-30,1.2088965376499257,1.2251078752591598,1.2251078752591598,1.273698753493269,1.2108255167225426,1.239390233795777,data (21).xls,2.14.Я.2,Суммарный коэффициент рождаемости (Я1),Суммарный коэффициент рождаемости (Я1),1.3580685470468519,1.2165574741770788,1.3598633333333296
2030-05-31,1.205968469247889,1.2222075817222098,1.2222075817222098,1.271932715631135,1.2078140747502322,1.2366010886941874,data (21).xls,2.14.Я.2,Суммарный коэффициент рождаемости (Я1),Суммарный коэффициент рождаемости (Я1),1.3584881754909521,1.2125926850279598,1.360406666666665
2030-06-30,1.204618549313421,1.2203539492980489,1.2203539492980489,1.271223653337562,1.2058501456405166,1.234857752955581,data (21).xls,2.14.Я.2,Суммарный коэффициент рождаемости (Я1),Суммарный коэффициент рождаемости (Я1),1.360812922821715,1.2096661785879599,1.3606666666666642
2030-07-31,1.2043583542587126,1.2193858859310664,1.2193858859310664,1.27032776063478,1.2047726180514944,1.2339991538106385,data (21).xls,2.14.Я.2,Суммарный коэффициент рождаемости (Я1),Суммарный коэффициент рождаемости (Я1),1.3591908275659683,1.207947068751489,1.3607566666666642
2030-08-31,1.2044074695944504,1.2189050120519396,1.2189050120519396,1.270229625777493,1.2041830938445859,1.2336269302592933,data (21).xls,2.14.Я.2,Суммарный коэффициент рождаемости (Я1),Суммарный коэффициент рождаемости (Я1),1.3596780321063122,1.2072809484680984,1.3608766666666645
2030-09-30,1.2039026013619913,1.2183824060615136,1.2183824060615136,1.2703425470763459,1.2035526335316367,1.2332121785913905,data (21).xls,2.14.Я.2,Суммарный коэффициент рождаемости (Я1),Суммарный коэффициент рождаемости (Я1),1.361293131637941,1.2072312629869524,1.3609033333333314
2030-10-31,1.2021288950524098,1.2173003284461545,1.2173003284461545,1.2696666821948677,1.2023634803558854,1.2322371765364237,data (21).xls,2.14.Я.2,Суммарный коэффициент рождаемости (Я1),Суммарный коэффициент рождаемости (Я1),1.3607345697926747,1.2071962843497674,1.3609733333333318
2030-11-30,1.1987114802948717,1.2152909496623174,1.2152909496623174,1.2685924953937904,1.2002477881443498,1.230334111180285,data (21).xls,2.14.Я.2,Суммарный коэффициент рождаемости (Я1),Суммарный коэффициент рождаемости (Я1),1.361089703100466,1.206570343911298,1.361299999999998
2030-12-31,1.1937159170697647,1.2122349097656915,1.2122349097656915,1.2663010786874416,1.197086180906822,1.227383638624561,data (21).xls,2.14.Я.2,Суммарный коэффициент рождаемости (Я1),Суммарный коэффициент рождаемости (Я1),1.3599151125047126,1.2049061207637095,1.3607333333333294
2026-04-30,0.35409211128094803,0.3573141434914399,0.3573141434914399,0.35689769060832044,0.3553560302283315,0.3592722567545483,data (22).xls,2.14.Я.3,Суммарный коэффициент рождаемости третьих и последующих детей (Я2),Суммарный коэффициент рождаемости третьих и последующих детей (Я2),0.3580826613422922,0.35582620359358885,0.35917333333333284
2026-05-31,0.3527875507992695,0.35604367245745466,0.35604367245745466,0.35611125388514814,0.35402529550477496,0.35806204941013436,data (22).xls,2.14.Я.3,Суммарный коэффициент рождаемости третьих и последующих детей (Я2),Суммарный коэффициент рождаемости третьих и последующих детей (Я2),0.35820374161191,0.35433130455710676,0.3591899999999998
2026-06-30,0.3517957390310835,0.35491549487029606,0.35491549487029606,0.3557726192712024,0.3528386021202832,0.35699238762030894,data (22).xls,2.14.Я.3,Суммарный коэффициент рождаемости третьих и последующих детей (Я2),Суммарный коэффициент рождаемости третьих и последующих детей (Я2),0.35941128292566776,0.3530005795289648,0.35973999999999967
2026-07-31,0.35102826384671904,0.35394546431943075,0.35394546431943075,0.3553624911713367,0.3518116598609567,0.3560792687779048,data (22).xls,2.14.Я.3,Суммарный коэффициент рождаемости третьих и последующих детей (Я2),Суммарный коэффициент рождаемости третьих и последующих детей (Я2),0.35961891171449506,0.3518631493093724,0.3603566666666664
2026-08-31,0.3503366023100369,0.35310705902366546,0.35310705902366546,0.3548624495784436,0.3509178218416883,0.3552962962056426,data (22).xls,2.14.Я.3,Суммарный коэффициент рождаемости третьих и последующих детей (Я2),Суммарный коэффициент рождаемости третьих и последующих детей (Я2),0.35961891171449506,0.35089634151068727,0.3603533333333331
2026-09-30,0.3495519172792264,0.35233848832099907,0.35233848832099907,0.35465608590320363,0.3500951877591263,0.35458178888287184,data (22).xls,2.14.Я.3,Суммарный коэффициент рождаемости третьих и последующих детей (Я2),Суммарный коэффициент рождаемости третьих и последующих детей (Я2),0.3609215916437519,0.35003176560537413,0.3604366666666665
2026-10-31,0.34853029718260564,0.35155924942660605,0.35155924942660605,0.35389868770997757,0.34926315809940534,0.35385534075380676,data (22).xls,2.14.Я.3,Суммарный коэффициент рождаемости третьих и последующих детей (Я2),Суммарный коэффициент рождаемости третьих и последующих детей (Я2),0.3598669204947148,0.34917363811262814,0.36036333333333315
2026-11-30,0.3471913170080352,0.3506916980890186,0.3506916980890186,0.3533155302191728,0.34834400276066063,0.3530393934173766,data (22).xls,2.14.Я.3,Суммарный коэффициент рождаемости третьих и последующих детей (Я2),Суммарный коэффициент рождаемости третьих и последующих детей (Я2),0.3601068549607723,0.3482244477047045,0.36036333333333326
2026-12-31,0.3455395881199721,0.34968185330460455,0.34968185330460455,0.3523482398696142,0.3472836641280087,0.3520800424812004,data (22).xls,2.14.Я.3,Суммарный коэффициент рождаемости третьих и последующих детей (Я2),Суммарный коэффициент рождаемости третьих и последующих детей (Я2),0.3594853413017206,0.34711108328844087,0.3599233333333332
2027-01-31,0.3433929606840299,0.34596408258532785,0.34596408258532785,0.34970049174728046,0.34351644100644235,0.34841172416421334,data (22).xls,2.14.Я.3,Суммарный коэффициент рождаемости третьих и последующих детей (Я2),Суммарный коэффициент рождаемости третьих и последующих детей (Я2),0.3574352637486299,0.3439101517184146,0.3578000000000001
2027-02-28,0.341441081564463,0.34466446550952046,0.34466446550952046,0.34860681194088394,0.34216835107491683,0.3471605799441241,data (22).xls,2.14.Я.3,Суммарный коэффициент рождаемости третьих и последующих детей (Я2),Суммарный коэффициент рождаемости третьих и последующих детей (Я2),0.3570123092244095,0.3424328700726941,0.3574833333333329
2027-03-31,0.33958222593902443,0.34329501384061406,0.34329501384061406,0.34766996342703044,0.3407513500966054,0.3458386775846227,data (22).xls,2.14.Я.3,Суммарный коэффициент рождаемости третьих и последующих детей (Я2),Суммарный коэффициент рождаемости третьих и последующих детей (Я2),0.3570058874885792,0.34085335653360155,0.3576133333333329
2027-04-30,0.33796030537939614,0.3419362303634344,0.3419362303634344,0.3467137611468476,0.3393458899968934,0.3445265707299754,data (22).xls,2.14.Я.3,Суммарный коэффициент рождаемости третьих и последующих детей (Я2),Суммарный коэффициент рождаемости третьих и последующих детей (Я2),0.35679487540946625,0.3392673945819419,0.35760999999999954
2027-05-31,0.33665574489771755,0.34066575932944915,0.34066575932944915,0.34596304571471775,0.3380295686712305,0.3433019499876678,data (22).xls,2.14.Я.3,Суммарный коэффициент рождаемости третьих и последующих детей (Я2),Суммарный коэффициент рождаемости третьих и последующих детей (Я2),0.3569778954676291,0.3377724955454598,0.3577433333333332
2027-06-30,0.33566393312953163,0.3395375817422905,0.3395375817422905,0.3456217444341053,0.3368563247314042,0.34221883875317677,data (22).xls,2.14.Я.3,Суммарный коэффициент рождаемости третьих и последующих детей (Я2),Суммарный коэффициент рождаемости третьих и последующих детей (Я2),0.358185436781387,0.33644177051731783,0.35827999999999977
2027-07-31,0.3348964579451671,0.33856755119142523,0.33856755119142523,0.345220949667573,0.3358419728802453,0.34129312950260515,data (22).xls,2.14.Я.3,Суммарный коэффициент рождаемости третьих и последующих детей (Я2),Суммарный коэффициент рождаемости третьих и последующих детей (Я2),0.3583930655702143,0.33530434029772543,0.35894333333333306
2027-08-31,0.334204796408485,0.33772914589565994,0.33772914589565994,0.3447209080746799,0.3349599555623094,0.3404983362290105,data (22).xls,2.14.Я.3,Суммарный коэффициент рождаемости третьих и последующих детей (Я2),Суммарный коэффициент рождаемости третьих и последующих детей (Я2),0.3583930655702143,0.3343375324990403,0.35893999999999976
2027-09-30,0.33342011137767447,0.33696057519299355,0.33696057519299355,0.34449842940638464,0.33414844911575775,0.33977270127022935,data (22).xls,2.14.Я.3,Суммарный коэффициент рождаемости третьих и последующих детей (Я2),Суммарный коэффициент рождаемости третьих и последующих детей (Я2),0.3596651705341949,0.33347295659372717,0.35897333333333314
2027-10-31,0.33239849128105375,0.33618133629860053,0.33618133629860053,0.3437450312131586,0.33332692023813965,0.3390357523590614,data (22).xls,2.14.Я.3,Суммарный коэффициент рождаемости третьих и последующих детей (Я2),Суммарный коэффициент рождаемости третьих и последующих детей (Я2),0.35861049938515766,0.33261482910098117,0.3589199999999998
2027-11-30,0.3310595111064833,0.33531378496101305,0.33531378496101305,0.3431812070556871,0.3324176963887894,0.3382098735332367,data (22).xls,2.14.Я.3,Суммарный коэффициент рождаемости третьих и последующих детей (Я2),Суммарный коэффициент рождаемости третьих и последующих детей (Я2),0.3588504338512152,0.33166563869305754,0.3590166666666666
2027-12-31,0.32940778221842015,0.33430394017659903,0.33430394017659903,0.3422279167061286,0.33136677028193645,0.3372411100712616,data (22).xls,2.14.Я.3,Суммарный коэффициент рождаемости третьих и последующих детей (Я2),Суммарный коэффициент рождаемости третьих и последующих детей (Я2),0.35822892019216346,0.3305522742767939,0.3586466666666666
2028-01-31,0.32726115478247797,0.33058616945732233,0.33058616945732233,0.34008678613903964,0.3276084849605934,0.33356385395405125,data (22).xls,2.14.Я.3,Суммарный коэффициент рождаемости третьих и последующих детей (Я2),Суммарный коэффициент рождаемости третьих и последующих детей (Я2),0.3574352637486299,0.32735134270676763,0.3578000000000001
2028-02-29,0.32530927566291107,0.32928655238151494,0.32928655238151494,0.3389931063326431,0.3262688971768888,0.3323042075861411,data (22).xls,2.14.Я.3,Суммарный коэффициент рождаемости третьих и последующих детей (Я2),Суммарный коэффициент рождаемости третьих и последующих детей (Я2),0.3570123092244095,0.3258740610610471,0.3574833333333329
2028-03-31,0.32345042003747254,0.32791710071260854,0.32791710071260854,0.33805625781878956,0.32485999736042126,0.33097420406479583,data (22).xls,2.14.Я.3,Суммарный коэффициент рождаемости третьих и последующих детей (Я2),Суммарный коэффициент рождаемости третьих и последующих детей (Я2),0.3570058874885792,0.3242945475219546,0.3576133333333329
2028-04-30,0.3218284994778442,0.3265583172354289,0.3265583172354289,0.3371000555386068,0.32346226832142533,0.32965436614943244,data (22).xls,2.14.Я.3,Суммарный коэффициент рождаемости третьих и последующих детей (Я2),Суммарный коэффициент рождаемости третьих и последующих детей (Я2),0.35679487540946625,0.32270858557029486,0.35760999999999954
2028-05-31,0.32052393899616566,0.32528784620144363,0.32528784620144363,0.3363493401064769,0.32215333557778164,0.3284223568251056,data (22).xls,2.14.Я.3,Суммарный коэффициент рождаемости третьих и последующих детей (Я2),Суммарный коэффициент рождаемости третьих и последующих детей (Я2),0.3569778954676291,0.3212136865338128,0.3577433333333332
2028-06-30,0.31953212722797975,0.32415966861428497,0.32415966861428497,0.33600803882586444,0.32098716253520526,0.3273321746933647,data (22).xls,2.14.Я.3,Суммарный коэффициент рождаемости третьих и последующих детей (Я2),Суммарный коэффициент рождаемости третьих и последующих детей (Я2),0.358185436781387,0.3198829615056708,0.35827999999999977
2028-07-31,0.3187646520436152,0.3231896380634197,0.3231896380634197,0.3356072440593321,0.3199795862268063,0.32639968990003315,data (22).xls,2.14.Я.3,Суммарный коэффициент рождаемости третьих и последующих детей (Я2),Суммарный коэффициент рождаемости третьих и последующих детей (Я2),0.3583930655702143,0.31874553128607847,0.35894333333333306
2028-08-31,0.31807299050693305,0.3223512327676544,0.3223512327676544,0.335107202466439,0.3191040692722799,0.32559839626302894,data (22).xls,2.14.Я.3,Суммарный коэффициент рождаемости третьих и последующих детей (Я2),Суммарный коэффициент рождаемости третьих и последующих детей (Я2),0.3583930655702143,0.3177787234873933,0.35893999999999976
2028-09-30,0.3172883054761226,0.32158266206498803,0.32158266206498803,0.3348847237981437,0.31829880629202234,0.3248665178379537,data (22).xls,2.14.Я.3,Суммарный коэффициент рождаемости третьих и последующих детей (Я2),Суммарный коэффициент рождаемости третьих и последующих детей (Я2),0.3596651705341949,0.31691414758208014,0.35897333333333314
2028-10-31,0.31626668537950187,0.320803423170595,0.320803423170595,0.3341313256049177,0.3174832805969112,0.3241235657442788,data (22).xls,2.14.Я.3,Суммарный коэффициент рождаемости третьих и последующих детей (Я2),Суммарный коэффициент рождаемости третьих и последующих детей (Я2),0.35861049938515766,0.31605602008933414,0.3589199999999998
2028-11-30,0.3149277052049314,0.31993587183300753,0.31993587183300753,0.3335675014474463,0.31657983478292373,0.32329190888309134,data (22).xls,2.14.Я.3,Суммарный коэффициент рождаемости третьих и последующих детей (Я2),Суммарный коэффициент рождаемости третьих и последующих детей (Я2),0.3588504338512152,0.31510682968141057,0.3590166666666666
2028-12-31,0.31327597631686827,0.31892602704859346,0.31892602704859346,0.3326142110978877,0.31553447538991525,0.3223175787072717,data (22).xls,2.14.Я.3,Суммарный коэффициент рождаемости третьих и последующих детей (Я2),Суммарный коэффициент рождаемости третьих и последующих детей (Я2),0.35822892019216346,0.3139934652651469,0.3586466666666666
2029-01-31,0.3111293488809261,0.31520825632931676,0.31520825632931676,0.3304730805307987,0.3117815581188771,0.31863495453975643,data (22).xls,2.14.Я.3,Суммарный коэффициент рождаемости третьих и последующих детей (Я2),Суммарный коэффициент рождаемости третьих и последующих детей (Я2),0.3574352637486299,0.3107925336951206,0.3578000000000001
2029-02-28,0.3091774697613592,0.31390863925350937,0.31390863925350937,0.3293794007244022,0.3104471513368212,0.3173701271701975,data (22).xls,2.14.Я.3,Суммарный коэффициент рождаемости третьих и последующих детей (Я2),Суммарный коэффициент рождаемости третьих и последующих детей (Я2),0.3570123092244095,0.30931525204940014,0.3574833333333329
2029-03-31,0.3073186141359206,0.31253918758460303,0.31253918758460303,0.32844255221054863,0.3090432561537358,0.31603511901547027,data (22).xls,2.14.Я.3,Суммарный коэффициент рождаемости третьих и последующих детей (Я2),Суммарный коэффициент рождаемости третьих и последующих детей (Я2),0.3570058874885792,0.30773573851030755,0.3576133333333329
2029-04-30,0.3056966935762923,0.31118040410742337,0.31118040410742337,0.32748634993036585,0.30765036522077166,0.3147104429940751,data (22).xls,2.14.Я.3,Суммарный коэффициент рождаемости третьих и последующих детей (Я2),Суммарный коэффициент рождаемости третьих и последующих детей (Я2),0.35679487540946625,0.3061497765586479,0.35760999999999954
2029-05-31,0.3043921330946137,0.3099099330734381,0.3099099330734381,0.326735634498236,0.30634611314066645,0.3134737530062098,data (22).xls,2.14.Я.3,Суммарный коэффициент рождаемости третьих и последующих детей (Я2),Суммарный коэффициент рождаемости третьих и последующих детей (Я2),0.3569778954676291,0.3046548775221658,0.3577433333333332
2029-06-30,0.3034003213264278,0.30878175548627945,0.30878175548627945,0.32639433321762357,0.3051844717213857,0.3123790392511732,data (22).xls,2.14.Я.3,Суммарный коэффициент рождаемости третьих и последующих детей (Я2),Суммарный коэффициент рождаемости третьих и последующих детей (Я2),0.358185436781387,0.30332415249402384,0.35827999999999977
2029-07-31,0.30263284614206326,0.3078117249354142,0.3078117249354142,0.3259935384510913,0.3041812857805576,0.3114421640902708,data (22).xls,2.14.Я.3,Суммарный коэффициент рождаемости третьих и последующих детей (Я2),Суммарный коэффициент рождаемости третьих и последующих детей (Я2),0.3583930655702143,0.30218672227443144,0.35894333333333306
2029-08-31,0.3019411846053811,0.30697331963964886,0.30697331963964886,0.32549349685819806,0.3033100251621241,0.31063661411717364,data (22).xls,2.14.Я.3,Суммарный коэффициент рождаемости третьих и последующих детей (Я2),Суммарный коэффициент рождаемости третьих и последующих детей (Я2),0.3583930655702143,0.3012199144757463,0.35893999999999976
2029-09-30,0.3011564995745707,0.3062047489369825,0.3062047489369825,0.3252710181899029,0.3025088912014885,0.30990060667247654,data (22).xls,2.14.Я.3,Суммарный коэффициент рождаемости третьих и последующих детей (Я2),Суммарный коэффициент рождаемости третьих и последующих детей (Я2),0.3596651705341949,0.3003553385704332,0.35897333333333314
2029-10-31,0.3001348794779499,0.3054255100425895,0.3054255100425895,0.32451761999667683,0.30169737346073544,0.30915364662444356,data (22).xls,2.14.Я.3,Суммарный коэффициент рождаемости третьих и последующих детей (Я2),Суммарный коэффициент рождаемости третьих и последующих детей (Я2),0.35861049938515766,0.2994972110776872,0.3589199999999998
2029-11-30,0.29879589930337946,0.304557958705002,0.304557958705002,0.32395379583920536,0.3007978203638095,0.30831809704619456,data (22).xls,2.14.Я.3,Суммарный коэффициент рождаемости третьих и последующих детей (Я2),Суммарный коэффициент рождаемости третьих и последующих детей (Я2),0.3588504338512152,0.2985480206697636,0.3590166666666666
2029-12-31,0.2971441704153164,0.30354811392058795,0.30354811392058795,0.32300050548964687,0.2997562438915846,0.3073399839495913,data (22).xls,2.14.Я.3,Суммарный коэффициент рождаемости третьих и последующих детей (Я2),Суммарный коэффициент рождаемости третьих и последующих детей (Я2),0.35822892019216346,0.2974346562534999,0.3586466666666666
2030-01-31,0.29499754297937414,0.29983034320131124,0.29983034320131124,0.3208593749225578,0.29600700483166603,0.30365368157095646,data (22).xls,2.14.Я.3,Суммарный коэффициент рождаемости третьих и последующих детей (Я2),Суммарный коэффициент рождаемости третьих и последующих детей (Я2),0.3574352637486299,0.29423372468347364,0.3578000000000001
2030-02-28,0.29304566385980724,0.29853072612550385,0.29853072612550385,0.3197656951161613,0.29467617631252324,0.30238527593848447,data (22).xls,2.14.Я.3,Суммарный коэффициент рождаемости третьих и последующих детей (Я2),Суммарный коэффициент рождаемости третьих и последующих детей (Я2),0.3570123092244095,0.2927564430377531,0.3574833333333329
2030-03-31,0.2911868082343687,0.2971612744565975,0.2971612744565975,0.3188288466023078,0.293275763906786,0.301046785006409,data (22).xls,2.14.Я.3,Суммарный коэффициент рождаемости третьих и последующих детей (Я2),Суммарный коэффициент рождаемости третьих и последующих детей (Я2),0.3570058874885792,0.2911769294986606,0.3576133333333329
2030-04-30,0.2895648876747404,0.2958024909794178,0.2958024909794178,0.31787264432212503,0.29188626445320104,0.29971871750563456,data (22).xls,2.14.Я.3,Суммарный коэффициент рождаемости третьих и последующих детей (Я2),Суммарный коэффициент рождаемости третьих и последующих детей (Я2),0.35679487540946625,0.2895909675470009,0.35760999999999954
2030-05-31,0.2882603271930618,0.29453201994543254,0.29453201994543254,0.3171219288899951,0.29058531648854713,0.29847872340231796,data (22).xls,2.14.Я.3,Суммарный коэффициент рождаемости третьих и последующих детей (Я2),Суммарный коэффициент рождаемости третьих и последующих детей (Я2),0.3569778954676291,0.28809606851051883,0.3577433333333332
2030-06-30,0.2872685154248759,0.29340384235827394,0.29340384235827394,0.31678062760938264,0.289426895520744,0.29738078919580385,data (22).xls,2.14.Я.3,Суммарный коэффициент рождаемости третьих и последующих детей (Я2),Суммарный коэффициент рождаемости третьих и последующих детей (Я2),0.358185436781387,0.28676534348237687,0.35827999999999977
2030-07-31,0.2865010402405114,0.2924338118074087,0.2924338118074087,0.3163798328428504,0.28842684985095257,0.2964407737638648,data (22).xls,2.14.Я.3,Суммарный коэффициент рождаемости третьих и последующих детей (Я2),Суммарный коэффициент рождаемости третьих и последующих детей (Я2),0.3583930655702143,0.28562791326278447,0.35894333333333306
2030-08-31,0.2858093787038292,0.29159540651164334,0.29159540651164334,0.3158797912499572,0.28755865260628394,0.29563216041700274,data (22).xls,2.14.Я.3,Суммарный коэффициент рождаемости третьих и последующих детей (Я2),Суммарный коэффициент рождаемости третьих и последующих детей (Я2),0.3583930655702143,0.28466110546409934,0.35893999999999976
2030-09-30,0.28502469367301875,0.290826835808977,0.290826835808977,0.31565731258166196,0.2867605082195689,0.2948931633983851,data (22).xls,2.14.Я.3,Суммарный коэффициент рождаемости третьих и последующих детей (Я2),Суммарный коэффициент рождаемости третьих и последующих детей (Я2),0.3596651705341949,0.2837965295587862,0.35897333333333314
2030-10-31,0.284003073576398,0.2900475969145839,0.2900475969145839,0.3149039143884359,0.28595190917791147,0.2941432846512564,data (22).xls,2.14.Я.3,Суммарный коэффициент рождаемости третьих и последующих детей (Я2),Суммарный коэффициент рождаемости третьих и последующих детей (Я2),0.35861049938515766,0.28293840206604015,0.3589199999999998
2030-11-30,0.2826640934018276,0.2891800455769965,0.2891800455769965,0.31434009023096443,0.2850552066700479,0.2933048844839451,data (22).xls,2.14.Я.3,Суммарный коэффициент рождаемости третьих и последующих детей (Я2),Суммарный коэффициент рождаемости третьих и последующих детей (Я2),0.3588504338512152,0.2819892116581166,0.3590166666666666
2030-12-31,0.28101236451376443,0.28817020079258243,0.28817020079258243,0.31338679988140594,0.28401641529255667,0.2923239862926082,data (22).xls,2.14.Я.3,Суммарный коэффициент рождаемости третьих и последующих детей (Я2),Суммарный коэффициент рождаемости третьих и последующих детей (Я2),0.35822892019216346,0.2808758472418529,0.3586466666666666
2026-04-30,10.601929149316259,10.699194474420981,10.699194474420981,10.742231350929895,10.664769236623696,10.733619712218266,data (23).xls,2.14.Я.4,"Доля пожилых граждан и инвалидов, получающих долговременный уход, от общего числа нуждающихся в таком уходе граждан (Я4)","Доля пожилых граждан и инвалидов, получающих долговременный уход, от общего числа нуждающихся в таком уходе граждан (Я4)",10.932445472454837,10.576420991790686,10.901166666666722
2026-05-31,10.60680729169525,10.69923960021049,10.69923960021049,10.743031225470206,10.663754877304187,10.734724323116792,data (23).xls,2.14.Я.4,"Доля пожилых граждан и инвалидов, получающих долговременный уход, от общего числа нуждающихся в таком уходе граждан (Я4)","Доля пожилых граждан и инвалидов, получающих долговременный уход, от общего числа нуждающихся в таком уходе граждан (Я4)",10.93073051798591,10.579078717459325,10.899300000000055
2026-06-30,10.607460459860885,10.691296011778649,10.691296011778649,10.741696976346748,10.654782533143019,10.727809490414279,data (23).xls,2.14.Я.4,"Доля пожилых граждан и инвалидов, получающих долговременный уход, от общего числа нуждающихся в таком уходе граждан (Я4)","Доля пожилых граждан и инвалидов, получающих долговременный уход, от общего числа нуждающихся в таком уходе граждан (Я4)",10.93073051798591,10.579664558774915,10.89933333333339
2026-07-31,10.604888517900452,10.680512341227535,10.680512341227535,10.738819969469734,10.642998308061104,10.718026374393967,data (23).xls,2.14.Я.4,"Доля пожилых граждан и инвалидов, получающих долговременный уход, от общего числа нуждающихся в таком уходе граждан (Я4)","Доля пожилых граждан и инвалидов, получающих долговременный уход, от общего числа нуждающихся в таком уходе граждан (Я4)",10.93073051798591,10.57863513690139,10.89933333333339
2026-08-31,10.600955495555008,10.672798218369518,10.672798218369518,10.736139489342719,10.634309632441356,10.71128680429768,data (23).xls,2.14.Я.4,"Доля пожилых граждан и инвалидов, получающих долговременный уход, от общего числа нуждающихся в таком уходе граждан (Я4)","Доля пожилых граждан и инвалидов, получающих долговременный уход, от общего числа нуждающихся в таком уходе граждан (Я4)",10.93073051798591,10.576879881469768,10.89933333333339
2026-09-30,10.597890122955617,10.673240790191478,10.673240790191478,10.73533549461864,10.63380172568575,10.712679854697207,data (23).xls,2.14.Я.4,"Доля пожилых граждан и инвалидов, получающих долговременный уход, от общего числа нуждающихся в таком уходе граждан (Я4)","Доля пожилых граждан и инвалидов, получающих долговременный уход, от общего числа нуждающихся в таком уходе граждан (Я4)",10.93073051798591,10.575482708626803,10.89933333333339
2026-10-31,10.59768864418457,10.684741623927884,10.684741623927884,10.737338474535443,10.644374454452871,10.725108793402898,data (23).xls,2.14.Я.4,"Доля пожилых граждан и инвалидов, получающих долговременный уход, от общего числа нуждающихся в таком уходе граждан (Я4)","Доля пожилых граждан и инвалидов, получающих долговременный уход, от общего числа нуждающихся в таком уходе граждан (Я4)",10.93073051798591,10.57543158657879,10.898100000000056
2026-11-30,10.601579925285646,10.70723923446354,10.70723923446354,10.741471172103502,10.665964824307101,10.748513644619978,data (23).xls,2.14.Я.4,"Доля пожилых граждан и инвалидов, получающих долговременный уход, от общего числа нуждающихся в таком уходе граждан (Я4)","Доля пожилых граждан и инвалидов, получающих долговременный уход, от общего числа нуждающихся в таком уходе граждан (Я4)",10.92618289045971,10.577353810308548,10.89500000000006
2026-12-31,10.609696180600077,10.737725559220543,10.737725559220543,10.74999050973435,10.695563425781883,10.779887692659203,data (23).xls,2.14.Я.4,"Доля пожилых граждан и инвалидов, получающих долговременный уход, от общего числа нуждающихся в таком уходе граждан (Я4)","Доля пожилых граждан и инвалидов, получающих долговременный уход, от общего числа нуждающихся в таком уходе граждан (Я4)",10.92618289045971,10.581347918391355,10.89500000000006
2027-01-31,11.18353664497024,11.226748001759134,11.165167249982032,11.167048387832175,11.122135702735426,11.208198797228638,data (23).xls,2.14.Я.4,"Доля пожилых граждан и инвалидов, получающих долговременный уход, от общего числа нуждающихся в таком уходе граждан (Я4)","Доля пожилых граждан и инвалидов, получающих долговременный уход, от общего числа нуждающихся в таком уходе граждан (Я4)",11.138323375782736,11.165167249982032,11.121466666666732
2027-02-28,11.196239090795748,11.257004860942313,11.171502454812051,11.180789266145572,11.127618714989945,11.215386194634158,data (23).xls,2.14.Я.4,"Доля пожилых граждан и инвалидов, получающих долговременный уход, от общего числа нуждающихся в таком уходе граждан (Я4)","Доля пожилых граждан и инвалидов, получающих долговременный уход, от общего числа нуждающихся в таком уходе граждан (Я4)",11.149999924177694,11.171502454812051,11.12920000000006
2027-03-31,11.208073886875207,11.279105025445517,11.177479577053415,11.189091682710378,11.132759881357762,11.222199272749068,data (23).xls,2.14.Я.4,"Доля пожилых граждан и инвалидов, получающих долговременный уход, от общего числа нуждающихся в таком уходе граждан (Я4)","Доля пожилых граждан и инвалидов, получающих долговременный уход, от общего числа нуждающихся в таком уходе граждан (Я4)",11.149999924177694,11.177479577053415,11.130800000000058
2027-04-30,11.21704478912632,11.290146928034273,11.182110648499826,11.194020457967635,11.136570339481887,11.227650957517765,data (23).xls,2.14.Я.4,"Доля пожилых граждан и инвалидов, получающих долговременный уход, от общего числа нуждающихся в таком уходе граждан (Я4)","Доля пожилых граждан и инвалидов, получающих долговременный уход, от общего числа нуждающихся в таком уходе граждан (Я4)",11.149999924177694,11.182110648499826,11.130800000000058
2027-05-31,11.22192293150531,11.29019205382378,11.184768374168465,11.194331019838724,11.138421979402672,11.231114768934258,data (23).xls,2.14.Я.4,"Доля пожилых граждан и инвалидов, получающих долговременный уход, от общего числа нуждающихся в таком уходе граждан (Я4)","Доля пожилых граждан и инвалидов, получающих долговременный уход, от общего числа нуждающихся в таком уходе граждан (Я4)",11.147305073029335,11.184768374168465,11.127466666666727
2027-06-30,11.222576099670945,11.282248465391941,11.185354215484056,11.1929901040486,11.138215517261425,11.232492913706686,data (23).xls,2.14.Я.4,"Доля пожилых граждан и инвалидов, получающих долговременный уход, от общего числа нуждающихся в таком уходе граждан (Я4)","Доля пожилых граждан и инвалидов, получающих долговременный уход, от общего числа нуждающихся в таком уходе граждан (Я4)",11.147305073029335,11.185354215484056,11.127466666666727
2027-07-31,11.220004157710513,11.271464794840826,11.18432479361053,11.190113097171587,11.136406890563112,11.232242696657948,data (23).xls,2.14.Я.4,"Доля пожилых граждан и инвалидов, получающих долговременный уход, от общего числа нуждающихся в таком уходе граждан (Я4)","Доля пожилых граждан и инвалидов, получающих долговременный уход, от общего числа нуждающихся в таком уходе граждан (Я4)",11.147305073029335,11.18432479361053,11.127466666666727
2027-08-31,11.216071135365068,11.26375067198281,11.182569538178909,11.18743261704457,11.133884899998069,11.231254176359748,data (23).xls,2.14.Я.4,"Доля пожилых граждан и инвалидов, получающих долговременный уход, от общего числа нуждающихся в таком уходе граждан (Я4)","Доля пожилых граждан и инвалидов, получающих долговременный уход, от общего числа нуждающихся в таком уходе граждан (Я4)",11.147305073029335,11.182569538178909,11.127466666666727
2027-09-30,11.213005762765677,11.264193243804769,11.181172365335943,11.18662862232049,11.131732881548825,11.230611849123061,data (23).xls,2.14.Я.4,"Доля пожилых граждан и инвалидов, получающих долговременный уход, от общего числа нуждающихся в таком уходе граждан (Я4)","Доля пожилых граждан и инвалидов, получающих долговременный уход, от общего числа нуждающихся в таком уходе граждан (Я4)",11.147305073029335,11.181172365335943,11.127466666666727
2027-10-31,11.21280428399463,11.275694077541175,11.18112124328793,11.188558268903959,11.130938266896784,11.231304219679075,data (23).xls,2.14.Я.4,"Доля пожилых граждан и инвалидов, получающих долговременный уход, от общего числа нуждающихся в таком уходе граждан (Я4)","Доля пожилых граждан и инвалидов, получающих долговременный уход, от общего числа нуждающихся в таком уходе граждан (Я4)",11.147305073029335,11.18112124328793,11.12586666666673
2027-11-30,11.216695565095707,11.29819168807683,11.183043467017688,11.191544152527939,11.13212785367746,11.233959080357916,data (23).xls,2.14.Я.4,"Доля пожилых граждан и инвалидов, получающих долговременный уход, от общего числа нуждающихся в таком уходе граждан (Я4)","Доля пожилых граждан и инвалидов, получающих долговременный уход, от общего числа нуждающихся в таком уходе граждан (Я4)",11.138323375782736,11.183043467017688,11.121466666666732
2027-12-31,11.224811820410135,11.328678012833834,11.187037575100495,11.200063490158787,11.135399718404567,11.238675431796423,data (23).xls,2.14.Я.4,"Доля пожилых граждан и инвалидов, получающих долговременный уход, от общего числа нуждающихся в таком уходе граждан (Я4)","Доля пожилых граждан и инвалидов, получающих долговременный уход, от общего числа нуждающихся в таком уходе граждан (Я4)",11.138323375782736,11.187037575100495,11.121466666666732
2028-01-31,11.7986522847803,11.817700455372426,11.770856906691172,11.529399937858674,11.71850677004869,11.823207043333655,data (23).xls,2.14.Я.4,"Доля пожилых граждан и инвалидов, получающих долговременный уход, от общего числа нуждающихся в таком уходе граждан (Я4)","Доля пожилых граждан и инвалидов, получающих долговременный уход, от общего числа нуждающихся в таком уходе граждан (Я4)",11.138323375782736,11.770856906691172,11.121466666666732
2028-02-29,11.811354730605808,11.847957314555604,11.777192111521192,11.543140816172073,11.724139257037912,11.830244966004472,data (23).xls,2.14.Я.4,"Доля пожилых граждан и инвалидов, получающих долговременный уход, от общего числа нуждающихся в таком уходе граждан (Я4)","Доля пожилых граждан и инвалидов, получающих долговременный уход, от общего числа нуждающихся в таком уходе граждан (Я4)",11.149999924177694,11.777192111521192,11.12920000000006
2028-03-31,11.823189526685265,11.870057479058808,11.783169233762555,11.551443232736876,11.729422848477947,11.836915619047163,data (23).xls,2.14.Я.4,"Доля пожилых граждан и инвалидов, получающих долговременный уход, от общего числа нуждающихся в таком уходе граждан (Я4)","Доля пожилых граждан и инвалидов, получающих долговременный уход, от общего числа нуждающихся в таком уходе граждан (Я4)",11.149999924177694,11.783169233762555,11.130800000000058
2028-04-30,11.83216042893638,11.881099381647566,11.787800305208966,11.556372007994133,11.733369224992797,11.842231385425135,data (23).xls,2.14.Я.4,"Доля пожилых граждан и инвалидов, получающих долговременный уход, от общего числа нуждающихся в таком уходе граждан (Я4)","Доля пожилых граждан и инвалидов, получающих долговременный уход, от общего числа нуждающихся в таком уходе граждан (Я4)",11.149999924177694,11.787800305208966,11.130800000000058
2028-05-31,11.837038571315368,11.881144507437073,11.790458030877605,11.55668256986522,11.73535076224781,11.8455652995074,data (23).xls,2.14.Я.4,"Доля пожилых граждан и инвалидов, получающих долговременный уход, от общего числа нуждающихся в таком уходе граждан (Я4)","Доля пожилых граждан и инвалидов, получающих долговременный уход, от общего числа нуждающихся в таком уходе граждан (Я4)",11.147305073029335,11.790458030877605,11.127466666666727
2028-06-30,11.837691739481006,11.873200919005232,11.791043872193196,11.555341654075098,11.735268612281887,11.846819132104505,data (23).xls,2.14.Я.4,"Доля пожилых граждан и инвалидов, получающих долговременный уход, от общего числа нуждающихся в таком уходе граждан (Я4)","Доля пожилых граждан и инвалидов, получающих долговременный уход, от общего числа нуждающихся в таком уходе граждан (Я4)",11.147305073029335,11.791043872193196,11.127466666666727
2028-07-31,11.835119797520571,11.862417248454118,11.79001445031967,11.552464647198084,11.733579105184628,11.846449795454713,data (23).xls,2.14.Я.4,"Доля пожилых граждан и инвалидов, получающих долговременный уход, от общего числа нуждающихся в таком уходе граждан (Я4)","Доля пожилых граждан и инвалидов, получающих долговременный уход, от общего числа нуждающихся в таком уходе граждан (Я4)",11.147305073029335,11.79001445031967,11.127466666666727
2028-08-31,11.831186775175128,11.854703125596101,11.788259194888049,11.549784167071069,11.731171396341871,11.845346993434227,data (23).xls,2.14.Я.4,"Доля пожилых граждан и инвалидов, получающих долговременный уход, от общего числа нуждающихся в таком уходе граждан (Я4)","Доля пожилых граждан и инвалидов, получающих долговременный уход, от общего числа нуждающихся в таком уходе граждан (Я4)",11.147305073029335,11.788259194888049,11.127466666666727
2028-09-30,11.828121402575738,11.855145697418061,11.786862022045083,11.548980172346988,11.72912914315284,11.844594900937327,data (23).xls,2.14.Я.4,"Доля пожилых граждан и инвалидов, получающих долговременный уход, от общего числа нуждающихся в таком уходе граждан (Я4)","Доля пожилых граждан и инвалидов, получающих долговременный уход, от общего числа нуждающихся в таком уходе граждан (Я4)",11.147305073029335,11.786862022045083,11.127466666666727
2028-10-31,11.827919923804691,11.866646531154467,11.786810899997072,11.55090981893046,11.728440069374885,11.845181730619258,data (23).xls,2.14.Я.4,"Доля пожилых граждан и инвалидов, получающих долговременный уход, от общего числа нуждающихся в таком уходе граждан (Я4)","Доля пожилых граждан и инвалидов, получающих долговременный уход, от общего числа нуждающихся в таком уходе граждан (Я4)",11.147305073029335,11.786810899997072,11.12586666666673
2028-11-30,11.831811204905767,11.889144141690123,11.788733123726828,11.553895702554438,11.729731238758115,11.847735008695542,data (23).xls,2.14.Я.4,"Доля пожилых граждан и инвалидов, получающих долговременный уход, от общего числа нуждающихся в таком уходе граждан (Я4)","Доля пожилых граждан и инвалидов, получающих долговременный уход, от общего числа нуждающихся в таком уходе граждан (Я4)",11.138323375782736,11.788733123726828,11.121466666666732
2028-12-31,11.839927460220196,11.919630466447126,11.792727231809636,11.562415040185284,11.733100970882097,11.852353492737175,data (23).xls,2.14.Я.4,"Доля пожилых граждан и инвалидов, получающих долговременный уход, от общего числа нуждающихся в таком уходе граждан (Я4)","Доля пожилых граждан и инвалидов, получающих долговременный уход, от общего числа нуждающихся в таком уходе граждан (Я4)",11.138323375782736,11.792727231809636,11.121466666666732
2029-01-31,12.41376792459036,12.408652908985717,12.376546563400312,11.891751487885172,12.316302397255065,12.43679072954556,data (23).xls,2.14.Я.4,"Доля пожилых граждан и инвалидов, получающих долговременный уход, от общего числа нуждающихся в таком уходе граждан (Я4)","Доля пожилых граждан и инвалидов, получающих долговременный уход, от общего числа нуждающихся в таком уходе граждан (Я4)",11.138323375782736,12.376546563400312,11.121466666666732
2029-02-28,12.426470370415869,12.438909768168896,12.382881768230332,11.90549236619857,12.322025970504283,12.443737565956381,data (23).xls,2.14.Я.4,"Доля пожилых граждан и инвалидов, получающих долговременный уход, от общего числа нуждающихся в таком уходе граждан (Я4)","Доля пожилых граждан и инвалидов, получающих долговременный уход, от общего числа нуждающихся в таком уходе граждан (Я4)",11.149999924177694,12.382881768230332,11.12920000000006
2029-03-31,12.438305166495326,12.461009932672098,12.388858890471695,11.913794782763373,12.327397547505475,12.450320233437916,data (23).xls,2.14.Я.4,"Доля пожилых граждан и инвалидов, получающих долговременный уход, от общего числа нуждающихся в таком уходе граждан (Я4)","Доля пожилых граждан и инвалидов, получающих долговременный уход, от общего числа нуждающихся в таком уходе граждан (Я4)",11.149999924177694,12.388858890471695,11.130800000000058
2029-04-30,12.44727606874644,12.472051835260856,12.393489961918107,11.91872355802063,12.33142898189403,12.455550941942183,data (23).xls,2.14.Я.4,"Доля пожилых граждан и инвалидов, получающих долговременный уход, от общего числа нуждающихся в таком уходе граждан (Я4)","Доля пожилых граждан и инвалидов, получающих долговременный уход, от общего числа нуждающихся в таком уходе граждан (Я4)",11.149999924177694,12.393489961918107,11.130800000000058
2029-05-31,12.452154211125428,12.472096961050365,12.396147687586746,11.91903411989172,12.333492809054533,12.458802566118958,data (23).xls,2.14.Я.4,"Доля пожилых граждан и инвалидов, получающих долговременный уход, от общего числа нуждающихся в таком уходе граждан (Я4)","Доля пожилых граждан и инвалидов, получающих долговременный уход, от общего числа нуждающихся в таком уходе граждан (Я4)",11.147305073029335,12.396147687586746,11.127466666666727
2029-06-30,12.452807379291066,12.464153372618524,12.396733528902336,11.917693204101598,12.333490328744345,12.459976729060328,data (23).xls,2.14.Я.4,"Доля пожилых граждан и инвалидов, получающих долговременный уход, от общего числа нуждающихся в таком уходе граждан (Я4)","Доля пожилых граждан и инвалидов, получающих долговременный уход, от общего числа нуждающихся в таком уходе граждан (Я4)",11.147305073029335,12.396733528902336,11.127466666666727
2029-07-31,12.450235437330631,12.453369702067409,12.395704107028811,11.914816197224582,12.331878007911278,12.459530206146344,data (23).xls,2.14.Я.4,"Доля пожилых граждан и инвалидов, получающих долговременный уход, от общего числа нуждающихся в таком уходе граждан (Я4)","Доля пожилых граждан и инвалидов, получающих долговременный уход, от общего числа нуждающихся в таком уходе граждан (Я4)",11.147305073029335,12.395704107028811,11.127466666666727
2029-08-31,12.446302414985189,12.445655579209394,12.39394885159719,11.912135717097566,12.32954512894936,12.45835257424502,data (23).xls,2.14.Я.4,"Доля пожилых граждан и инвалидов, получающих долговременный уход, от общего числа нуждающихся в таком уходе граждан (Я4)","Доля пожилых граждан и инвалидов, получающих долговременный уход, от общего числа нуждающихся в таком уходе граждан (Я4)",11.147305073029335,12.39394885159719,11.127466666666727
2029-09-30,12.443237042385798,12.446098151031354,12.392551678754224,11.911331722373486,12.327575467313142,12.457527890195305,data (23).xls,2.14.Я.4,"Доля пожилых граждан и инвалидов, получающих долговременный уход, от общего числа нуждающихся в таком уходе граждан (Я4)","Доля пожилых граждан и инвалидов, получающих долговременный уход, от общего числа нуждающихся в таком уходе граждан (Я4)",11.147305073029335,12.392551678754224,11.127466666666727
2029-10-31,12.443035563614751,12.45759898476776,12.39250055670621,11.913261368956958,12.326956856661328,12.458044256751093,data (23).xls,2.14.Я.4,"Доля пожилых граждан и инвалидов, получающих долговременный уход, от общего числа нуждающихся в таком уходе граждан (Я4)","Доля пожилых граждан и инвалидов, получающих долговременный уход, от общего числа нуждающихся в таком уходе граждан (Я4)",11.147305073029335,12.39250055670621,11.12586666666673
2029-11-30,12.446926844715827,12.480096595303415,12.394422780435969,11.916247252580936,12.328316463204473,12.460529097667465,data (23).xls,2.14.Я.4,"Доля пожилых граждан и инвалидов, получающих долговременный уход, от общего числа нуждающихся в таком уходе граждан (Я4)","Доля пожилых граждан и инвалидов, получающих долговременный уход, от общего числа нуждающихся в таком уходе граждан (Я4)",11.138323375782736,12.394422780435969,11.121466666666732
2029-12-31,12.455043100030256,12.510582920060418,12.398416888518776,11.924766590211783,12.331752702179719,12.465081074857833,data (23).xls,2.14.Я.4,"Доля пожилых граждан и инвалидов, получающих долговременный уход, от общего числа нуждающихся в таком уходе граждан (Я4)","Доля пожилых граждан и инвалидов, получающих долговременный уход, от общего числа нуждающихся в таком уходе граждан (Я4)",11.138323375782736,12.398416888518776,11.121466666666732
2030-01-31,13.02888356440042,12.99960536259901,12.982236220109453,12.25410303791167,12.915018794522139,13.049453645696767,data (23).xls,2.14.Я.4,"Доля пожилых граждан и инвалидов, получающих долговременный уход, от общего числа нуждающихся в таком уходе граждан (Я4)","Доля пожилых граждан и инвалидов, получающих долговременный уход, от общего числа нуждающихся в таком уходе граждан (Я4)",11.138323375782736,12.982236220109453,11.121466666666732
2030-02-28,13.04158601022593,13.029862221782189,12.988571424939472,12.267843916225068,12.920805276569334,13.05633757330961,data (23).xls,2.14.Я.4,"Доля пожилых граждан и инвалидов, получающих долговременный уход, от общего числа нуждающихся в таком уходе граждан (Я4)","Доля пожилых граждан и инвалидов, получающих долговременный уход, от общего числа нуждающихся в таком уходе граждан (Я4)",11.149999924177694,12.988571424939472,11.12920000000006
2030-03-31,13.053420806305386,13.05196238628539,12.994548547180836,12.276146332789873,12.926238083653928,13.062859010707744,data (23).xls,2.14.Я.4,"Доля пожилых граждан и инвалидов, получающих долговременный уход, от общего числа нуждающихся в таком уходе граждан (Я4)","Доля пожилых граждан и инвалидов, получающих долговременный уход, от общего числа нуждающихся в таком уходе граждан (Я4)",11.149999924177694,12.994548547180836,11.130800000000058
2030-04-30,13.0623917085565,13.063004288874147,12.999179618627245,12.281075108047128,12.930329143032676,13.068030094221815,data (23).xls,2.14.Я.4,"Доля пожилых граждан и инвалидов, получающих долговременный уход, от общего числа нуждающихся в таком уходе граждан (Я4)","Доля пожилых граждан и инвалидов, получающих долговременный уход, от общего числа нуждающихся в таком уходе граждан (Я4)",11.149999924177694,12.999179618627245,11.130800000000058
2030-05-31,13.067269850935489,13.063049414663656,13.001837344295886,12.281385669918219,12.932451059253841,13.071223629337931,data (23).xls,2.14.Я.4,"Доля пожилых граждан и инвалидов, получающих долговременный уход, от общего числа нуждающихся в таком уходе граждан (Я4)","Доля пожилых граждан и инвалидов, получающих долговременный уход, от общего числа нуждающихся в таком уходе граждан (Я4)",11.147305073029335,13.001837344295886,11.127466666666727
2030-06-30,13.067923019101126,13.055105826231815,13.002423185611477,12.280044754128095,12.93250519712301,13.072341174099943,data (23).xls,2.14.Я.4,"Доля пожилых граждан и инвалидов, получающих долговременный уход, от общего числа нуждающихся в таком уходе граждан (Я4)","Доля пожилых граждан и инвалидов, получающих долговременный уход, от общего числа нуждающихся в таком уходе граждан (Я4)",11.147305073029335,13.002423185611477,11.127466666666727
2030-07-31,13.065351077140692,13.044322155680701,13.001393763737951,12.277167747251081,12.930948084831357,13.071839442644546,data (23).xls,2.14.Я.4,"Доля пожилых граждан и инвалидов, получающих долговременный уход, от общего числа нуждающихся в таком уходе граждан (Я4)","Доля пожилых граждан и инвалидов, получающих долговременный уход, от общего числа нуждающихся в таком уходе граждан (Я4)",11.147305073029335,13.001393763737951,11.127466666666727
2030-08-31,13.061418054795249,13.036608032822684,12.99963850830633,12.274487267124064,12.928669062493723,13.070607954118936,data (23).xls,2.14.Я.4,"Доля пожилых граждан и инвалидов, получающих долговременный уход, от общего числа нуждающихся в таком уходе граждан (Я4)","Доля пожилых граждан и инвалидов, получающих долговременный уход, от общего числа нуждающихся в таком уходе граждан (Я4)",11.147305073029335,12.99963850830633,11.127466666666727
2030-09-30,13.058352682195858,13.037050604644644,12.998241335463364,12.273683272399987,12.926751960019974,13.069730710906754,data (23).xls,2.14.Я.4,"Доля пожилых граждан и инвалидов, получающих долговременный уход, от общего числа нуждающихся в таком уходе граждан (Я4)","Доля пожилых граждан и инвалидов, получающих долговременный уход, от общего числа нуждающихся в таком уходе граждан (Я4)",11.147305073029335,12.998241335463364,11.127466666666727
2030-10-31,13.05815120342481,13.04855143838105,12.998190213415352,12.275612918983455,12.926184662493057,13.070195764337647,data (23).xls,2.14.Я.4,"Доля пожилых граждан и инвалидов, получающих долговременный уход, от общего числа нуждающихся в таком уходе граждан (Я4)","Доля пожилых граждан и инвалидов, получающих долговременный уход, от общего числа нуждающихся в таком уходе граждан (Я4)",11.147305073029335,12.998190213415352,11.12586666666673
2030-11-30,13.062042484525888,13.071049048916706,13.00011243714511,12.278598802607435,12.927594384730826,13.072630489559392,data (23).xls,2.14.Я.4,"Доля пожилых граждан и инвалидов, получающих долговременный уход, от общего числа нуждающихся в таком уходе граждан (Я4)","Доля пожилых граждан и инвалидов, получающих долговременный уход, от общего числа нуждающихся в таком уходе граждан (Я4)",11.138323375782736,13.00011243714511,11.121466666666732
2030-12-31,13.070158739840316,13.101535373673709,13.004106545227916,12.287118140238283,12.931079587956658,13.077133502499175,data (23).xls,2.14.Я.4,"Доля пожилых граждан и инвалидов, получающих долговременный уход, от общего числа нуждающихся в таком уходе граждан (Я4)","Доля пожилых граждан и инвалидов, получающих долговременный уход, от общего числа нуждающихся в таком уходе граждан (Я4)",11.138323375782736,13.004106545227916,11.121466666666732
2026-04-30,40.29574975788671,31.497876325751253,34.71333333333333,29.50139115815142,21.510946589441637,47.915720077225025,data (24).xls,2.14.Я.5,"Количество созданных центров воспроизведения аудиовизуального контента в малых населенных пунктах с численностью населения до 50 тыс. человек, оснащенных необходимым оборудованием и подключенных к единой цифровой платформе с библиотекой современных продуктов российской киноиндустрии (Я5)","Количество созданных центров воспроизведения аудиовизуального контента в малых населенных пунктах с численностью населения до 50 тыс. человек, оснащенных необходимым оборудованием и подключенных к единой цифровой платформе с библиотекой современных продуктов российской киноиндустрии (Я5)",40.999995884129525,4.896562675327232e-07,34.71333333333333
2026-05-31,37.71667338576168,29.211889040698516,34.71333333333333,28.5283784273223,21.10462456950336,48.322042097163305,data (24).xls,2.14.Я.5,"Количество созданных центров воспроизведения аудиовизуального контента в малых населенных пунктах с численностью населения до 50 тыс. человек, оснащенных необходимым оборудованием и подключенных к единой цифровой платформе с библиотекой современных продуктов российской киноиндустрии (Я5)","Количество созданных центров воспроизведения аудиовизуального контента в малых населенных пунктах с численностью населения до 50 тыс. человек, оснащенных необходимым оборудованием и подключенных к единой цифровой платформе с библиотекой современных продуктов российской киноиндустрии (Я5)",40.999995884129525,4.926884376033058e-07,34.71333333333333
2026-06-30,34.64062895390123,26.865434662025507,34.64062895390123,27.44387865923822,20.637383162221425,48.64387474558103,data (24).xls,2.14.Я.5,"Количество созданных центров воспроизведения аудиовизуального контента в малых населенных пунктах с численностью населения до 50 тыс. человек, оснащенных необходимым оборудованием и подключенных к единой цифровой платформе с библиотекой современных продуктов российской киноиндустрии (Я5)","Количество созданных центров воспроизведения аудиовизуального контента в малых населенных пунктах с численностью населения до 50 тыс. человек, оснащенных необходимым оборудованием и подключенных к единой цифровой платформе с библиотекой современных продуктов российской киноиндустрии (Я5)",40.999995884129525,4.6280149668120885e-07,34.71333333333333
2026-07-31,32.71981065904065,25.736312232381454,32.71981065904065,26.80655717174067,18.33284325149942,47.106778066581874,data (24).xls,2.14.Я.5,"Количество созданных центров воспроизведения аудиовизуального контента в малых населенных пунктах с численностью населения до 50 тыс. человек, оснащенных необходимым оборудованием и подключенных к единой цифровой платформе с библиотекой современных продуктов российской киноиндустрии (Я5)","Количество созданных центров воспроизведения аудиовизуального контента в малых населенных пунктах с численностью населения до 50 тыс. человек, оснащенных необходимым оборудованием и подключенных к единой цифровой платформе с библиотекой современных продуктов российской киноиндустрии (Я5)",40.999995884129525,4.164850686549926e-07,34.57666666666667
2026-08-31,33.29687078743075,26.776137681752683,33.29687078743075,27.129934278922132,18.53615367513878,48.05758789972272,data (24).xls,2.14.Я.5,"Количество созданных центров воспроизведения аудиовизуального контента в малых населенных пунктах с численностью населения до 50 тыс. человек, оснащенных необходимым оборудованием и подключенных к единой цифровой платформе с библиотекой современных продуктов российской киноиндустрии (Я5)","Количество созданных центров воспроизведения аудиовизуального контента в малых населенных пунктах с численностью населения до 50 тыс. человек, оснащенных необходимым оборудованием и подключенных к единой цифровой платформе с библиотекой современных продуктов российской киноиндустрии (Я5)",40.999995884129525,3.7463104796131574e-07,34.57666666666667
2026-09-30,37.04515711902124,30.355359107518165,34.57666666666667,28.59543582685425,19.451432514675354,49.70190081865798,data (24).xls,2.14.Я.5,"Количество созданных центров воспроизведения аудиовизуального контента в малых населенных пунктах с численностью населения до 50 тыс. человек, оснащенных необходимым оборудованием и подключенных к единой цифровой платформе с библиотекой современных продуктов российской киноиндустрии (Я5)","Количество созданных центров воспроизведения аудиовизуального контента в малых населенных пунктах с численностью населения до 50 тыс. человек, оснащенных необходимым оборудованием и подключенных к единой цифровой платформе с библиотекой современных продуктов российской киноиндустрии (Я5)",40.999995884129525,3.5693562949745683e-07,34.57666666666667
2026-10-31,43.78828993359784,36.1639955059192,36.1639955059192,31.105789673386994,20.682824793210816,51.645166218627594,data (24).xls,2.14.Я.5,"Количество созданных центров воспроизведения аудиовизуального контента в малых населенных пунктах с численностью населения до 50 тыс. человек, оснащенных необходимым оборудованием и подключенных к единой цифровой платформе с библиотекой современных продуктов российской киноиндустрии (Я5)","Количество созданных центров воспроизведения аудиовизуального контента в малых населенных пунктах с численностью населения до 50 тыс. человек, оснащенных необходимым оборудованием и подключенных к единой цифровой платформе с библиотекой современных продуктов российской киноиндустрии (Я5)",40.999995884129525,3.766217346878875e-07,34.57666666666667
2026-11-30,52.547422814374954,43.294695931685524,40.999995884129525,34.31108968008385,25.170890251799086,56.829101516459964,data (24).xls,2.14.Я.5,"Количество созданных центров воспроизведения аудиовизуального контента в малых населенных пунктах с численностью населения до 50 тыс. человек, оснащенных необходимым оборудованием и подключенных к единой цифровой платформе с библиотекой современных продуктов российской киноиндустрии (Я5)","Количество созданных центров воспроизведения аудиовизуального контента в малых населенных пунктах с численностью населения до 50 тыс. человек, оснащенных необходимым оборудованием и подключенных к единой цифровой платформе с библиотекой современных продуктов российской киноиндустрии (Я5)",40.999995884129525,4.368959292122554e-07,34.71333333333333
2026-12-31,61.80352375488752,50.48586345107215,40.999995884129525,37.76454339070235,24.83044042941987,57.169551338839184,data (24).xls,2.14.Я.5,"Количество созданных центров воспроизведения аудиовизуального контента в малых населенных пунктах с численностью населения до 50 тыс. человек, оснащенных необходимым оборудованием и подключенных к единой цифровой платформе с библиотекой современных продуктов российской киноиндустрии (Я5)","Количество созданных центров воспроизведения аудиовизуального контента в малых населенных пунктах с численностью населения до 50 тыс. человек, оснащенных необходимым оборудованием и подключенных к единой цифровой платформе с библиотекой современных продуктов российской киноиндустрии (Я5)",40.999995884129525,5.300892347293029e-07,35.53333333333333
2027-01-31,73.53441807271739,66.57060799956986,41.00000031628288,52.429671121206596,24.49701688641826,57.5029837461475,data (24).xls,2.14.Я.5,"Количество созданных центров воспроизведения аудиовизуального контента в малых населенных пунктах с численностью населения до 50 тыс. человек, оснащенных необходимым оборудованием и подключенных к единой цифровой платформе с библиотекой современных продуктов российской киноиндустрии (Я5)","Количество созданных центров воспроизведения аудиовизуального контента в малых населенных пунктах с численностью населения до 50 тыс. человек, оснащенных необходимым оборудованием и подключенных к единой цифровой платформе с библиотекой современных продуктов российской киноиндустрии (Я5)",40.999995884129525,41.00000031628288,40.04333333333334
2027-02-28,79.13741445297937,70.37549569091225,41.00000042144326,54.28391462322621,24.170193513167643,57.829807329718875,data (24).xls,2.14.Я.5,"Количество созданных центров воспроизведения аудиовизуального контента в малых населенных пунктах с численностью населения до 50 тыс. человек, оснащенных необходимым оборудованием и подключенных к единой цифровой платформе с библиотекой современных продуктов российской киноиндустрии (Я5)","Количество созданных центров воспроизведения аудиовизуального контента в малых населенных пунктах с численностью населения до 50 тыс. человек, оснащенных необходимым оборудованием и подключенных к единой цифровой платформе с библиотекой современных продуктов российской киноиндустрии (Я5)",40.999995884129525,41.00000042144326,39.906666666666666
2027-03-31,81.56918463004098,71.64098740586036,41.00000050244505,55.02336701782851,23.849597036249357,58.15040396864074,data (24).xls,2.14.Я.5,"Количество созданных центров воспроизведения аудиовизуального контента в малых населенных пунктах с численностью населения до 50 тыс. человек, оснащенных необходимым оборудованием и подключенных к единой цифровой платформе с библиотекой современных продуктов российской киноиндустрии (Я5)","Количество созданных центров воспроизведения аудиовизуального контента в малых населенных пунктах с численностью населения до 50 тыс. человек, оснащенных необходимым оборудованием и подключенных к единой цифровой платформе с библиотекой современных продуктов российской киноиндустрии (Я5)",40.999995884129525,41.00000050244505,39.906666666666666
2027-04-30,81.00610832411647,70.67706414817293,41.00000054606531,54.717967113830184,23.534884527648696,58.46511656448192,data (24).xls,2.14.Я.5,"Количество созданных центров воспроизведения аудиовизуального контента в малых населенных пунктах с численностью населения до 50 тыс. человек, оснащенных необходимым оборудованием и подключенных к единой цифровой платформе с библиотекой современных продуктов российской киноиндустрии (Я5)","Количество созданных центров воспроизведения аудиовизуального контента в малых населенных пунктах с численностью населения до 50 тыс. человек, оснащенных необходимым оборудованием и подключенных к единой цифровой платформе с библиотекой современных продуктов российской киноиндустрии (Я5)",40.999995884129525,41.00000054606531,39.906666666666666
2027-05-31,78.42703195199142,68.39107686312019,41.00000054909748,53.74495438300105,23.225743433251314,58.77425766494365,data (24).xls,2.14.Я.5,"Количество созданных центров воспроизведения аудиовизуального контента в малых населенных пунктах с численностью населения до 50 тыс. человек, оснащенных необходимым оборудованием и подключенных к единой цифровой платформе с библиотекой современных продуктов российской киноиндустрии (Я5)","Количество созданных центров воспроизведения аудиовизуального контента в малых населенных пунктах с численностью населения до 50 тыс. человек, оснащенных необходимым оборудованием и подключенных к единой цифровой платформе с библиотекой современных продуктов российской киноиндустрии (Я5)",40.999995884129525,41.00000054909748,39.906666666666666
2027-06-30,75.35098752013099,66.04462248444717,41.00000051921053,52.66045461491698,22.921887937868874,59.07811310055219,data (24).xls,2.14.Я.5,"Количество созданных центров воспроизведения аудиовизуального контента в малых населенных пунктах с численностью населения до 50 тыс. человек, оснащенных необходимым оборудованием и подключенных к единой цифровой платформе с библиотекой современных продуктов российской киноиндустрии (Я5)","Количество созданных центров воспроизведения аудиовизуального контента в малых населенных пунктах с численностью населения до 50 тыс. человек, оснащенных необходимым оборудованием и подключенных к единой цифровой платформе с библиотекой современных продуктов российской киноиндустрии (Я5)",40.999995884129525,41.00000051921053,39.906666666666666
2027-07-31,73.43016922527039,64.91550005480313,41.0000004728941,52.02313312741943,22.623055868659183,59.37694507712902,data (24).xls,2.14.Я.5,"Количество созданных центров воспроизведения аудиовизуального контента в малых населенных пунктах с численностью населения до 50 тыс. человек, оснащенных необходимым оборудованием и подключенных к единой цифровой платформе с библиотекой современных продуктов российской киноиндустрии (Я5)","Количество созданных центров воспроизведения аудиовизуального контента в малых населенных пунктах с численностью населения до 50 тыс. человек, оснащенных необходимым оборудованием и подключенных к единой цифровой платформе с библиотекой современных продуктов российской киноиндустрии (Я5)",40.999995884129525,41.0000004728941,39.77
2027-08-31,74.0072293536605,65.95532550417435,41.00000043104009,52.3465102346009,22.329006042133692,59.67099481994649,data (24).xls,2.14.Я.5,"Количество созданных центров воспроизведения аудиовизуального контента в малых населенных пунктах с численностью населения до 50 тыс. человек, оснащенных необходимым оборудованием и подключенных к единой цифровой платформе с библиотекой современных продуктов российской киноиндустрии (Я5)","Количество созданных центров воспроизведения аудиовизуального контента в малых населенных пунктах с численностью населения до 50 тыс. человек, оснащенных необходимым оборудованием и подключенных к единой цифровой платформе с библиотекой современных продуктов российской киноиндустрии (Я5)",40.999995884129525,41.00000043104009,39.77
2027-09-30,77.755515685251,69.53454692993984,41.000000413344665,53.812011782533,22.0395159798174,59.960484846871935,data (24).xls,2.14.Я.5,"Количество созданных центров воспроизведения аудиовизуального контента в малых населенных пунктах с численностью населения до 50 тыс. человек, оснащенных необходимым оборудованием и подключенных к единой цифровой платформе с библиотекой современных продуктов российской киноиндустрии (Я5)","Количество созданных центров воспроизведения аудиовизуального контента в малых населенных пунктах с численностью населения до 50 тыс. человек, оснащенных необходимым оборудованием и подключенных к единой цифровой платформе с библиотекой современных продуктов российской киноиндустрии (Я5)",40.999995884129525,41.000000413344665,39.77
2027-10-31,84.4986484998276,75.34318332834088,41.00000043303078,56.32236562906576,21.754379932836837,60.245620933224714,data (24).xls,2.14.Я.5,"Количество созданных центров воспроизведения аудиовизуального контента в малых населенных пунктах с численностью населения до 50 тыс. человек, оснащенных необходимым оборудованием и подключенных к единой цифровой платформе с библиотекой современных продуктов российской киноиндустрии (Я5)","Количество созданных центров воспроизведения аудиовизуального контента в малых населенных пунктах с численностью населения до 50 тыс. человек, оснащенных необходимым оборудованием и подключенных к единой цифровой платформе с библиотекой современных продуктов российской киноиндустрии (Я5)",40.999995884129525,41.00000043303078,39.77
2027-11-30,93.25778138060474,82.4738837541072,41.00000049330497,59.52766563576262,21.473407167254962,60.52659381935497,data (24).xls,2.14.Я.5,"Количество созданных центров воспроизведения аудиовизуального контента в малых населенных пунктах с численностью населения до 50 тыс. человек, оснащенных необходимым оборудованием и подключенных к единой цифровой платформе с библиотекой современных продуктов российской киноиндустрии (Я5)","Количество созданных центров воспроизведения аудиовизуального контента в малых населенных пунктах с численностью населения до 50 тыс. человек, оснащенных необходимым оборудованием и подключенных к единой цифровой платформе с библиотекой современных продуктов российской киноиндустрии (Я5)",40.999995884129525,41.00000049330497,39.906666666666666
2027-12-31,102.51388232111728,89.66505127349382,41.000000586498274,62.981119346381114,21.19642047066073,60.80358070233582,data (24).xls,2.14.Я.5,"Количество созданных центров воспроизведения аудиовизуального контента в малых населенных пунктах с численностью населения до 50 тыс. человек, оснащенных необходимым оборудованием и подключенных к единой цифровой платформе с библиотекой современных продуктов российской киноиндустрии (Я5)","Количество созданных центров воспроизведения аудиовизуального контента в малых населенных пунктах с численностью населения до 50 тыс. человек, оснащенных необходимым оборудованием и подключенных к единой цифровой платформе с библиотекой современных продуктов российской киноиндустрии (Я5)",40.999995884129525,41.000000586498274,40.72666666666667
2028-01-31,114.24477663894716,105.74979582199154,82.00000037269191,76.6075804102187,61.92325452362933,102.07674622175449,data (24).xls,2.14.Я.5,"Количество созданных центров воспроизведения аудиовизуального контента в малых населенных пунктах с численностью населения до 50 тыс. человек, оснащенных необходимым оборудованием и подключенных к единой цифровой платформе с библиотекой современных продуктов российской киноиндустрии (Я5)","Количество созданных центров воспроизведения аудиовизуального контента в малых населенных пунктах с численностью населения до 50 тыс. человек, оснащенных необходимым оборудованием и подключенных к единой цифровой платформе с библиотекой современных продуктов российской киноиндустрии (Я5)",40.999995884129525,82.00000037269191,40.04333333333334
2028-02-29,119.84777301920914,109.55468351333391,82.00000047785231,78.46182391223832,61.653756048687825,102.3462449070168,data (24).xls,2.14.Я.5,"Количество созданных центров воспроизведения аудиовизуального контента в малых населенных пунктах с численностью населения до 50 тыс. человек, оснащенных необходимым оборудованием и подключенных к единой цифровой платформе с библиотекой современных продуктов российской киноиндустрии (Я5)","Количество созданных центров воспроизведения аудиовизуального контента в малых населенных пунктах с численностью населения до 50 тыс. человек, оснащенных необходимым оборудованием и подключенных к единой цифровой платформе с библиотекой современных продуктов российской киноиндустрии (Я5)",40.999995884129525,82.00000047785231,39.906666666666666
2028-03-31,122.27954319627074,110.82017522828205,82.00000055885408,79.20127630684061,61.38778086143279,102.61222025627538,data (24).xls,2.14.Я.5,"Количество созданных центров воспроизведения аудиовизуального контента в малых населенных пунктах с численностью населения до 50 тыс. человек, оснащенных необходимым оборудованием и подключенных к единой цифровой платформе с библиотекой современных продуктов российской киноиндустрии (Я5)","Количество созданных центров воспроизведения аудиовизуального контента в малых населенных пунктах с численностью населения до 50 тыс. человек, оснащенных необходимым оборудованием и подключенных к единой цифровой платформе с библиотекой современных продуктов российской киноиндустрии (Я5)",40.999995884129525,82.00000055885408,39.906666666666666
2028-04-30,121.71646689034623,109.8562519705946,82.00000060247434,78.89587640284228,61.12519427191842,102.87480693303027,data (24).xls,2.14.Я.5,"Количество созданных центров воспроизведения аудиовизуального контента в малых населенных пунктах с численностью населения до 50 тыс. человек, оснащенных необходимым оборудованием и подключенных к единой цифровой платформе с библиотекой современных продуктов российской киноиндустрии (Я5)","Количество созданных центров воспроизведения аудиовизуального контента в малых населенных пунктах с численностью населения до 50 тыс. человек, оснащенных необходимым оборудованием и подключенных к единой цифровой платформе с библиотекой современных продуктов российской киноиндустрии (Я5)",40.999995884129525,82.00000060247434,39.906666666666666
2028-05-31,119.1373905182212,107.57026468554187,82.00000060550653,77.92286367201316,60.86586996756276,103.1341312434503,data (24).xls,2.14.Я.5,"Количество созданных центров воспроизведения аудиовизуального контента в малых населенных пунктах с численностью населения до 50 тыс. человек, оснащенных необходимым оборудованием и подключенных к единой цифровой платформе с библиотекой современных продуктов российской киноиндустрии (Я5)","Количество созданных центров воспроизведения аудиовизуального контента в малых населенных пунктах с численностью населения до 50 тыс. человек, оснащенных необходимым оборудованием и подключенных к единой цифровой платформе с библиотекой современных продуктов российской киноиндустрии (Я5)",40.999995884129525,82.00000060550653,39.906666666666666
2028-06-30,116.06134608636074,105.22381030686887,82.00000057561958,76.83836390392908,60.60968930380474,103.39031184743442,data (24).xls,2.14.Я.5,"Количество созданных центров воспроизведения аудиовизуального контента в малых населенных пунктах с численностью населения до 50 тыс. человек, оснащенных необходимым оборудованием и подключенных к единой цифровой платформе с библиотекой современных продуктов российской киноиндустрии (Я5)","Количество созданных центров воспроизведения аудиовизуального контента в малых населенных пунктах с численностью населения до 50 тыс. человек, оснащенных необходимым оборудованием и подключенных к единой цифровой платформе с библиотекой современных продуктов российской киноиндустрии (Я5)",40.999995884129525,82.00000057561958,39.906666666666666
2028-07-31,114.14052779150016,104.09468787722481,82.00000052930315,76.20104241643153,60.35654066752079,103.64346039108551,data (24).xls,2.14.Я.5,"Количество созданных центров воспроизведения аудиовизуального контента в малых населенных пунктах с численностью населения до 50 тыс. человек, оснащенных необходимым оборудованием и подключенных к единой цифровой платформе с библиотекой современных продуктов российской киноиндустрии (Я5)","Количество созданных центров воспроизведения аудиовизуального контента в малых населенных пунктах с численностью населения до 50 тыс. человек, оснащенных необходимым оборудованием и подключенных к единой цифровой платформе с библиотекой современных продуктов российской киноиндустрии (Я5)",40.999995884129525,82.00000052930315,39.77
2028-08-31,114.71758791989029,105.13451332659604,82.00000048744913,76.52441952361299,60.106318904123775,103.89368207077447,data (24).xls,2.14.Я.5,"Количество созданных центров воспроизведения аудиовизуального контента в малых населенных пунктах с численностью населения до 50 тыс. человек, оснащенных необходимым оборудованием и подключенных к единой цифровой платформе с библиотекой современных продуктов российской киноиндустрии (Я5)","Количество созданных центров воспроизведения аудиовизуального контента в малых населенных пунктах с численностью населения до 50 тыс. человек, оснащенных необходимым оборудованием и подключенных к единой цифровой платформе с библиотекой современных продуктов российской киноиндустрии (Я5)",40.999995884129525,82.00000048744913,39.77
2028-09-30,118.46587425148076,108.71373475236152,82.00000046975372,77.9899210715451,59.858924801315766,104.14107613819166,data (24).xls,2.14.Я.5,"Количество созданных центров воспроизведения аудиовизуального контента в малых населенных пунктах с численностью населения до 50 тыс. человек, оснащенных необходимым оборудованием и подключенных к единой цифровой платформе с библиотекой современных продуктов российской киноиндустрии (Я5)","Количество созданных центров воспроизведения аудиовизуального контента в малых населенных пунктах с численностью населения до 50 тыс. человек, оснащенных необходимым оборудованием и подключенных к единой цифровой платформе с библиотекой современных продуктов российской киноиндустрии (Я5)",40.999995884129525,82.00000046975372,39.77
2028-10-31,125.20900706605738,114.52237115076257,82.00000048943981,80.50027491807785,59.61426462396176,104.38573635491787,data (24).xls,2.14.Я.5,"Количество созданных центров воспроизведения аудиовизуального контента в малых населенных пунктах с численностью населения до 50 тыс. человек, оснащенных необходимым оборудованием и подключенных к единой цифровой платформе с библиотекой современных продуктов российской киноиндустрии (Я5)","Количество созданных центров воспроизведения аудиовизуального контента в малых населенных пунктах с численностью населения до 50 тыс. человек, оснащенных необходимым оборудованием и подключенных к единой цифровой платформе с библиотекой современных продуктов российской киноиндустрии (Я5)",40.999995884129525,82.00000048943981,39.77
2028-11-30,133.9681399468345,121.65307157652889,82.00000054971402,83.70557492477471,59.372249695455295,104.62775140397274,data (24).xls,2.14.Я.5,"Количество созданных центров воспроизведения аудиовизуального контента в малых населенных пунктах с численностью населения до 50 тыс. человек, оснащенных необходимым оборудованием и подключенных к единой цифровой платформе с библиотекой современных продуктов российской киноиндустрии (Я5)","Количество созданных центров воспроизведения аудиовизуального контента в малых населенных пунктах с численностью населения до 50 тыс. человек, оснащенных необходимым оборудованием и подключенных к единой цифровой платформе с библиотекой современных продуктов российской киноиндустрии (Я5)",40.999995884129525,82.00000054971402,39.906666666666666
2028-12-31,143.22424088734704,128.8442390959155,82.00000064290732,87.15902863539321,59.13279602131307,104.86720526450158,data (24).xls,2.14.Я.5,"Количество созданных центров воспроизведения аудиовизуального контента в малых населенных пунктах с численностью населения до 50 тыс. человек, оснащенных необходимым оборудованием и подключенных к единой цифровой платформе с библиотекой современных продуктов российской киноиндустрии (Я5)","Количество созданных центров воспроизведения аудиовизуального контента в малых населенных пунктах с численностью населения до 50 тыс. человек, оснащенных необходимым оборудованием и подключенных к единой цифровой платформе с библиотекой современных продуктов российской киноиндустрии (Я5)",40.999995884129525,82.00000064290732,40.72666666666667
2029-01-31,154.9551352051769,144.92898364441322,123.00000042910095,100.7854896992308,99.89582362729048,146.10417723091143,data (24).xls,2.14.Я.5,"Количество созданных центров воспроизведения аудиовизуального контента в малых населенных пунктах с численностью населения до 50 тыс. человек, оснащенных необходимым оборудованием и подключенных к единой цифровой платформе с библиотекой современных продуктов российской киноиндустрии (Я5)","Количество созданных центров воспроизведения аудиовизуального контента в малых населенных пунктах с численностью населения до 50 тыс. человек, оснащенных необходимым оборудованием и подключенных к единой цифровой платформе с библиотекой современных продуктов российской киноиндустрии (Я5)",40.999995884129525,123.00000042910095,40.04333333333334
2029-02-28,160.5581315854389,148.7338713357556,123.00000053426133,102.6397332012504,99.66125754812833,146.33874352039433,data (24).xls,2.14.Я.5,"Количество созданных центров воспроизведения аудиовизуального контента в малых населенных пунктах с численностью населения до 50 тыс. человек, оснащенных необходимым оборудованием и подключенных к единой цифровой платформе с библиотекой современных продуктов российской киноиндустрии (Я5)","Количество созданных центров воспроизведения аудиовизуального контента в малых населенных пунктах с численностью населения до 50 тыс. человек, оснащенных необходимым оборудованием и подключенных к единой цифровой платформе с библиотекой современных продуктов российской киноиндустрии (Я5)",40.999995884129525,123.00000053426133,39.906666666666666
2029-03-31,162.9899017625005,149.99936305070372,123.00000061526312,103.37918559585269,99.42902561090176,146.57097561962448,data (24).xls,2.14.Я.5,"Количество созданных центров воспроизведения аудиовизуального контента в малых населенных пунктах с численностью населения до 50 тыс. человек, оснащенных необходимым оборудованием и подключенных к единой цифровой платформе с библиотекой современных продуктов российской киноиндустрии (Я5)","Количество созданных центров воспроизведения аудиовизуального контента в малых населенных пунктах с численностью населения до 50 тыс. человек, оснащенных необходимым оборудованием и подключенных к единой цифровой платформе с библиотекой современных продуктов российской киноиндустрии (Я5)",40.999995884129525,123.00000061526312,39.906666666666666
2029-04-30,162.42682545657598,149.03543979301628,123.00000065888338,103.07378569185437,99.1990594770796,146.80094184068716,data (24).xls,2.14.Я.5,"Количество созданных центров воспроизведения аудиовизуального контента в малых населенных пунктах с численностью населения до 50 тыс. человек, оснащенных необходимым оборудованием и подключенных к единой цифровой платформе с библиотекой современных продуктов российской киноиндустрии (Я5)","Количество созданных центров воспроизведения аудиовизуального контента в малых населенных пунктах с численностью населения до 50 тыс. человек, оснащенных необходимым оборудованием и подключенных к единой цифровой платформе с библиотекой современных продуктов российской киноиндустрии (Я5)",40.999995884129525,123.00000065888338,39.906666666666666
2029-05-31,159.84774908445098,146.74945250796355,123.00000066191555,102.10077296102526,98.97129408783756,147.02870723599355,data (24).xls,2.14.Я.5,"Количество созданных центров воспроизведения аудиовизуального контента в малых населенных пунктах с численностью населения до 50 тыс. человек, оснащенных необходимым оборудованием и подключенных к единой цифровой платформе с библиотекой современных продуктов российской киноиндустрии (Я5)","Количество созданных центров воспроизведения аудиовизуального контента в малых населенных пунктах с численностью населения до 50 тыс. человек, оснащенных необходимым оборудованием и подключенных к единой цифровой платформе с библиотекой современных продуктов российской киноиндустрии (Я5)",40.999995884129525,123.00000066191555,39.906666666666666
2029-06-30,156.7717046525905,144.40299812929055,123.00000063202862,101.01627319294117,98.74566744996413,147.2543338140931,data (24).xls,2.14.Я.5,"Количество созданных центров воспроизведения аудиовизуального контента в малых населенных пунктах с численностью населения до 50 тыс. человек, оснащенных необходимым оборудованием и подключенных к единой цифровой платформе с библиотекой современных продуктов российской киноиндустрии (Я5)","Количество созданных центров воспроизведения аудиовизуального контента в малых населенных пунктах с численностью населения до 50 тыс. человек, оснащенных необходимым оборудованием и подключенных к единой цифровой платформе с библиотекой современных продуктов российской киноиндустрии (Я5)",40.999995884129525,123.00000063202862,39.906666666666666
2029-07-31,154.85088635772993,143.27387569964648,123.00000058571219,100.37895170544361,98.52212043668683,147.47788073473754,data (24).xls,2.14.Я.5,"Количество созданных центров воспроизведения аудиовизуального контента в малых населенных пунктах с численностью населения до 50 тыс. человек, оснащенных необходимым оборудованием и подключенных к единой цифровой платформе с библиотекой современных продуктов российской киноиндустрии (Я5)","Количество созданных центров воспроизведения аудиовизуального контента в малых населенных пунктах с численностью населения до 50 тыс. человек, оснащенных необходимым оборудованием и подключенных к единой цифровой платформе с библиотекой современных продуктов российской киноиндустрии (Я5)",40.999995884129525,123.00000058571219,39.77
2029-08-31,155.42794648612005,144.31370114901773,123.00000054385816,100.7023288126251,98.30059660219379,147.69940448552254,data (24).xls,2.14.Я.5,"Количество созданных центров воспроизведения аудиовизуального контента в малых населенных пунктах с численностью населения до 50 тыс. человек, оснащенных необходимым оборудованием и подключенных к единой цифровой платформе с библиотекой современных продуктов российской киноиндустрии (Я5)","Количество созданных центров воспроизведения аудиовизуального контента в малых населенных пунктах с численностью населения до 50 тыс. человек, оснащенных необходимым оборудованием и подключенных к единой цифровой платформе с библиотекой современных продуктов российской киноиндустрии (Я5)",40.999995884129525,123.00000054385816,39.77
2029-09-30,159.1762328177105,147.8929225747832,123.00000052616275,102.16783036055719,98.08104200946386,147.91895904286164,data (24).xls,2.14.Я.5,"Количество созданных центров воспроизведения аудиовизуального контента в малых населенных пунктах с численностью населения до 50 тыс. человек, оснащенных необходимым оборудованием и подключенных к единой цифровой платформе с библиотекой современных продуктов российской киноиндустрии (Я5)","Количество созданных центров воспроизведения аудиовизуального контента в малых населенных пунктах с численностью населения до 50 тыс. человек, оснащенных необходимым оборудованием и подключенных к единой цифровой платформе с библиотекой современных продуктов российской киноиндустрии (Я5)",40.999995884129525,123.00000052616275,39.77
2029-10-31,165.91936563228714,153.70155897318423,123.00000054584885,104.67818420708996,97.86340507151272,148.13659602018498,data (24).xls,2.14.Я.5,"Количество созданных центров воспроизведения аудиовизуального контента в малых населенных пунктах с численностью населения до 50 тыс. человек, оснащенных необходимым оборудованием и подключенных к единой цифровой платформе с библиотекой современных продуктов российской киноиндустрии (Я5)","Количество созданных центров воспроизведения аудиовизуального контента в малых населенных пунктах с численностью населения до 50 тыс. человек, оснащенных необходимым оборудованием и подключенных к единой цифровой платформе с библиотекой современных продуктов российской киноиндустрии (Я5)",40.999995884129525,123.00000054584885,39.77
2029-11-30,174.67849851306426,160.83225939895055,123.00000060612304,107.8834842137868,97.64763640623289,148.35236480601318,data (24).xls,2.14.Я.5,"Количество созданных центров воспроизведения аудиовизуального контента в малых населенных пунктах с численностью населения до 50 тыс. человек, оснащенных необходимым оборудованием и подключенных к единой цифровой платформе с библиотекой современных продуктов российской киноиндустрии (Я5)","Количество созданных центров воспроизведения аудиовизуального контента в малых населенных пунктах с численностью населения до 50 тыс. человек, оснащенных необходимым оборудованием и подключенных к единой цифровой платформе с библиотекой современных продуктов российской киноиндустрии (Я5)",40.999995884129525,123.00000060612304,39.906666666666666
2029-12-31,183.93459945357682,168.02342691833718,123.00000069931636,111.3369379244053,97.4336887046753,148.5663126939574,data (24).xls,2.14.Я.5,"Количество созданных центров воспроизведения аудиовизуального контента в малых населенных пунктах с численностью населения до 50 тыс. человек, оснащенных необходимым оборудованием и подключенных к единой цифровой платформе с библиотекой современных продуктов российской киноиндустрии (Я5)","Количество созданных центров воспроизведения аудиовизуального контента в малых населенных пунктах с численностью населения до 50 тыс. человек, оснащенных необходимым оборудованием и подключенных к единой цифровой платформе с библиотекой современных продуктов российской киноиндустрии (Я5)",40.999995884129525,123.00000069931636,40.72666666666667
2030-01-31,195.66549377140666,184.1081714668349,164.00000048550996,124.96339898824287,138.22151628859135,189.77848468242857,data (24).xls,2.14.Я.5,"Количество созданных центров воспроизведения аудиовизуального контента в малых населенных пунктах с численностью населения до 50 тыс. человек, оснащенных необходимым оборудованием и подключенных к единой цифровой платформе с библиотекой современных продуктов российской киноиндустрии (Я5)","Количество созданных центров воспроизведения аудиовизуального контента в малых населенных пунктах с численностью населения до 50 тыс. человек, оснащенных необходимым оборудованием и подключенных к единой цифровой платформе с библиотекой современных продуктов российской киноиндустрии (Я5)",40.999995884129525,164.00000048550996,40.04333333333334
2030-02-28,201.26849015166866,187.91305915817725,164.00000059067034,126.81764249026249,138.01107629638224,189.98892488495844,data (24).xls,2.14.Я.5,"Количество созданных центров воспроизведения аудиовизуального контента в малых населенных пунктах с численностью населения до 50 тыс. человек, оснащенных необходимым оборудованием и подключенных к единой цифровой платформе с библиотекой современных продуктов российской киноиндустрии (Я5)","Количество созданных центров воспроизведения аудиовизуального контента в малых населенных пунктах с численностью населения до 50 тыс. человек, оснащенных необходимым оборудованием и подключенных к единой цифровой платформе с библиотекой современных продуктов российской киноиндустрии (Я5)",40.999995884129525,164.00000059067034,39.906666666666666
2030-03-31,203.70026032873028,189.17855087312537,164.00000067167213,127.5570948848648,137.8023266440472,190.19767469929704,data (24).xls,2.14.Я.5,"Количество созданных центров воспроизведения аудиовизуального контента в малых населенных пунктах с численностью населения до 50 тыс. человек, оснащенных необходимым оборудованием и подключенных к единой цифровой платформе с библиотекой современных продуктов российской киноиндустрии (Я5)","Количество созданных центров воспроизведения аудиовизуального контента в малых населенных пунктах с численностью населения до 50 тыс. человек, оснащенных необходимым оборудованием и подключенных к единой цифровой платформе с библиотекой современных продуктов российской киноиндустрии (Я5)",40.999995884129525,164.00000067167213,39.906666666666666
2030-04-30,203.13718402280574,188.21462761543793,164.0000007152924,127.25169498086646,137.595227227509,190.4047742030758,data (24).xls,2.14.Я.5,"Количество созданных центров воспроизведения аудиовизуального контента в малых населенных пунктах с численностью населения до 50 тыс. человек, оснащенных необходимым оборудованием и подключенных к единой цифровой платформе с библиотекой современных продуктов российской киноиндустрии (Я5)","Количество созданных центров воспроизведения аудиовизуального контента в малых населенных пунктах с численностью населения до 50 тыс. человек, оснащенных необходимым оборудованием и подключенных к единой цифровой платформе с библиотекой современных продуктов российской киноиндустрии (Я5)",40.999995884129525,164.0000007152924,39.906666666666666
2030-05-31,200.55810765068074,185.9286403303852,164.00000071832457,126.27868225003733,137.38973951283086,190.61026192381829,data (24).xls,2.14.Я.5,"Количество созданных центров воспроизведения аудиовизуального контента в малых населенных пунктах с численностью населения до 50 тыс. человек, оснащенных необходимым оборудованием и подключенных к единой цифровой платформе с библиотекой современных продуктов российской киноиндустрии (Я5)","Количество созданных центров воспроизведения аудиовизуального контента в малых населенных пунктах с численностью населения до 50 тыс. человек, оснащенных необходимым оборудованием и подключенных к единой цифровой платформе с библиотекой современных продуктов российской киноиндустрии (Я5)",40.999995884129525,164.00000071832457,39.906666666666666
2030-06-30,197.4820632188203,183.5821859517122,164.0000006884376,125.19418248195325,137.1858264533794,190.8141749234958,data (24).xls,2.14.Я.5,"Количество созданных центров воспроизведения аудиовизуального контента в малых населенных пунктах с численностью населения до 50 тыс. человек, оснащенных необходимым оборудованием и подключенных к единой цифровой платформе с библиотекой современных продуктов российской киноиндустрии (Я5)","Количество созданных центров воспроизведения аудиовизуального контента в малых населенных пунктах с численностью населения до 50 тыс. человек, оснащенных необходимым оборудованием и подключенных к единой цифровой платформе с библиотекой современных продуктов российской киноиндустрии (Я5)",40.999995884129525,164.0000006884376,39.906666666666666
2030-07-31,195.5612449239597,182.45306352206813,164.0000006421212,124.5568609944557,136.9834524097597,191.01654887448268,data (24).xls,2.14.Я.5,"Количество созданных центров воспроизведения аудиовизуального контента в малых населенных пунктах с численностью населения до 50 тыс. человек, оснащенных необходимым оборудованием и подключенных к единой цифровой платформе с библиотекой современных продуктов российской киноиндустрии (Я5)","Количество созданных центров воспроизведения аудиовизуального контента в малых населенных пунктах с численностью населения до 50 тыс. человек, оснащенных необходимым оборудованием и подключенных к единой цифровой платформе с библиотекой современных продуктов российской киноиндустрии (Я5)",40.999995884129525,164.0000006421212,39.77
2030-08-31,196.1383050523498,183.49288897143938,164.00000060026716,124.88023810163718,136.78258307260722,191.2174181279271,data (24).xls,2.14.Я.5,"Количество созданных центров воспроизведения аудиовизуального контента в малых населенных пунктах с численностью населения до 50 тыс. человек, оснащенных необходимым оборудованием и подключенных к единой цифровой платформе с библиотекой современных продуктов российской киноиндустрии (Я5)","Количество созданных центров воспроизведения аудиовизуального контента в малых населенных пунктах с численностью населения до 50 тыс. человек, оснащенных необходимым оборудованием и подключенных к единой цифровой платформе с библиотекой современных продуктов российской киноиндустрии (Я5)",40.999995884129525,164.00000060026716,39.77
2030-09-30,199.8865913839403,187.07211039720485,164.00000058257174,126.34573964956928,136.58318538900073,191.41681577614276,data (24).xls,2.14.Я.5,"Количество созданных центров воспроизведения аудиовизуального контента в малых населенных пунктах с численностью населения до 50 тыс. человек, оснащенных необходимым оборудованием и подключенных к единой цифровой платформе с библиотекой современных продуктов российской киноиндустрии (Я5)","Количество созданных центров воспроизведения аудиовизуального контента в малых населенных пунктах с численностью населения до 50 тыс. человек, оснащенных необходимым оборудованием и подключенных к единой цифровой платформе с библиотекой современных продуктов российской киноиндустрии (Я5)",40.999995884129525,164.00000058257174,39.77
2030-10-31,206.62972419851687,192.8807467956059,164.00000060225784,128.856093496102,136.38522749361397,191.61477371090172,data (24).xls,2.14.Я.5,"Количество созданных центров воспроизведения аудиовизуального контента в малых населенных пунктах с численностью населения до 50 тыс. человек, оснащенных необходимым оборудованием и подключенных к единой цифровой платформе с библиотекой современных продуктов российской киноиндустрии (Я5)","Количество созданных центров воспроизведения аудиовизуального контента в малых населенных пунктах с численностью населения до 50 тыс. человек, оснащенных необходимым оборудованием и подключенных к единой цифровой платформе с библиотекой современных продуктов российской киноиндустрии (Я5)",40.999995884129525,164.00000060225784,39.77
2030-11-30,215.388857079294,200.01144722137226,164.00000066253207,132.06139350279892,136.18867864567468,191.81132267938946,data (24).xls,2.14.Я.5,"Количество созданных центров воспроизведения аудиовизуального контента в малых населенных пунктах с численностью населения до 50 тыс. человек, оснащенных необходимым оборудованием и подключенных к единой цифровой платформе с библиотекой современных продуктов российской киноиндустрии (Я5)","Количество созданных центров воспроизведения аудиовизуального контента в малых населенных пунктах с численностью населения до 50 тыс. человек, оснащенных необходимым оборудованием и подключенных к единой цифровой платформе с библиотекой современных продуктов российской киноиндустрии (Я5)",40.999995884129525,164.00000066253207,39.906666666666666
2030-12-31,224.64495801980658,207.20261474075886,164.00000075572535,135.5148472134174,135.99350917236575,192.00649233908496,data (24).xls,2.14.Я.5,"Количество созданных центров воспроизведения аудиовизуального контента в малых населенных пунктах с численностью населения до 50 тыс. человек, оснащенных необходимым оборудованием и подключенных к единой цифровой платформе с библиотекой современных продуктов российской киноиндустрии (Я5)","Количество созданных центров воспроизведения аудиовизуального контента в малых населенных пунктах с численностью населения до 50 тыс. человек, оснащенных необходимым оборудованием и подключенных к единой цифровой платформе с библиотекой современных продуктов российской киноиндустрии (Я5)",40.999995884129525,164.00000075572535,40.72666666666667
2026-04-30,95.02357678859678,95.56565322816712,95.56565322816712,95.7524554766915,94.52578487924931,96.60552157708493,data (25).xls,2.14.Я.6,"Уровень удовлетворенности граждан работой государственных и муниципальных организаций культуры, искусства и народного творчества (Я5)","Уровень удовлетворенности граждан работой государственных и муниципальных организаций культуры, искусства и народного творчества (Я5)",96.27977185816812,95.56127550852553,96.33199999999981
2026-05-31,95.4121478635684,95.91018581087192,95.91018581087192,95.96028941309044,94.83831405104073,96.98205757070312,data (25).xls,2.14.Я.6,"Уровень удовлетворенности граждан работой государственных и муниципальных организаций культуры, искусства и народного творчества (Я5)","Уровень удовлетворенности граждан работой государственных и муниципальных организаций культуры, искусства и народного творчества (Я5)",96.34490248428516,95.77621090672699,96.35799999999972
2026-06-30,95.75422161763028,96.18800470204913,96.18800470204913,96.12318201054578,95.08505776045756,97.2909516436407,data (25).xls,2.14.Я.6,"Уровень удовлетворенности граждан работой государственных и муниципальных организаций культуры, искусства и народного творчества (Я5)","Уровень удовлетворенности граждан работой государственных и муниципальных организаций культуры, искусства и народного творчества (Я5)",96.34490248428516,95.97444791543131,96.35433333333305
2026-07-31,95.94976818754247,96.32664581933392,96.32664581933392,96.24210296874175,95.19347555745411,97.45981608121373,data (25).xls,2.14.Я.6,"Уровень удовлетворенности граждан работой государственных и муниципальных организаций культуры, искусства и народного творчества (Я5)","Уровень удовлетворенности граждан работой государственных и муниципальных организаций культуры, искусства и народного творчества (Я5)",96.45492041104103,96.10384709245831,96.37533333333303
2026-08-31,95.93801955072718,96.29093765248034,96.23615625623863,96.18829883262939,95.07354809832329,97.39876441415397,data (25).xls,2.14.Я.6,"Уровень удовлетворенности граждан работой государственных и муниципальных организаций культуры, искусства и народного творчества (Я5)","Уровень удовлетворенности граждан работой государственных и муниципальных организаций культуры, искусства и народного творчества (Я5)",96.23615625623863,96.1307140370344,96.34566666666642
2026-09-30,95.713752267844,96.09242544112821,96.09242544112821,96.18423228415438,94.90110658570205,97.28374429655437,data (25).xls,2.14.Я.6,"Уровень удовлетворенности граждан работой государственных и муниципальных организаций культуры, искусства и народного творчества (Я5)","Уровень удовлетворенности граждан работой государственных и муниципальных организаций культуры, искусства и народного творчества (Я5)",96.60482260119716,96.04882777726941,96.46133333333304
2026-10-31,95.32868709914308,95.78627763716531,95.88110767455063,95.87008498893198,94.66175395157421,97.10046139752706,data (25).xls,2.14.Я.6,"Уровень удовлетворенности граждан работой государственных и муниципальных организаций культуры, искусства и народного творчества (Я5)","Уровень удовлетворенности граждан работой государственных и муниципальных организаций культуры, искусства и народного творчества (Я5)",96.13101920046752,95.88110767455063,96.2233333333333
2026-11-30,94.87763046852398,95.45650356259631,95.67347219916813,95.73381065498643,94.42671384720933,96.92023055112693,data (25).xls,2.14.Я.6,"Уровень удовлетворенности граждан работой государственных и муниципальных организаций культуры, искусства и народного творчества (Я5)","Уровень удовлетворенности граждан работой государственных и муниципальных организаций культуры, искусства и народного творчества (Я5)",96.54411371131043,95.67347219916813,96.11733333333329
2026-12-31,94.47307115881462,95.19344317955489,94.54833333333309,94.68371488192795,93.27475990607357,95.82190676059261,data (25).xls,2.14.Я.6,"Уровень удовлетворенности граждан работой государственных и муниципальных организаций культуры, искусства и народного творчества (Я5)","Уровень удовлетворенности граждан работой государственных и муниципальных организаций культуры, искусства и народного творчества (Я5)",93.72119162465448,95.48253511328275,94.54833333333309
2027-01-31,96.03831736959134,96.34891733172229,96.34891733172229,96.28900140378964,95.04908189557503,97.64875276786955,data (25).xls,2.14.Я.6,"Уровень удовлетворенности граждан работой государственных и муниципальных организаций культуры, искусства и народного творчества (Я5)","Уровень удовлетворенности граждан работой государственных и муниципальных организаций культуры, искусства и народного творчества (Я5)",96.46499101112575,96.46044797317543,96.13233333333336
2027-02-28,95.98758045075918,96.39938400671167,96.29399679903746,96.28023510825203,94.9684195483626,97.61957404971231,data (25).xls,2.14.Я.6,"Уровень удовлетворенности граждан работой государственных и муниципальных организаций культуры, искусства и народного творчества (Я5)","Уровень удовлетворенности граждан работой государственных и муниципальных организаций культуры, искусства и народного творчества (Я5)",96.29399679903746,96.44088095141828,96.27933333333354
2027-03-31,96.14936217799487,96.61265472619958,96.53006713400222,96.46649383900053,95.17923852387092,97.88089574413353,data (25).xls,2.14.Я.6,"Уровень удовлетворенности граждан работой государственных и муниципальных организаций культуры, искусства и народного творчества (Я5)","Уровень удовлетворенности граждан работой государственных и муниципальных организаций культуры, искусства и народного творчества (Я5)",96.59205182347283,96.53006713400222,96.44833333333312
2027-04-30,96.47194179104832,96.93356103829827,96.47194179104832,96.56504432778897,95.09632526730638,97.84755831479026,data (25).xls,2.14.Я.6,"Уровень удовлетворенности граждан работой государственных и муниципальных организаций культуры, искусства и народного творчества (Я5)","Уровень удовлетворенности граждан работой государственных и муниципальных организаций культуры, искусства и народного творчества (Я5)",96.32563165005845,96.70508715953994,96.38899999999984
2027-05-31,96.86051286601995,97.27809362100307,96.86051286601995,96.77309303437481,95.46054725685863,98.26047847518126,data (25).xls,2.14.Я.6,"Уровень удовлетворенности граждан работой государственных и муниципальных организаций культуры, искусства и народного творчества (Я5)","Уровень удовлетворенности граждан работой государственных и муниципальных организаций культуры, искусства и народного творчества (Я5)",96.39716946044327,96.92002255774139,96.40966666666645
2027-06-30,97.20258662008182,97.55591251218027,97.11825956644573,96.93631896516351,95.69436118760089,98.54215794529057,data (25).xls,2.14.Я.6,"Уровень удовлетворенности граждан работой государственных и муниципальных организаций культуры, искусства и народного творчества (Я5)","Уровень удовлетворенности граждан работой государственных и муниципальных организаций культуры, искусства и народного творчества (Я5)",96.39716946044327,97.11825956644573,96.40766666666644
2027-07-31,97.39813318999401,97.69455362946506,97.24765874347271,97.0537732566928,95.80022325968784,98.69509422725758,data (25).xls,2.14.Я.6,"Уровень удовлетворенности граждан работой государственных и муниципальных организаций культуры, искусства и народного творчества (Я5)","Уровень удовлетворенности граждан работой государственных и муниципальных организаций культуры, искусства и народного творчества (Я5)",96.50718738719914,97.24765874347271,96.4213333333331
2027-08-31,97.3863845531787,97.65884546261147,97.27452568804881,97.00056912058042,95.80392976592672,98.7451216101709,data (25).xls,2.14.Я.6,"Уровень удовлетворенности граждан работой государственных и муниципальных организаций культуры, искусства и народного творчества (Я5)","Уровень удовлетворенности граждан работой государственных и муниципальных организаций культуры, искусства и народного творчества (Я5)",96.28842323239677,97.27452568804881,96.39466666666642
2027-09-30,97.16211727029554,97.46033325125934,97.16211727029554,96.9822895610402,95.66872005166793,98.65551448892315,data (25).xls,2.14.Я.6,"Уровень удовлетворенности граждан работой государственных и муниципальных организаций культуры, искусства и народного творчества (Я5)","Уровень удовлетворенности граждан работой государственных и муниципальных организаций культуры, искусства и народного творчества (Я5)",96.6080245220293,97.19263942828381,96.48833333333305
2027-10-31,96.77705210159462,97.15418544729646,96.77705210159462,96.68268861021637,95.26119652171663,98.29290768147261,data (25).xls,2.14.Я.6,"Уровень удовлетворенности граждан работой государственных и муниципальных организаций культуры, искусства и народного творчества (Я5)","Уровень удовлетворенности граждан работой государственных и муниципальных организаций культуры, искусства и народного творчества (Я5)",96.18328617662566,97.02491932556505,96.27400000000006
2027-11-30,96.32599547097551,96.82441137272744,96.59638068746857,96.54828094293748,95.05839465843911,98.13436671649802,data (25).xls,2.14.Я.6,"Уровень удовлетворенности граждан работой государственных и муниципальных организаций культуры, искусства и народного творчества (Я5)","Уровень удовлетворенности граждан работой государственных и муниципальных организаций культуры, искусства и народного творчества (Я5)",96.59638068746857,96.81728385018255,96.17733333333334
2027-12-31,95.92143616126616,96.56135098968602,95.92143616126616,95.49591850321235,94.36163363788944,97.48123868464288,data (25).xls,2.14.Я.6,"Уровень удовлетворенности граждан работой государственных и муниципальных организаций культуры, искусства и народного творчества (Я5)","Уровень удовлетворенности граждан работой государственных и муниципальных организаций культуры, искусства и народного творчества (Я5)",93.77345860081262,96.62634676429715,94.59699999999978
2028-01-31,97.48668237204288,97.71682514185343,97.48668237204288,97.08101829650904,95.9053643147328,99.06800042935296,data (25).xls,2.14.Я.6,"Уровень удовлетворенности граждан работой государственных и муниципальных организаций культуры, искусства и народного творчества (Я5)","Уровень удовлетворенности граждан работой государственных и муниципальных организаций культуры, искусства и народного творчества (Я5)",96.46499101112575,97.60425962418984,96.13233333333336
2028-02-29,97.43594545321072,97.7672918168428,97.43594545321072,97.07225200097143,95.83340070038243,99.03849020603901,data (25).xls,2.14.Я.6,"Уровень удовлетворенности граждан работой государственных и муниципальных организаций культуры, искусства и народного творчества (Я5)","Уровень удовлетворенности граждан работой государственных и муниципальных организаций культуры, искусства и народного творчества (Я5)",96.29399679903746,97.5846926024327,96.27933333333354
2028-03-31,97.5977271804464,97.98056253633071,97.5977271804464,97.25851073171994,95.974233241049,99.22122111984379,data (25).xls,2.14.Я.6,"Уровень удовлетворенности граждан работой государственных и муниципальных организаций культуры, искусства и народного творчества (Я5)","Уровень удовлетворенности граждан работой государственных и муниципальных организаций культуры, искусства и народного творчества (Я5)",96.59205182347283,97.67387878501664,96.44833333333312
2028-04-30,97.92030679349986,98.3014688484294,97.84889881055435,97.35706122050838,96.20472258590486,99.49307503520383,data (25).xls,2.14.Я.6,"Уровень удовлетворенности граждан работой государственных и муниципальных организаций культуры, искусства и народного творчества (Я5)","Уровень удовлетворенности граждан работой государственных и муниципальных организаций культуры, искусства и народного творчества (Я5)",96.32563165005845,97.84889881055435,96.38899999999984
2028-05-31,98.30887786847148,98.6460014311342,98.06383420875581,97.56510992709426,96.39923265158208,99.72843576592953,data (25).xls,2.14.Я.6,"Уровень удовлетворенности граждан работой государственных и муниципальных организаций культуры, искусства и народного творчества (Я5)","Уровень удовлетворенности граждан работой государственных и муниципальных организаций культуры, искусства и народного творчества (Я5)",96.39716946044327,98.06383420875581,96.40966666666645
2028-06-30,98.65095162253336,98.9238203223114,98.26207121746013,97.72833585788291,96.57729193500568,99.94685049991459,data (25).xls,2.14.Я.6,"Уровень удовлетворенности граждан работой государственных и муниципальных организаций культуры, искусства и народного творчества (Я5)","Уровень удовлетворенности граждан работой государственных и муниципальных организаций культуры, искусства и народного творчества (Я5)",96.39716946044327,98.26207121746013,96.40766666666644
2028-07-31,98.84649819244555,99.06246143959619,98.39147039448713,97.84579014941222,96.68675220163814,100.09618858733612,data (25).xls,2.14.Я.6,"Уровень удовлетворенности граждан работой государственных и муниципальных организаций культуры, искусства и народного творчества (Я5)","Уровень удовлетворенности граждан работой государственных и муниципальных организаций культуры, искусства и народного творчества (Я5)",96.50718738719914,98.39147039448713,96.4213333333331
2028-08-31,98.83474955563024,99.02675327274261,98.41833733906321,97.79258601329985,96.69391076669984,100.14276391142658,data (25).xls,2.14.Я.6,"Уровень удовлетворенности граждан работой государственных и муниципальных организаций культуры, искусства и народного творчества (Я5)","Уровень удовлетворенности граждан работой государственных и муниципальных организаций культуры, искусства и народного творчества (Я5)",96.28842323239677,98.41833733906321,96.39466666666642
2028-09-30,98.61048227274708,98.82824106139049,98.33645107929823,97.77430645375964,96.59253884242521,100.08036331617124,data (25).xls,2.14.Я.6,"Уровень удовлетворенности граждан работой государственных и муниципальных организаций культуры, искусства и народного творчества (Я5)","Уровень удовлетворенности граждан работой государственных и муниципальных организаций культуры, искусства и народного творчества (Я5)",96.6080245220293,98.33645107929823,96.48833333333305
2028-10-31,98.22541710404614,98.52209325742758,98.16873097657947,97.47470550293578,96.40554840623741,99.93191354692152,data (25).xls,2.14.Я.6,"Уровень удовлетворенности граждан работой государственных и муниципальных организаций культуры, искусства и народного творчества (Я5)","Уровень удовлетворенности граждан работой государственных и муниципальных организаций культуры, искусства и народного творчества (Я5)",96.18328617662566,98.16873097657947,96.27400000000006
2028-11-30,97.77436047342705,98.19231918285857,97.77436047342705,97.34029783565691,95.9921159159096,99.55660503094451,data (25).xls,2.14.Я.6,"Уровень удовлетворенности граждан работой государственных и муниципальных организаций культуры, искусства и народного творчества (Я5)","Уровень удовлетворенности граждан работой государственных и муниципальных организаций культуры, искусства и народного творчества (Я5)",96.59638068746857,97.96109550119695,96.17733333333334
2028-12-31,97.3698011637177,97.92925879981716,97.3698011637177,96.28793539593175,95.5686963502093,99.1709059772261,data (25).xls,2.14.Я.6,"Уровень удовлетворенности граждан работой государственных и муниципальных организаций культуры, искусства и народного творчества (Я5)","Уровень удовлетворенности граждан работой государственных и муниципальных организаций культуры, искусства и народного творчества (Я5)",93.77345860081262,97.77015841531157,94.59699999999978
2029-01-31,98.93504737449442,99.08473295198456,98.74807127520425,97.87303518922846,96.92830166459808,100.56784088581043,data (25).xls,2.14.Я.6,"Уровень удовлетворенности граждан работой государственных и муниципальных организаций культуры, искусства и народного творчества (Я5)","Уровень удовлетворенности граждан работой государственных и муниципальных организаций культуры, искусства и народного творчества (Я5)",96.46499101112575,98.74807127520425,96.13233333333336
2029-02-28,98.88431045566224,99.13519962697394,98.7285042534471,97.86426889369085,96.8902593507945,100.5667491560997,data (25).xls,2.14.Я.6,"Уровень удовлетворенности граждан работой государственных и муниципальных организаций культуры, искусства и народного творчества (Я5)","Уровень удовлетворенности граждан работой государственных и муниципальных организаций культуры, искусства и народного творчества (Я5)",96.29399679903746,98.7285042534471,96.27933333333354
2029-03-31,99.04609218289794,99.34847034646185,98.81769043603104,98.05052762443935,96.96115408880515,100.67422678325694,data (25).xls,2.14.Я.6,"Уровень удовлетворенности граждан работой государственных и муниципальных организаций культуры, искусства и народного творчества (Я5)","Уровень удовлетворенности граждан работой государственных и муниципальных организаций культуры, искусства и народного творчества (Я5)",96.59205182347283,98.81769043603104,96.44833333333312
2029-04-30,99.3686717959514,99.66937665856052,98.99271046156876,98.14907811322779,97.11806113569114,100.86735978744639,data (25).xls,2.14.Я.6,"Уровень удовлетворенности граждан работой государственных и муниципальных организаций культуры, искусства и народного творчества (Я5)","Уровень удовлетворенности граждан работой государственных и муниципальных организаций культуры, искусства и народного творчества (Я5)",96.32563165005845,98.99271046156876,96.38899999999984
2029-05-31,99.75724287092302,100.01390924126534,99.20764585977021,98.35712681981366,97.31505689714362,101.1002348223968,data (25).xls,2.14.Я.6,"Уровень удовлетворенности граждан работой государственных и муниципальных организаций культуры, искусства и народного творчества (Я5)","Уровень удовлетворенности граждан работой государственных и муниципальных организаций культуры, искусства и народного творчества (Я5)",96.39716946044327,99.20764585977021,96.40966666666645
2029-06-30,100.0993166249849,100.29172813244253,99.40588286847455,98.52035275060234,97.49552272758525,101.31624300936384,data (25).xls,2.14.Я.6,"Уровень удовлетворенности граждан работой государственных и муниципальных организаций культуры, искусства и народного творчества (Я5)","Уровень удовлетворенности граждан работой государственных и муниципальных организаций культуры, искусства и народного творчества (Я5)",96.39716946044327,99.40588286847455,96.40766666666644
2029-07-31,100.29486319489709,100.43036924972732,99.53528204550153,98.63780704213164,97.6073145264958,101.46324956450727,data (25).xls,2.14.Я.6,"Уровень удовлетворенности граждан работой государственных и муниципальных организаций культуры, искусства и народного творчества (Я5)","Уровень удовлетворенности граждан работой государственных и муниципальных организаций культуры, искусства и народного творчества (Я5)",96.50718738719914,99.53528204550153,96.4213333333331
2029-08-31,100.28311455808178,100.39466108287374,99.56214899007763,98.58460290601927,97.61673344557725,101.50756453457801,data (25).xls,2.14.Я.6,"Уровень удовлетворенности граждан работой государственных и муниципальных организаций культуры, искусства и народного творчества (Я5)","Уровень удовлетворенности граждан работой государственных и муниципальных организаций культуры, искусства и народного творчества (Я5)",96.28842323239677,99.56214899007763,96.39466666666642
2029-09-30,100.05884727519862,100.19614887152161,99.48026273031263,98.56632334647904,97.51755426311068,101.44297119751458,data (25).xls,2.14.Я.6,"Уровень удовлетворенности граждан работой государственных и муниципальных организаций культуры, искусства и народного творчества (Я5)","Уровень удовлетворенности граждан работой государственных и муниципальных организаций культуры, искусства и народного творчества (Я5)",96.6080245220293,99.48026273031263,96.48833333333305
2029-10-31,99.67378210649768,99.89000106755873,99.31254262759387,98.2667223956552,97.33269227626202,101.29239297892572,data (25).xls,2.14.Я.6,"Уровень удовлетворенности граждан работой государственных и муниципальных организаций культуры, искусства и народного творчества (Я5)","Уровень удовлетворенности граждан работой государственных и муниципальных организаций культуры, искусства и народного творчества (Я5)",96.18328617662566,99.31254262759387,96.27400000000006
2029-11-30,99.22272547587859,99.56022699298971,99.10490715221137,98.13231472837631,97.10806206555307,101.10175223886966,data (25).xls,2.14.Я.6,"Уровень удовлетворенности граждан работой государственных и муниципальных организаций культуры, искусства и народного творчества (Я5)","Уровень удовлетворенности граждан работой государственных и муниципальных организаций культуры, искусства и народного творчества (Я5)",96.59638068746857,99.10490715221137,96.17733333333334
2029-12-31,98.81816616616923,99.29716660994829,98.81816616616923,97.07995228865119,96.80446976736579,100.83186256497268,data (25).xls,2.14.Я.6,"Уровень удовлетворенности граждан работой государственных и муниципальных организаций культуры, искусства и народного творчества (Я5)","Уровень удовлетворенности граждан работой государственных и муниципальных организаций культуры, искусства и народного творчества (Я5)",93.77345860081262,98.91397006632597,94.59699999999978
2030-01-31,100.38341237694596,100.45264076211569,99.89188292621866,98.66505208194788,97.86147506743843,101.92229078499888,data (25).xls,2.14.Я.6,"Уровень удовлетворенности граждан работой государственных и муниципальных организаций культуры, искусства и народного творчества (Я5)","Уровень удовлетворенности граждан работой государственных и муниципальных организаций культуры, искусства и народного творчества (Я5)",96.46499101112575,99.89188292621866,96.13233333333336
2030-02-28,100.33267545811378,100.50310743710507,99.87231590446152,98.65628578641028,97.8253330126329,101.91929879629014,data (25).xls,2.14.Я.6,"Уровень удовлетворенности граждан работой государственных и муниципальных организаций культуры, искусства и народного творчества (Я5)","Уровень удовлетворенности граждан работой государственных и муниципальных организаций культуры, искусства и народного творчества (Я5)",96.29399679903746,99.87231590446152,96.27933333333354
2030-03-31,100.49445718534948,100.71637815659298,99.96150208704546,98.84254451715879,97.89807730143256,102.02492687265836,data (25).xls,2.14.Я.6,"Уровень удовлетворенности граждан работой государственных и муниципальных организаций культуры, искусства и народного творчества (Я5)","Уровень удовлетворенности граждан работой государственных и муниципальных организаций культуры, искусства и народного творчества (Я5)",96.59205182347283,99.96150208704546,96.44833333333312
2030-04-30,100.81703679840292,101.03728446869167,100.13652211258317,98.9410950059472,98.05678541474755,102.21625881041878,data (25).xls,2.14.Я.6,"Уровень удовлетворенности граждан работой государственных и муниципальных организаций культуры, искусства и народного творчества (Я5)","Уровень удовлетворенности граждан работой государственных и муниципальных организаций культуры, искусства и народного творчества (Я5)",96.32563165005845,100.13652211258317,96.38899999999984
2030-05-31,101.20560787337456,101.38181705139647,100.35145751078463,99.14914371253307,98.25553584746636,102.44737917410289,data (25).xls,2.14.Я.6,"Уровень удовлетворенности граждан работой государственных и муниципальных организаций культуры, искусства и народного творчества (Я5)","Уровень удовлетворенности граждан работой государственных и муниципальных организаций культуры, искусства и народного творчества (Я5)",96.39716946044327,100.35145751078463,96.40966666666645
2030-06-30,101.54768162743643,101.65963594257367,100.54969451948895,99.31236964332176,98.43771191889553,102.66167712008237,data (25).xls,2.14.Я.6,"Уровень удовлетворенности граждан работой государственных и муниципальных организаций культуры, искусства и народного творчества (Я5)","Уровень удовлетворенности граждан работой государственных и муниципальных организаций культуры, искусства и народного творчества (Я5)",96.39716946044327,100.54969451948895,96.40766666666644
2030-07-31,101.74322819734863,101.79827705985846,100.67909369651595,99.42982393485106,98.55117137846675,102.80701601456515,data (25).xls,2.14.Я.6,"Уровень удовлетворенности граждан работой государственных и муниципальных организаций культуры, искусства и народного творчества (Я5)","Уровень удовлетворенности граждан работой государственных и муниципальных организаций культуры, искусства и народного творчества (Я5)",96.50718738719914,100.67909369651595,96.4213333333331
2030-08-31,101.73147956053332,101.76256889300487,100.70596064109203,99.37661979873869,98.56221712142965,102.84970416075441,data (25).xls,2.14.Я.6,"Уровень удовлетворенности граждан работой государственных и муниципальных организаций культуры, искусства и народного творчества (Я5)","Уровень удовлетворенности граждан работой государственных и муниципальных организаций культуры, искусства и народного творчества (Я5)",96.28842323239677,100.70596064109203,96.39466666666642
2030-09-30,101.50721227765015,101.56405668165276,100.62407438132705,99.35834023919847,98.46462557097357,102.78352319168053,data (25).xls,2.14.Я.6,"Уровень удовлетворенности граждан работой государственных и муниципальных организаций культуры, искусства и народного творчества (Я5)","Уровень удовлетворенности граждан работой государственных и муниципальных организаций культуры, искусства и народного творчества (Я5)",96.6080245220293,100.62407438132705,96.48833333333305
2030-10-31,101.12214710894922,101.25790887768986,100.45635427860827,99.05873928837461,98.28131357761447,102.63139497960208,data (25).xls,2.14.Я.6,"Уровень удовлетворенности граждан работой государственных и муниципальных организаций культуры, искусства и народного творчества (Я5)","Уровень удовлетворенности граждан работой государственных и муниципальных организаций культуры, искусства и народного творчества (Я5)",96.18328617662566,100.45635427860827,96.27400000000006
2030-11-30,100.67109047833013,100.92813480312084,100.24871880322577,98.92433162109572,98.058197190134,102.43924041631755,data (25).xls,2.14.Я.6,"Уровень удовлетворенности граждан работой государственных и муниципальных организаций культуры, искусства и народного творчества (Я5)","Уровень удовлетворенности граждан работой государственных и муниципальных организаций культуры, искусства и народного творчества (Я5)",96.59638068746857,100.24871880322577,96.17733333333334
2030-12-31,100.26653116862077,100.66507442007943,100.05778171734039,97.8719691813706,97.85188783415727,102.26367560052351,data (25).xls,2.14.Я.6,"Уровень удовлетворенности граждан работой государственных и муниципальных организаций культуры, искусства и народного творчества (Я5)","Уровень удовлетворенности граждан работой государственных и муниципальных организаций культуры, искусства и народного творчества (Я5)",93.77345860081262,100.05778171734039,94.59699999999978
2026-04-30,97.09996384799508,97.59538597033992,97.59538597033992,97.49220851941261,96.59349994547328,98.59727199520655,data (26).xls,2.14.Я1.2,"Доля семей с детьми, получивших меры социальной поддержки на детей на основании только заявления или проактивно, от общего числа семей с детьми, получивших меры социальной поддержки на детей","Доля семей с детьми, получивших меры социальной поддержки на детей на основании только заявления или проактивно, от общего числа семей с детьми, получивших меры социальной поддержки на детей(Я1)",98.14840848341723,96.39828429531077,98.21900000000005
2026-05-31,97.00409195789622,97.49076261077664,97.49076261077664,97.51125896514301,96.4580421344378,98.52348308711548,data (26).xls,2.14.Я1.2,"Доля семей с детьми, получивших меры социальной поддержки на детей на основании только заявления или проактивно, от общего числа семей с детьми, получивших меры социальной поддержки на детей","Доля семей с детьми, получивших меры социальной поддержки на детей на основании только заявления или проактивно, от общего числа семей с детьми, получивших меры социальной поддержки на детей(Я1)",98.3651897366523,96.27888385372326,98.41736666666664
2026-06-30,96.85110805604592,97.31004744804159,97.31004744804159,97.71804374473295,96.24738684480273,98.37270805128044,data (26).xls,2.14.Я1.2,"Доля семей с детьми, получивших меры социальной поддержки на детей на основании только заявления или проактивно, от общего числа семей с детьми, получивших меры социальной поддержки на детей","Доля семей с детьми, получивших меры социальной поддержки на детей на основании только заявления или проактивно, от общего числа семей с детьми, получивших меры социальной поддержки на детей(Я1)",99.36203812538847,96.13592509418866,98.93110000000016
2026-07-31,96.64538723381331,97.0754227348313,97.0754227348313,96.98552787637809,95.98364275099647,98.16720271866615,data (26).xls,2.14.Я1.2,"Доля семей с детьми, получивших меры социальной поддержки на детей на основании только заявления или проактивно, от общего числа семей с детьми, получивших меры социальной поддержки на детей","Доля семей с детьми, получивших меры социальной поддержки на детей на основании только заявления или проактивно, от общего числа семей с детьми, получивших меры социальной поддержки на детей(Я1)",97.657288620873,95.95997412570613,97.58956666666673
2026-08-31,96.40543539779527,96.82351574435654,96.82351574435654,96.82568207787543,95.70337311570212,97.94365837301096,data (26).xls,2.14.Я1.2,"Доля семей с детьми, получивших меры социальной поддержки на детей на основании только заявления или проактивно, от общего числа семей с детьми, получивших меры социальной поддержки на детей","Доля семей с детьми, получивших меры социальной поддержки на детей на основании только заявления или проактивно, от общего числа семей с детьми, получивших меры социальной поддержки на детей(Я1)",97.657288620873,95.75043729301893,97.49173333333341
2026-09-30,96.15893062708857,96.59558452206441,96.59558452206441,96.73272046349247,95.44777988539697,97.74338915873186,data (26).xls,2.14.Я1.2,"Доля семей с детьми, получивших меры социальной поддержки на детей на основании только заявления или проактивно, от общего числа семей с детьми, получивших меры социальной поддержки на детей","Доля семей с детьми, получивших меры социальной поддержки на детей на основании только заявления или проактивно, от общего числа семей с детьми, получивших меры социальной поддержки на детей(Я1)",97.86190025558163,95.5157202460611,97.53146666666662
2026-10-31,95.93530685434787,96.4264628256796,96.4264628256796,96.44570463838262,95.25164732553426,97.60127832582492,data (26).xls,2.14.Я1.2,"Доля семей с детьми, получивших меры социальной поддержки на детей на основании только заявления или проактивно, от общего числа семей с детьми, получивших меры социальной поддержки на детей","Доля семей с детьми, получивших меры социальной поддержки на детей на основании только заявления или проактивно, от общего числа семей с детьми, получивших меры социальной поддержки на детей(Я1)",97.32577785904009,95.27097565284566,97.26999999999987
2026-11-30,95.75786706730084,96.33522644795265,96.33522644795265,96.29311557054743,95.13400730274718,97.53644559315812,data (26).xls,2.14.Я1.2,"Доля семей с детьми, получивших меры социальной поддержки на детей на основании только заявления или проактивно, от общего числа семей с детьми, получивших меры социальной поддержки на детей","Доля семей с детьми, получивших меры социальной поддержки на детей на основании только заявления или проактивно, от общего числа семей с детьми, получивших меры социальной поддержки на детей(Я1)",97.10640794984305,95.03404305430752,97.23203333333308
2026-12-31,95.63753929200524,96.32008187339748,96.32008187339748,96.59696872243276,95.09302710272317,97.5471366440718,data (26).xls,2.14.Я1.2,"Доля семей с детьми, получивших меры социальной поддержки на детей на основании только заявления или проактивно, от общего числа семей с детьми, получивших меры социальной поддержки на детей","Доля семей с детьми, получивших меры социальной поддержки на детей на основании только заявления или проактивно, от общего числа семей с детьми, получивших меры социальной поддержки на детей(Я1)",98.17475367304453,94.82066877371645,98.03180000000012
2027-01-31,96.70130546668959,97.04992855484046,97.04992855484046,97.33704908307156,95.79757102375717,98.30228608592375,data (26).xls,2.14.Я1.2,"Доля семей с детьми, получивших меры социальной поддержки на детей на основании только заявления или проактивно, от общего числа семей с детьми, получивших меры социальной поддержки на детей","Доля семей с детьми, получивших меры социальной поддержки на детей на основании только заявления или проактивно, от общего числа семей с детьми, получивших меры социальной поддержки на детей(Я1)",98.30115660535574,96.31315478847199,98.3197000000001
2027-02-28,96.66794562556174,97.105975808025,97.105975808025,97.19550690186159,95.82881671022727,98.38313490582271,data (26).xls,2.14.Я1.2,"Доля семей с детьми, получивших меры социальной поддержки на детей на основании только заявления или проактивно, от общего числа семей с детьми, получивших меры социальной поддержки на детей","Доля семей с детьми, получивших меры социальной поддержки на детей на основании только заявления или проактивно, от общего числа семей с детьми, получивших меры социальной поддержки на детей(Я1)",97.98438782802117,96.16635858103352,98.05286666666657
2027-03-31,96.64113871912254,97.1380472930269,97.1380472930269,97.29327593771725,95.83655916918022,98.43953541687358,data (26).xls,2.14.Я1.2,"Доля семей с детьми, получивших меры социальной поддержки на детей на основании только заявления или проактивно, от общего числа семей с детьми, получивших меры социальной поддержки на детей","Доля семей с детьми, получивших меры социальной поддержки на детей на основании только заявления или проактивно, от общего числа семей с детьми, получивших меры социальной поддержки на детей(Я1)",98.36185108857094,96.0447425878657,98.28060000000025
2027-04-30,96.59145081471733,97.11130925212149,97.11130925212149,97.20542084863759,95.78593862020739,98.43667988403558,data (26).xls,2.14.Я1.2,"Доля семей с детьми, получивших меры социальной поддержки на детей на основании только заявления или проактивно, от общего числа семей с детьми, получивших меры социальной поддержки на детей","Доля семей с детьми, получивших меры социальной поддержки на детей на основании только заявления или проактивно, от общего числа семей с детьми, получивших меры социальной поддержки на детей(Я1)",98.16979003539356,95.93315414095547,98.22140000000007
2027-05-31,96.49557892461847,97.00668589255822,97.00668589255822,97.22624468229392,95.6578555520903,98.35551623302615,data (26).xls,2.14.Я1.2,"Доля семей с детьми, получивших меры социальной поддержки на детей на основании только заявления или проактивно, от общего числа семей с детьми, получивших меры социальной поддержки на детей","Доля семей с детьми, получивших меры социальной поддержки на детей на основании только заявления или проактивно, от общего числа семей с детьми, получивших меры социальной поддержки на детей(Я1)",98.39953822825834,95.81375369936794,98.4156666666667
2027-06-30,96.34259502276817,96.82597072982317,96.82597072982317,97.43193171278813,95.45408179015158,98.19785966949476,data (26).xls,2.14.Я1.2,"Доля семей с детьми, получивших меры социальной поддержки на детей на основании только заявления или проактивно, от общего числа семей с детьми, получивших меры социальной поддержки на детей","Доля семей с детьми, получивших меры социальной поддержки на детей на основании только заявления или проактивно, от общего числа семей с детьми, получивших меры социальной поддержки на детей(Я1)",99.39179787151582,95.67079493983334,98.92850000000017
2027-07-31,96.13687420053556,96.59134601661289,96.59134601661289,96.70400026019567,95.19677969039542,97.98591234283036,data (26).xls,2.14.Я1.2,"Доля семей с детьми, получивших меры социальной поддержки на детей на основании только заявления или проактивно, от общего числа семей с детьми, получивших меры социальной поддержки на детей","Доля семей с детьми, получивших меры социальной поддержки на детей на основании только заявления или проактивно, от общего числа семей с детьми, получивших меры социальной поддержки на детей(Я1)",97.69163711247904,95.49484397135082,97.60530000000004
2027-08-31,95.89692236451751,96.33943902613812,96.33943902613812,96.54486779502635,94.92255822181966,97.75631983045659,data (26).xls,2.14.Я1.2,"Доля семей с детьми, получивших меры социальной поддержки на детей на основании только заявления или проактивно, от общего числа семей с детьми, получивших меры социальной поддержки на детей","Доля семей с детьми, получивших меры социальной поддержки на детей на основании только заявления или проактивно, от общего числа семей с детьми, получивших меры социальной поддержки на детей(Я1)",97.69163711247904,95.28530713866363,97.51103333333342
2027-09-30,95.65041759381081,96.111507803846,96.111507803846,96.45036564736981,94.67265854521166,97.55035706248033,data (26).xls,2.14.Я1.2,"Доля семей с детьми, получивших меры социальной поддержки на детей на основании только заявления или проактивно, от общего числа семей с детьми, получивших меры социальной поддержки на детей","Доля семей с детьми, получивших меры социальной поддержки на детей на основании только заявления или проактивно, от общего числа семей с детьми, получивших меры социальной поддержки на детей(Я1)",97.88754608081989,95.05059009170579,97.55176666666661
2027-10-31,95.42679382107012,95.94238610746118,95.94238610746118,96.16640368886686,94.48189880368238,97.40287341123997,data (26).xls,2.14.Я1.2,"Доля семей с детьми, получивших меры социальной поддержки на детей на основании только заявления или проактивно, от общего числа семей с детьми, получивших меры социальной поддержки на детей","Доля семей с детьми, получивших меры социальной поддержки на детей на основании только заявления или проактивно, от общего числа семей с детьми, получивших меры социальной поддержки на детей(Я1)",97.36012635064615,94.80584549849036,97.29686666666653
2027-11-30,95.24935403402309,95.85114972973422,95.85114972973422,96.01352128769835,94.36934031556333,97.3329591439051,data (26).xls,2.14.Я1.2,"Доля семей с детьми, получивших меры социальной поддержки на детей на основании только заявления или проактивно, от общего числа семей с детьми, получивших меры социальной поддержки на детей","Доля семей с детьми, получивших меры социальной поддержки на детей на основании только заявления или проактивно, от общего числа семей с детьми, получивших меры социальной поддержки на детей(Я1)",97.14075644144911,94.56891289995221,97.25743333333308
2027-12-31,95.12902625872749,95.83600515517907,95.83600515517907,96.31630110625034,94.3331761178791,97.33883419247903,data (26).xls,2.14.Я1.2,"Доля семей с детьми, получивших меры социальной поддержки на детей на основании только заявления или проактивно, от общего числа семей с детьми, получивших меры социальной поддержки на детей","Доля семей с детьми, получивших меры социальной поддержки на детей на основании только заявления или проактивно, от общего числа семей с детьми, получивших меры социальной поддержки на детей(Я1)",98.20910216465057,94.35553861936114,98.05183333333345
2028-01-31,96.19279243341184,96.56585183662203,96.56585183662203,97.04550510190128,95.04229314369998,98.08941052954408,data (26).xls,2.14.Я1.2,"Доля семей с детьми, получивших меры социальной поддержки на детей на основании только заявления или проактивно, от общего числа семей с детьми, получивших меры социальной поддержки на детей","Доля семей с детьми, получивших меры социальной поддержки на детей на основании только заявления или проактивно, от общего числа семей с детьми, получивших меры социальной поддержки на детей(Я1)",98.30115660535574,95.84802463411668,98.3197000000001
2028-02-29,96.15943259228398,96.62189908980658,96.62189908980658,96.90396292069128,95.07788902953988,98.16590915007328,data (26).xls,2.14.Я1.2,"Доля семей с детьми, получивших меры социальной поддержки на детей на основании только заявления или проактивно, от общего числа семей с детьми, получивших меры социальной поддержки на детей","Доля семей с детьми, получивших меры социальной поддержки на детей на основании только заявления или проактивно, от общего числа семей с детьми, получивших меры социальной поддержки на детей(Я1)",97.98438782802117,95.70122842667821,98.05286666666657
2028-03-31,96.13262568584479,96.65397057480848,96.65397057480848,97.00173195654698,95.08977651982961,98.21816462978735,data (26).xls,2.14.Я1.2,"Доля семей с детьми, получивших меры социальной поддержки на детей на основании только заявления или проактивно, от общего числа семей с детьми, получивших меры социальной поддержки на детей","Доля семей с детьми, получивших меры социальной поддержки на детей на основании только заявления или проактивно, от общего числа семей с детьми, получивших меры социальной поддержки на детей(Я1)",98.36185108857094,95.57961243351039,98.28060000000025
2028-04-30,96.08293778143958,96.62723253390307,96.62723253390307,96.91387686746728,95.04311163666773,98.2113534311384,data (26).xls,2.14.Я1.2,"Доля семей с детьми, получивших меры социальной поддержки на детей на основании только заявления или проактивно, от общего числа семей с детьми, получивших меры социальной поддержки на детей","Доля семей с детьми, получивших меры социальной поддержки на детей на основании только заявления или проактивно, от общего числа семей с детьми, получивших меры социальной поддержки на детей(Я1)",98.16979003539356,95.46802398660014,98.22140000000007
2028-05-31,95.98706589134072,96.5226091743398,96.5226091743398,96.93470070112365,94.9188090020976,98.12640934658201,data (26).xls,2.14.Я1.2,"Доля семей с детьми, получивших меры социальной поддержки на детей на основании только заявления или проактивно, от общего числа семей с детьми, получивших меры социальной поддержки на детей","Доля семей с детьми, получивших меры социальной поддержки на детей на основании только заявления или проактивно, от общего числа семей с детьми, получивших меры социальной поддержки на детей(Я1)",98.39953822825834,95.34862354501263,98.4156666666667
2028-06-30,95.83408198949041,96.34189401160474,96.34189401160474,97.14038773161784,94.71865312747491,97.96513489573456,data (26).xls,2.14.Я1.2,"Доля семей с детьми, получивших меры социальной поддержки на детей на основании только заявления или проактивно, от общего числа семей с детьми, получивших меры социальной поддержки на детей","Доля семей с детьми, получивших меры социальной поддержки на детей на основании только заявления или проактивно, от общего числа семей с детьми, получивших меры социальной поддержки на детей(Я1)",99.39179787151582,95.20566478547804,98.92850000000017
2028-07-31,95.62836116725781,96.10726929839446,96.10726929839446,96.41245627902536,94.46481779428939,97.74972080249952,data (26).xls,2.14.Я1.2,"Доля семей с детьми, получивших меры социальной поддержки на детей на основании только заявления или проактивно, от общего числа семей с детьми, получивших меры социальной поддержки на детей","Доля семей с детьми, получивших меры социальной поддержки на детей на основании только заявления или проактивно, от общего числа семей с детьми, получивших меры социальной поддержки на детей(Я1)",97.69163711247904,95.0297138169955,97.60530000000004
2028-08-31,95.38840933123976,95.85536230791969,95.85536230791969,96.25332381385604,94.19392229432803,97.51680232151135,data (26).xls,2.14.Я1.2,"Доля семей с детьми, получивших меры социальной поддержки на детей на основании только заявления или проактивно, от общего числа семей с детьми, получивших меры социальной поддержки на детей","Доля семей с детьми, получивших меры социальной поддержки на детей на основании только заявления или проактивно, от общего числа семей с детьми, получивших меры социальной поддержки на детей(Я1)",97.69163711247904,94.82017698430832,97.51103333333342
2028-09-30,95.14190456053306,95.62743108562758,95.62743108562758,96.15882166619951,93.94721714264594,97.30764502860922,data (26).xls,2.14.Я1.2,"Доля семей с детьми, получивших меры социальной поддержки на детей на основании только заявления или проактивно, от общего числа семей с детьми, получивших меры социальной поддержки на детей","Доля семей с детьми, получивших меры социальной поддержки на детей на основании только заявления или проактивно, от общего числа семей с детьми, получивших меры социальной поддержки на детей(Я1)",97.88754608081989,94.58545993735046,97.55176666666661
2028-10-31,94.91828078779237,95.45830938924276,95.45830938924276,95.87485970769657,93.75952898271096,97.15708979577455,data (26).xls,2.14.Я1.2,"Доля семей с детьми, получивших меры социальной поддержки на детей на основании только заявления или проактивно, от общего числа семей с детьми, получивших меры социальной поддержки на детей","Доля семей с детьми, получивших меры социальной поддержки на детей на основании только заявления или проактивно, от общего числа семей с детьми, получивших меры социальной поддержки на детей(Я1)",97.36012635064615,94.34071534413505,97.29686666666653
2028-11-30,94.74084100074533,95.3670730115158,95.3670730115158,95.72197730652805,93.64992687765218,97.08421914537942,data (26).xls,2.14.Я1.2,"Доля семей с детьми, получивших меры социальной поддержки на детей на основании только заявления или проактивно, от общего числа семей с детьми, получивших меры социальной поддержки на детей","Доля семей с детьми, получивших меры социальной поддержки на детей на основании только заявления или проактивно, от общего числа семей с детьми, получивших меры социальной поддержки на детей(Я1)",97.14075644144911,94.10378274559689,97.25743333333308
2028-12-31,94.62051322544974,95.35192843696063,95.35192843696063,96.02475712508003,93.6166109384984,97.08724593542287,data (26).xls,2.14.Я1.2,"Доля семей с детьми, получивших меры социальной поддержки на детей на основании только заявления или проактивно, от общего числа семей с детьми, получивших меры социальной поддержки на детей","Доля семей с детьми, получивших меры социальной поддержки на детей на основании только заявления или проактивно, от общего числа семей с детьми, получивших меры социальной поддержки на детей(Я1)",98.20910216465057,93.89040846500582,98.05183333333345
2029-01-31,95.68427940013409,96.08177511840361,96.08177511840361,96.75396112073096,94.328474574887,97.83507566192023,data (26).xls,2.14.Я1.2,"Доля семей с детьми, получивших меры социальной поддержки на детей на основании только заявления или проактивно, от общего числа семей с детьми, получивших меры социальной поддержки на детей","Доля семей с детьми, получивших меры социальной поддержки на детей на основании только заявления или проактивно, от общего числа семей с детьми, получивших меры социальной поддержки на детей(Я1)",98.30115660535574,95.38289447976136,98.3197000000001
2029-02-28,95.65091955900623,96.13782237158816,96.13782237158816,96.612418939521,94.36672136619008,97.90892337698624,data (26).xls,2.14.Я1.2,"Доля семей с детьми, получивших меры социальной поддержки на детей на основании только заявления или проактивно, от общего числа семей с детьми, получивших меры социальной поддержки на детей","Доля семей с детьми, получивших меры социальной поддержки на детей на основании только заявления или проактивно, от общего числа семей с детьми, получивших меры социальной поддержки на детей(Я1)",97.98438782802117,95.23609827232289,98.05286666666657
2029-03-31,95.62411265256702,96.16989385659006,96.16989385659006,96.71018797537667,94.38116952155447,97.95861819162566,data (26).xls,2.14.Я1.2,"Доля семей с детьми, получивших меры социальной поддержки на детей на основании только заявления или проактивно, от общего числа семей с детьми, получивших меры социальной поддержки на детей","Доля семей с детьми, получивших меры социальной поддержки на детей на основании только заявления или проактивно, от общего числа семей с детьми, получивших меры социальной поддержки на детей(Я1)",98.36185108857094,95.11448227915507,98.28060000000025
2029-04-30,95.57442474816182,96.14315581568465,96.14315581568465,96.622332886297,94.33698009827093,97.94933153309837,data (26).xls,2.14.Я1.2,"Доля семей с детьми, получивших меры социальной поддержки на детей на основании только заявления или проактивно, от общего числа семей с детьми, получивших меры социальной поддержки на детей","Доля семей с детьми, получивших меры социальной поддержки на детей на основании только заявления или проактивно, от общего числа семей с детьми, получивших меры социальной поддержки на детей(Я1)",98.16979003539356,95.00289383224484,98.22140000000007
2029-05-31,95.47855285806295,96.03853245612139,96.03853245612139,96.64315671995334,94.2150723667305,97.86199254551228,data (26).xls,2.14.Я1.2,"Доля семей с детьми, получивших меры социальной поддержки на детей на основании только заявления или проактивно, от общего числа семей с детьми, получивших меры социальной поддержки на детей","Доля семей с детьми, получивших меры социальной поддержки на детей на основании только заявления или проактивно, от общего числа семей с детьми, получивших меры социальной поддержки на детей(Я1)",98.39953822825834,94.8834933906573,98.4156666666667
2029-06-30,95.32556895621266,95.85781729338632,95.85781729338632,96.84884375044753,94.01723513737484,97.6983994493978,data (26).xls,2.14.Я1.2,"Доля семей с детьми, получивших меры социальной поддержки на детей на основании только заявления или проактивно, от общего числа семей с детьми, получивших меры социальной поддержки на детей","Доля семей с детьми, получивших меры социальной поддержки на детей на основании только заявления или проактивно, от общего числа семей с детьми, получивших меры социальной поддержки на детей(Я1)",99.39179787151582,94.74053463112271,98.92850000000017
2029-07-31,95.11984813398006,95.62319258017604,95.62319258017604,96.12091229785509,93.76564617471148,97.4807389856406,data (26).xls,2.14.Я1.2,"Доля семей с детьми, получивших меры социальной поддержки на детей на основании только заявления или проактивно, от общего числа семей с детьми, получивших меры социальной поддержки на детей","Доля семей с детьми, получивших меры социальной поддержки на детей на основании только заявления или проактивно, от общего числа семей с детьми, получивших меры социальной поддержки на детей(Я1)",97.69163711247904,94.56458366264019,97.60530000000004
2029-08-31,94.879896297962,95.37128558970127,95.37128558970127,95.96177983268576,93.49692846687735,97.2456427125252,data (26).xls,2.14.Я1.2,"Доля семей с детьми, получивших меры социальной поддержки на детей на основании только заявления или проактивно, от общего числа семей с детьми, получивших меры социальной поддержки на детей","Доля семей с детьми, получивших меры социальной поддержки на детей на основании только заявления или проактивно, от общего числа семей с детьми, получивших меры социальной поддержки на детей(Я1)",97.69163711247904,94.355046829953,97.51103333333342
2029-09-30,94.63339152725531,95.14335436740915,95.14335436740915,95.86727768502922,93.25233596472047,97.03437277009782,data (26).xls,2.14.Я1.2,"Доля семей с детьми, получивших меры социальной поддержки на детей на основании только заявления или проактивно, от общего числа семей с детьми, получивших меры социальной поддержки на детей","Доля семей с детьми, получивших меры социальной поддержки на детей на основании только заявления или проактивно, от общего числа семей с детьми, получивших меры социальной поддержки на детей(Я1)",97.88754608081989,94.12032978299516,97.55176666666661
2029-10-31,94.40976775451462,94.97423267102434,94.97423267102434,95.58331572652628,93.06669851019429,96.88176683185439,data (26).xls,2.14.Я1.2,"Доля семей с детьми, получивших меры социальной поддержки на детей на основании только заявления или проактивно, от общего числа семей с детьми, получивших меры социальной поддержки на детей","Доля семей с детьми, получивших меры социальной поддержки на детей на основании только заявления или проактивно, от общего числа семей с детьми, получивших меры социальной поддержки на детей(Я1)",97.36012635064615,93.87558518977973,97.29686666666653
2029-11-30,94.23232796746758,94.88299629329738,94.88299629329738,95.43043332535775,92.95908814835904,96.80690443823572,data (26).xls,2.14.Я1.2,"Доля семей с детьми, получивших меры социальной поддержки на детей на основании только заявления или проактивно, от общего числа семей с детьми, получивших меры социальной поддержки на детей","Доля семей с детьми, получивших меры социальной поддержки на детей на основании только заявления или проактивно, от общего числа семей с детьми, получивших меры социальной поддержки на детей(Я1)",97.14075644144911,93.63865259124158,97.25743333333308
2029-12-31,94.11200019217198,94.86785171874222,94.86785171874222,95.73321314390975,92.927707774189,96.80799566329543,data (26).xls,2.14.Я1.2,"Доля семей с детьми, получивших меры социальной поддержки на детей на основании только заявления или проактивно, от общего числа семей с детьми, получивших меры социальной поддержки на детей","Доля семей с детьми, получивших меры социальной поддержки на детей на основании только заявления или проактивно, от общего числа семей с детьми, получивших меры социальной поддержки на детей(Я1)",98.20910216465057,93.42527831065051,98.05183333333345
2030-01-31,95.17576636685634,95.5976984001852,95.5976984001852,96.4624171395607,93.64145339993267,97.55394340043772,data (26).xls,2.14.Я1.2,"Доля семей с детьми, получивших меры социальной поддержки на детей на основании только заявления или проактивно, от общего числа семей с детьми, получивших меры социальной поддержки на детей","Доля семей с детьми, получивших меры социальной поддержки на детей на основании только заявления или проактивно, от общего числа семей с детьми, получивших меры социальной поддержки на детей(Я1)",98.30115660535574,94.91776432540605,98.3197000000001
2030-02-28,95.14240652572848,95.65374565336974,95.65374565336974,96.3208749583507,93.68153104120417,97.62596026553531,data (26).xls,2.14.Я1.2,"Доля семей с детьми, получивших меры социальной поддержки на детей на основании только заявления или проактивно, от общего числа семей с детьми, получивших меры социальной поддержки на детей","Доля семей с детьми, получивших меры социальной поддержки на детей на основании только заявления или проактивно, от общего числа семей с детьми, получивших меры социальной поддержки на детей(Я1)",97.98438782802117,94.77096811796758,98.05286666666657
2030-03-31,95.11559961928927,95.68581713837163,95.68581713837163,96.41864399420639,93.69776119050049,97.67387308624278,data (26).xls,2.14.Я1.2,"Доля семей с детьми, получивших меры социальной поддержки на детей на основании только заявления или проактивно, от общего числа семей с детьми, получивших меры социальной поддержки на детей","Доля семей с детьми, получивших меры социальной поддержки на детей на основании только заявления или проактивно, от общего числа семей с детьми, получивших меры социальной поддержки на детей(Я1)",98.36185108857094,94.64935212479976,98.28060000000025
2030-04-30,95.06591171488407,95.65907909746623,95.65907909746623,96.3307889051267,93.65530704773296,97.6628511471995,data (26).xls,2.14.Я1.2,"Доля семей с детьми, получивших меры социальной поддержки на детей на основании только заявления или проактивно, от общего числа семей с детьми, получивших меры социальной поддержки на детей","Доля семей с детьми, получивших меры социальной поддержки на детей на основании только заявления или проактивно, от общего числа семей с детьми, получивших меры социальной поддержки на детей(Я1)",98.16979003539356,94.53776367788952,98.22140000000007
2030-05-31,94.9700398247852,95.55445573790296,95.55445573790296,96.35161273878305,93.53508989617968,97.57382157962623,data (26).xls,2.14.Я1.2,"Доля семей с детьми, получивших меры социальной поддержки на детей на основании только заявления или проактивно, от общего числа семей с детьми, получивших меры социальной поддержки на детей","Доля семей с детьми, получивших меры социальной поддержки на детей на основании только заявления или проактивно, от общего числа семей с детьми, получивших меры социальной поддержки на детей(Я1)",98.39953822825834,94.418363236302,98.4156666666667
2030-06-30,94.81705592293491,95.3737405751679,95.3737405751679,96.55729976927725,93.33890043939674,97.40858071093906,data (26).xls,2.14.Я1.2,"Доля семей с детьми, получивших меры социальной поддержки на детей на основании только заявления или проактивно, от общего числа семей с детьми, получивших меры социальной поддержки на детей","Доля семей с детьми, получивших меры социальной поддержки на детей на основании только заявления или проактивно, от общего числа семей с детьми, получивших меры социальной поддержки на детей(Я1)",99.39179787151582,94.2754044767674,98.92850000000017
2030-07-31,94.61133510070229,95.13911586195762,95.13911586195762,95.82936831668478,93.08891822427202,97.18931349964322,data (26).xls,2.14.Я1.2,"Доля семей с детьми, получивших меры социальной поддержки на детей на основании только заявления или проактивно, от общего числа семей с детьми, получивших меры социальной поддержки на детей","Доля семей с детьми, получивших меры социальной поддержки на детей на основании только заявления или проактивно, от общего числа семей с детьми, получивших меры социальной поддержки на детей(Я1)",97.69163711247904,94.09945350828487,97.60530000000004
2030-08-31,94.37138326468425,94.88720887148285,94.88720887148285,95.67023585151546,92.82176791880518,96.95264982416053,data (26).xls,2.14.Я1.2,"Доля семей с детьми, получивших меры социальной поддержки на детей на основании только заявления или проактивно, от общего числа семей с детьми, получивших меры социальной поддержки на детей","Доля семей с детьми, получивших меры социальной поддержки на детей на основании только заявления или проактивно, от общего числа семей с детьми, получивших меры социальной поддержки на детей(Я1)",97.69163711247904,93.88991667559768,97.51103333333342
2030-09-30,94.12487849397755,94.65927764919073,94.65927764919073,95.57573370385892,92.5787050586704,96.73985023971106,data (26).xls,2.14.Я1.2,"Доля семей с детьми, получивших меры социальной поддержки на детей на основании только заявления или проактивно, от общего числа семей с детьми, получивших меры социальной поддержки на детей","Доля семей с детьми, получивших меры социальной поддержки на детей на основании только заявления или проактивно, от общего числа семей с детьми, получивших меры социальной поддержки на детей(Я1)",97.88754608081989,93.65519962863983,97.55176666666661
2030-10-31,93.90125472123687,94.49015595280592,94.49015595280592,95.29177174535597,92.39456098243332,96.58575092317852,data (26).xls,2.14.Я1.2,"Доля семей с детьми, получивших меры социальной поддержки на детей на основании только заявления или проактивно, от общего числа семей с детьми, получивших меры социальной поддержки на детей","Доля семей с детьми, получивших меры социальной поддержки на детей на основании только заявления или проактивно, от общего числа семей с детьми, получивших меры социальной поддержки на детей(Я1)",97.36012635064615,93.4104550354244,97.29686666666653
2030-11-30,93.72381493418982,94.39891957507896,94.39891957507896,95.13888934418745,92.28840914978431,96.50943000037361,data (26).xls,2.14.Я1.2,"Доля семей с детьми, получивших меры социальной поддержки на детей на основании только заявления или проактивно, от общего числа семей с детьми, получивших меры социальной поддержки на детей","Доля семей с детьми, получивших меры социальной поддержки на детей на основании только заявления или проактивно, от общего числа семей с детьми, получивших меры социальной поддержки на детей(Я1)",97.14075644144911,93.17352243688626,97.25743333333308
2030-12-31,93.60348715889423,94.3837750005238,94.3837750005238,95.44166916273943,92.25845379404609,96.5090962070015,data (26).xls,2.14.Я1.2,"Доля семей с детьми, получивших меры социальной поддержки на детей на основании только заявления или проактивно, от общего числа семей с детьми, получивших меры социальной поддержки на детей","Доля семей с детьми, получивших меры социальной поддержки на детей на основании только заявления или проактивно, от общего числа семей с детьми, получивших меры социальной поддержки на детей(Я1)",98.20910216465057,92.96014815629519,98.05183333333345
2026-04-30,0.7227957619373062,0.5568098395031315,0.5664333333333318,0.5971306693133835,0.45962461182155306,0.6732420548451106,data (27).xls,2.14.Я1.3,"Доля зданий дошкольных образовательных организаций, в которых проведен капитальный ремонт, от общего количества зданий дошкольных образовательных организаций","Доля зданий дошкольных образовательных организаций, в которых проведен капитальный ремонт, от общего количества зданий дошкольных образовательных организаций",0.6666009865882891,0.4730134252048588,0.5664333333333318
2026-05-31,0.688905855117134,0.528231297256813,0.5662333333333316,0.581321334894574,0.45613742320077033,0.6763292434658928,data (27).xls,2.14.Я1.3,"Доля зданий дошкольных образовательных организаций, в которых проведен капитальный ремонт, от общего количества зданий дошкольных образовательных организаций","Доля зданий дошкольных образовательных организаций, в которых проведен капитальный ремонт, от общего количества зданий дошкольных образовательных организаций",0.6666009865882891,0.45663520217730236,0.5662333333333316
2026-06-30,0.6611779813753388,0.5131012952968557,0.5650333333333317,0.571556719068633,0.45174557642706537,0.6783210902395981,data (27).xls,2.14.Я1.3,"Доля зданий дошкольных образовательных организаций, в которых проведен капитальный ремонт, от общего количества зданий дошкольных образовательных организаций","Доля зданий дошкольных образовательных организаций, в которых проведен капитальный ремонт, от общего количества зданий дошкольных образовательных организаций",0.6666009865882891,0.45186999874934963,0.5650333333333317
2026-07-31,0.6625293387948494,0.5275234541144707,0.5578999999999984,0.5617171320097825,0.4415078941603428,0.674292105839654,data (27).xls,2.14.Я1.3,"Доля зданий дошкольных образовательных организаций, в которых проведен капитальный ремонт, от общего количества зданий дошкольных образовательных организаций","Доля зданий дошкольных образовательных организаций, в которых проведен капитальный ремонт, от общего количества зданий дошкольных образовательных организаций",0.5901784088542893,0.4704544582853042,0.5578999999999984
2026-08-31,0.7080853689524045,0.5796829165859241,0.5796829165859241,0.5910164123748071,0.46026713564083344,0.6990986975310147,data (27).xls,2.14.Я1.3,"Доля зданий дошкольных образовательных организаций, в которых проведен капитальный ремонт, от общего количества зданий дошкольных образовательных организаций","Доля зданий дошкольных образовательных организаций, в которых проведен капитальный ремонт, от общего количества зданий дошкольных образовательных организаций",0.5901784088542893,0.5178687008147522,0.559266666666665
2026-09-30,0.801126907062902,0.6676531455489078,0.5918679292962086,0.6422119448191278,0.46950316649391255,0.7142326920985046,data (27).xls,2.14.Я1.3,"Доля зданий дошкольных образовательных организаций, в которых проведен капитальный ремонт, от общего количества зданий дошкольных образовательных организаций","Доля зданий дошкольных образовательных организаций, в которых проведен капитальный ремонт, от общего количества зданий дошкольных образовательных организаций",0.5901784088542893,0.5918679292962086,0.5602333333333316
2026-10-31,0.9322110848330672,0.7799121378793685,0.6830839211715547,0.7083587230695733,0.557839593505195,0.8083282488379144,data (27).xls,2.14.Я1.3,"Доля зданий дошкольных образовательных организаций, в которых проведен капитальный ремонт, от общего количества зданий дошкольных образовательных организаций","Доля зданий дошкольных образовательных организаций, в которых проведен капитальный ремонт, от общего количества зданий дошкольных образовательных организаций",0.587386471463878,0.6830839211715547,0.559199999999998
2026-11-30,1.0817015393948688,0.898429735923787,0.7775352360350017,0.7822105965635068,0.6494760776372723,0.9055943944327312,data (27).xls,2.14.Я1.3,"Доля зданий дошкольных образовательных организаций, в которых проведен капитальный ремонт, от общего количества зданий дошкольных образовательных организаций","Доля зданий дошкольных образовательных организаций, в которых проведен капитальный ремонт, от общего количества зданий дошкольных образовательных организаций",0.587386471463878,0.7775352360350017,0.565999999999998
2026-12-31,1.2250299608782942,1.0034987936818447,0.8603735312988454,0.865182267011372,0.7295600974074019,0.9911869651902889,data (27).xls,2.14.Я1.3,"Доля зданий дошкольных образовательных организаций, в которых проведен капитальный ремонт, от общего количества зданий дошкольных образовательных организаций","Доля зданий дошкольных образовательных организаций, в которых проведен капитальный ремонт, от общего количества зданий дошкольных образовательных организаций",0.6638090491978779,0.8603735312988454,0.5731999999999979
2027-01-31,1.3027206048500186,1.172157437146635,1.1099746845273515,0.9808723551443759,0.9764637826376281,1.2434855864170749,data (27).xls,2.14.Я1.3,"Доля зданий дошкольных образовательных организаций, в которых проведен капитальный ремонт, от общего количества зданий дошкольных образовательных организаций","Доля зданий дошкольных образовательных организаций, в которых проведен капитальный ремонт, от общего количества зданий дошкольных образовательных организаций",0.6638090491978779,1.1099746845273515,0.6556999999999971
2027-02-28,1.3727651224340935,1.2099370304732817,1.1406335338337943,1.0079422805211422,1.00447859503118,1.2767884726364085,data (27).xls,2.14.Я1.3,"Доля зданий дошкольных образовательных организаций, в которых проведен капитальный ремонт, от общего количества зданий дошкольных образовательных организаций","Доля зданий дошкольных образовательных организаций, в которых проведен капитальный ремонт, от общего количества зданий дошкольных образовательных организаций",0.6638090491978779,1.1406335338337943,0.6525666666666637
2027-03-31,1.3953241320652259,1.211905857308398,1.144707397188229,1.0155474464419578,1.0059587979258222,1.2834559964506356,data (27).xls,2.14.Я1.3,"Доля зданий дошкольных образовательных организаций, в которых проведен капитальный ремонт, от общего количества зданий дошкольных образовательных организаций","Доля зданий дошкольных образовательных организаций, в которых проведен капитальный ремонт, от общего количества зданий дошкольных образовательных организаций",0.6699998456479395,1.144707397188229,0.6557999999999969
2027-04-30,1.3798405020366904,1.1895859207760375,1.1315644971487735,1.0044917146432908,0.9902698396623129,1.2728591546352341,data (27).xls,2.14.Я1.3,"Доля зданий дошкольных образовательных организаций, в которых проведен капитальный ремонт, от общего количества зданий дошкольных образовательных организаций","Доля зданий дошкольных образовательных организаций, в которых проведен капитальный ремонт, от общего количества зданий дошкольных образовательных организаций",0.6666009865882891,1.1315644971487735,0.6548666666666637
2027-05-31,1.345950595216518,1.1610073785297188,1.115186274121217,0.9886823802244813,0.9713906320761518,1.2589819161662823,data (27).xls,2.14.Я1.3,"Доля зданий дошкольных образовательных организаций, в которых проведен капитальный ремонт, от общего количества зданий дошкольных образовательных организаций","Доля зданий дошкольных образовательных организаций, в которых проведен капитальный ремонт, от общего количества зданий дошкольных образовательных организаций",0.6666009865882891,1.115186274121217,0.6546666666666636
2027-06-30,1.318222721474723,1.1458773765697614,1.1104210706932645,0.9789177643985404,0.9641672054175432,1.2566749359689857,data (27).xls,2.14.Я1.3,"Доля зданий дошкольных образовательных организаций, в которых проведен капитальный ремонт, от общего количества зданий дошкольных образовательных организаций","Доля зданий дошкольных образовательных организаций, в которых проведен капитальный ремонт, от общего количества зданий дошкольных образовательных организаций",0.6666009865882891,1.1104210706932645,0.6534666666666638
2027-07-31,1.3195740788942336,1.1602995353873766,1.1290055302292192,0.9688915106730231,0.9803340819110398,1.2776769785473987,data (27).xls,2.14.Я1.3,"Доля зданий дошкольных образовательных организаций, в которых проведен капитальный ремонт, от общего количества зданий дошкольных образовательных организаций","Доля зданий дошкольных образовательных организаций, в которых проведен капитальный ремонт, от общего количества зданий дошкольных образовательных организаций",0.5901784088542893,1.1290055302292192,0.6453999999999972
2027-08-31,1.3651301090517884,1.21245899785883,1.176419772758667,0.998024124371381,1.0253694302169785,1.3274701153003554,data (27).xls,2.14.Я1.3,"Доля зданий дошкольных образовательных организаций, в которых проведен капитальный ремонт, от общего количества зданий дошкольных образовательных организаций","Доля зданий дошкольных образовательных организаций, в которых проведен капитальный ремонт, от общего количества зданий дошкольных образовательных организаций",0.5901784088542893,1.176419772758667,0.6459333333333305
2027-09-30,1.4581716471622863,1.3004292268218138,1.2504190012401233,1.0490529901490353,1.0970266532598616,1.403811349220385,data (27).xls,2.14.Я1.3,"Доля зданий дошкольных образовательных организаций, в которых проведен капитальный ремонт, от общего количества зданий дошкольных образовательных организаций","Доля зданий дошкольных образовательных организаций, в которых проведен капитальный ремонт, от общего количества зданий дошкольных образовательных организаций",0.5901784088542893,1.2504190012401233,0.6460666666666638
2027-10-31,1.5892558249324515,1.4126882191522745,1.3416349931154696,1.1148997683994808,1.1859358638441921,1.4973341223867471,data (27).xls,2.14.Я1.3,"Доля зданий дошкольных образовательных организаций, в которых проведен капитальный ремонт, от общего количества зданий дошкольных образовательных организаций","Доля зданий дошкольных образовательных организаций, в которых проведен капитальный ремонт, от общего количества зданий дошкольных образовательных организаций",0.587386471463878,1.3416349931154696,0.6435333333333306
2027-11-30,1.7387462794942532,1.5312058171966931,1.4360863079789166,1.1881849752267477,1.2781140784802787,1.5940585374775544,data (27).xls,2.14.Я1.3,"Доля зданий дошкольных образовательных организаций, в которых проведен капитальный ремонт, от общего количества зданий дошкольных образовательных организаций","Доля зданий дошкольных образовательных организаций, в которых проведен капитальный ремонт, от общего количества зданий дошкольных образовательных организаций",0.587386471463878,1.4360863079789166,0.6474999999999973
2027-12-31,1.8820747009776781,1.6362748749547507,1.5189246032427601,1.271349979007946,1.358711520975092,1.6791376855104283,data (27).xls,2.14.Я1.3,"Доля зданий дошкольных образовательных организаций, в которых проведен капитальный ремонт, от общего количества зданий дошкольных образовательных организаций","Доля зданий дошкольных образовательных организаций, в которых проведен капитальный ремонт, от общего количества зданий дошкольных образовательных организаций",0.6638090491978779,1.5189246032427601,0.6556666666666637
2028-01-31,1.959765344949403,1.8049335184195407,1.7685257564712664,1.370546733807617,1.60610273419104,1.9309487787514927,data (27).xls,2.14.Я1.3,"Доля зданий дошкольных образовательных организаций, в которых проведен капитальный ремонт, от общего количества зданий дошкольных образовательных организаций","Доля зданий дошкольных образовательных организаций, в которых проведен капитальный ремонт, от общего количества зданий дошкольных образовательных организаций",0.6638090491978779,1.7685257564712664,0.6556999999999971
2028-02-29,2.0298098625334777,1.8427131117461872,1.799184605777709,1.397616659184383,1.6345813111461034,1.9637879004093146,data (27).xls,2.14.Я1.3,"Доля зданий дошкольных образовательных организаций, в которых проведен капитальный ремонт, от общего количества зданий дошкольных образовательных организаций","Доля зданий дошкольных образовательных организаций, в которых проведен капитальный ремонт, от общего количества зданий дошкольных образовательных организаций",0.6638090491978779,1.799184605777709,0.6525666666666637
2028-03-31,2.0523688721646103,1.8446819385813042,1.8032584691321438,1.4052218251051989,1.6365034061190062,1.9700135321452814,data (27).xls,2.14.Я1.3,"Доля зданий дошкольных образовательных организаций, в которых проведен капитальный ремонт, от общего количества зданий дошкольных образовательных организаций","Доля зданий дошкольных образовательных организаций, в которых проведен капитальный ремонт, от общего количества зданий дошкольных образовательных организаций",0.6699998456479395,1.8032584691321438,0.6557999999999969
2028-04-30,2.036885242136075,1.8223620020489437,1.7901155690926884,1.394166093306532,1.6212361521187666,1.9589949860666103,data (27).xls,2.14.Я1.3,"Доля зданий дошкольных образовательных организаций, в которых проведен капитальный ремонт, от общего количества зданий дошкольных образовательных организаций","Доля зданий дошкольных образовательных организаций, в которых проведен капитальный ремонт, от общего количества зданий дошкольных образовательных организаций",0.6666009865882891,1.7901155690926884,0.6548666666666637
2028-05-31,2.002995335315903,1.793783459802625,1.773737346065132,1.3783567588877224,1.6027599676948106,1.9447147244354535,data (27).xls,2.14.Я1.3,"Доля зданий дошкольных образовательных организаций, в которых проведен капитальный ремонт, от общего количества зданий дошкольных образовательных организаций","Доля зданий дошкольных образовательных организаций, в которых проведен капитальный ремонт, от общего количества зданий дошкольных образовательных организаций",0.6666009865882891,1.773737346065132,0.6546666666666636
2028-06-30,1.9752674615741077,1.7786534578426676,1.7689721426371792,1.3685921430617813,1.5959222355256053,1.942022049748753,data (27).xls,2.14.Я1.3,"Доля зданий дошкольных образовательных организаций, в которых проведен капитальный ремонт, от общего количества зданий дошкольных образовательных организаций","Доля зданий дошкольных образовательных организаций, в которых проведен капитальный ремонт, от общего количества зданий дошкольных образовательных организаций",0.6666009865882891,1.7689721426371792,0.6534666666666638
2028-07-31,1.9766188189936182,1.7930756166602828,1.7875566021731337,1.3585658893362642,1.6124586958799383,1.9626545084663292,data (27).xls,2.14.Я1.3,"Доля зданий дошкольных образовательных организаций, в которых проведен капитальный ремонт, от общего количества зданий дошкольных образовательных организаций","Доля зданий дошкольных образовательных организаций, в которых проведен капитальный ремонт, от общего количества зданий дошкольных образовательных организаций",0.5901784088542893,1.7875566021731337,0.6453999999999972
2028-08-31,2.022174849151173,1.845235079131736,1.8349708447025816,1.3876985030346218,1.657848617906516,2.0120930714986476,data (27).xls,2.14.Я1.3,"Доля зданий дошкольных образовательных организаций, в которых проведен капитальный ремонт, от общего количества зданий дошкольных образовательных организаций","Доля зданий дошкольных образовательных организаций, в которых проведен капитальный ремонт, от общего количества зданий дошкольных образовательных организаций",0.5901784088542893,1.8349708447025816,0.6459333333333305
2028-09-30,2.115216387261671,1.9332053080947198,1.908970073184038,1.4387273688122764,1.729846401766402,2.088093744601674,data (27).xls,2.14.Я1.3,"Доля зданий дошкольных образовательных организаций, в которых проведен капитальный ремонт, от общего количества зданий дошкольных образовательных организаций","Доля зданий дошкольных образовательных организаций, в которых проведен капитальный ремонт, от общего количества зданий дошкольных образовательных организаций",0.5901784088542893,1.908970073184038,0.6460666666666638
2028-10-31,2.2463005650318357,2.0454643004251802,2.0001860650593843,1.5045741470627216,1.8190830664672308,2.181289063651538,data (27).xls,2.14.Я1.3,"Доля зданий дошкольных образовательных организаций, в которых проведен капитальный ремонт, от общего количества зданий дошкольных образовательных организаций","Доля зданий дошкольных образовательных организаций, в которых проведен капитальный ремонт, от общего количества зданий дошкольных образовательных организаций",0.587386471463878,2.0001860650593843,0.6435333333333306
2028-11-30,2.395791019593638,2.1639818984695993,2.0946373799228315,1.5778593538899888,1.9115764541740365,2.2776983056716267,data (27).xls,2.14.Я1.3,"Доля зданий дошкольных образовательных организаций, в которых проведен капитальный ремонт, от общего количества зданий дошкольных образовательных организаций","Доля зданий дошкольных образовательных организаций, в которых проведен капитальный ремонт, от общего количества зданий дошкольных образовательных организаций",0.587386471463878,2.0946373799228315,0.6474999999999973
2028-12-31,2.5391194410770628,2.2690509562276566,2.1774756751866753,1.6610243576711874,1.9924775428367996,2.362473807536551,data (27).xls,2.14.Я1.3,"Доля зданий дошкольных образовательных организаций, в которых проведен капитальный ремонт, от общего количества зданий дошкольных образовательных организаций","Доля зданий дошкольных образовательных организаций, в которых проведен капитальный ремонт, от общего количества зданий дошкольных образовательных организаций",0.6638090491978779,2.1774756751866753,0.6556666666666637
2029-01-31,2.616810085048787,2.4377095996924467,2.427076828415181,1.7602211124708582,2.240161565769568,2.6139920910607937,data (27).xls,2.14.Я1.3,"Доля зданий дошкольных образовательных организаций, в которых проведен капитальный ремонт, от общего количества зданий дошкольных образовательных организаций","Доля зданий дошкольных образовательных организаций, в которых проведен капитальный ремонт, от общего количества зданий дошкольных образовательных организаций",0.6638090491978779,2.427076828415181,0.6556999999999971
2029-02-28,2.6868546026328626,2.475489193019093,2.4577356777216237,1.787291037847624,2.268922749544513,2.6465486058987344,data (27).xls,2.14.Я1.3,"Доля зданий дошкольных образовательных организаций, в которых проведен капитальный ремонт, от общего количества зданий дошкольных образовательных организаций","Доля зданий дошкольных образовательных организаций, в которых проведен капитальный ремонт, от общего количества зданий дошкольных образовательных организаций",0.6638090491978779,2.4577356777216237,0.6525666666666637
2029-03-31,2.7094136122639947,2.4774580198542098,2.4618095410760583,1.79489620376844,2.2711178310209252,2.6525012511311914,data (27).xls,2.14.Я1.3,"Доля зданий дошкольных образовательных организаций, в которых проведен капитальный ремонт, от общего количества зданий дошкольных образовательных организаций","Доля зданий дошкольных образовательных организаций, в которых проведен капитальный ремонт, от общего количества зданий дошкольных образовательных организаций",0.6699998456479395,2.4618095410760583,0.6557999999999969
2029-04-30,2.6939299822354594,2.4551380833218492,2.448666641036603,1.7838404719697727,2.2561144799978674,2.641218802075339,data (27).xls,2.14.Я1.3,"Доля зданий дошкольных образовательных организаций, в которых проведен капитальный ремонт, от общего количества зданий дошкольных образовательных организаций","Доля зданий дошкольных образовательных организаций, в которых проведен капитальный ремонт, от общего количества зданий дошкольных образовательных организаций",0.6666009865882891,2.448666641036603,0.6548666666666637
2029-05-31,2.6600400754152873,2.426559541075531,2.426559541075531,1.7680311375509639,2.232164733640704,2.6209543485103586,data (27).xls,2.14.Я1.3,"Доля зданий дошкольных образовательных организаций, в которых проведен капитальный ремонт, от общего количества зданий дошкольных образовательных организаций","Доля зданий дошкольных образовательных организаций, в которых проведен капитальный ремонт, от общего количества зданий дошкольных образовательных организаций",0.6666009865882891,2.432288418009047,0.6546666666666636
2029-06-30,2.6323122016734923,2.4114295391155736,2.4114295391155736,1.7582665217250224,2.2152093882784083,2.607649689952739,data (27).xls,2.14.Я1.3,"Доля зданий дошкольных образовательных организаций, в которых проведен капитальный ремонт, от общего количества зданий дошкольных образовательных организаций","Доля зданий дошкольных образовательных организаций, в которых проведен капитальный ремонт, от общего количества зданий дошкольных образовательных организаций",0.6666009865882891,2.427523214581094,0.6534666666666638
2029-07-31,2.6336635590930024,2.425851697933189,2.425851697933189,1.7482402679995055,2.2278230282121205,2.623880367654258,data (27).xls,2.14.Я1.3,"Доля зданий дошкольных образовательных организаций, в которых проведен капитальный ремонт, от общего количества зданий дошкольных образовательных организаций","Доля зданий дошкольных образовательных организаций, в которых проведен капитальный ремонт, от общего количества зданий дошкольных образовательных организаций",0.5901784088542893,2.4461076741170484,0.6453999999999972
2029-08-31,2.679219589250558,2.478011160404642,2.478011160404642,1.7773728816978633,2.2781903394964282,2.6778319813128557,data (27).xls,2.14.Я1.3,"Доля зданий дошкольных образовательных организаций, в которых проведен капитальный ремонт, от общего количества зданий дошкольных образовательных организаций","Доля зданий дошкольных образовательных организаций, в которых проведен капитальный ремонт, от общего количества зданий дошкольных образовательных организаций",0.5901784088542893,2.4935219166464964,0.6459333333333305
2029-09-30,2.772261127361055,2.565981389367626,2.565981389367626,1.8284017474755174,2.364384348453408,2.767578430281844,data (27).xls,2.14.Я1.3,"Доля зданий дошкольных образовательных организаций, в которых проведен капитальный ремонт, от общего количества зданий дошкольных образовательных организаций","Доля зданий дошкольных образовательных организаций, в которых проведен капитальный ремонт, от общего количества зданий дошкольных образовательных организаций",0.5901784088542893,2.567521145127953,0.6460666666666638
2029-10-31,2.90334530513122,2.6782403816980866,2.6587371370032993,1.894248525725963,2.455379389813021,2.8620948841935774,data (27).xls,2.14.Я1.3,"Доля зданий дошкольных образовательных организаций, в которых проведен капитальный ремонт, от общего количества зданий дошкольных образовательных организаций","Доля зданий дошкольных образовательных организаций, в которых проведен капитальный ремонт, от общего количества зданий дошкольных образовательных организаций",0.587386471463878,2.6587371370032993,0.6435333333333306
2029-11-30,3.0528357596930222,2.796757979742505,2.753188451866746,1.9675337325532296,2.5480851125978754,2.9582917911356166,data (27).xls,2.14.Я1.3,"Доля зданий дошкольных образовательных организаций, в которых проведен капитальный ремонт, от общего количества зданий дошкольных образовательных организаций","Доля зданий дошкольных образовательных организаций, в которых проведен капитальный ремонт, от общего количества зданий дошкольных образовательных организаций",0.587386471463878,2.753188451866746,0.6474999999999973
2029-12-31,3.196164181176447,2.901827037500562,2.8360267471305898,2.050698736334428,2.629192547308177,3.0428609469530024,data (27).xls,2.14.Я1.3,"Доля зданий дошкольных образовательных организаций, в которых проведен капитальный ремонт, от общего количества зданий дошкольных образовательных организаций","Доля зданий дошкольных образовательных организаций, в которых проведен капитальный ремонт, от общего количества зданий дошкольных образовательных организаций",0.6638090491978779,2.8360267471305898,0.6556666666666637
2030-01-31,3.273854825148172,3.0704856809653527,3.0704856809653527,2.149895491134099,2.861934985322509,3.2790363766081962,data (27).xls,2.14.Я1.3,"Доля зданий дошкольных образовательных организаций, в которых проведен капитальный ремонт, от общего количества зданий дошкольных образовательных организаций","Доля зданий дошкольных образовательных организаций, в которых проведен капитальный ремонт, от общего количества зданий дошкольных образовательных организаций",0.6638090491978779,3.085627900359096,0.6556999999999971
2030-02-28,3.3438993427322465,3.108265274291999,3.108265274291999,2.176965416510865,2.898012095742779,3.3185184528412193,data (27).xls,2.14.Я1.3,"Доля зданий дошкольных образовательных организаций, в которых проведен капитальный ремонт, от общего количества зданий дошкольных образовательных организаций","Доля зданий дошкольных образовательных организаций, в которых проведен капитальный ремонт, от общего количества зданий дошкольных образовательных организаций",0.6638090491978779,3.1162867496655386,0.6525666666666637
2030-03-31,3.3664583523633786,3.1102341011271157,3.1102341011271157,2.184570582431681,2.8982921148974246,3.322176087356807,data (27).xls,2.14.Я1.3,"Доля зданий дошкольных образовательных организаций, в которых проведен капитальный ремонт, от общего количества зданий дошкольных образовательных организаций","Доля зданий дошкольных образовательных организаций, в которых проведен капитальный ремонт, от общего количества зданий дошкольных образовательных организаций",0.6699998456479395,3.1203606130199733,0.6557999999999969
2030-04-30,3.350974722334844,3.087914164594755,3.087914164594755,2.1735148506330138,2.8742967215711976,3.3015316076183128,data (27).xls,2.14.Я1.3,"Доля зданий дошкольных образовательных организаций, в которых проведен капитальный ремонт, от общего количества зданий дошкольных образовательных организаций","Доля зданий дошкольных образовательных организаций, в которых проведен капитальный ремонт, от общего количества зданий дошкольных образовательных организаций",0.6666009865882891,3.1072177129805176,0.6548666666666637
2030-05-31,3.3170848155146717,3.059335622348437,3.059335622348437,2.1577055162142047,2.844055761699887,3.274615482996987,data (27).xls,2.14.Я1.3,"Доля зданий дошкольных образовательных организаций, в которых проведен капитальный ремонт, от общего количества зданий дошкольных образовательных организаций","Доля зданий дошкольных образовательных организаций, в которых проведен капитальный ремонт, от общего количества зданий дошкольных образовательных организаций",0.6666009865882891,3.0908394899529616,0.6546666666666636
2030-06-30,3.2893569417728763,3.0442056203884795,3.0442056203884795,2.1479409003882637,2.82727608151054,3.261135159266419,data (27).xls,2.14.Я1.3,"Доля зданий дошкольных образовательных организаций, в которых проведен капитальный ремонт, от общего количества зданий дошкольных образовательных организаций","Доля зданий дошкольных образовательных организаций, в которых проведен капитальный ремонт, от общего количества зданий дошкольных образовательных организаций",0.6666009865882891,3.086074286525009,0.6534666666666638
2030-07-31,3.2907082991923873,3.0586277792060947,3.0586277792060947,2.1379146466627463,2.8400610130344472,3.2771945453777422,data (27).xls,2.14.Я1.3,"Доля зданий дошкольных образовательных организаций, в которых проведен капитальный ремонт, от общего количества зданий дошкольных образовательных организаций","Доля зданий дошкольных образовательных организаций, в которых проведен капитальный ремонт, от общего количества зданий дошкольных образовательных организаций",0.5901784088542893,3.104658746060964,0.6453999999999972
2030-08-31,3.336264329349942,3.1107872416775475,3.1107872416775475,2.167047260361104,2.890595421412425,3.33097906194267,data (27).xls,2.14.Я1.3,"Доля зданий дошкольных образовательных организаций, в которых проведен капитальный ремонт, от общего количества зданий дошкольных образовательных организаций","Доля зданий дошкольных образовательных организаций, в которых проведен капитальный ремонт, от общего количества зданий дошкольных образовательных организаций",0.5901784088542893,3.1520729885904113,0.6459333333333305
2030-09-30,3.4293058674604393,3.1987574706405315,3.1987574706405315,2.218076126138758,2.9769525019211533,3.4205624393599097,data (27).xls,2.14.Я1.3,"Доля зданий дошкольных образовательных организаций, в которых проведен капитальный ремонт, от общего количества зданий дошкольных образовательных организаций","Доля зданий дошкольных образовательных организаций, в которых проведен капитальный ремонт, от общего количества зданий дошкольных образовательных организаций",0.5901784088542893,3.2260722170718674,0.6460666666666638
2030-10-31,3.560390045230605,3.3110164629709926,3.3110164629709926,2.283922904389204,3.087609993535704,3.5344229324062812,data (27).xls,2.14.Я1.3,"Доля зданий дошкольных образовательных организаций, в которых проведен капитальный ремонт, от общего количества зданий дошкольных образовательных организаций","Доля зданий дошкольных образовательных организаций, в которых проведен капитальный ремонт, от общего количества зданий дошкольных образовательных организаций",0.587386471463878,3.317288208947214,0.6435333333333306
2030-11-30,3.709880499792407,3.429534061015411,3.411739523810661,2.357208111216471,3.1867429526757283,3.6367360949455936,data (27).xls,2.14.Я1.3,"Доля зданий дошкольных образовательных организаций, в которых проведен капитальный ремонт, от общего количества зданий дошкольных образовательных организаций","Доля зданий дошкольных образовательных организаций, в которых проведен капитальный ремонт, от общего количества зданий дошкольных образовательных организаций",0.587386471463878,3.411739523810661,0.6474999999999973
2030-12-31,3.853208921275831,3.5346031187734686,3.4945778190745047,2.440373114997669,3.268002305261972,3.721153332887037,data (27).xls,2.14.Я1.3,"Доля зданий дошкольных образовательных организаций, в которых проведен капитальный ремонт, от общего количества зданий дошкольных образовательных организаций","Доля зданий дошкольных образовательных организаций, в которых проведен капитальный ремонт, от общего количества зданий дошкольных образовательных организаций",0.6638090491978779,3.4945778190745047,0.6556666666666637
2026-04-30,60.71589401176166,58.96123168109088,59.207302719721234,60.37187667694063,52.54132741717307,65.8732780222694,data (28).xls,2.14.Я2.4,"Доля регионов, обеспечивших не ниже среднероссийских темпы повышения суммарного коэффициента рождаемости, из числа субъектов Российской Федерации, в которых по итогам 2023 года значение такого коэффициента было ниже среднероссийского","Доля регионов, обеспечивших не ниже среднероссийских темпы повышения суммарного коэффициента рождаемости, из числа субъектов Российской Федерации, в которых по итогам 2023 года значение такого коэффициента было ниже среднероссийского",59.207302719721234,64.49595497212937,58.479
2026-05-31,65.76949011702072,63.68416604782317,63.68416604782317,63.53637722030038,56.81303598028199,70.55529611536434,data (28).xls,2.14.Я2.4,"Доля регионов, обеспечивших не ниже среднероссийских темпы повышения суммарного коэффициента рождаемости, из числа субъектов Российской Федерации, в которых по итогам 2023 года значение такого коэффициента было ниже среднероссийского","Доля регионов, обеспечивших не ниже среднероссийских темпы повышения суммарного коэффициента рождаемости, из числа субъектов Российской Федерации, в которых по итогам 2023 года значение такого коэффициента было ниже среднероссийского",60.20573479682933,69.22349513982867,58.79899999999999
2026-06-30,71.21317645543249,68.87382834850743,68.87382834850743,66.27471646083934,61.80349383902665,75.9441628579882,data (28).xls,2.14.Я2.4,"Доля регионов, обеспечивших не ниже среднероссийских темпы повышения суммарного коэффициента рождаемости, из числа субъектов Российской Федерации, в которых по итогам 2023 года значение такого коэффициента было ниже среднероссийского","Доля регионов, обеспечивших не ниже среднероссийских темпы повышения суммарного коэффициента рождаемости, из числа субъектов Российской Федерации, в которых по итогам 2023 года значение такого коэффициента было ниже среднероссийского",59.61443479682933,74.0498093700941,57.62233333333337
2026-07-31,76.15761571035063,73.66002933737282,73.66002933737282,69.01000385906292,66.39595116138646,80.92410751335917,data (28).xls,2.14.Я2.4,"Доля регионов, обеспечивших не ниже среднероссийских темпы повышения суммарного коэффициента рождаемости, из числа субъектов Российской Федерации, в которых по итогам 2023 года значение такого коэффициента было ниже среднероссийского","Доля регионов, обеспечивших не ниже среднероссийских темпы повышения суммарного коэффициента рождаемости, из числа субъектов Российской Федерации, в которых по итогам 2023 года значение такого коэффициента было ниже среднероссийского",59.61443479682933,78.32160611742842,57.2963333333334
2026-08-31,79.8472434179745,77.28068690132757,77.28068690132757,71.09892754978912,69.82789994491137,84.73347385774377,data (28).xls,2.14.Я2.4,"Доля регионов, обеспечивших не ниже среднероссийских темпы повышения суммарного коэффициента рождаемости, из числа субъектов Российской Федерации, в которых по итогам 2023 года значение такого коэффициента было ниже среднероссийского","Доля регионов, обеспечивших не ниже среднероссийских темпы повышения суммарного коэффициента рождаемости, из числа субъектов Российской Федерации, в которых по итогам 2023 года значение такого коэффициента было ниже среднероссийского",59.60519774823538,81.53417634807477,57.22733333333342
2026-09-30,81.8627208552542,79.28602534672811,79.28602534672811,74.04087794589876,71.64919124556982,86.9228594478864,data (28).xls,2.14.Я2.4,"Доля регионов, обеспечивших не ниже среднероссийских темпы повышения суммарного коэффициента рождаемости, из числа субъектов Российской Федерации, в которых по итогам 2023 года значение такого коэффициента было ниже среднероссийского","Доля регионов, обеспечивших не ниже среднероссийских темпы повышения суммарного коэффициента рождаемости, из числа субъектов Российской Федерации, в которых по итогам 2023 года значение такого коэффициента было ниже среднероссийского",64.83468027615376,83.46662991802438,60.75433333333333
2026-10-31,82.23329651208691,79.65909243326601,79.65909243326601,71.620717663765,71.84254352984959,87.47564133668243,data (28).xls,2.14.Я2.4,"Доля регионов, обеспечивших не ниже среднероссийских темпы повышения суммарного коэффициента рождаемости, из числа субъектов Российской Федерации, в которых по итогам 2023 года значение такого коэффициента было ниже среднероссийского","Доля регионов, обеспечивших не ниже среднероссийских темпы повышения суммарного коэффициента рождаемости, из числа субъектов Российской Федерации, в которых по итогам 2023 года значение такого коэффициента было ниже среднероссийского",55.315116464752194,84.24108290871987,56.65500000000009
2026-11-30,81.42896898206908,78.82030171306857,78.82030171306857,72.67041636705422,70.82807809067245,86.8125253354647,data (28).xls,2.14.Я2.4,"Доля регионов, обеспечивших не ниже среднероссийских темпы повышения суммарного коэффициента рождаемости, из числа субъектов Российской Федерации, в которых по итогам 2023 года значение такого коэффициента было ниже среднероссийского","Доля регионов, обеспечивших не ниже среднероссийских темпы повышения суммарного коэффициента рождаемости, из числа субъектов Российской Федерации, в которых по итогам 2023 года значение такого коэффициента было ниже среднероссийского",60.092207751816936,84.28993672164978,58.720666666666695
2026-12-31,80.23455121889853,77.51478305891914,77.51478305891914,72.10851170032963,69.35066399430028,85.678902123538,data (28).xls,2.14.Я2.4,"Доля регионов, обеспечивших не ниже среднероссийских темпы повышения суммарного коэффициента рождаемости, из числа субъектов Российской Федерации, в которых по итогам 2023 года значение такого коэффициента было ниже среднероссийского","Доля регионов, обеспечивших не ниже среднероссийских темпы повышения суммарного коэффициента рождаемости, из числа субъектов Российской Федерации, в которых по итогам 2023 года значение такого коэффициента было ниже среднероссийского",60.092207751816936,84.24001647201354,58.461000000000034
2027-01-31,87.77792049371524,85.43254569176796,85.43254569176796,78.03659775788006,77.10007656358275,93.76501481995317,data (28).xls,2.14.Я2.4,"Доля регионов, обеспечивших не ниже среднероссийских темпы повышения суммарного коэффициента рождаемости, из числа субъектов Российской Федерации, в которых по итогам 2023 года значение такого коэффициента было ниже среднероссийского","Доля регионов, обеспечивших не ниже среднероссийских темпы повышения суммарного коэффициента рождаемости, из числа субъектов Российской Федерации, в которых по итогам 2023 года значение такого коэффициента было ниже среднероссийского",65.29232564815003,88.05486362243393,63.625333333333124
2027-02-28,88.33756136133259,85.69603177434804,85.69603177434804,77.03615061587548,77.19854723814288,94.1935163105532,data (28).xls,2.14.Я2.4,"Доля регионов, обеспечивших не ниже среднероссийских темпы повышения суммарного коэффициента рождаемости, из числа субъектов Российской Федерации, в которых по итогам 2023 года значение такого коэффициента было ниже среднероссийского","Доля регионов, обеспечивших не ниже среднероссийских темпы повышения суммарного коэффициента рождаемости, из числа субъектов Российской Федерации, в которых по итогам 2023 года значение такого коэффициента было ниже среднероссийского",61.09013923794674,89.61868737241677,60.43833333333326
2027-03-31,90.57135249929411,87.57483697548234,87.57483697548234,79.17309581024514,78.91548104597278,96.2341929049919,data (28).xls,2.14.Я2.4,"Доля регионов, обеспечивших не ниже среднероссийских темпы повышения суммарного коэффициента рождаемости, из числа субъектов Российской Федерации, в которых по итогам 2023 года значение такого коэффициента было ниже среднероссийского","Доля регионов, обеспечивших не ниже среднероссийских темпы повышения суммарного коэффициента рождаемости, из числа субъектов Российской Федерации, в которых по итогам 2023 года значение такого коэффициента было ниже среднероссийского",63.36532846001962,92.46262778309634,61.891333333333264
2027-04-30,94.45004541770261,91.08591353547928,91.08591353547928,81.10350800279407,82.26765708735878,99.90416998359977,data (28).xls,2.14.Я2.4,"Доля регионов, обеспечивших не ниже среднероссийских темпы повышения суммарного коэффициента рождаемости, из числа субъектов Российской Федерации, в которых по итогам 2023 года значение такого коэффициента было ниже среднероссийского","Доля регионов, обеспечивших не ниже среднероссийских темпы повышения суммарного коэффициента рождаемости, из числа субъектов Российской Федерации, в которых по итогам 2023 года значение такого коэффициента было ниже среднероссийского",63.28167895442517,96.46456877303001,60.235333333333294
2027-05-31,99.50364152296166,95.80884790221154,95.80884790221154,84.48671721949245,86.834504001084,104.78319180333908,data (28).xls,2.14.Я2.4,"Доля регионов, обеспечивших не ниже среднероссийских темпы повышения суммарного коэффициента рождаемости, из числа субъектов Российской Федерации, в которых по итогам 2023 года значение такого коэффициента было ниже среднероссийского","Доля регионов, обеспечивших не ниже среднероссийских темпы повышения суммарного коэффициента рождаемости, из числа субъектов Российской Федерации, в которых по итогам 2023 года значение такого коэффициента было ниже среднероссийского",64.80132106489313,101.1921089407293,61.12766666666659
2027-06-30,104.94732786137342,100.99851020289582,100.99851020289582,87.21692312669808,91.87074760045093,110.1262728053407,data (28).xls,2.14.Я2.4,"Доля регионов, обеспечивших не ниже среднероссийских темпы повышения суммарного коэффициента рождаемости, из числа субъектов Российской Федерации, в которых по итогам 2023 года значение такого коэффициента было ниже среднероссийского","Доля регионов, обеспечивших не ниже среднероссийских темпы повышения суммарного коэффициента рождаемости, из числа субъектов Российской Федерации, в которых по итогам 2023 года значение такого коэффициента было ниже среднероссийского",64.21002106489311,106.01842317099471,59.91033333333329
2027-07-31,109.89176711629158,105.7847111917612,105.7847111917612,89.96687719158831,96.50606625850303,115.06335612501938,data (28).xls,2.14.Я2.4,"Доля регионов, обеспечивших не ниже среднероссийских темпы повышения суммарного коэффициента рождаемости, из числа субъектов Российской Федерации, в которых по итогам 2023 года значение такого коэффициента было ниже среднероссийского","Доля регионов, обеспечивших не ниже среднероссийских темпы повышения суммарного коэффициента рождаемости, из числа субъектов Российской Федерации, в которых по итогам 2023 года значение такого коэффициента было ниже среднероссийского",64.21002106489311,110.29021991832906,59.65766666666663
2027-08-31,113.58139482391545,109.40536875571595,109.40536875571595,92.08993421564784,99.97825607640824,118.83248143502367,data (28).xls,2.14.Я2.4,"Доля регионов, обеспечивших не ниже среднероссийских темпы повышения суммарного коэффициента рождаемости, из числа субъектов Российской Федерации, в которых по итогам 2023 года значение такого коэффициента было ниже среднероссийского","Доля регионов, обеспечивших не ниже среднероссийских темпы повышения суммарного коэффициента рождаемости, из числа субъектов Российской Федерации, в которых по итогам 2023 года значение такого коэффициента было ниже среднероссийского",64.20078401629917,113.50279014897538,59.75933333333333
2027-09-30,115.59687226119514,111.41070720111651,111.41070720111651,94.42145492862446,101.83742901967571,120.98398538255731,data (28).xls,2.14.Я2.4,"Доля регионов, обеспечивших не ниже среднероссийских темпы повышения суммарного коэффициента рождаемости, из числа субъектов Российской Федерации, в которых по итогам 2023 года значение такого коэффициента было ниже среднероссийского","Доля регионов, обеспечивших не ниже среднероссийских темпы повышения суммарного коэффициента рождаемости, из числа субъектов Российской Федерации, в которых по итогам 2023 года значение такого коэффициента было ниже среднероссийского",67.36745146188564,115.43524371892502,62.29699999999996
2027-10-31,115.96744791802786,111.78377428765441,111.78377428765441,92.68137065527759,102.06652895730811,121.50101961800071,data (28).xls,2.14.Я2.4,"Доля регионов, обеспечивших не ниже среднероссийских темпы повышения суммарного коэффициента рождаемости, из числа субъектов Российской Федерации, в которых по итогам 2023 года значение такого коэффициента было ниже среднероссийского","Доля регионов, обеспечивших не ниже среднероссийских темпы повышения суммарного коэффициента рождаемости, из числа субъектов Российской Федерации, в которых по итогам 2023 года значение такого коэффициента было ниже среднероссийского",59.923934361085244,116.20969670962052,59.521999999999956
2027-11-30,115.16312038801003,110.94498356745697,110.94498356745697,93.74240269190012,101.08587313694534,120.80409399796861,data (28).xls,2.14.Я2.4,"Доля регионов, обеспечивших не ниже среднероссийских темпы повышения суммарного коэффициента рождаемости, из числа субъектов Российской Федерации, в которых по итогам 2023 года значение такого коэффициента было ниже среднероссийского","Доля регионов, обеспечивших не ниже среднероссийских темпы повышения суммарного коэффициента рождаемости, из числа субъектов Российской Федерации, в которых по итогам 2023 года значение такого коэффициента было ниже среднероссийского",64.70102564815001,116.2585505225504,61.644333333333186
2027-12-31,113.96870262483948,109.63946491330753,109.63946491330753,93.1625646918422,99.64050195948529,119.63842786712978,data (28).xls,2.14.Я2.4,"Доля регионов, обеспечивших не ниже среднероссийских темпы повышения суммарного коэффициента рождаемости, из числа субъектов Российской Федерации, в которых по итогам 2023 года значение такого коэффициента было ниже среднероссийского","Доля регионов, обеспечивших не ниже среднероссийских темпы повышения суммарного коэффициента рождаемости, из числа субъектов Российской Федерации, в которых по итогам 2023 года значение такого коэффициента было ниже среднероссийского",64.70102564815001,116.20863027291415,61.29499999999987
2028-01-31,121.51207189965618,117.55722754615634,117.55722754615634,97.60208717012605,107.42034134659801,127.69411374571467,data (28).xls,2.14.Я2.4,"Доля регионов, обеспечивших не ниже среднероссийских темпы повышения суммарного коэффициента рождаемости, из числа субъектов Российской Федерации, в которых по итогам 2023 года значение такого коэффициента было ниже среднероссийского","Доля регионов, обеспечивших не ниже среднероссийских темпы повышения суммарного коэффициента рождаемости, из числа субъектов Российской Федерации, в которых по итогам 2023 года значение такого коэффициента было ниже среднероссийского",65.29232564815003,120.02347742333455,63.625333333333124
2028-02-29,122.07171276727352,117.82071362873643,117.82071362873643,96.60164002812147,107.54775575411811,128.09367150335476,data (28).xls,2.14.Я2.4,"Доля регионов, обеспечивших не ниже среднероссийских темпы повышения суммарного коэффициента рождаемости, из числа субъектов Российской Федерации, в которых по итогам 2023 года значение такого коэффициента было ниже среднероссийского","Доля регионов, обеспечивших не ниже среднероссийских темпы повышения суммарного коэффициента рождаемости, из числа субъектов Российской Федерации, в которых по итогам 2023 года значение такого коэффициента было ниже среднероссийского",61.09013923794674,121.5873011733174,60.43833333333326
2028-03-31,124.30550390523506,119.69951882987074,119.69951882987074,98.73858522249112,109.29226822442413,130.10676943531735,data (28).xls,2.14.Я2.4,"Доля регионов, обеспечивших не ниже среднероссийских темпы повышения суммарного коэффициента рождаемости, из числа субъектов Российской Федерации, в которых по итогам 2023 года значение такого коэффициента было ниже среднероссийского","Доля регионов, обеспечивших не ниже среднероссийских темпы повышения суммарного коэффициента рождаемости, из числа субъектов Российской Федерации, в которых по итогам 2023 года значение такого коэффициента было ниже среднероссийского",63.36532846001962,124.43124158399695,61.891333333333264
2028-04-30,128.18419682364356,123.21059538986766,123.21059538986766,100.66899741504005,112.67076299862656,133.75042778110878,data (28).xls,2.14.Я2.4,"Доля регионов, обеспечивших не ниже среднероссийских темпы повышения суммарного коэффициента рождаемости, из числа субъектов Российской Федерации, в которых по итогам 2023 года значение такого коэффициента было ниже среднероссийского","Доля регионов, обеспечивших не ниже среднероссийских темпы повышения суммарного коэффициента рождаемости, из числа субъектов Российской Федерации, в которых по итогам 2023 года значение такого коэффициента было ниже среднероссийского",63.28167895442517,128.43318257393062,60.235333333333294
2028-05-31,133.2377929289026,127.93352975659995,127.93352975659995,104.05220663173843,117.26276275013123,138.60429676306867,data (28).xls,2.14.Я2.4,"Доля регионов, обеспечивших не ниже среднероссийских темпы повышения суммарного коэффициента рождаемости, из числа субъектов Российской Федерации, в которых по итогам 2023 года значение такого коэффициента было ниже среднероссийского","Доля регионов, обеспечивших не ниже среднероссийских темпы повышения суммарного коэффициента рождаемости, из числа субъектов Российской Федерации, в которых по итогам 2023 года значение такого коэффициента было ниже среднероссийского",64.80132106489313,133.16072274162994,61.12766666666659
2028-06-30,138.6814792673144,133.1231920572842,133.1231920572842,106.78241253894407,122.32307769783282,143.92330641673558,data (28).xls,2.14.Я2.4,"Доля регионов, обеспечивших не ниже среднероссийских темпы повышения суммарного коэффициента рождаемости, из числа субъектов Российской Федерации, в которых по итогам 2023 года значение такого коэффициента было ниже среднероссийского","Доля регионов, обеспечивших не ниже среднероссийских темпы повышения суммарного коэффициента рождаемости, из числа субъектов Российской Федерации, в которых по итогам 2023 года значение такого коэффициента было ниже среднероссийского",64.21002106489311,137.98703697189535,59.91033333333329
2028-07-31,143.62591852223252,137.9093930461496,137.9093930461496,109.53236660383432,126.98146223340585,148.83732385889334,data (28).xls,2.14.Я2.4,"Доля регионов, обеспечивших не ниже среднероссийских темпы повышения суммарного коэффициента рождаемости, из числа субъектов Российской Федерации, в которых по итогам 2023 года значение такого коэффициента было ниже среднероссийского","Доля регионов, обеспечивших не ниже среднероссийских темпы повышения суммарного коэффициента рождаемости, из числа субъектов Российской Федерации, в которых по итогам 2023 года значение такого коэффициента было ниже среднероссийского",64.21002106489311,142.25883371922967,59.65766666666663
2028-08-31,147.31554622985638,141.53005061010435,141.53005061010435,111.65542362789385,130.47578113994032,152.58432008026838,data (28).xls,2.14.Я2.4,"Доля регионов, обеспечивших не ниже среднероссийских темпы повышения суммарного коэффициента рождаемости, из числа субъектов Российской Федерации, в которых по итогам 2023 года значение такого коэффициента было ниже среднероссийского","Доля регионов, обеспечивших не ниже среднероссийских темпы повышения суммарного коэффициента рождаемости, из числа субъектов Российской Федерации, в которых по итогам 2023 года значение такого коэффициента было ниже среднероссийского",64.20078401629917,145.47140394987602,59.75933333333333
2028-09-30,149.3310236671361,143.53538905550488,143.53538905550488,113.98694434087045,132.35620862088058,154.71456949012918,data (28).xls,2.14.Я2.4,"Доля регионов, обеспечивших не ниже среднероссийских темпы повышения суммарного коэффициента рождаемости, из числа субъектов Российской Федерации, в которых по итогам 2023 года значение такого коэффициента было ниже среднероссийского","Доля регионов, обеспечивших не ниже среднероссийских темпы повышения суммарного коэффициента рождаемости, из числа субъектов Российской Федерации, в которых по итогам 2023 года значение такого коэффициента было ниже среднероссийского",67.36745146188564,147.40385751982564,62.29699999999996
2028-10-31,149.7015993239688,143.90845614204278,143.90845614204278,112.24686006752358,132.60574510173154,155.21116718235402,data (28).xls,2.14.Я2.4,"Доля регионов, обеспечивших не ниже среднероссийских темпы повышения суммарного коэффициента рождаемости, из числа субъектов Российской Федерации, в которых по итогам 2023 года значение такого коэффициента было ниже среднероссийского","Доля регионов, обеспечивших не ниже среднероссийских темпы повышения суммарного коэффициента рождаемости, из числа субъектов Российской Федерации, в которых по итогам 2023 года значение такого коэффициента было ниже среднероссийского",59.923934361085244,148.17831051052116,59.521999999999956
2028-11-30,148.89727179395098,143.06966542184534,143.06966542184534,113.30789210414612,131.64475935957682,154.49457148411386,data (28).xls,2.14.Я2.4,"Доля регионов, обеспечивших не ниже среднероссийских темпы повышения суммарного коэффициента рождаемости, из числа субъектов Российской Федерации, в которых по итогам 2023 года значение такого коэффициента было ниже среднероссийского","Доля регионов, обеспечивших не ниже среднероссийских темпы повышения суммарного коэффициента рождаемости, из числа субъектов Российской Федерации, в которых по итогам 2023 года значение такого коэффициента было ниже среднероссийского",64.70102564815001,148.22716432345103,61.644333333333186
2028-12-31,147.70285403078043,141.76414676769593,141.76414676769593,112.72805410408819,130.2183388616832,153.30995467370866,data (28).xls,2.14.Я2.4,"Доля регионов, обеспечивших не ниже среднероссийских темпы повышения суммарного коэффициента рождаемости, из числа субъектов Российской Федерации, в которых по итогам 2023 года значение такого коэффициента было ниже среднероссийского","Доля регионов, обеспечивших не ниже среднероссийских темпы повышения суммарного коэффициента рождаемости, из числа субъектов Российской Федерации, в которых по итогам 2023 года значение такого коэффициента было ниже среднероссийского",64.70102564815001,148.1772440738148,61.29499999999987
2029-01-31,155.24622330559714,149.68190940054473,149.68190940054473,117.16757658237202,138.01645262108545,161.347366180004,data (28).xls,2.14.Я2.4,"Доля регионов, обеспечивших не ниже среднероссийских темпы повышения суммарного коэффициента рождаемости, из числа субъектов Российской Федерации, в которых по итогам 2023 года значение такого коэффициента было ниже среднероссийского","Доля регионов, обеспечивших не ниже среднероссийских темпы повышения суммарного коэффициента рождаемости, из числа субъектов Российской Федерации, в которых по итогам 2023 года значение такого коэффициента было ниже среднероссийского",65.29232564815003,151.99209122423517,63.625333333333124
2029-02-28,155.8058641732145,149.9453954831248,149.9453954831248,116.16712944036746,138.16150463399015,161.72928633225945,data (28).xls,2.14.Я2.4,"Доля регионов, обеспечивших не ниже среднероссийских темпы повышения суммарного коэффициента рождаемости, из числа субъектов Российской Федерации, в которых по итогам 2023 года значение такого коэффициента было ниже среднероссийского","Доля регионов, обеспечивших не ниже среднероссийских темпы повышения суммарного коэффициента рождаемости, из числа субъектов Российской Федерации, в которых по итогам 2023 года значение такого коэффициента было ниже среднероссийского",61.09013923794674,153.555914974218,60.43833333333326
2029-03-31,158.039655311176,151.8242006842591,151.8242006842591,118.30407463473712,139.9230543018636,163.7253470666546,data (28).xls,2.14.Я2.4,"Доля регионов, обеспечивших не ниже среднероссийских темпы повышения суммарного коэффициента рождаемости, из числа субъектов Российской Федерации, в которых по итогам 2023 года значение такого коэффициента было ниже среднероссийского","Доля регионов, обеспечивших не ниже среднероссийских темпы повышения суммарного коэффициента рождаемости, из числа субъектов Российской Федерации, в которых по итогам 2023 года значение такого коэффициента было ниже среднероссийского",63.36532846001962,156.39985538489756,61.891333333333264
2029-04-30,161.91834822958452,155.33527724425605,155.33527724425605,120.23448682728606,143.31801936709905,167.35253512141304,data (28).xls,2.14.Я2.4,"Доля регионов, обеспечивших не ниже среднероссийских темпы повышения суммарного коэффициента рождаемости, из числа субъектов Российской Федерации, в которых по итогам 2023 года значение такого коэффициента было ниже среднероссийского","Доля регионов, обеспечивших не ниже среднероссийских темпы повышения суммарного коэффициента рождаемости, из числа субъектов Российской Федерации, в которых по итогам 2023 года значение такого коэффициента было ниже среднероссийского",63.28167895442517,160.40179637483124,60.235333333333294
2029-05-31,166.97194433484356,160.05821161098834,160.05821161098834,123.61769604398441,147.9259534305432,172.1904697914335,data (28).xls,2.14.Я2.4,"Доля регионов, обеспечивших не ниже среднероссийских темпы повышения суммарного коэффициента рождаемости, из числа субъектов Российской Федерации, в которых по итогам 2023 года значение такого коэффициента было ниже среднероссийского","Доля регионов, обеспечивших не ниже среднероссийских темпы повышения суммарного коэффициента рождаемости, из числа субъектов Российской Федерации, в которых по итогам 2023 года значение такого коэффициента было ниже среднероссийского",64.80132106489313,165.12933654253055,61.12766666666659
2029-06-30,172.41563067325532,165.24787391167257,165.24787391167257,126.34790195119005,153.00169531474427,177.49405250860087,data (28).xls,2.14.Я2.4,"Доля регионов, обеспечивших не ниже среднероссийских темпы повышения суммарного коэффициента рождаемости, из числа субъектов Российской Федерации, в которых по итогам 2023 года значение такого коэффициента было ниже среднероссийского","Доля регионов, обеспечивших не ниже среднероссийских темпы повышения суммарного коэффициента рождаемости, из числа субъектов Российской Федерации, в которых по итогам 2023 года значение такого коэффициента было ниже среднероссийского",64.21002106489311,169.955650772796,59.91033333333329
2029-07-31,177.36006992817346,170.034074900538,170.034074900538,129.0978560160803,157.67502591209433,182.39312388898168,data (28).xls,2.14.Я2.4,"Доля регионов, обеспечивших не ниже среднероссийских темпы повышения суммарного коэффициента рождаемости, из числа субъектов Российской Федерации, в которых по итогам 2023 года значение такого коэффициента было ниже среднероссийского","Доля регионов, обеспечивших не ниже среднероссийских темпы повышения суммарного коэффициента рождаемости, из числа субъектов Российской Федерации, в которых по итогам 2023 года значение такого коэффициента было ниже среднероссийского",64.21002106489311,174.2274475201303,59.65766666666663
2029-08-31,181.04969763579734,173.65473246449272,173.65473246449272,131.22091304013983,161.18383459907673,186.12563032990872,data (28).xls,2.14.Я2.4,"Доля регионов, обеспечивших не ниже среднероссийских темпы повышения суммарного коэффициента рождаемости, из числа субъектов Российской Федерации, в которых по итогам 2023 года значение такого коэффициента было ниже среднероссийского","Доля регионов, обеспечивших не ниже среднероссийских темпы повышения суммарного коэффициента рождаемости, из числа субъектов Российской Федерации, в которых по итогам 2023 года значение такого коэффициента было ниже среднероссийского",64.20078401629917,177.44001775077663,59.75933333333333
2029-09-30,183.06517507307703,175.6600709098933,175.6600709098933,133.55243375311642,163.07831843893268,188.24182338085393,data (28).xls,2.14.Я2.4,"Доля регионов, обеспечивших не ниже среднероссийских темпы повышения суммарного коэффициента рождаемости, из числа субъектов Российской Федерации, в которых по итогам 2023 года значение такого коэффициента было ниже среднероссийского","Доля регионов, обеспечивших не ниже среднероссийских темпы повышения суммарного коэффициента рождаемости, из числа субъектов Российской Федерации, в которых по итогам 2023 года значение такого коэффициента было ниже среднероссийского",67.36745146188564,179.37247132072628,62.29699999999996
2029-10-31,183.43575072990976,176.03313799643118,176.03313799643118,131.81234947976958,163.34149913805635,188.724776854806,data (28).xls,2.14.Я2.4,"Доля регионов, обеспечивших не ниже среднероссийских темпы повышения суммарного коэффициента рождаемости, из числа субъектов Российской Федерации, в которых по итогам 2023 года значение такого коэффициента было ниже среднероссийского","Доля регионов, обеспечивших не ниже среднероссийских темпы повышения суммарного коэффициента рождаемости, из числа субъектов Российской Федерации, в которых по итогам 2023 года значение такого коэффициента было ниже среднероссийского",59.923934361085244,180.14692431142177,59.521999999999956
2029-11-30,182.6314231998919,175.1943472762337,175.1943472762337,132.8733815163921,162.39376531359247,187.99492923887496,data (28).xls,2.14.Я2.4,"Доля регионов, обеспечивших не ниже среднероссийских темпы повышения суммарного коэффициента рождаемости, из числа субъектов Российской Федерации, в которых по итогам 2023 года значение такого коэффициента было ниже среднероссийского","Доля регионов, обеспечивших не ниже среднероссийских темпы повышения суммарного коэффициента рождаемости, из числа субъектов Российской Федерации, в которых по итогам 2023 года значение такого коэффициента было ниже среднероссийского",64.70102564815001,180.19577812435165,61.644333333333186
2029-12-31,181.4370054367214,173.8888286220843,173.8888286220843,132.29354351633418,160.98022295558482,186.7974342885838,data (28).xls,2.14.Я2.4,"Доля регионов, обеспечивших не ниже среднероссийских темпы повышения суммарного коэффициента рождаемости, из числа субъектов Российской Федерации, в которых по итогам 2023 года значение такого коэффициента было ниже среднероссийского","Доля регионов, обеспечивших не ниже среднероссийских темпы повышения суммарного коэффициента рождаемости, из числа субъектов Российской Федерации, в которых по итогам 2023 года значение такого коэффициента было ниже среднероссийского",64.70102564815001,180.1458578747154,61.29499999999987
2030-01-31,188.98037471153808,181.8065912549331,181.8065912549331,136.73306599461802,168.79085839335096,194.82232411651523,data (28).xls,2.14.Я2.4,"Доля регионов, обеспечивших не ниже среднероссийских темпы повышения суммарного коэффициента рождаемости, из числа субъектов Российской Федерации, в которых по итогам 2023 года значение такого коэффициента было ниже среднероссийского","Доля регионов, обеспечивших не ниже среднероссийских темпы повышения суммарного коэффициента рождаемости, из числа субъектов Российской Федерации, в которых по итогам 2023 года значение такого коэффициента было ниже среднероссийского",65.29232564815003,183.9607050251358,63.625333333333124
2030-02-28,189.54001557915544,182.07007733751323,182.07007733751323,135.73261885261348,168.9480918324551,195.19206284257135,data (28).xls,2.14.Я2.4,"Доля регионов, обеспечивших не ниже среднероссийских темпы повышения суммарного коэффициента рождаемости, из числа субъектов Российской Федерации, в которых по итогам 2023 года значение такого коэффициента было ниже среднероссийского","Доля регионов, обеспечивших не ниже среднероссийских темпы повышения суммарного коэффициента рождаемости, из числа субъектов Российской Федерации, в которых по итогам 2023 года значение такого коэффициента было ниже среднероссийского",61.09013923794674,185.52452877511865,60.43833333333326
2030-03-31,191.77380671711694,183.94888253864752,183.94888253864752,137.86956404698313,170.7214978664668,197.17626721082826,data (28).xls,2.14.Я2.4,"Доля регионов, обеспечивших не ниже среднероссийских темпы повышения суммарного коэффициента рождаемости, из числа субъектов Российской Федерации, в которых по итогам 2023 года значение такого коэффициента было ниже среднероссийского","Доля регионов, обеспечивших не ниже среднероссийских темпы повышения суммарного коэффициента рождаемости, из числа субъектов Российской Федерации, в которых по итогам 2023 года значение такого коэффициента было ниже среднероссийского",63.36532846001962,188.3684691857982,61.891333333333264
2030-04-30,195.65249963552546,187.45995909864445,187.45995909864445,139.79997623953204,174.12800849354812,200.79190970374077,data (28).xls,2.14.Я2.4,"Доля регионов, обеспечивших не ниже среднероссийских темпы повышения суммарного коэффициента рождаемости, из числа субъектов Российской Федерации, в которых по итогам 2023 года значение такого коэффициента было ниже среднероссийского","Доля регионов, обеспечивших не ниже среднероссийских темпы повышения суммарного коэффициента рождаемости, из числа субъектов Российской Федерации, в которых по итогам 2023 года значение такого коэффициента было ниже среднероссийского",63.28167895442517,192.37041017573188,60.235333333333294
2030-05-31,200.7060957407845,192.1828934653767,192.1828934653767,143.18318545623043,178.74719070714278,205.61859622361064,data (28).xls,2.14.Я2.4,"Доля регионов, обеспечивших не ниже среднероссийских темпы повышения суммарного коэффициента рождаемости, из числа субъектов Российской Федерации, в которых по итогам 2023 года значение такого коэффициента было ниже среднероссийского","Доля регионов, обеспечивших не ниже среднероссийских темпы повышения суммарного коэффициента рождаемости, из числа субъектов Российской Федерации, в которых по итогам 2023 года значение такого коэффициента было ниже среднероссийского",64.80132106489313,197.09795034343117,61.12766666666659
2030-06-30,206.14978207919626,197.372555766061,197.372555766061,145.91339136343603,183.83389592549696,210.91121560662503,data (28).xls,2.14.Я2.4,"Доля регионов, обеспечивших не ниже среднероссийских темпы повышения суммарного коэффициента рождаемости, из числа субъектов Российской Федерации, в которых по итогам 2023 года значение такого коэффициента было ниже среднероссийского","Доля регионов, обеспечивших не ниже среднероссийских темпы повышения суммарного коэффициента рождаемости, из числа субъектов Российской Федерации, в которых по итогам 2023 года значение такого коэффициента было ниже среднероссийского",64.21002106489311,201.9242645736966,59.91033333333329
2030-07-31,211.09422133411442,202.1587567549264,202.1587567549264,148.6633454283263,188.51791689993993,215.79959660991287,data (28).xls,2.14.Я2.4,"Доля регионов, обеспечивших не ниже среднероссийских темпы повышения суммарного коэффициента рождаемости, из числа субъектов Российской Федерации, в которых по итогам 2023 года значение такого коэффициента было ниже среднероссийского","Доля регионов, обеспечивших не ниже среднероссийских темпы повышения суммарного коэффициента рождаемости, из числа субъектов Российской Федерации, в которых по итогам 2023 года значение такого коэффициента было ниже среднероссийского",64.21002106489311,206.19606132103092,59.65766666666663
2030-08-31,214.78384904173828,205.77941431888115,205.77941431888115,150.78640245238586,192.0371541837988,219.5216744539635,data (28).xls,2.14.Я2.4,"Доля регионов, обеспечивших не ниже среднероссийских темпы повышения суммарного коэффициента рождаемости, из числа субъектов Российской Федерации, в которых по итогам 2023 года значение такого коэффициента было ниже среднероссийского","Доля регионов, обеспечивших не ниже среднероссийских темпы повышения суммарного коэффициента рождаемости, из числа субъектов Российской Федерации, в которых по итогам 2023 года значение такого коэффициента было ниже среднероссийского",64.20078401629917,209.40863155167725,59.75933333333333
2030-09-30,216.799326479018,207.78475276428168,207.78475276428168,153.11792316536244,193.9418153848394,221.62769014372395,data (28).xls,2.14.Я2.4,"Доля регионов, обеспечивших не ниже среднероссийских темпы повышения суммарного коэффициента рождаемости, из числа субъектов Российской Федерации, в которых по итогам 2023 года значение такого коэффициента было ниже среднероссийского","Доля регионов, обеспечивших не ниже среднероссийских темпы повышения суммарного коэффициента рождаемости, из числа субъектов Российской Федерации, в которых по итогам 2023 года значение такого коэффициента было ниже среднероссийского",67.36745146188564,211.34108512162686,62.29699999999996
2030-10-31,217.1699021358507,208.15781985081958,208.15781985081958,151.37783889201557,194.214932167056,222.10070753458317,data (28).xls,2.14.Я2.4,"Доля регионов, обеспечивших не ниже среднероссийских темпы повышения суммарного коэффициента рождаемости, из числа субъектов Российской Федерации, в которых по итогам 2023 года значение такого коэффициента было ниже среднероссийского","Доля регионов, обеспечивших не ниже среднероссийских темпы повышения суммарного коэффициента рождаемости, из числа субъектов Российской Федерации, в которых по итогам 2023 года значение такого коэффициента было ниже среднероссийского",59.923934361085244,212.11553811232238,59.521999999999956
2030-11-30,216.36557460583288,207.31902913062214,207.31902913062214,152.4388709286381,193.2769025597308,221.3611557015135,data (28).xls,2.14.Я2.4,"Доля регионов, обеспечивших не ниже среднероссийских темпы повышения суммарного коэффициента рождаемости, из числа субъектов Российской Федерации, в которых по итогам 2023 года значение такого коэффициента было ниже среднероссийского","Доля регионов, обеспечивших не ниже среднероссийских темпы повышения суммарного коэффициента рождаемости, из числа субъектов Российской Федерации, в которых по итогам 2023 года значение такого коэффициента было ниже среднероссийского",64.70102564815001,212.1643919252523,61.644333333333186
2030-12-31,215.1711568426623,206.01351047647267,206.01351047647267,151.85903292858018,191.87284145751113,220.15417949543422,data (28).xls,2.14.Я2.4,"Доля регионов, обеспечивших не ниже среднероссийских темпы повышения суммарного коэффициента рождаемости, из числа субъектов Российской Федерации, в которых по итогам 2023 года значение такого коэффициента было ниже среднероссийского","Доля регионов, обеспечивших не ниже среднероссийских темпы повышения суммарного коэффициента рождаемости, из числа субъектов Российской Федерации, в которых по итогам 2023 года значение такого коэффициента было ниже среднероссийского",64.70102564815001,212.11447167561602,61.29499999999987
2026-04-30,41.408622407489645,28.694273545770898,28.694273545770898,25.699512761137658,25.747094600201677,31.641452491340118,data (29).xls,2.14.Я3.1,Охват граждан репродуктивного возраста (18–49 лет) диспансеризацией с целью оценки репродуктивного здоровья,Охват граждан репродуктивного возраста (18–49 лет) диспансеризацией с целью оценки репродуктивного здоровья,9.02017674572424,40.43825777337022,8.936233333333307
2026-05-31,43.12701958519257,30.685051275966085,30.685051275966085,27.106939900331504,27.64716875342149,33.72293379851068,data (29).xls,2.14.Я3.1,Охват граждан репродуктивного возраста (18–49 лет) диспансеризацией с целью оценки репродуктивного здоровья,Охват граждан репродуктивного возраста (18–49 лет) диспансеризацией с целью оценки репродуктивного здоровья,10.06223317362545,42.18812880020678,9.472266666666643
2026-06-30,45.01864823047961,33.40460883284055,33.40460883284055,32.925971894900854,30.278653506167228,36.53056415951387,data (29).xls,2.14.Я3.1,Охват граждан репродуктивного возраста (18–49 лет) диспансеризацией с целью оценки репродуктивного здоровья,Охват граждан репродуктивного возраста (18–49 лет) диспансеризацией с целью оценки репродуктивного здоровья,21.262026361565436,44.07587604961864,20.868700000000004
2026-07-31,47.2982018456287,36.58842931245185,36.58842931245185,35.51547721510201,33.3768155143851,39.8000431105186,data (29).xls,2.14.Я3.1,Охват граждан репродуктивного возраста (18–49 лет) диспансеризацией с целью оценки репродуктивного здоровья,Охват граждан репродуктивного возраста (18–49 лет) диспансеризацией с целью оценки репродуктивного здоровья,24.515733352624373,46.28922156480508,22.88580000000004
2026-08-31,50.07642975051931,39.84759693563453,39.84759693563453,37.4995848704274,36.55255070356006,43.142643167709,data (29).xls,2.14.Я3.1,Охват граждан репродуктивного возраста (18–49 лет) диспансеризацией с целью оценки репродуктивного здоровья,Охват граждан репродуктивного возраста (18–49 лет) диспансеризацией с целью оценки репродуктивного здоровья,25.510620736055746,48.9286435965941,23.13463333333333
2026-09-30,53.330461891808596,42.77300671695115,42.77300671695115,39.58535230678906,39.396589065788376,46.14942436811393,data (29).xls,2.14.Я3.1,Охват граждан репродуктивного возраста (18–49 лет) диспансеризацией с целью оценки репродуктивного здоровья,Охват граждан репродуктивного возраста (18–49 лет) диспансеризацией с целью оценки репродуктивного здоровья,26.05697272124268,51.98045353727618,23.7858666666667
2026-10-31,56.909936855255296,45.04498381515987,45.04498381515987,41.73406969981459,41.58911017183045,48.500857458489286,data (29).xls,2.14.Я3.1,Охват граждан репродуктивного возраста (18–49 лет) диспансеризацией с целью оценки репродуктивного здоровья,Охват граждан репродуктивного возраста (18–49 лет) диспансеризацией с целью оценки репродуктивного здоровья,25.363697390005502,55.32046377198556,26.03126666666674
2026-11-30,60.57729108523863,46.51894014876568,46.51894014876568,44.01865741476466,42.98539672576457,50.052483571766786,data (29).xls,2.14.Я3.1,Охват граждан репродуктивного возраста (18–49 лет) диспансеризацией с целью оценки репродуктивного здоровья,Охват граждан репродуктивного возраста (18–49 лет) диспансеризацией с целью оценки репродуктивного здоровья,26.37675885667217,58.74726364981343,27.873033333333407
2026-12-31,64.07141384763786,47.264116655692234,47.264116655692234,46.94736179656231,43.654574357033056,50.87365895435141,data (29).xls,2.14.Я3.1,Охват граждан репродуктивного возраста (18–49 лет) диспансеризацией с целью оценки репродуктивного здоровья,Охват граждан репродуктивного возраста (18–49 лет) диспансеризацией с целью оценки репродуктивного здоровья,32.67219117441544,62.03618730506603,28.69290000000002
2027-01-31,34.55891968878815,26.298088868062724,26.298088868062724,20.650825221262522,22.614115186101195,29.982062550024253,data (29).xls,2.14.Я3.1,Охват граждан репродуктивного возраста (18–49 лет) диспансеризацией с целью оценки репродуктивного здоровья,Охват граждан репродуктивного возраста (18–49 лет) диспансеризацией с целью оценки репродуктивного здоровья,4.354182197006102,33.35366868578898,4.68926666666666
2027-02-28,37.16644319158381,26.50365530868106,26.50365530868106,22.38615143932906,22.746724570304245,30.260586047057878,data (29).xls,2.14.Я3.1,Охват граждан репродуктивного возраста (18–49 лет) диспансеризацией с целью оценки репродуктивного здоровья,Охват граждан репродуктивного возраста (18–49 лет) диспансеризацией с целью оценки репродуктивного здоровья,6.171141137716001,35.89091755866441,6.198599999999999
2027-03-31,39.298162457980794,27.042979591165448,27.042979591165448,23.767017346417838,23.214481836623076,30.87147734570782,data (29).xls,2.14.Я3.1,Охват граждан репродуктивного возраста (18–49 лет) диспансеризацией с целью оценки репродуктивного здоровья,Охват граждан репродуктивного возраста (18–49 лет) диспансеризацией с целью оценки репродуктивного здоровья,7.4391994936295065,38.01577852264677,7.038966666666665
2027-04-30,41.10443890222034,28.235736556757743,28.235736556757743,25.29216417763748,24.336985277166878,32.134487836348605,data (29).xls,2.14.Я3.1,Охват граждан репродуктивного возраста (18–49 лет) диспансеризацией с целью оценки репродуктивного здоровья,Охват граждан репродуктивного возраста (18–49 лет) диспансеризацией с целью оценки репродуктивного здоровья,8.515439569940837,39.85243919260184,8.752766666666648
2027-05-31,42.82283607992326,30.226514286952927,30.226514286952927,26.684257983497993,26.25875320245114,34.194275371454715,data (29).xls,2.14.Я3.1,Охват граждан репродуктивного возраста (18–49 лет) диспансеризацией с целью оценки репродуктивного здоровья,Охват граждан репродуктивного возраста (18–49 лет) диспансеризацией с целью оценки репродуктивного здоровья,9.557495997842045,41.60231021943841,9.21213333333331
2027-06-30,44.714464725210306,32.94607184382738,32.94607184382738,32.558570902386734,28.910480870096,36.981662817558764,data (29).xls,2.14.Я3.1,Охват граждан репродуктивного возраста (18–49 лет) диспансеризацией с целью оценки репродуктивного здоровья,Охват граждан репродуктивного возраста (18–49 лет) диспансеризацией с целью оценки репродуктивного здоровья,20.825027140712383,43.49005746885028,20.81723333333334
2027-07-31,46.99401834035939,36.129892323438696,36.129892323438696,35.14482196493516,32.02759284743288,40.232191799444514,data (29).xls,2.14.Я3.1,Охват граждан репродуктивного возраста (18–49 лет) диспансеризацией с целью оценки репродуктивного здоровья,Охват граждан репродуктивного возраста (18–49 лет) диспансеризацией с целью оценки репродуктивного здоровья,24.01099617684097,45.703402984036714,22.88580000000004
2027-08-31,49.77224624525,39.38905994662137,39.38905994662137,37.12892962026056,35.22111951105694,43.557000382185805,data (29).xls,2.14.Я3.1,Охват граждан репродуктивного возраста (18–49 лет) диспансеризацией с целью оценки репродуктивного здоровья,Охват граждан репродуктивного возраста (18–49 лет) диспансеризацией с целью оценки репродуктивного здоровья,25.00588356027234,48.34282501582574,23.13463333333333
2027-09-30,53.02627838653929,42.314469727938,42.314469727938,39.21388372328888,38.08190620709293,46.547033248783066,data (29).xls,2.14.Я3.1,Охват граждан репродуктивного возраста (18–49 лет) диспансеризацией с целью оценки репродуктивного здоровья,Охват граждан репродуктивного возраста (18–49 лет) диспансеризацией с целью оценки репродуктивного здоровья,25.552235545459276,51.39463495650782,23.78180000000003
2027-10-31,56.60575334998599,44.586446826146705,44.586446826146705,41.362601116314416,40.29023216186795,48.88266149042546,data (29).xls,2.14.Я3.1,Охват граждан репродуктивного возраста (18–49 лет) диспансеризацией с целью оценки репродуктивного здоровья,Охват граждан репродуктивного возраста (18–49 лет) диспансеризацией с целью оценки репродуктивного здоровья,24.858960214222098,54.734645191217204,26.027200000000068
2027-11-30,60.27310757996932,46.060403159752525,46.060403159752525,43.64718883126449,41.7014667154878,50.41933960401725,data (29).xls,2.14.Я3.1,Охват граждан репродуктивного возраста (18–49 лет) диспансеризацией с целью оценки репродуктивного здоровья,Охват граждан репродуктивного возраста (18–49 лет) диспансеризацией с целью оценки репродуктивного здоровья,25.872021680888764,58.161445069045065,27.86896666666674
2027-12-31,63.76723034236856,46.80557966667908,46.80557966667908,46.56813321306214,42.38481124832525,51.22634808503291,data (29).xls,2.14.Я3.1,Охват граждан репродуктивного возраста (18–49 лет) диспансеризацией с целью оценки репродуктивного здоровья,Охват граждан репродуктивного возраста (18–49 лет) диспансеризацией с целью оценки репродуктивного здоровья,32.16745399863206,61.45036872429765,28.65003333333335
2028-01-31,34.25473618351887,25.839551879049566,25.839551879049566,20.381117406252365,21.357804464001497,30.321299294097635,data (29).xls,2.14.Я3.1,Охват граждан репродуктивного возраста (18–49 лет) диспансеризацией с целью оценки репродуктивного здоровья,Охват граждан репродуктивного возраста (18–49 лет) диспансеризацией с целью оценки репродуктивного здоровья,4.354182197006102,32.767850105020614,4.68926666666666
2028-02-29,36.8622596863145,26.0451183196679,26.0451183196679,22.11644362431889,21.503210529337338,30.58702610999846,data (29).xls,2.14.Я3.1,Охват граждан репродуктивного возраста (18–49 лет) диспансеризацией с целью оценки репродуктивного здоровья,Охват граждан репродуктивного возраста (18–49 лет) диспансеризацией с целью оценки репродуктивного здоровья,6.171141137716001,35.305098977896044,6.198599999999999
2028-03-31,38.99397895271149,26.584442602152293,26.584442602152293,23.497309531407673,21.98316094815187,31.185724256152717,data (29).xls,2.14.Я3.1,Охват граждан репродуктивного возраста (18–49 лет) диспансеризацией с целью оценки репродуктивного здоровья,Охват граждан репродуктивного возраста (18–49 лет) диспансеризацией с целью оценки репродуктивного здоровья,7.4391994936295065,37.429959941878415,7.038966666666665
2028-04-30,40.80025539695103,27.777199567744596,27.777199567744596,25.022456362627317,23.11730049769852,32.43709863779067,data (29).xls,2.14.Я3.1,Охват граждан репродуктивного возраста (18–49 лет) диспансеризацией с целью оценки репродуктивного здоровья,Охват граждан репродуктивного возраста (18–49 лет) диспансеризацией с целью оценки репродуктивного здоровья,8.515439569940837,39.26662061183348,8.752766666666648
2028-05-31,42.518652574653984,29.76797729793978,29.76797729793978,26.414550168487835,25.05018906333326,34.485765532546296,data (29).xls,2.14.Я3.1,Охват граждан репродуктивного возраста (18–49 лет) диспансеризацией с целью оценки репродуктивного здоровья,Охват граждан репродуктивного возраста (18–49 лет) диспансеризацией с целью оценки репродуктивного здоровья,9.557495997842045,41.01649163867005,9.21213333333331
2028-06-30,44.41028121994101,32.487534854814236,32.487534854814236,32.28886308737658,27.71255922030393,37.26251048932454,data (29).xls,2.14.Я3.1,Охват граждан репродуктивного возраста (18–49 лет) диспансеризацией с целью оценки репродуктивного здоровья,Охват граждан репродуктивного возраста (18–49 лет) диспансеризацией с целью оценки репродуктивного здоровья,20.825027140712383,42.90423888808191,20.81723333333334
2028-07-31,46.68983483509008,35.67135533442555,35.67135533442555,34.875114149925,30.839869145503705,40.50284152334739,data (29).xls,2.14.Я3.1,Охват граждан репродуктивного возраста (18–49 лет) диспансеризацией с целью оценки репродуктивного здоровья,Охват граждан репродуктивного возраста (18–49 лет) диспансеризацией с целью оценки репродуктивного здоровья,24.01099617684097,45.117584403268346,22.88580000000004
2028-08-31,49.46806273998071,38.93052295760822,38.93052295760822,36.859221805250385,34.04317958136403,43.81786633385241,data (29).xls,2.14.Я3.1,Охват граждан репродуктивного возраста (18–49 лет) диспансеризацией с целью оценки репродуктивного здоровья,Охват граждан репродуктивного возраста (18–49 лет) диспансеризацией с целью оценки репродуктивного здоровья,25.00588356027234,47.75700643505735,23.13463333333333
2028-09-30,52.72209488126998,41.85593273892484,41.85593273892484,38.94417590827872,36.913363390813146,46.79850208703654,data (29).xls,2.14.Я3.1,Охват граждан репродуктивного возраста (18–49 лет) диспансеризацией с целью оценки репродуктивного здоровья,Охват граждан репродуктивного возраста (18–49 лет) диспансеризацией с целью оценки репродуктивного здоровья,25.552235545459276,50.808816375739454,23.78180000000003
2028-10-31,56.301569844716695,44.12790983713356,44.12790983713356,41.09289330130425,39.13072480509115,49.12509486917597,data (29).xls,2.14.Я3.1,Охват граждан репродуктивного возраста (18–49 лет) диспансеризацией с целью оценки репродуктивного здоровья,Охват граждан репродуктивного возраста (18–49 лет) диспансеризацией с целью оценки репродуктивного здоровья,24.858960214222098,54.14882661044882,26.027200000000068
2028-11-30,59.96892407470003,45.60186617073938,45.60186617073938,43.37748101625432,40.55065594664019,50.653076394838564,data (29).xls,2.14.Я3.1,Охват граждан репродуктивного возраста (18–49 лет) диспансеризацией с целью оценки репродуктивного здоровья,Охват граждан репродуктивного возраста (18–49 лет) диспансеризацией с целью оценки репродуктивного здоровья,25.872021680888764,57.575626488276704,27.86896666666674
2028-12-31,63.46304683709924,46.34704267766591,46.34704267766591,46.29842539805197,41.24237900494275,51.451706350389074,data (29).xls,2.14.Я3.1,Охват граждан репродуктивного возраста (18–49 лет) диспансеризацией с целью оценки репродуктивного здоровья,Охват граждан репродуктивного возраста (18–49 лет) диспансеризацией с целью оценки репродуктивного здоровья,32.16745399863206,60.86455014352928,28.65003333333335
2029-01-31,33.950552678249565,25.38101489003641,25.38101489003641,20.111409591242197,20.223451735290272,30.53857804478255,data (29).xls,2.14.Я3.1,Охват граждан репродуктивного возраста (18–49 лет) диспансеризацией с целью оценки репродуктивного здоровья,Охват граждан репродуктивного возраста (18–49 лет) диспансеризацией с целью оценки репродуктивного здоровья,4.354182197006102,32.182031524252245,4.68926666666666
2029-02-28,36.55807618104521,25.586581330654745,25.586581330654745,21.84673580930873,20.376655786199205,30.796506875110286,data (29).xls,2.14.Я3.1,Охват граждан репродуктивного возраста (18–49 лет) диспансеризацией с целью оценки репродуктивного здоровья,Охват граждан репродуктивного возраста (18–49 лет) диспансеризацией с целью оценки репродуктивного здоровья,6.171141137716001,34.71928039712768,6.198599999999999
2029-03-31,38.689795447442194,26.12590561313914,26.12590561313914,23.22760171639751,20.86413873666639,31.387672489611887,data (29).xls,2.14.Я3.1,Охват граждан репродуктивного возраста (18–49 лет) диспансеризацией с целью оценки репродуктивного здоровья,Охват граждан репродуктивного возраста (18–49 лет) диспансеризацией с целью оценки репродуктивного здоровья,7.4391994936295065,36.84414136111004,7.038966666666665
2029-04-30,40.49607189168174,27.318662578731427,27.318662578731427,24.75274854761715,22.005560175622563,32.63176498184029,data (29).xls,2.14.Я3.1,Охват граждан репродуктивного возраста (18–49 лет) диспансеризацией с целью оценки репродуктивного здоровья,Охват граждан репродуктивного возраста (18–49 лет) диспансеризацией с целью оценки репродуктивного здоровья,8.515439569940837,38.680802031065106,8.752766666666648
2029-05-31,42.21446906938466,29.309440308926625,29.309440308926625,26.144842353477667,23.945493662147168,34.67338695570608,data (29).xls,2.14.Я3.1,Охват граждан репродуктивного возраста (18–49 лет) диспансеризацией с целью оценки репродуктивного здоровья,Охват граждан репродуктивного возраста (18–49 лет) диспансеризацией с целью оценки репродуктивного здоровья,9.557495997842045,40.43067305790169,9.21213333333331
2029-06-30,44.106097714671705,32.02899786580109,32.02899786580109,32.01915527236641,26.614684417812324,37.44331131378985,data (29).xls,2.14.Я3.1,Охват граждан репродуктивного возраста (18–49 лет) диспансеризацией с целью оценки репродуктивного здоровья,Охват граждан репродуктивного возраста (18–49 лет) диспансеризацией с целью оценки репродуктивного здоровья,20.825027140712383,42.318420307313566,20.81723333333334
2029-07-31,46.38565132982076,35.212818345412394,35.212818345412394,34.60540633491483,29.748602336079728,40.67703435474506,data (29).xls,2.14.Я3.1,Охват граждан репродуктивного возраста (18–49 лет) диспансеризацией с целью оценки репродуктивного здоровья,Охват граждан репродуктивного возраста (18–49 лет) диспансеризацией с целью оценки репродуктивного здоровья,24.01099617684097,44.531765822499985,22.88580000000004
2029-08-31,49.1638792347114,38.47198596859508,38.47198596859508,36.589513990240235,32.95831903267822,43.98565290451194,data (29).xls,2.14.Я3.1,Охват граждан репродуктивного возраста (18–49 лет) диспансеризацией с целью оценки репродуктивного здоровья,Охват граждан репродуктивного возраста (18–49 лет) диспансеризацией с целью оценки репродуктивного здоровья,25.00588356027234,47.17118785428901,23.13463333333333
2029-09-30,52.417911376000674,41.39739574991169,41.39739574991169,38.67446809326855,35.83471747737082,46.96007402245255,data (29).xls,2.14.Я3.1,Охват граждан репродуктивного возраста (18–49 лет) диспансеризацией с целью оценки репродуктивного здоровья,Охват граждан репродуктивного возраста (18–49 лет) диспансеризацией с целью оценки репродуктивного здоровья,25.552235545459276,50.2229977949711,23.78180000000003
2029-10-31,55.99738633944739,43.6693728481204,43.6693728481204,40.823185486294086,38.05811131016179,49.280634386079015,data (29).xls,2.14.Я3.1,Охват граждан репродуктивного возраста (18–49 лет) диспансеризацией с целью оценки репродуктивного здоровья,Охват граждан репродуктивного возраста (18–49 лет) диспансеризацией с целью оценки репродуктивного здоровья,24.858960214222098,53.56300802968047,26.027200000000068
2029-11-30,59.66474056943072,45.14332918172624,45.14332918172624,43.10777320124416,39.48390142523451,50.80275693821797,data (29).xls,2.14.Я3.1,Охват граждан репродуктивного возраста (18–49 лет) диспансеризацией с целью оценки репродуктивного здоровья,Охват граждан репродуктивного возраста (18–49 лет) диспансеризацией с целью оценки репродуктивного здоровья,25.872021680888764,56.989807907508315,27.86896666666674
2029-12-31,63.15886333182996,45.88850568865276,45.88850568865276,46.02871758304182,40.181318201411386,51.59569317589413,data (29).xls,2.14.Я3.1,Охват граждан репродуктивного возраста (18–49 лет) диспансеризацией с целью оценки репродуктивного здоровья,Охват граждан репродуктивного возраста (18–49 лет) диспансеризацией с целью оценки репродуктивного здоровья,32.16745399863206,60.278731562760946,28.65003333333335
2030-01-31,33.64636917298027,24.92247790102327,24.92247790102327,19.841701776232043,19.167927049905536,30.677028752141005,data (29).xls,2.14.Я3.1,Охват граждан репродуктивного возраста (18–49 лет) диспансеризацией с целью оценки репродуктивного здоровья,Охват граждан репродуктивного возраста (18–49 лет) диспансеризацией с целью оценки репродуктивного здоровья,4.354182197006102,31.596212943483913,4.68926666666666
2030-02-28,36.2538926757759,25.128044341641584,25.128044341641584,21.57702799429856,19.326516785758113,30.929571897525054,data (29).xls,2.14.Я3.1,Охват граждан репродуктивного возраста (18–49 лет) диспансеризацией с целью оценки репродуктивного здоровья,Охват граждан репродуктивного возраста (18–49 лет) диспансеризацией с целью оценки репродуктивного здоровья,6.171141137716001,34.13346181635932,6.198599999999999
2030-03-31,38.3856119421729,25.667368624125984,25.667368624125984,22.957893901387347,19.81924170473969,31.51549554351228,data (29).xls,2.14.Я3.1,Охват граждан репродуктивного возраста (18–49 лет) диспансеризацией с целью оценки репродуктивного здоровья,Охват граждан репродуктивного возраста (18–49 лет) диспансеризацией с целью оценки репродуктивного здоровья,7.4391994936295065,36.25832278034168,7.038966666666665
2030-04-30,40.19188838641243,26.86012558971828,26.86012558971828,24.483040732606987,20.965767698579835,32.75448348085672,data (29).xls,2.14.Я3.1,Охват граждан репродуктивного возраста (18–49 лет) диспансеризацией с целью оценки репродуктивного здоровья,Охват граждан репродуктивного возраста (18–49 лет) диспансеризацией с целью оценки репродуктивного здоровья,8.515439569940837,38.094983450296745,8.752766666666648
2030-05-31,41.91028556411534,28.850903319913456,28.850903319913456,25.8751345384675,22.910674247529002,34.79113239229791,data (29).xls,2.14.Я3.1,Охват граждан репродуктивного возраста (18–49 лет) диспансеризацией с целью оценки репродуктивного здоровья,Охват граждан репродуктивного возраста (18–49 лет) диспансеризацией с целью оценки репродуктивного здоровья,9.557495997842045,39.84485447713333,9.21213333333331
2030-06-30,43.8019142094024,31.570460876787934,31.570460876787934,31.74944745735625,25.584712142003212,37.556209611572655,data (29).xls,2.14.Я3.1,Охват граждан репродуктивного возраста (18–49 лет) диспансеризацией с целью оценки репродуктивного здоровья,Охват граждан репродуктивного возраста (18–49 лет) диспансеризацией с целью оценки репродуктивного здоровья,20.825027140712383,41.732601726545205,20.81723333333334
2030-07-31,46.08146782455147,34.75428135639923,34.75428135639923,34.33569851990467,28.723356518569442,40.78520619422902,data (29).xls,2.14.Я3.1,Охват граждан репродуктивного возраста (18–49 лет) диспансеризацией с целью оценки репродуктивного здоровья,Охват граждан репродуктивного возраста (18–49 лет) диспансеризацией с целью оценки репродуктивного здоровья,24.01099617684097,43.94594724173161,22.88580000000004
2030-08-31,48.859695729442095,38.01344897958191,38.01344897958191,36.31980617523006,31.937683934492718,44.0892140246711,data (29).xls,2.14.Я3.1,Охват граждан репродуктивного возраста (18–49 лет) диспансеризацией с целью оценки репродуктивного здоровья,Охват граждан репродуктивного возраста (18–49 лет) диспансеризацией с целью оценки репродуктивного здоровья,25.00588356027234,46.585369273520634,23.13463333333333
2030-09-30,52.11372787073135,40.938858760898526,40.938858760898526,38.40476027825838,34.81858202150977,47.05913550028728,data (29).xls,2.14.Я3.1,Охват граждан репродуктивного возраста (18–49 лет) диспансеризацией с целью оценки репродуктивного здоровья,Охват граждан репродуктивного возраста (18–49 лет) диспансеризацией с целью оценки репродуктивного здоровья,25.552235545459276,49.63717921420271,23.78180000000003
2030-10-31,55.69320283417808,43.21083585910725,43.21083585910725,40.55347767128392,37.04636882210571,49.375302896108785,data (29).xls,2.14.Я3.1,Охват граждан репродуктивного возраста (18–49 лет) диспансеризацией с целью оценки репродуктивного здоровья,Охват граждан репродуктивного возраста (18–49 лет) диспансеризацией с целью оценки репродуктивного здоровья,24.858960214222098,52.97718944891211,26.027200000000068
2030-11-30,59.360557064161455,44.684792192713076,44.684792192713076,42.838065386234,38.47644939178352,50.89313499364263,data (29).xls,2.14.Я3.1,Охват граждан репродуктивного возраста (18–49 лет) диспансеризацией с целью оценки репродуктивного здоровья,Охват граждан репродуктивного возраста (18–49 лет) диспансеризацией с целью оценки репродуктивного здоровья,25.872021680888764,56.40398932673998,27.86896666666674
2030-12-31,62.854679826560655,45.429968699639616,45.429968699639616,45.759009768031646,39.17805804629297,51.681879352986265,data (29).xls,2.14.Я3.1,Охват граждан репродуктивного возраста (18–49 лет) диспансеризацией с целью оценки репродуктивного здоровья,Охват граждан репродуктивного возраста (18–49 лет) диспансеризацией с целью оценки репродуктивного здоровья,32.16745399863206,59.692912981992585,28.65003333333335
2026-04-30,102.26306847415259,69.23318028679779,69.23318028679779,62.3299395322794,60.646733876416334,77.81962669717925,data (30).xls,2.14.Я3.2,"Доля женщин, проживающих в сельской местности, поселках городского типа и малых городах, получивших медицинскую помощь в женских консультациях, расположенных в сельской местности, поселках городского типа и малых городах","Доля женщин, проживающих в сельской местности, поселках городского типа и малых городах, получивших медицинскую помощь в женских консультациях, расположенных в сельской местности, поселках городского типа и малых городах",18.06902752283564,103.32342137761106,18.760999999999946
2026-05-31,107.443261755557,74.22867333659825,74.22867333659825,65.89724665919854,65.3932928719039,83.0640538012926,data (30).xls,2.14.Я3.2,"Доля женщин, проживающих в сельской местности, поселках городского типа и малых городах, получивших медицинскую помощь в женских консультациях, расположенных в сельской местности, поселках городского типа и малых городах","Доля женщин, проживающих в сельской местности, поселках городского типа и малых городах, получивших медицинскую помощь в женских консультациях, расположенных в сельской местности, поселках городского типа и малых городах",20.716760400405914,107.63063780343167,19.466899999999928
2026-06-30,111.98209639915822,79.59242787637918,79.59242787637918,79.03655944420798,70.51493736669244,88.66991838606592,data (30).xls,2.14.Я3.2,"Доля женщин, проживающих в сельской местности, поселках городского типа и малых городах, получивших медицинскую помощь в женских консультациях, расположенных в сельской местности, поселках городского типа и малых городах","Доля женщин, проживающих в сельской местности, поселках городского типа и малых городах, получивших медицинскую помощь в женских консультациях, расположенных в сельской местности, поселках городского типа и малых городах",48.469251313237095,111.51355496559883,43.625466666666554
2026-07-31,115.69552599915325,84.53624530928533,84.53624530928533,81.50156997045065,75.22293655508831,93.84955406348236,data (30).xls,2.14.Я3.2,"Доля женщин, проживающих в сельской местности, поселках городского типа и малых городах, получивших медицинскую помощь в женских консультациях, расположенных в сельской местности, поселках городского типа и малых городах","Доля женщин, проживающих в сельской местности, поселках городского типа и малых городах, получивших медицинскую помощь в женских консультациях, расположенных в сельской местности, поселках городского типа и малых городах",49.58143800352826,114.87987387361987,42.814766666666515
2026-08-31,118.620670764602,88.3844488471204,88.3844488471204,83.41696454327058,78.84114721987665,97.92775047436415,data (30).xls,2.14.Я3.2,"Доля женщин, проживающих в сельской местности, поселках городского типа и малых городах, получивших медицинскую помощь в женских консультациях, расположенных в сельской местности, поселках городского типа и малых городах","Доля женщин, проживающих в сельской местности, поселках городского типа и малых городах, получивших медицинскую помощь в женских консультациях, расположенных в сельской местности, поселках городского типа и малых городах",49.4719854826188,117.77571762201187,42.83199999999987
2026-09-30,121.00587118938668,90.75493056008868,90.75493056008868,84.91586362536275,80.9870499329463,100.52281118723106,data (30).xls,2.14.Я3.2,"Доля женщин, проживающих в сельской местности, поселках городского типа и малых городах, получивших медицинскую помощь в женских консультациях, расположенных в сельской местности, поселках городского типа и малых городах","Доля женщин, проживающих в сельской местности, поселках городского типа и малых городах, получивших медицинскую помощь в женских консультациях, расположенных в сельской местности, поселках городского типа и малых городах",49.48141029963171,120.37327274437344,42.96383333333322
2026-10-31,123.24414541742826,91.66153688800539,91.66153688800539,86.27111183400989,81.67412591500275,101.64894786100803,data (30).xls,2.14.Я3.2,"Доля женщин, проживающих в сельской местности, поселках городского типа и малых городах, получивших медицинскую помощь в женских консультациях, расположенных в сельской местности, поселках городского типа и малых городах","Доля женщин, проживающих в сельской местности, поселках городского типа и малых городах, получивших медицинскую помощь в женских консультациях, расположенных в сельской местности, поселках городского типа и малых городах",49.427824893856425,122.92465197075938,44.097399999999936
2026-11-30,125.76788034841195,91.51035849793008,91.51035849793008,87.46430701147364,81.30813991856199,101.71257707729818,data (30).xls,2.14.Я3.2,"Доля женщин, проживающих в сельской местности, поселках городского типа и малых городах, получивших медицинскую помощь в женских консультациях, расположенных в сельской местности, поселках городского типа и малых городах","Доля женщин, проживающих в сельской местности, поселках городского типа и малых городах, получивших медицинскую помощь в женских консультациях, расположенных в сельской местности, поселках городского типа и малых городах",49.120722052431894,125.69434082526102,45.22823333333318
2026-12-31,128.9329739171988,90.9909186178743,90.9909186178743,89.75502078815781,80.57832288296008,101.40351435278852,data (30).xls,2.14.Я3.2,"Доля женщин, проживающих в сельской местности, поселках городского типа и малых городах, получивших медицинскую помощь в женских консультациях, расположенных в сельской местности, поселках городского типа и малых городах","Доля женщин, проживающих в сельской местности, поселках городского типа и малых городах, получивших медицинскую помощь в женских консультациях, расположенных в сельской местности, поселках городского типа и малых городах",51.679315795633336,128.88832894341607,48.28356666666654
2027-01-31,93.28177768313682,65.79772222690615,65.79772222690615,52.47444144341459,55.178916459010026,76.41652799480227,data (30).xls,2.14.Я3.2,"Доля женщин, проживающих в сельской местности, поселках городского типа и малых городах, получивших медицинскую помощь в женских консультациях, расположенных в сельской местности, поселках городского типа и малых городах","Доля женщин, проживающих в сельской местности, поселках городского типа и малых городах, получивших медицинскую помощь в женских консультациях, расположенных в сельской местности, поселках городского типа и малых городах",6.5099934567706095,89.69494718359269,7.0877666666667025
2027-02-28,98.06056113007617,66.79383334879624,66.79383334879624,55.69519107233795,55.97274643786839,77.61492025972409,data (30).xls,2.14.Я3.2,"Доля женщин, проживающих в сельской местности, поселках городского типа и малых городах, получивших медицинскую помощь в женских консультациях, расположенных в сельской местности, поселках городского типа и малых городах","Доля женщин, проживающих в сельской местности, поселках городского типа и малых городах, получивших медицинскую помощь в женских консультациях, расположенных в сельской местности, поселках городского типа и малых городах",9.802985500627743,93.87600871552293,9.942566666666675
2027-03-31,103.37928891767959,69.26766629555313,69.26766629555313,59.66808765227938,58.248010768659185,80.28732182244707,data (30).xls,2.14.Я3.2,"Доля женщин, проживающих в сельской местности, поселках городского типа и малых городах, получивших медицинскую помощь в женских консультациях, расположенных в сельской местности, поселках городского типа и малых городах","Доля женщин, проживающих в сельской местности, поселках городского типа и малых городах, получивших медицинскую помощь в женских консультациях, расположенных в сельской местности, поселках городского типа и малых городах",13.655290841347252,98.35535887348362,13.682833333333331
2027-04-30,108.8449429020261,73.20537462736158,73.20537462736158,64.35224599592864,61.990665806845804,84.42008344787736,data (30).xls,2.14.Я3.2,"Доля женщин, проживающих в сельской местности, поселках городского типа и малых городах, получивших медицинскую помощь в женских консультациях, расположенных в сельской местности, поселках городского типа и малых городах","Доля женщин, проживающих в сельской местности, поселках городского типа и малых городах, получивших медицинскую помощь в женских консультациях, расположенных в сельской местности, поселках городского типа и малых городах",18.06902752283564,102.88088492741991,18.760999999999946
2027-05-31,114.0251361834305,78.20086767716204,78.20086767716204,67.91955312284777,66.79444054477284,89.60729480955123,data (30).xls,2.14.Я3.2,"Доля женщин, проживающих в сельской местности, поселках городского типа и малых городах, получивших медицинскую помощь в женских консультациях, расположенных в сельской местности, поселках городского типа и малых городах","Доля женщин, проживающих в сельской местности, поселках городского типа и малых городах, получивших медицинскую помощь в женских консультациях, расположенных в сельской местности, поселках городского типа и малых городах",20.716760400405914,107.1881013532405,19.466899999999928
2027-06-30,118.56397082703174,83.56462221694296,83.56462221694296,81.0695059078572,71.96964632546072,95.15959810842521,data (30).xls,2.14.Я3.2,"Доля женщин, проживающих в сельской местности, поселках городского типа и малых городах, получивших медицинскую помощь в женских консультациях, расположенных в сельской местности, поселках городского типа и малых городах","Доля женщин, проживающих в сельской местности, поселках городского типа и малых городах, получивших медицинскую помощь в женских консультациях, расположенных в сельской местности, поселках городского типа и малых городах",48.469251313237095,111.07101851540767,43.67866666666655
2027-07-31,122.27740042702678,88.50843964984914,88.50843964984914,83.53251643409989,76.72793236358999,100.28894693610829,data (30).xls,2.14.Я3.2,"Доля женщин, проживающих в сельской местности, поселках городского типа и малых городах, получивших медицинскую помощь в женских консультациях, расположенных в сельской местности, поселках городского типа и малых городах","Доля женщин, проживающих в сельской местности, поселках городского типа и малых городах, получивших медицинскую помощь в женских консультациях, расположенных в сельской местности, поселках городского типа и малых городах",49.58143800352826,114.43733742342872,42.85796666666651
2027-08-31,125.20254519247553,92.35664318768418,92.35664318768418,85.4496176735865,80.3934814852263,104.31980489014207,data (30).xls,2.14.Я3.2,"Доля женщин, проживающих в сельской местности, поселках городского типа и малых городах, получивших медицинскую помощь в женских консультациях, расположенных в сельской местности, поселках городского типа и малых городах","Доля женщин, проживающих в сельской местности, поселках городского типа и малых городах, получивших медицинскую помощь в женских консультациях, расположенных в сельской местности, поселках городского типа и малых городах",49.4719854826188,117.33318117182073,42.883733333333204
2027-09-30,127.5877456172602,94.72712490065247,94.72712490065247,86.95074342234531,82.58405593450124,106.8701938668037,data (30).xls,2.14.Я3.2,"Доля женщин, проживающих в сельской местности, поселках городского типа и малых городах, получивших медицинскую помощь в женских консультациях, расположенных в сельской местности, поселках городского типа и малых городах","Доля женщин, проживающих в сельской местности, поселках городского типа и малых городах, получивших медицинскую помощь в женских консультациях, расположенных в сельской местности, поселках городского типа и малых городах",49.48141029963171,119.9307362941823,43.02669999999988
2027-10-31,129.8260198453018,95.63373122856918,95.63373122856918,88.3048782976591,83.31338180518611,107.95408065195224,data (30).xls,2.14.Я3.2,"Доля женщин, проживающих в сельской местности, поселках городского типа и малых городах, получивших медицинскую помощь в женских консультациях, расположенных в сельской местности, поселках городского типа и малых городах","Доля женщин, проживающих в сельской местности, поселках городского типа и малых городах, получивших медицинскую помощь в женских консультациях, расположенных в сельской местности, поселках городского типа и малых городах",49.427824893856425,122.48211552056823,44.154699999999934
2027-11-30,132.34975477628547,95.48255283849387,95.48255283849387,89.49636680845619,82.9874379565968,107.97766772039094,data (30).xls,2.14.Я3.2,"Доля женщин, проживающих в сельской местности, поселках городского типа и малых городах, получивших медицинскую помощь в женских консультациях, расположенных в сельской местности, поселках городского типа и малых городах","Доля женщин, проживающих в сельской местности, поселках городского типа и малых городах, получивших медицинскую помощь в женских консультациях, расположенных в сельской местности, поселках городского типа и малых городах",49.120722052431894,125.25180437506988,45.276999999999845
2027-12-31,135.51484834507235,94.9631129584381,94.9631129584381,91.7890805851404,82.29564352254225,107.63058239433396,data (30).xls,2.14.Я3.2,"Доля женщин, проживающих в сельской местности, поселках городского типа и малых городах, получивших медицинскую помощь в женских консультациях, расположенных в сельской местности, поселках городского типа и малых городах","Доля женщин, проживающих в сельской местности, поселках городского типа и малых городах, получивших медицинскую помощь в женских консультациях, расположенных в сельской местности, поселках городского типа и малых городах",51.679315795633336,128.44579249322499,48.3423333333332
2028-01-31,99.86365211101034,69.76991656746996,69.76991656746996,54.12426664675703,56.93240637635792,82.60742675858201,data (30).xls,2.14.Я3.2,"Доля женщин, проживающих в сельской местности, поселках городского типа и малых городах, получивших медицинскую помощь в женских консультациях, расположенных в сельской местности, поселках городского типа и малых городах","Доля женщин, проживающих в сельской местности, поселках городского типа и малых городах, получивших медицинскую помощь в женских консультациях, расположенных в сельской местности, поселках городского типа и малых городах",5.017920488569894,89.25241073340156,6.71743333333337
2028-02-29,104.6424355579497,70.76602768936004,70.76602768936004,57.37983421853558,57.760699784825846,83.77135559389424,data (30).xls,2.14.Я3.2,"Доля женщин, проживающих в сельской местности, поселках городского типа и малых городах, получивших медицинскую помощь в женских консультациях, расположенных в сельской местности, поселках городского типа и малых городах","Доля женщин, проживающих в сельской местности, поселках городского типа и малых городах, получивших медицинскую помощь в женских консультациях, расположенных в сельской местности, поселках городского типа и малых городах",8.54746891336964,93.43347226533179,9.509766666666694
2028-03-31,109.9611633455531,73.23986063611692,73.23986063611692,61.335183169356355,60.0688530853634,86.41086818687043,data (30).xls,2.14.Я3.2,"Доля женщин, проживающих в сельской местности, поселках городского типа и малых городах, получивших медицинскую помощь в женских консультациях, расположенных в сельской местности, поселках городского типа и малых городах","Доля женщин, проживающих в сельской местности, поселках городского типа и малых городах, получивших медицинскую помощь в женских консультациях, расположенных в сельской местности, поселках городского типа и малых городах",12.49130277515259,97.9128224232925,13.07076666666667
2028-04-30,115.4268173298996,77.17756896792537,77.17756896792537,66.05936618611872,63.84294014296154,90.5121977928892,data (30).xls,2.14.Я3.2,"Доля женщин, проживающих в сельской местности, поселках городского типа и малых городах, получивших медицинскую помощь в женских консультациях, расположенных в сельской местности, поселках городского типа и малых городах","Доля женщин, проживающих в сельской местности, поселках городского типа и малых городах, получивших медицинскую помощь в женских консультациях, расположенных в сельской местности, поселках городского типа и малых городах",16.82689615553997,102.43834847722877,18.427199999999953
2028-05-31,120.60701061130405,82.17306201772584,82.17306201772584,69.58158106635513,68.6767954266605,95.66932860879118,data (30).xls,2.14.Я3.2,"Доля женщин, проживающих в сельской местности, поселках городского типа и малых городах, получивших медицинскую помощь в женских консультациях, расположенных в сельской местности, поселках городского типа и малых городах","Доля женщин, проживающих в сельской местности, поселках городского типа и малых городах, получивших медицинскую помощь в женских консультациях, расположенных в сельской местности, поселках городского типа и малых городах",19.270567799696426,106.74556490304938,19.111699999999942
2028-06-30,125.14584525490527,87.53681655750677,87.53681655750677,82.78483547101855,73.88082527548492,101.19280783952861,data (30).xls,2.14.Я3.2,"Доля женщин, проживающих в сельской местности, поселках городского типа и малых городах, получивших медицинскую помощь в женских консультациях, расположенных в сельской местности, поселках городского типа и малых городах","Доля женщин, проживающих в сельской местности, поселках городского типа и малых городах, получивших медицинскую помощь в женских консультациях, расположенных в сельской местности, поселках городского типа и малых городах",47.057033477464316,110.62848206521653,43.555999999999884
2028-07-31,128.8592748549003,92.48063399041291,92.48063399041291,85.24105104427387,78.66676473186675,106.29450324895907,data (30).xls,2.14.Я3.2,"Доля женщин, проживающих в сельской местности, поселках городского типа и малых городах, получивших медицинскую помощь в женских консультациях, расположенных в сельской местности, поселках городского типа и малых городах","Доля женщин, проживающих в сельской местности, поселках городского типа и малых городах, получивших медицинскую помощь в женских консультациях, расположенных в сельской местности, поселках городского типа и малых городах",48.135245402818796,113.99480097323759,42.735299999999846
2028-08-31,131.784419620349,96.32883752824799,96.32883752824799,87.1607322837605,82.35887439695244,110.29880065954353,data (30).xls,2.14.Я3.2,"Доля женщин, проживающих в сельской местности, поселках городского типа и малых городах, получивших медицинскую помощь в женских консультациях, расположенных в сельской местности, поселках городского типа и малых городах","Доля женщин, проживающих в сельской местности, поселках городского типа и малых городах, получивших медицинскую помощь в женских консультациях, расположенных в сельской местности, поселках городского типа и малых городах",48.025792881909325,116.89064472162958,42.77396666666654
2028-09-30,134.1696200451337,98.69931924121626,98.69931924121626,88.6609787187645,84.57498719020207,112.82365129223045,data (30).xls,2.14.Я3.2,"Доля женщин, проживающих в сельской местности, поселках городского типа и малых городах, получивших медицинскую помощь в женских консультациях, расположенных в сельской местности, поселках городского типа и малых городах","Доля женщин, проживающих в сельской местности, поселках городского типа и малых городах, получивших медицинскую помощь в женских консультациях, расположенных в сельской местности, поселках городского типа и малых городах",48.03168779681489,119.48819984399111,42.916066666666545
2028-10-31,136.40789427317532,99.60592556913296,99.60592556913296,90.0131425305073,85.32889359869678,113.88295753956915,data (30).xls,2.14.Я3.2,"Доля женщин, проживающих в сельской местности, поселках городского типа и малых городах, получивших медицинскую помощь в женских консультациях, расположенных в сельской местности, поселках городского типа и малых городах","Доля женщин, проживающих в сельской местности, поселках городского типа и малых городах, получивших медицинскую помощь в женских консультациях, расположенных в сельской местности, поселках городского типа и малых городах",47.96824707318452,122.03957907037712,44.044066666666595
2028-11-30,138.93162920415898,99.45474717905766,99.45474717905766,91.19555201179863,85.02663129782053,113.8828630602948,data (30).xls,2.14.Я3.2,"Доля женщин, проживающих в сельской местности, поселках городского типа и малых городах, получивших медицинскую помощь в женских консультациях, расположенных в сельской местности, поселках городского типа и малых городах","Доля женщин, проживающих в сельской местности, поселках городского типа и малых городах, получивших медицинскую помощь в женских консультациях, расположенных в сельской местности, поселках городского типа и малых городах",47.628649084231206,124.80926792487871,45.15346666666651
2028-12-31,142.09672277294584,98.9353072990019,98.9353072990019,93.47954578848281,84.357673270122,113.5129413278818,data (30).xls,2.14.Я3.2,"Доля женщин, проживающих в сельской местности, поселках городского типа и малых городах, получивших медицинскую помощь в женских консультациях, расположенных в сельской местности, поселках городского типа и малых городах","Доля женщин, проживающих в сельской местности, поселках городского типа и малых городах, получивших медицинскую помощь в женских консультациях, расположенных в сельской местности, поселках городского типа и малых городах",50.18724282743265,128.00325604303384,48.17519999999986
2029-01-31,106.44552653888384,73.74211090803375,73.74211090803375,56.14657311040626,59.016476800209816,88.46774501585769,data (30).xls,2.14.Я3.2,"Доля женщин, проживающих в сельской местности, поселках городского типа и малых городах, получивших медицинскую помощь в женских консультациях, расположенных в сельской местности, поселках городского типа и малых городах","Доля женщин, проживающих в сельской местности, поселках городского типа и малых городах, получивших медицинскую помощь в женских консультациях, расположенных в сельской местности, поселках городского типа и малых городах",5.017920488569894,88.80987428321043,6.71743333333337
2029-02-28,111.2243099858232,74.73822202992383,74.73822202992383,59.402140682184815,59.866060590675744,89.61038346917192,data (30).xls,2.14.Я3.2,"Доля женщин, проживающих в сельской местности, поселках городского типа и малых городах, получивших медицинскую помощь в женских консультациях, расположенных в сельской местности, поселках городского типа и малых городах","Доля женщин, проживающих в сельской местности, поселках городского типа и малых городах, получивших медицинскую помощь в женских консультациях, расположенных в сельской местности, поселках городского типа и малых городах",8.54746891336964,92.99093581514066,9.509766666666694
2029-03-31,116.54303777342662,77.21205497668072,77.21205497668072,63.35748963300559,62.194795843516374,92.22931410984506,data (30).xls,2.14.Я3.2,"Доля женщин, проживающих в сельской местности, поселках городского типа и малых городах, получивших медицинскую помощь в женских консультациях, расположенных в сельской местности, поселках городского типа и малых городах","Доля женщин, проживающих в сельской местности, поселках городского типа и малых городах, получивших медицинскую помощь в женских консультациях, расположенных в сельской местности, поселках городского типа и малых городах",12.49130277515259,97.47028597310135,13.07076666666667
2029-04-30,122.00869175777314,81.14976330848916,81.14976330848916,68.08167264976797,65.98879507192333,96.31073154505498,data (30).xls,2.14.Я3.2,"Доля женщин, проживающих в сельской местности, поселках городского типа и малых городах, получивших медицинскую помощь в женских консультациях, расположенных в сельской местности, поселках городского типа и малых городах","Доля женщин, проживающих в сельской местности, поселках городского типа и малых городах, получивших медицинскую помощь в женских консультациях, расположенных в сельской местности, поселках городского типа и малых городах",16.82689615553997,101.99581202703763,18.427199999999953
2029-05-31,127.18888503917755,86.14525635828961,86.14525635828961,71.60388753000436,70.84192848923746,101.44858422734177,data (30).xls,2.14.Я3.2,"Доля женщин, проживающих в сельской местности, поселках городского типа и малых городах, получивших медицинскую помощь в женских консультациях, расположенных в сельской местности, поселках городского типа и малых городах","Доля женщин, проживающих в сельской местности, поселках городского типа и малых городах, получивших медицинскую помощь в женских консультациях, расположенных в сельской местности, поселках городского типа и малых городах",19.270567799696426,106.30302845285823,19.111699999999942
2029-06-30,131.72771968277877,91.50901089807056,91.50901089807056,84.80714193466778,76.06463555086864,106.95338624527247,data (30).xls,2.14.Я3.2,"Доля женщин, проживающих в сельской местности, поселках городского типа и малых городах, получивших медицинскую помощь в женских консультациях, расположенных в сельской местности, поселках городского типа и малых городах","Доля женщин, проживающих в сельской местности, поселках городского типа и малых городах, получивших медицинскую помощь в женских консультациях, расположенных в сельской местности, поселках городского типа и малых городах",47.057033477464316,110.18594561502542,43.555999999999884
2029-07-31,135.44114928277384,96.4528283309767,96.4528283309767,87.26335750792312,80.86868203216365,112.03697462978975,data (30).xls,2.14.Я3.2,"Доля женщин, проживающих в сельской местности, поселках городского типа и малых городах, получивших медицинскую помощь в женских консультациях, расположенных в сельской местности, поселках городского типа и малых городах","Доля женщин, проживающих в сельской местности, поселках городского типа и малых городах, получивших медицинскую помощь в женских консультациях, расположенных в сельской местности, поселках городского типа и малых городах",48.135245402818796,113.55226452304645,42.735299999999846
2029-08-31,138.36629404822253,100.30103186881179,100.30103186881179,89.18303874740971,84.57835710081005,116.02370663681353,data (30).xls,2.14.Я3.2,"Доля женщин, проживающих в сельской местности, поселках городского типа и малых городах, получивших медицинскую помощь в женских консультациях, расположенных в сельской местности, поселках городского типа и малых городах","Доля женщин, проживающих в сельской местности, поселках городского типа и малых городах, получивших медицинскую помощь в женских консультациях, расположенных в сельской местности, поселках городского типа и малых городах",48.025792881909325,116.44810827143846,42.77396666666654
2029-09-30,140.75149447300723,102.67151358178008,102.67151358178008,90.68328518241375,86.8115202697415,118.53150689381866,data (30).xls,2.14.Я3.2,"Доля женщин, проживающих в сельской местности, поселках городского типа и малых городах, получивших медицинскую помощь в женских консультациях, расположенных в сельской местности, поселках городского типа и малых городах","Доля женщин, проживающих в сельской местности, поселках городского типа и малых городах, получивших медицинскую помощь в женских консультациях, расположенных в сельской местности, поселках городского типа и малых городах",48.03168779681489,119.04566339380001,42.916066666666545
2029-10-31,142.9897687010488,103.57811990969675,103.57811990969675,92.03544899415652,87.58198681899452,119.57425300039898,data (30).xls,2.14.Я3.2,"Доля женщин, проживающих в сельской местности, поселках городского типа и малых городах, получивших медицинскую помощь в женских консультациях, расположенных в сельской местности, поселках городского типа и малых городах","Доля женщин, проживающих в сельской местности, поселках городского типа и малых городах, получивших медицинскую помощь в женских консультациях, расположенных в сельской местности, поселках городского типа и малых городах",47.96824707318452,121.59704262018596,44.044066666666595
2029-11-30,145.5135036320325,103.42694151962148,103.42694151962148,93.21785847544787,87.29581757077622,119.55806546846674,data (30).xls,2.14.Я3.2,"Доля женщин, проживающих в сельской местности, поселках городского типа и малых городах, получивших медицинскую помощь в женских консультациях, расположенных в сельской местности, поселках городского типа и малых городах","Доля женщин, проживающих в сельской местности, поселках городского типа и малых городах, получивших медицинскую помощь в женских консультациях, расположенных в сельской местности, поселках городского типа и малых городах",47.628649084231206,124.36673147468763,45.15346666666651
2029-12-31,148.67859720081938,102.90750163956568,102.90750163956568,95.50185225213205,86.64250714677353,119.17249613235784,data (30).xls,2.14.Я3.2,"Доля женщин, проживающих в сельской местности, поселках городского типа и малых городах, получивших медицинскую помощь в женских консультациях, расположенных в сельской местности, поселках городского типа и малых городах","Доля женщин, проживающих в сельской местности, поселках городского типа и малых городах, получивших медицинскую помощь в женских консультациях, расположенных в сельской местности, поселках городского типа и малых городах",50.18724282743265,127.56071959284267,48.17519999999986
2030-01-31,113.02740096675734,77.71430524859753,77.71430524859753,58.168879574055474,61.316533087474255,94.1120774097208,data (30).xls,2.14.Я3.2,"Доля женщин, проживающих в сельской местности, поселках городского типа и малых городах, получивших медицинскую помощь в женских консультациях, расположенных в сельской местности, поселках городского типа и малых городах","Доля женщин, проживающих в сельской местности, поселках городского типа и малых городах, получивших медицинскую помощь в женских консультациях, расположенных в сельской местности, поселках городского типа и малых городах",5.017920488569894,88.36733783301926,6.71743333333337
2030-02-28,117.80618441369674,78.71041637048762,78.71041637048762,61.42444714583405,62.1809330801467,95.23989966082854,data (30).xls,2.14.Я3.2,"Доля женщин, проживающих в сельской местности, поселках городского типа и малых городах, получивших медицинскую помощь в женских консультациях, расположенных в сельской местности, поселках городского типа и малых городах","Доля женщин, проживающих в сельской местности, поселках городского типа и малых городах, получивших медицинскую помощь в женских консультациях, расположенных в сельской местности, поселках городского типа и малых городах",8.54746891336964,92.54839936494952,9.509766666666694
2030-03-31,123.12491220130013,81.18424931724452,81.18424931724452,65.37979609665481,64.52409614138178,97.84440249310727,data (30).xls,2.14.Я3.2,"Доля женщин, проживающих в сельской местности, поселках городского типа и малых городах, получивших медицинскую помощь в женских консультациях, расположенных в сельской местности, поселках городского типа и малых городах","Доля женщин, проживающих в сельской местности, поселках городского типа и малых городах, получивших медицинскую помощь в женских консультациях, расположенных в сельской местности, поселках городского типа и малых городах",12.49130277515259,97.02774952291018,13.07076666666667
2030-04-30,128.59056618564665,85.12195764905297,85.12195764905297,70.1039791134172,68.33215152031046,101.91176377779549,data (30).xls,2.14.Я3.2,"Доля женщин, проживающих в сельской местности, поселках городского типа и малых городах, получивших медицинскую помощь в женских консультациях, расположенных в сельской местности, поселках городского типа и малых городах","Доля женщин, проживающих в сельской местности, поселках городского типа и малых городах, получивших медицинскую помощь в женских консультациях, расположенных в сельской местности, поселках городского типа и малых городах",16.82689615553997,101.55327557684649,18.427199999999953
2030-05-31,133.77075946705108,90.11745069885342,90.11745069885342,73.62619399365359,73.19898517037507,107.03591622733177,data (30).xls,2.14.Я3.2,"Доля женщин, проживающих в сельской местности, поселках городского типа и малых городах, получивших медицинскую помощь в женских консультациях, расположенных в сельской местности, поселках городского типа и малых городах","Доля женщин, проживающих в сельской местности, поселках городского типа и малых городах, получивших медицинскую помощь в женских консультациях, расположенных в сельской местности, поселках городского типа и малых городах",19.270567799696426,105.86049200266709,19.111699999999942
2030-06-30,138.30959411065226,95.48120523863437,95.48120523863437,86.829448398317,78.4350513664009,112.52735911086785,data (30).xls,2.14.Я3.2,"Доля женщин, проживающих в сельской местности, поселках городского типа и малых городах, получивших медицинскую помощь в женских консультациях, расположенных в сельской местности, поселках городского типа и малых городах","Доля женщин, проживающих в сельской местности, поселках городского типа и малых городах, получивших медицинскую помощь в женских консультациях, расположенных в сельской местности, поселках городского типа и малых городах",47.057033477464316,109.74340916483425,43.555999999999884
2030-07-31,142.02302371064732,100.42502267154053,100.42502267154053,89.28566397157235,83.25212985077762,117.59791549230344,data (30).xls,2.14.Я3.2,"Доля женщин, проживающих в сельской местности, поселках городского типа и малых городах, получивших медицинскую помощь в женских консультациях, расположенных в сельской местности, поселках городского типа и малых городах","Доля женщин, проживающих в сельской местности, поселках городского типа и малых городах, получивших медицинскую помощь в женских консультациях, расположенных в сельской местности, поселках городского типа и малых городах",48.135245402818796,113.1097280728553,42.735299999999846
2030-08-31,144.9481684760961,104.27322620937555,104.27322620937555,91.20534521105895,86.97452296806406,121.57192945068704,data (30).xls,2.14.Я3.2,"Доля женщин, проживающих в сельской местности, поселках городского типа и малых городах, получивших медицинскую помощь в женских консультациях, расположенных в сельской местности, поселках городского типа и малых городах","Доля женщин, проживающих в сельской местности, поселках городского типа и малых городах, получивших медицинскую помощь в женских консультациях, расположенных в сельской местности, поселках городского типа и малых городах",48.025792881909325,116.00557182124729,42.77396666666654
2030-09-30,147.33336890088074,106.64370792234388,106.64370792234388,92.70559164606298,89.22010267462002,124.06731317006773,data (30).xls,2.14.Я3.2,"Доля женщин, проживающих в сельской местности, поселках городского типа и малых городах, получивших медицинскую помощь в женских консультациях, расположенных в сельской местности, поселках городского типа и малых городах","Доля женщин, проживающих в сельской местности, поселках городского типа и малых городах, получивших медицинскую помощь в женских консультациях, расположенных в сельской местности, поселках городского типа и малых городах",48.03168779681489,118.60312694360887,42.916066666666545
2030-10-31,149.5716431289223,107.55031425026054,107.55031425026054,94.05775545780577,90.00269601227563,125.09793248824545,data (30).xls,2.14.Я3.2,"Доля женщин, проживающих в сельской местности, поселках городского типа и малых городах, получивших медицинскую помощь в женских консультациях, расположенных в сельской местности, поселках городского типа и малых городах","Доля женщин, проживающих в сельской местности, поселках городского типа и малых городах, получивших медицинскую помощь в женских консультациях, расположенных в сельской местности, поселках городского типа и малых городах",47.96824707318452,121.15450616999482,44.044066666666595
2030-11-30,152.09537805990604,107.39913586018527,107.39913586018527,95.2401649390971,89.72837493079655,125.06989678957399,data (30).xls,2.14.Я3.2,"Доля женщин, проживающих в сельской местности, поселках городского типа и малых городах, получивших медицинскую помощь в женских консультациях, расположенных в сельской местности, поселках городского типа и малых городах","Доля женщин, проживающих в сельской местности, поселках городского типа и малых городах, получивших медицинскую помощь в женских консультациях, расположенных в сельской местности, поселках городского типа и малых городах",47.628649084231206,123.92419502449646,45.15346666666651
2030-12-31,155.26047162869293,106.8796959801295,106.8796959801295,97.52415871578128,89.08664458861261,124.67274737164638,data (30).xls,2.14.Я3.2,"Доля женщин, проживающих в сельской местности, поселках городского типа и малых городах, получивших медицинскую помощь в женских консультациях, расположенных в сельской местности, поселках городского типа и малых городах","Доля женщин, проживающих в сельской местности, поселках городского типа и малых городах, получивших медицинскую помощь в женских консультациях, расположенных в сельской местности, поселках городского типа и малых городах",50.18724282743265,127.11818314265153,48.17519999999986
2025-12-31,3.072451686244788,5.50976800976801,5.50976800976801,5.219824326044524,4.54442224981309,6.475113769722929,data (31).xls,2.14.Я3.3,Младенческая смертность,Младенческая смертность (на 1 тыс. родившихся живыми),5.948532652497291,5.4930359483791955,6.075333333333333
2026-12-31,2.6933308071239095,5.144688644688644,5.144688644688644,4.979681733774001,3.9702948412014356,6.319082448175853,data (31).xls,2.14.Я3.3,Младенческая смертность,Младенческая смертность (на 1 тыс. родившихся живыми),5.891638898959411,5.118750318098034,6.050000000000004
2027-12-31,2.31420992800303,4.7796092796092795,4.7796092796092795,4.64791487927872,3.428125215672392,6.131093343546167,data (31).xls,2.14.Я3.3,Младенческая смертность,Младенческая смертность (на 1 тыс. родившихся живыми),5.524290500964411,4.744464687816872,5.87700000000001
2028-12-31,1.9350890488821504,4.414529914529915,4.414529914529915,4.295400703248756,2.9066116327647604,5.922448196295069,data (31).xls,2.14.Я3.3,Младенческая смертность,Младенческая смертность (на 1 тыс. родившихся живыми),5.194538828629335,4.370179057535711,5.5626666666666695
2029-12-31,1.5559681697612708,4.049450549450549,4.049450549450549,3.9296143183232304,2.399866991734303,5.699034107166796,data (31).xls,2.14.Я3.3,Младенческая смертность,Младенческая смертность (на 1 тыс. родившихся живыми),4.835092778483117,3.9958934272545488,5.211666666666667
2030-12-31,1.1768472906403913,3.684371184371184,3.684371184371184,3.5929422475128456,1.9043615542584704,5.4643808144838975,data (31).xls,2.14.Я3.3,Младенческая смертность,Младенческая смертность (на 1 тыс. родившихся живыми),4.556884965579266,3.6216077969733873,4.924999999999999
2026-04-30,4.139088744114762,4.066029313628912,4.066029313628912,3.924870882039298,3.888704261931187,4.243354365326637,data (32).xls,2.14.Я3.3,Младенческая смертность,"Младенческая смертность на 1 тыс. родившихся живыми (оперативные данные) (промилле (0,1 процента))",3.5431508062477715,4.181416803373798,3.694668742831243
2026-05-31,4.10488389816163,4.032516344784471,4.032516344784471,3.9072775476663226,3.853811310782294,4.211221378786649,data (32).xls,2.14.Я3.3,Младенческая смертность,"Младенческая смертность на 1 тыс. родившихся живыми (оперативные данные) (промилле (0,1 процента))",3.5566889669366577,4.144923147810973,3.697375380637881
2026-06-30,4.078329911854389,4.007329397886043,4.007329397886043,3.865320580957495,3.8272549566239964,4.1874038391480894,data (32).xls,2.14.Я3.3,Младенческая смертность,"Младенческая смертность на 1 тыс. родившихся живыми (оперативные данные) (промилле (0,1 процента))",3.444967875007856,4.115218942094907,3.680756777944281
2026-07-31,4.064806130535297,3.995177163870848,3.995177163870848,3.8713653125852607,3.8137436509412987,4.176610676800397,data (32).xls,2.14.Я3.3,Младенческая смертность,"Младенческая смертность на 1 тыс. родившихся живыми (оперативные данные) (промилле (0,1 процента))",3.519614167864486,4.098612798901869,3.6786163017538045
2026-08-31,4.066200466642817,3.9972756928854767,3.9972756928854767,3.871358495947612,3.814493213331019,4.180058172439934,data (32).xls,2.14.Я3.3,Младенческая смертность,"Младенческая смертность на 1 тыс. родившихся живыми (оперативные данные) (промилле (0,1 процента))",3.516601858378846,4.097903715632672,3.6788107461982493
2026-09-30,4.080403535098365,4.0110225546311495,4.0110225546311495,3.8795728024438647,3.826900991390462,4.195144117871837,data (32).xls,2.14.Я3.3,Младенческая смертность,"Младенческая смертность на 1 тыс. родившихся живыми (оперативные данные) (промилле (0,1 процента))",3.516414356965318,4.111631085319506,3.6783924802049843
2026-10-31,4.101873861334633,4.030694157460634,4.030694157460634,3.894209557932702,3.845243179387416,4.216145135533853,data (32).xls,2.14.Я3.3,Младенческая смертность,"Младенческая смертность на 1 тыс. родившихся живыми (оперативные данные) (промилле (0,1 процента))",3.5167835632421727,4.134466065083422,3.6872301425426457
2026-11-30,4.1231227149307825,4.048979380137928,4.048979380137928,3.9148595752125495,3.8622084496202698,4.235750310655587,data (32).xls,2.14.Я3.3,Младенческая смертность,"Младенческая смертность на 1 тыс. родившихся живыми (оперативные данные) (промилле (0,1 процента))",3.5516117851816333,4.15863943528034,3.691944560532062
2026-12-31,4.136720708881039,4.058938580869212,4.058938580869212,3.9271521705341828,3.8708569610746375,4.247020200663786,data (32).xls,2.14.Я3.3,Младенческая смертность,"Младенческая смертность на 1 тыс. родившихся живыми (оперативные данные) (промилле (0,1 процента))",3.570516980091432,4.176023355630499,3.6935612271987295
2027-01-31,4.019474398342465,3.9532397526832233,3.9532397526832233,3.8626442972054313,3.7638565144527254,4.142622990913721,data (32).xls,2.14.Я3.3,Младенческая смертность,"Младенческая смертность на 1 тыс. родившихся живыми (оперативные данные) (промилле (0,1 процента))",3.5803470983231627,4.04987881948439,3.710281417193917
2027-02-28,4.005124069877961,3.9359134775014484,3.9359134775014484,3.8400450700807305,3.7452375059140763,4.12658944908882,data (32).xls,2.14.Я3.3,Младенческая смертность,"Младенческая смертность на 1 тыс. родившихся живыми (оперативные данные) (промилле (0,1 процента))",3.5181114115402874,4.03826761738768,3.7028087740962747
2027-03-31,3.9779650090654295,3.9069388695886302,3.9069388695886302,3.8221063573293392,3.7149788702166076,4.098898868960653,data (32).xls,2.14.Я3.3,Младенческая смертность,"Младенческая смертность на 1 тыс. родившихся живыми (оперативные данные) (промилле (0,1 процента))",3.519325722787973,4.012219962334939,3.6940822228697243
2027-04-30,3.9435386904721783,3.8720395205919997,3.8720395205919997,3.8043502508491898,3.6788040254648733,4.065275015719126,data (32).xls,2.14.Я3.3,Младенческая смертность,"Младенческая смертность на 1 тыс. родившихся живыми (оперативные данные) (промилле (0,1 процента))",3.5348113203171296,3.9770646972051162,3.6942970256595253
2027-05-31,3.9093338445190455,3.8385265517475595,3.8385265517475595,3.786845805365104,3.6440239250425597,4.033029178452559,data (32).xls,2.14.Я3.3,Младенческая смертность,"Младенческая смертность на 1 тыс. родившихся живыми (оперативные данные) (промилле (0,1 процента))",3.548349481006016,3.940571041642291,3.697448107910608
2027-06-30,3.882779858211806,3.8133396048491304,3.8133396048491304,3.746750202646564,3.6175780483236895,4.009101161374571,data (32).xls,2.14.Я3.3,Младенческая смертность,"Младенческая смертность на 1 тыс. родившихся живыми (оперативные данные) (промилле (0,1 процента))",3.4459352090286495,3.9108668359262246,3.6808295052170084
2027-07-31,3.8692560768927127,3.8011873708339357,3.8011873708339357,3.7509335702840425,3.6041749290151963,3.998199812652675,data (32).xls,2.14.Я3.3,Младенческая смертность,"Младенческая смертность на 1 тыс. родившихся живыми (оперативные данные) (промилле (0,1 процента))",3.511274681933845,3.894260692733187,3.6786890290265317
2027-08-31,3.8706504130002335,3.8032858998485644,3.8032858998485644,3.750837864757505,3.605030464993676,4.001541334703453,data (32).xls,2.14.Я3.3,Младенческая смертность,"Младенческая смертность на 1 тыс. родившихся живыми (оперативные данные) (промилле (0,1 процента))",3.508262372448205,3.89355160946399,3.6784390290265323
2027-09-30,3.8848534814557807,3.817032761594237,3.817032761594237,3.7590376257992117,3.617542078434297,4.016523444754177,data (32).xls,2.14.Я3.3,Младенческая смертность,"Младенческая смертность на 1 тыс. родившихся живыми (оперативные данные) (промилле (0,1 процента))",3.508074871034677,3.907278979150824,3.67794803576054
2027-10-31,3.9063238076920492,3.836704364423722,3.836704364423722,3.773674381288049,3.635986034703344,4.0374226941441,data (32).xls,2.14.Я3.3,Младенческая смертность,"Младенческая смертность на 1 тыс. родившихся живыми (оперативные данные) (промилле (0,1 процента))",3.5084440773115317,3.9301139589147396,3.6867856980982014
2027-11-30,3.9275726612881985,3.8549895871010165,3.8549895871010165,3.794324398567897,3.6530510739247104,4.0569281002773225,data (32).xls,2.14.Я3.3,Младенческая смертность,"Младенческая смертность на 1 тыс. родившихся живыми (оперативные данные) (промилле (0,1 процента))",3.5432722992509924,3.954287329111658,3.691500116087618
2027-12-31,3.9411706552384542,3.8649487878322994,3.8649487878322994,3.8066169938895293,3.6617974198281042,4.068100155836494,data (32).xls,2.14.Я3.3,Младенческая смертность,"Младенческая смертность на 1 тыс. родившихся живыми (оперативные данные) (промилле (0,1 процента))",3.562177494160791,3.971671249461817,3.6931167827542843
2028-01-31,3.823924344699881,3.759249959646311,3.759249959646311,3.739689761746587,3.5548929349564444,3.9636069843361774,data (32).xls,2.14.Я3.3,Младенческая смертность,"Младенческая смертность на 1 тыс. родившихся живыми (оперативные данные) (промилле (0,1 процента))",3.5808827158684604,3.8455267133157083,3.688865075202575
2028-02-29,3.809574016235377,3.7419236844645365,3.7419236844645365,3.717240058431409,3.536368074572193,3.94747929435688,data (32).xls,2.14.Я3.3,Младенческая смертность,"Младенческая смертность на 1 тыс. родившихся живыми (оперативные данные) (промилле (0,1 процента))",3.518647029085585,3.833915511218998,3.6821400511525506
2028-03-31,3.782414955422846,3.712949076551718,3.712949076551718,3.6964968525830693,3.506201829952562,3.9196963231508737,data (32).xls,2.14.Я3.3,Младенческая смертность,"Младенческая смертность на 1 тыс. родившихся живыми (оперативные данные) (промилле (0,1 процента))",3.5058388748485236,3.8078678561662573,3.6734134999260006
2028-04-30,3.7479886368295943,3.6780497275550874,3.6780497275550874,3.681636052090682,3.4701176732814596,3.8859817818287152,data (32).xls,2.14.Я3.3,Младенческая смертность,"Младенческая смертность на 1 тыс. родившихся живыми (оперативные данные) (промилле (0,1 процента))",3.5353469378624274,3.7727125910364343,3.6740823671698664
2028-05-31,3.7137837908764615,3.644536758710647,3.6773445605320605,3.6641538288288182,3.4682344115373986,3.8864547095267223,data (32).xls,2.14.Я3.3,Младенческая смертность,"Младенческая смертность на 1 тыс. родившихся живыми (оперативные данные) (промилле (0,1 процента))",3.5488850985513136,3.7362189354736093,3.6773445605320605
2028-06-30,3.6872298045692222,3.6193498118122185,3.6604370689495718,3.623278545276739,3.450155425360103,3.8707187125390408,data (32).xls,2.14.Я3.3,Младенческая смертность,"Младенческая смертность на 1 тыс. родившихся живыми (оперативные данные) (промилле (0,1 процента))",3.44286131129514,3.7065147297575427,3.6604370689495718
2028-07-31,3.673706023250129,3.6071975777970238,3.658379926092428,3.6274785795808837,3.4469332783327458,3.8698265738521105,data (32).xls,2.14.Я3.3,Младенческая смертность,"Младенческая смертность на 1 тыс. родившихся живыми (оперативные данные) (промилле (0,1 процента))",3.508200784200335,3.689908586564505,3.658379926092428
2028-08-31,3.6751003593576494,3.6092961068116525,3.658379926092428,3.627432874054347,3.4457746578911768,3.8709851942936795,data (32).xls,2.14.Я3.3,Младенческая смертность,"Младенческая смертность на 1 тыс. родившихся живыми (оперативные данные) (промилле (0,1 процента))",3.5051884747146946,3.689199503295308,3.658379926092428
2028-09-30,3.689303427813197,3.623042968557325,3.657426210363713,3.6349313373192302,3.4436686016452285,3.871183819082198,data (32).xls,2.14.Я3.3,Младенческая смертность,"Младенческая смертность на 1 тыс. родившихся живыми (оперативные данные) (промилле (0,1 процента))",3.501957206879772,3.702926872982142,3.657426210363713
2028-10-31,3.710773754049465,3.64271457138681,3.6662638727013754,3.6501768460923456,3.4513601023687834,3.8811676430339674,data (32).xls,2.14.Я3.3,Младенческая смертность,"Младенческая смертность на 1 тыс. родившихся живыми (оперативные данные) (промилле (0,1 процента))",3.5053701795780214,3.7257618527460576,3.6662638727013754
2028-11-30,3.7320226076456144,3.660999794064104,3.669726703389205,3.6705765459118767,3.4536828520041625,3.8857705547742474,data (32).xls,2.14.Я3.3,Младенческая смертность,"Младенческая смертность на 1 тыс. родившихся живыми (оперативные данные) (промилле (0,1 процента))",3.540198401517482,3.749935222942976,3.669726703389205
2028-12-31,3.7456206015958706,3.6709589947953876,3.6714115518740535,3.6828827775971456,3.4542336042380173,3.88858949951009,data (32).xls,2.14.Я3.3,Младенческая смертность,"Младенческая смертность на 1 тыс. родившихся живыми (оперативные данные) (промилле (0,1 процента))",3.559103596427281,3.767319143293135,3.6714115518740535
2029-01-31,3.628374291057297,3.5652601666093986,3.628374291057297,3.6208298896954703,3.410068138698918,3.846680443415676,data (32).xls,2.14.Я3.3,Младенческая смертность,"Младенческая смертность на 1 тыс. родившихся живыми (оперативные данные) (промилле (0,1 процента))",3.5808827158684604,3.6411746071470263,3.6884576677951677
2029-02-28,3.614023962592793,3.5479338914276246,3.614023962592793,3.5983801863802922,3.3945954061657897,3.8334525190197963,data (32).xls,2.14.Я3.3,Младенческая смертность,"Младенческая смертность на 1 тыс. родившихся живыми (оперативные данные) (промилле (0,1 процента))",3.518647029085585,3.629563405050316,3.681732643745143
2029-03-31,3.5868649017802623,3.518959283514806,3.5868649017802623,3.575632968237881,3.3663196533758653,3.8074101501846593,data (32).xls,2.14.Я3.3,Младенческая смертность,"Младенческая смертность на 1 тыс. родившихся живыми (оперативные данные) (промилле (0,1 процента))",3.495818813378169,3.603515749997575,3.673006092518593
2029-04-30,3.5524385831870102,3.4840599345181755,3.5524385831870102,3.5627761800395645,3.3307822685648545,3.774094897809166,data (32).xls,2.14.Я3.3,Младенческая смертность,"Младенческая смертность на 1 тыс. родившихся живыми (оперативные данные) (промилле (0,1 процента))",3.5353469378624274,3.5683604848677524,3.673674959762459
2029-05-31,3.518233737233878,3.4505469656737353,3.531866829304927,3.5452939567777015,3.3091049900460563,3.7546286685637975,data (32).xls,2.14.Я3.3,Младенческая смертность,"Младенческая смертность на 1 тыс. родившихся живыми (оперативные данные) (промилле (0,1 процента))",3.5488850985513136,3.531866829304927,3.6769371531246526
2029-06-30,3.4916797509266386,3.425360018775306,3.4916797509266386,3.504323387030335,3.2678178465120786,3.7155416553411986,data (32).xls,2.14.Я3.3,Младенческая смертность,"Младенческая смертность на 1 тыс. родившихся живыми (оперативные данные) (промилле (0,1 процента))",3.44286131129514,3.5021626235888608,3.659553230565733
2029-07-31,3.4781559696075455,3.4132077847601114,3.485556480395823,3.5085234213344814,3.2605998902140008,3.7105130705776452,data (32).xls,2.14.Я3.3,Младенческая смертность,"Младенческая смертность на 1 тыс. родившихся живыми (оперативные данные) (промилле (0,1 процента))",3.508200784200335,3.485556480395823,3.65749608770859
2029-08-31,3.479550305715066,3.4153063137747406,3.484847397126626,3.508477715807943,3.2588014224127395,3.7108933718405126,data (32).xls,2.14.Я3.3,Младенческая смертность,"Младенческая смертность на 1 тыс. родившихся живыми (оперативные данные) (промилле (0,1 процента))",3.5051884747146946,3.484847397126626,3.65749608770859
2029-09-30,3.4937533741706135,3.429053175520413,3.4985747668134595,3.515976179072826,3.2714446325237314,3.7257049011031875,data (32).xls,2.14.Я3.3,Младенческая смертность,"Младенческая смертность на 1 тыс. родившихся живыми (оперативные данные) (промилле (0,1 процента))",3.501957206879772,3.4985747668134595,3.656542371979875
2029-10-31,3.5152237004068816,3.4487247783498978,3.5152237004068816,3.5312216878459433,3.2870145570304854,3.743432843783278,data (32).xls,2.14.Я3.3,Младенческая смертность,"Младенческая смертность на 1 тыс. родившихся живыми (оперативные данные) (промилле (0,1 процента))",3.5053701795780214,3.5214097465773757,3.665380034317537
2029-11-30,3.536472554003031,3.467010001027192,3.540198401517482,3.551621387665473,3.3109153268287748,3.7694814762061895,data (32).xls,2.14.Я3.3,Младенческая смертность,"Младенческая смертность на 1 тыс. родившихся живыми (оперативные данные) (промилле (0,1 процента))",3.540198401517482,3.545583116774294,3.6688428650053666
2029-12-31,3.550070547953287,3.4769692017584752,3.559103596427281,3.5639276193507428,3.3287515971808532,3.7894555956737084,data (32).xls,2.14.Я3.3,Младенческая смертность,"Младенческая смертность на 1 тыс. родившихся живыми (оперативные данные) (промилле (0,1 процента))",3.559103596427281,3.5629670371244533,3.6705277134902152
2030-01-31,3.432824237414713,3.3712703735724867,3.4368225009783444,3.487656425503615,3.2054065145492627,3.668238487407426,data (32).xls,2.14.Я3.3,Младенческая смертность,"Младенческая смертность на 1 тыс. родившихся живыми (оперативные данные) (промилле (0,1 процента))",3.570271170046187,3.4368225009783444,3.627093845506343
2030-02-28,3.4184739089502094,3.3539440983907123,3.425211298881634,3.4648657625924777,3.1927361948531305,3.6576864029101377,data (32).xls,2.14.Я3.3,Младенческая смертность,"Младенческая смертность на 1 тыс. родившихся живыми (оперативные данные) (промилле (0,1 процента))",3.5080354832633116,3.425211298881634,3.618664023476522
2030-03-31,3.3913148481376783,3.3249694904778937,3.399163643828893,3.441922750799273,3.165634225529651,3.6326930621281353,data (32).xls,2.14.Я3.3,Младенческая смертность,"Младенческая смертность на 1 тыс. родившихся живыми (оперативные данные) (промилле (0,1 процента))",3.4852072675558956,3.399163643828893,3.6089585039960026
2030-04-30,3.3568885295444266,3.290070141481263,3.3640083786990704,3.429093302668297,3.129429384692145,3.598587372705996,data (32).xls,2.14.Я3.3,Младенческая смертность,"Младенческая смертность на 1 тыс. родившихся живыми (оперативные данные) (промилле (0,1 процента))",3.524735392040154,3.3640083786990704,3.60976407157657
2030-05-31,3.3226836835912943,3.256557172636823,3.327514723136245,3.4117277965781496,3.0918908286615547,3.563138617610935,data (32).xls,2.14.Я3.3,Младенческая смертность,"Младенческая смертность на 1 тыс. родившихся живыми (оперативные данные) (промилле (0,1 процента))",3.53827355272904,3.327514723136245,3.613609850797349
2030-06-30,3.2961296972840546,3.2313702257383943,3.297810517420179,3.3695389626607293,3.061146335792416,3.5344746990479416,data (32).xls,2.14.Я3.3,Младенческая смертность,"Младенческая смертность на 1 тыс. родившихся живыми (оперативные данные) (промилле (0,1 процента))",3.4293407993049443,3.297810517420179,3.5930435735560757
2030-07-31,3.2826059159649614,3.2192179917231996,3.2826059159649614,3.3745667690344385,3.0449059999286754,3.5203058320012475,data (32).xls,2.14.Я3.3,Младенческая смертность,"Младенческая смертность на 1 тыс. родившихся живыми (оперативные данные) (промилле (0,1 процента))",3.4975892383780613,3.2812043742271406,3.5922163248788284
2030-08-31,3.284000252072482,3.2213165207378283,3.284000252072482,3.3745210635079004,3.0452690951160086,3.522731409028955,data (32).xls,2.14.Я3.3,Младенческая смертность,"Младенческая смертность на 1 тыс. родившихся живыми (оперативные данные) (промилле (0,1 процента))",3.494576928892421,3.280495290957944,3.5922163248788284
2030-09-30,3.2982033205280294,3.2350633824835007,3.2982033205280294,3.382049156402413,3.0584453581578614,3.5379612828981974,data (32).xls,2.14.Я3.3,Младенческая смертность,"Младенческая смертность на 1 тыс. родившихся живыми (оперативные данные) (промилле (0,1 процента))",3.4913456610574984,3.2942226606447775,3.5914107572982608
2030-10-31,3.319673646764298,3.254734985312986,3.319673646764298,3.3974682366041007,3.078893257741409,3.560454035787187,data (32).xls,2.14.Я3.3,Младенческая смертность,"Младенческая смертность на 1 тыс. родившихся живыми (оперативные данные) (промилле (0,1 процента))",3.494758633755748,3.3170576404086938,3.60111627677878
2030-11-30,3.340922500360447,3.27302020799028,3.3412310106056116,3.418092178847874,3.09943251814519,3.583029503066033,data (32).xls,2.14.Я3.3,Младенческая смертность,"Младенческая смертность на 1 тыс. родившихся живыми (оперативные данные) (промилле (0,1 процента))",3.5295868556952086,3.3412310106056116,3.6057003195878226
2030-12-31,3.354520494310703,3.2829794087215634,3.358614930955771,3.430022128666861,3.115802603891737,3.601427258019805,data (32).xls,2.14.Я3.3,Младенческая смертность,"Младенческая смертность на 1 тыс. родившихся живыми (оперативные данные) (промилле (0,1 процента))",3.5484920506050073,3.358614930955771,3.60550375874126
2026-04-30,90.20329634489408,88.52233914820756,88.52233914820756,89.33535006263818,85.12713860505929,91.91753969135584,data (33).xls,2.14.Я3.4,"Доля взятых под диспансерное наблюдение детей в возрасте 0–17 лет с впервые в жизни установленными диагнозами, от общего проведения профилактических медицинских осмотров",Доля взятых под диспансерное наблюдение детей в возрасте 0–17 лет с впервые в жизни установленными диагнозами по результатам проведения профилактических медицинских осмотров,87.2579493780613,93.89899877536162,86.79416666666638
2026-05-31,91.0860570033739,89.39943756825528,89.39943756825528,89.90169396642995,85.89974495336658,92.89913018314398,data (33).xls,2.14.Я3.4,"Доля взятых под диспансерное наблюдение детей в возрасте 0–17 лет с впервые в жизни установленными диагнозами, от общего проведения профилактических медицинских осмотров",Доля взятых под диспансерное наблюдение детей в возрасте 0–17 лет с впервые в жизни установленными диагнозами по результатам проведения профилактических медицинских осмотров,87.28493289842918,95.00950902875823,86.72853333333312
2026-06-30,92.37895257376394,90.74031084711099,90.74031084711099,90.93436852782442,87.1391568557884,94.34146483843358,data (33).xls,2.14.Я3.4,"Доля взятых под диспансерное наблюдение детей в возрасте 0–17 лет с впервые в жизни установленными диагнозами, от общего проведения профилактических медицинских осмотров",Доля взятых под диспансерное наблюдение детей в возрасте 0–17 лет с впервые в жизни установленными диагнозами по результатам проведения профилактических медицинских осмотров,88.14115608762346,96.27862313062401,87.13279999999969
2026-07-31,93.91029476864003,92.32312541817569,92.32312541817569,91.93209408656477,88.62329140301625,96.02295943333513,data (33).xls,2.14.Я3.4,"Доля взятых под диспансерное наблюдение детей в возрасте 0–17 лет с впервые в жизни установленными диагнозами, от общего проведения профилактических медицинских осмотров",Доля взятых под диспансерное наблюдение детей в возрасте 0–17 лет с впервые в жизни установленными диагнозами по результатам проведения профилактических медицинских осмотров,88.14115608762346,97.62096082505171,87.66493333333294
2026-08-31,95.444503720109,93.86121974098725,93.86121974098725,92.9361100238254,90.06527013512537,97.65716934684913,data (33).xls,2.14.Я3.4,"Доля взятых под диспансерное наблюдение детей в возрасте 0–17 лет с впервые в жизни установленными диагнозами, от общего проведения профилактических медицинских осмотров",Доля взятых под диспансерное наблюдение детей в возрасте 0–17 лет с впервые в жизни установленными диагнозами по результатам проведения профилактических медицинских осмотров,88.26383833772431,98.93152165364017,88.1794666666663
2026-09-30,96.74523141516376,95.0799150294883,95.0799150294883,93.94819253089723,91.19022415735526,98.96960590162135,data (33).xls,2.14.Я3.4,"Доля взятых под диспансерное наблюдение детей в возрасте 0–17 лет с впервые в жизни установленными диагнозами, от общего проведения профилактических медицинских осмотров",Доля взятых под диспансерное наблюдение детей в возрасте 0–17 лет с впервые в жизни установленными диагнозами по результатам проведения профилактических медицинских осмотров,89.06422979963972,100.11381974352793,88.73776666666647
2026-10-31,97.63869095490116,95.79011521092824,95.79011521092824,94.55990670096405,91.8088896770923,99.77134074476417,data (33).xls,2.14.Я3.4,"Доля взятых под диспансерное наблюдение детей в возрасте 0–17 лет с впервые в жизни установленными диагнозами, от общего проведения профилактических медицинских осмотров",Доля взятых под диспансерное наблюдение детей в возрасте 0–17 лет с впервые в жизни установленными диагнозами по результатам проведения профилактических медицинских осмотров,89.40202355321722,101.1057371191073,88.86296666666632
2026-11-30,98.06022261373832,95.93897506584864,95.93897506584864,94.48310799774599,91.86827261764888,100.00967751404839,data (33).xls,2.14.Я3.4,"Доля взятых под диспансерное наблюдение детей в возрасте 0–17 лет с впервые в жизни установленными диагнозами, от общего проведения профилактических медицинских осмотров",Доля взятых под диспансерное наблюдение детей в возрасте 0–17 лет с впервые в жизни установленными диагнозами по результатам проведения профилактических медицинских осмотров,88.44107414571937,101.89616816342405,88.07909999999958
2026-12-31,98.07161936066522,95.62406006196106,95.62406006196106,95.55981067195702,91.46580560939427,99.78231451452785,data (33).xls,2.14.Я3.4,"Доля взятых под диспансерное наблюдение детей в возрасте 0–17 лет с впервые в жизни установленными диагнозами, от общего проведения профилактических медицинских осмотров",Доля взятых под диспансерное наблюдение детей в возрасте 0–17 лет с впервые в жизни установленными диагнозами по результатам проведения профилактических медицинских осмотров,91.48464524455413,102.52799535927161,90.09073333333312
2027-01-31,94.49451011924901,93.17880084214697,93.17880084214697,91.64078331023781,88.93480016321162,97.42280152108232,data (33).xls,2.14.Я3.4,"Доля взятых под диспансерное наблюдение детей в возрасте 0–17 лет с впервые в жизни установленными диагнозами, от общего проведения профилактических медицинских осмотров",Доля взятых под диспансерное наблюдение детей в возрасте 0–17 лет с впервые в жизни установленными диагнозами по результатам проведения профилактических медицинских осмотров,86.34195224009528,97.57542001636452,86.61323333333318
2027-02-28,94.26459348509698,92.66666479430353,92.66666479430353,91.86067017395669,88.33861633878506,96.994713249822,data (33).xls,2.14.Я3.4,"Доля взятых под диспансерное наблюдение детей в возрасте 0–17 лет с впервые в жизни установленными диагнозами, от общего проведения профилактических медицинских осмотров",Доля взятых под диспансерное наблюдение детей в возрасте 0–17 лет с впервые в жизни установленными диагнозами по результатам проведения профилактических медицинских осмотров,87.17059210489376,98.1658004854894,87.03569999999979
2027-03-31,94.26815810735918,92.47392778077061,92.47392778077061,92.13299180495576,88.06343289880691,96.88442266273431,data (33).xls,2.14.Я3.4,"Доля взятых под диспансерное наблюдение детей в возрасте 0–17 лет с впервые в жизни установленными диагнозами, от общего проведения профилактических медицинских осмотров",Доля взятых под диспансерное наблюдение детей в возрасте 0–17 лет с впервые в жизни установленными диагнозами по результатам проведения профилактических медицинских осмотров,87.85629611000104,98.88444369331499,87.182133333333
2027-04-30,94.67899088493873,92.78968587429881,92.78968587429881,92.15374489302097,88.29825773011792,97.2811140184797,data (33).xls,2.14.Я3.4,"Доля взятых под диспансерное наблюдение детей в возрасте 0–17 лет с впервые в жизни установленными диагнозами, от общего проведения профилактических медицинских осмотров",Доля взятых под диспансерное наблюдение детей в возрасте 0–17 лет с впервые в жизни установленными диагнозами по результатам проведения профилактических медицинских осмотров,86.72088009041859,99.79346761544899,86.78569999999974
2027-05-31,95.56175154341854,93.66678429434653,93.66678429434653,92.69006213014606,89.09585567481501,98.23771291387804,data (33).xls,2.14.Я3.4,"Доля взятых под диспансерное наблюдение детей в возрасте 0–17 лет с впервые в жизни установленными диагнозами, от общего проведения профилактических медицинских осмотров",Доля взятых под диспансерное наблюдение детей в возрасте 0–17 лет с впервые в жизни установленными диагнозами по результатам проведения профилактических медицинских осмотров,86.74786361078647,100.9039778688456,86.56993333333314
2027-06-30,96.85464711380858,95.00765757320224,95.00765757320224,93.72453002487387,90.35858776136197,99.6567273850425,data (33).xls,2.14.Я3.4,"Доля взятых под диспансерное наблюдение детей в возрасте 0–17 лет с впервые в жизни установленными диагнозами, от общего проведения профилактических медицинских осмотров",Доля взятых под диспансерное наблюдение детей в возрасте 0–17 лет с впервые в жизни установленными диагнозами по результатам проведения профилактических медицинских осмотров,87.60408679998075,102.17309197071138,86.98316666666642
2027-07-31,98.38598930868467,96.59047214426694,96.59047214426694,94.72794225028088,91.86455299706641,101.31639129146747,data (33).xls,2.14.Я3.4,"Доля взятых под диспансерное наблюдение детей в возрасте 0–17 лет с впервые в жизни установленными диагнозами, от общего проведения профилактических медицинских осмотров",Доля взятых под диспансерное наблюдение детей в возрасте 0–17 лет с впервые в жизни установленными диагнозами по результатам проведения профилактических медицинских осмотров,87.60408679998075,103.51542966513908,87.54373333333297
2027-08-31,99.92019826015364,98.1285664670785,98.1285664670785,95.73084485420819,93.32702781198171,102.93010512217529,data (33).xls,2.14.Я3.4,"Доля взятых под диспансерное наблюдение детей в возрасте 0–17 лет с впервые в жизни установленными диагнозами, от общего проведения профилактических медицинских осмотров",Доля взятых под диспансерное наблюдение детей в возрасте 0–17 лет с впервые в жизни установленными диагнозами по результатам проведения профилактических медицинских осмотров,87.7267690500816,104.82599049372756,88.05269999999966
2027-09-30,101.2209259552084,99.34726175557955,99.34726175557955,96.70336895616735,94.47127620116075,104.22324730999836,data (33).xls,2.14.Я3.4,"Доля взятых под диспансерное наблюдение детей в возрасте 0–17 лет с впервые в жизни установленными диагнозами, от общего проведения профилактических медицинских осмотров",Доля взятых под диспансерное наблюдение детей в возрасте 0–17 лет с впервые в жизни установленными диагнозами по результатам проведения профилактических медицинских осмотров,88.37306848643371,106.0082885836153,88.56729999999982
2027-10-31,102.11438549494582,100.05746193701947,100.05746193701947,97.30545645956752,95.1081491769069,105.00677469713203,data (33).xls,2.14.Я3.4,"Доля взятых под диспансерное наблюдение детей в возрасте 0–17 лет с впервые в жизни установленными диагнозами, от общего проведения профилактических медицинских осмотров",Доля взятых под диспансерное наблюдение детей в возрасте 0–17 лет с впервые в жизни установленными диагнозами по результатам проведения профилактических медицинских осмотров,88.71086224001121,107.00020595919469,88.64436666666636
2027-11-30,102.53591715378296,100.20632179193989,100.20632179193989,97.21548053740274,95.18475246871779,105.22789111516198,data (33).xls,2.14.Я3.4,"Доля взятых под диспансерное наблюдение детей в возрасте 0–17 лет с впервые в жизни установленными диагнозами, от общего проведения профилактических медицинских осмотров",Доля взятых под диспансерное наблюдение детей в возрасте 0–17 лет с впервые в жизни установленными диагнозами по результатам проведения профилактических медицинских осмотров,87.72672673777979,107.79063700351142,87.81779999999962
2027-12-31,102.54731390070987,99.89140678805231,99.89140678805231,98.30968987828044,94.79860597332988,104.98420760277473,data (33).xls,2.14.Я3.4,"Доля взятых под диспансерное наблюдение детей в возрасте 0–17 лет с впервые в жизни установленными диагнозами, от общего проведения профилактических медицинских осмотров",Доля взятых под диспансерное наблюдение детей в возрасте 0–17 лет с впервые в жизни установленными диагнозами по результатам проведения профилактических медицинских осмотров,90.77029783661455,108.42246419935898,89.91696666666647
2028-01-31,98.97020465929366,97.4461475682382,97.4461475682382,94.56828533148244,92.28309790656057,102.60919722991584,data (33).xls,2.14.Я3.4,"Доля взятых под диспансерное наблюдение детей в возрасте 0–17 лет с впервые в жизни установленными диагнозами, от общего проведения профилактических медицинских осмотров",Доля взятых под диспансерное наблюдение детей в возрасте 0–17 лет с впервые в жизни установленными диагнозами по результатам проведения профилактических медицинских осмотров,86.34195224009528,103.46988885645189,86.61323333333318
2028-02-29,98.74028802514164,96.93401152039476,96.93401152039476,94.78817219520133,91.70165607762698,102.16636696316255,data (33).xls,2.14.Я3.4,"Доля взятых под диспансерное наблюдение детей в возрасте 0–17 лет с впервые в жизни установленными диагнозами, от общего проведения профилактических медицинских осмотров",Доля взятых под диспансерное наблюдение детей в возрасте 0–17 лет с впервые в жизни установленными диагнозами по результатам проведения профилактических медицинских осмотров,87.17059210489376,104.06026932557677,87.03569999999979
2028-03-31,98.74385264740383,96.74127450686186,96.74127450686186,95.06049382620043,91.44051935783132,102.04202965589239,data (33).xls,2.14.Я3.4,"Доля взятых под диспансерное наблюдение детей в возрасте 0–17 лет с впервые в жизни установленными диагнозами, от общего проведения профилактических медицинских осмотров",Доля взятых под диспансерное наблюдение детей в возрасте 0–17 лет с впервые в жизни установленными диагнозами по результатам проведения профилактических медицинских осмотров,87.85629611000104,104.77891253340238,87.182133333333
2028-04-30,99.15468542498337,97.05703260039006,97.05703260039006,95.08124691426562,91.68874918569539,102.42531601508473,data (33).xls,2.14.Я3.4,"Доля взятых под диспансерное наблюдение детей в возрасте 0–17 лет с впервые в жизни установленными диагнозами, от общего проведения профилактических медицинских осмотров",Доля взятых под диспансерное наблюдение детей в возрасте 0–17 лет с впервые в жизни установленными диагнозами по результатам проведения профилактических медицинских осмотров,86.72088009041859,105.68793645553636,86.78569999999974
2028-05-31,100.03744608346318,97.93413102043777,97.93413102043777,95.61756415139071,92.49915829824329,103.36910374263226,data (33).xls,2.14.Я3.4,"Доля взятых под диспансерное наблюдение детей в возрасте 0–17 лет с впервые в жизни установленными диагнозами, от общего проведения профилактических медицинских осмотров",Доля взятых под диспансерное наблюдение детей в возрасте 0–17 лет с впервые в жизни установленными диагнозами по результатам проведения профилактических медицинских осмотров,86.74786361078647,106.79844670893297,86.56993333333314
2028-06-30,101.33034165385322,99.27500429929349,99.27500429929349,96.65203204611853,93.77415071448411,104.77585788410286,data (33).xls,2.14.Я3.4,"Доля взятых под диспансерное наблюдение детей в возрасте 0–17 лет с впервые в жизни установленными диагнозами, от общего проведения профилактических медицинских осмотров",Доля взятых под диспансерное наблюдение детей в возрасте 0–17 лет с впервые в жизни установленными диагнозами по результатам проведения профилактических медицинских осмотров,87.60408679998075,108.06756081079877,86.98316666666642
2028-07-31,102.86168384872931,100.85781887035819,100.85781887035819,97.65544427152554,95.29186416051529,106.42377358020109,data (33).xls,2.14.Я3.4,"Доля взятых под диспансерное наблюдение детей в возрасте 0–17 лет с впервые в жизни установленными диагнозами, от общего проведения профилактических медицинских осмотров",Доля взятых под диспансерное наблюдение детей в возрасте 0–17 лет с впервые в жизни установленными диагнозами по результатам проведения профилактических медицинских осмотров,87.60408679998075,109.40989850522645,87.54373333333297
2028-08-31,104.39589280019828,102.39591319316975,102.39591319316975,98.65834687545285,96.7656100483529,108.0262163379866,data (33).xls,2.14.Я3.4,"Доля взятых под диспансерное наблюдение детей в возрасте 0–17 лет с впервые в жизни установленными диагнозами, от общего проведения профилактических медицинских осмотров",Доля взятых под диспансерное наблюдение детей в возрасте 0–17 лет с впервые в жизни установленными диагнозами по результатам проведения профилактических медицинских осмотров,87.7267690500816,110.72045933381492,88.05269999999966
2028-09-30,105.69662049525304,103.61460848167079,103.61460848167079,99.630870977412,97.92068407287796,109.30853289046361,data (33).xls,2.14.Я3.4,"Доля взятых под диспансерное наблюдение детей в возрасте 0–17 лет с впервые в жизни установленными диагнозами, от общего проведения профилактических медицинских осмотров",Доля взятых под диспансерное наблюдение детей в возрасте 0–17 лет с впервые в жизни установленными диагнозами по результатам проведения профилактических медицинских осмотров,88.37306848643371,111.90275742370267,88.56729999999982
2028-10-31,106.59008003499045,104.32480866311072,104.32480866311072,100.23295848081217,98.56796605248127,110.08165127374016,data (33).xls,2.14.Я3.4,"Доля взятых под диспансерное наблюдение детей в возрасте 0–17 лет с впервые в жизни установленными диагнозами, от общего проведения профилактических медицинских осмотров",Доля взятых под диспансерное наблюдение детей в возрасте 0–17 лет с впервые в жизни установленными диагнозами по результатам проведения профилактических медицинских осмотров,88.71086224001121,112.89467479928204,88.64436666666636
2028-11-30,107.0116116938276,104.47366851803113,104.47366851803113,100.14298255864739,98.65458796230148,110.29274907376079,data (33).xls,2.14.Я3.4,"Доля взятых под диспансерное наблюдение детей в возрасте 0–17 лет с впервые в жизни установленными диагнозами, от общего проведения профилактических медицинских осмотров",Доля взятых под диспансерное наблюдение детей в возрасте 0–17 лет с впервые в жизни установленными диагнозами по результатам проведения профилактических медицинских осмотров,87.72672673777979,113.68510584359879,87.81779999999962
2028-12-31,107.02300844075452,104.15875351414354,104.15875351414354,101.23719189952507,98.27809367152527,110.03941335676181,data (33).xls,2.14.Я3.4,"Доля взятых под диспансерное наблюдение детей в возрасте 0–17 лет с впервые в жизни установленными диагнозами, от общего проведения профилактических медицинских осмотров",Доля взятых под диспансерное наблюдение детей в возрасте 0–17 лет с впервые в жизни установленными диагнозами по результатам проведения профилактических медицинских осмотров,90.77029783661455,114.31693303944635,89.91696666666647
2029-01-31,103.4458991993383,101.71349429432945,101.71349429432945,97.49578735272709,95.77189334381995,107.65509524483895,data (33).xls,2.14.Я3.4,"Доля взятых под диспансерное наблюдение детей в возрасте 0–17 лет с впервые в жизни установленными диагнозами, от общего проведения профилактических медицинских осмотров",Доля взятых под диспансерное наблюдение детей в возрасте 0–17 лет с впервые в жизни установленными диагнозами по результатам проведения профилактических медицинских осмотров,86.34195224009528,109.36435769653926,86.61323333333318
2029-02-28,103.21598256518627,101.20135824648601,101.20135824648601,97.71567421644599,95.19943492761502,107.203281565357,data (33).xls,2.14.Я3.4,"Доля взятых под диспансерное наблюдение детей в возрасте 0–17 лет с впервые в жизни установленными диагнозами, от общего проведения профилактических медицинских осмотров",Доля взятых под диспансерное наблюдение детей в возрасте 0–17 лет с впервые в жизни установленными диагнозами по результатам проведения профилактических медицинских осмотров,87.17059210489376,109.95473816566414,87.03569999999979
2029-03-31,103.21954718744847,101.00862123295309,101.00862123295309,97.98799584744508,94.94697581309228,107.0702666528139,data (33).xls,2.14.Я3.4,"Доля взятых под диспансерное наблюдение детей в возрасте 0–17 лет с впервые в жизни установленными диагнозами, от общего проведения профилактических медицинских осмотров",Доля взятых под диспансерное наблюдение детей в возрасте 0–17 лет с впервые в жизни установленными диагнозами по результатам проведения профилактических медицинских осмотров,87.85629611000104,110.67338137348973,87.182133333333
2029-04-30,103.63037996502801,101.3243793264813,101.3243793264813,98.00874893551027,95.20359450207916,107.44516415088346,data (33).xls,2.14.Я3.4,"Доля взятых под диспансерное наблюдение детей в возрасте 0–17 лет с впервые в жизни установленными диагнозами, от общего проведения профилактических медицинских осмотров",Доля взятых под диспансерное наблюдение детей в возрасте 0–17 лет с впервые в жизни установленными диагнозами по результатам проведения профилактических медицинских осмотров,86.72088009041859,111.58240529562372,86.78569999999974
2029-05-31,104.51314062350782,102.20147774652902,102.20147774652902,98.54506617263536,96.02211948396292,108.38083600909512,data (33).xls,2.14.Я3.4,"Доля взятых под диспансерное наблюдение детей в возрасте 0–17 лет с впервые в жизни установленными диагнозами, от общего проведения профилактических медицинских осмотров",Доля взятых под диспансерное наблюдение детей в возрасте 0–17 лет с впервые в жизни установленными диагнозами по результатам проведения профилактических медицинских осмотров,86.74786361078647,112.69291554902034,86.56993333333314
2029-06-30,105.80603619389785,103.54235102538473,103.54235102538473,99.57953406736318,97.30496934653455,109.77973270423492,data (33).xls,2.14.Я3.4,"Доля взятых под диспансерное наблюдение детей в возрасте 0–17 лет с впервые в жизни установленными диагнозами, от общего проведения профилактических медицинских осмотров",Доля взятых под диспансерное наблюдение детей в возрасте 0–17 лет с впервые в жизни установленными диагнозами по результатам проведения профилактических медицинских осмотров,87.60408679998075,113.96202965088614,86.98316666666642
2029-07-31,107.33737838877394,105.12516559644943,105.12516559644943,100.58294629277019,98.83029531357877,111.4200358793201,data (33).xls,2.14.Я3.4,"Доля взятых под диспансерное наблюдение детей в возрасте 0–17 лет с впервые в жизни установленными диагнозами, от общего проведения профилактических медицинских осмотров",Доля взятых под диспансерное наблюдение детей в возрасте 0–17 лет с впервые в жизни установленными диагнозами по результатам проведения профилактических медицинских осмотров,87.60408679998075,115.30436734531382,87.54373333333297
2029-08-31,108.87158734024293,106.663259919261,106.663259919261,101.5858488966975,100.31142132333616,113.01509851518583,data (33).xls,2.14.Я3.4,"Доля взятых под диспансерное наблюдение детей в возрасте 0–17 лет с впервые в жизни установленными диагнозами, от общего проведения профилактических медицинских осмотров",Доля взятых под диспансерное наблюдение детей в возрасте 0–17 лет с впервые в жизни установленными диагнозами по результатам проведения профилактических медицинских осмотров,87.7267690500816,116.61492817390229,88.05269999999966
2029-09-30,110.17231503529769,107.88195520776205,107.88195520776205,102.55837299865667,101.47365471393434,114.29025570158976,data (33).xls,2.14.Я3.4,"Доля взятых под диспансерное наблюдение детей в возрасте 0–17 лет с впервые в жизни установленными диагнозами, от общего проведения профилактических медицинских осмотров",Доля взятых под диспансерное наблюдение детей в возрасте 0–17 лет с впервые в жизни установленными диагнозами по результатам проведения профилактических медицинских осмотров,88.37306848643371,117.79722626379004,88.56729999999982
2029-10-31,111.06577457503509,108.59215538920196,108.59215538920196,103.16046050205682,102.12788614282117,115.05642463558276,data (33).xls,2.14.Я3.4,"Доля взятых под диспансерное наблюдение детей в возрасте 0–17 лет с впервые в жизни установленными диагнозами, от общего проведения профилактических медицинских осмотров",Доля взятых под диспансерное наблюдение детей в возрасте 0–17 лет с впервые в жизни установленными диагнозами по результатам проведения профилактических медицинских осмотров,88.71086224001121,118.78914363936943,88.64436666666636
2029-11-30,111.48730623387225,108.74101524412237,108.74101524412237,103.07048457989204,102.22125769033121,115.26077279791352,data (33).xls,2.14.Я3.4,"Доля взятых под диспансерное наблюдение детей в возрасте 0–17 лет с впервые в жизни установленными диагнозами, от общего проведения профилактических медицинских осмотров",Доля взятых под диспансерное наблюдение детей в возрасте 0–17 лет с впервые в жизни установленными диагнозами по результатам проведения профилактических медицинских осмотров,87.72672673777979,119.57957468368616,87.81779999999962
2029-12-31,111.49870298079915,108.4261002402348,108.4261002402348,104.16469392076974,101.85132265991098,115.00087782055863,data (33).xls,2.14.Я3.4,"Доля взятых под диспансерное наблюдение детей в возрасте 0–17 лет с впервые в жизни установленными диагнозами, от общего проведения профилактических медицинских осмотров",Доля взятых под диспансерное наблюдение детей в возрасте 0–17 лет с впервые в жизни установленными диагнозами по результатам проведения профилактических медицинских осмотров,90.77029783661455,120.21140187953374,89.91696666666647
2030-01-31,107.92159373938294,105.98084102042071,105.98084102042071,100.42328937397176,99.35150003498022,112.6101820058612,data (33).xls,2.14.Я3.4,"Доля взятых под диспансерное наблюдение детей в возрасте 0–17 лет с впервые в жизни установленными диагнозами, от общего проведения профилактических медицинских осмотров",Доля взятых под диспансерное наблюдение детей в возрасте 0–17 лет с впервые в жизни установленными диагнозами по результатам проведения профилактических медицинских осмотров,86.34195224009528,115.25882653662663,86.61323333333318
2030-02-28,107.69167710523092,105.46870497257726,105.46870497257726,100.64317623769065,98.78524601992757,112.15216392522694,data (33).xls,2.14.Я3.4,"Доля взятых под диспансерное наблюдение детей в возрасте 0–17 лет с впервые в жизни установленными диагнозами, от общего проведения профилактических медицинских осмотров",Доля взятых под диспансерное наблюдение детей в возрасте 0–17 лет с впервые в жизни установленными диагнозами по результатам проведения профилактических медицинских осмотров,87.17059210489376,115.84920700575151,87.03569999999979
2030-03-31,107.69524172749311,105.27596795904435,105.27596795904435,100.91549786868973,98.53882574277301,112.01311017531569,data (33).xls,2.14.Я3.4,"Доля взятых под диспансерное наблюдение детей в возрасте 0–17 лет с впервые в жизни установленными диагнозами, от общего проведения профилактических медицинских осмотров",Доля взятых под диспансерное наблюдение детей в возрасте 0–17 лет с впервые в жизни установленными диагнозами по результатам проведения профилактических медицинских осмотров,87.85629611000104,116.56785021357712,87.182133333333
2030-04-30,108.10607450507266,105.59172605257254,105.59172605257254,100.93625095675492,98.80132496627598,112.3821271388691,data (33).xls,2.14.Я3.4,"Доля взятых под диспансерное наблюдение детей в возрасте 0–17 лет с впервые в жизни установленными диагнозами, от общего проведения профилактических медицинских осмотров",Доля взятых под диспансерное наблюдение детей в возрасте 0–17 лет с впервые в жизни установленными диагнозами по результатам проведения профилактических медицинских осмотров,86.72088009041859,117.4768741357111,86.78569999999974
2030-05-31,108.98883516355247,106.46882447262027,106.46882447262027,101.47256819388001,99.6255790011141,113.31206994412643,data (33).xls,2.14.Я3.4,"Доля взятых под диспансерное наблюдение детей в возрасте 0–17 лет с впервые в жизни установленными диагнозами, от общего проведения профилактических медицинских осмотров",Доля взятых под диспансерное наблюдение детей в возрасте 0–17 лет с впервые в жизни установленными диагнозами по результатам проведения профилактических медицинских осмотров,86.74786361078647,118.58738438910771,86.56993333333314
2030-06-30,110.2817307339425,107.80969775147597,107.80969775147597,102.50703608860783,100.91401285048158,114.70538265247035,data (33).xls,2.14.Я3.4,"Доля взятых под диспансерное наблюдение детей в возрасте 0–17 лет с впервые в жизни установленными диагнозами, от общего проведения профилактических медицинских осмотров",Доля взятых под диспансерное наблюдение детей в возрасте 0–17 лет с впервые в жизни установленными диагнозами по результатам проведения профилактических медицинских осмотров,87.60408679998075,119.85649849097351,86.98316666666642
2030-07-31,111.8130729288186,109.39251232254068,109.39251232254068,103.51044831401484,102.44478377831028,116.34024086677108,data (33).xls,2.14.Я3.4,"Доля взятых под диспансерное наблюдение детей в возрасте 0–17 лет с впервые в жизни установленными диагнозами, от общего проведения профилактических медицинских осмотров",Доля взятых под диспансерное наблюдение детей в возрасте 0–17 лет с впервые в жизни установленными диагнозами по результатам проведения профилактических медицинских осмотров,87.60408679998075,121.19883618540119,87.54373333333297
2030-08-31,113.34728188028757,110.93060664535224,110.93060664535224,104.51335091794215,103.93122141557484,117.92999187512964,data (33).xls,2.14.Я3.4,"Доля взятых под диспансерное наблюдение детей в возрасте 0–17 лет с впервые в жизни установленными диагнозами, от общего проведения профилактических медицинских осмотров",Доля взятых под диспансерное наблюдение детей в возрасте 0–17 лет с впервые в жизни установленными диагнозами по результатам проведения профилактических медицинских осмотров,87.7267690500816,122.50939701398966,88.05269999999966
2030-09-30,114.64800957534231,112.14930193385328,112.14930193385328,105.48587501990133,105.0986384710763,119.19996539663026,data (33).xls,2.14.Я3.4,"Доля взятых под диспансерное наблюдение детей в возрасте 0–17 лет с впервые в жизни установленными диагнозами, от общего проведения профилактических медицинских осмотров",Доля взятых под диспансерное наблюдение детей в возрасте 0–17 лет с впервые в жизни установленными диагнозами по результатам проведения профилактических медицинских осмотров,88.37306848643371,123.69169510387742,88.56729999999982
2030-10-31,115.54146911507974,112.85950211529321,112.85950211529321,106.08796252330146,105.75793067399584,119.96107355659058,data (33).xls,2.14.Я3.4,"Доля взятых под диспансерное наблюдение детей в возрасте 0–17 лет с впервые в жизни установленными диагнозами, от общего проведения профилактических медицинских осмотров",Доля взятых под диспансерное наблюдение детей в возрасте 0–17 лет с впервые в жизни установленными диагнозами по результатам проведения профилактических медицинских осмотров,88.71086224001121,124.6836124794568,88.64436666666636
2030-11-30,115.96300077391689,113.00836197021363,113.00836197021363,105.9979866011367,105.85624489857935,120.1604790418479,data (33).xls,2.14.Я3.4,"Доля взятых под диспансерное наблюдение детей в возрасте 0–17 лет с впервые в жизни установленными диагнозами, от общего проведения профилактических медицинских осмотров",Доля взятых под диспансерное наблюдение детей в возрасте 0–17 лет с впервые в жизни установленными диагнозами по результатам проведения профилактических медицинских осмотров,87.72672673777979,125.47404352377353,87.81779999999962
2030-12-31,115.97439752084381,112.69344696632604,112.69344696632604,107.0921959420144,105.49113898368084,119.89575494897123,data (33).xls,2.14.Я3.4,"Доля взятых под диспансерное наблюдение детей в возрасте 0–17 лет с впервые в жизни установленными диагнозами, от общего проведения профилактических медицинских осмотров",Доля взятых под диспансерное наблюдение детей в возрасте 0–17 лет с впервые в жизни установленными диагнозами по результатам проведения профилактических медицинских осмотров,90.77029783661455,126.10587071962111,89.91696666666647
2026-04-30,30.02630652125923,29.356804050202424,29.356804050202424,29.47301925399507,28.89964990056652,29.81395819983833,data (34).xls,2.14.Я3.5,"Доля беременных женщин, обратившихся в медицинские организации в ситуации репродуктивного выбора, получивших услуги по оказанию правовой, психологической и медико-социальной помощи, и вставших на учет по беременности","Доля беременных женщин, обратившихся в медицинские организации в ситуации репродуктивного выбора, получивших, в том числе услуги по оказанию правовой, психологической и медико-социальной помощи, и вставших на учет по беременности",29.290038532523642,30.01981383265668,28.672133333333363
2026-05-31,30.724392297059737,30.01885511048434,30.01885511048434,29.838710469226147,29.547631398949772,30.490078822018905,data (34).xls,2.14.Я3.5,"Доля беременных женщин, обратившихся в медицинские организации в ситуации репродуктивного выбора, получивших услуги по оказанию правовой, психологической и медико-социальной помощи, и вставших на учет по беременности","Доля беременных женщин, обратившихся в медицинские организации в ситуации репродуктивного выбора, получивших, в том числе услуги по оказанию правовой, психологической и медико-социальной помощи, и вставших на учет по беременности",29.248190256470455,30.702414682116185,28.49970000000003
2026-06-30,31.39423282164489,30.68715661462907,30.68715661462907,30.14604980850728,30.20227141574639,31.17204181351175,data (34).xls,2.14.Я3.5,"Доля беременных женщин, обратившихся в медицинские организации в ситуации репродуктивного выбора, получивших услуги по оказанию правовой, психологической и медико-социальной помощи, и вставших на учет по беременности","Доля беременных женщин, обратившихся в медицинские организации в ситуации репродуктивного выбора, получивших, в том числе услуги по оказанию правовой, психологической и медико-социальной помощи, и вставших на учет по беременности",29.041216647316066,31.35177629227972,28.255866666666655
2026-07-31,31.957203824971177,31.268477970175542,31.268477970175542,30.503507577979832,30.770305785204744,31.76665015514634,data (34).xls,2.14.Я3.5,"Доля беременных женщин, обратившихся в медицинские организации в ситуации репродуктивного выбора, получивших услуги по оказанию правовой, психологической и медико-социальной помощи, и вставших на учет по беременности","Доля беременных женщин, обратившихся в медицинские организации в ситуации репродуктивного выбора, получивших, в том числе услуги по оказанию правовой, психологической и медико-социальной помощи, и вставших на учет по беременности",29.049631171861417,31.892224922891003,28.350000000000023
2026-08-31,32.3633166389119,31.692894845237106,31.692894845237106,30.737822643326957,31.18178096784611,32.2040087226281,data (34).xls,2.14.Я3.5,"Доля беременных женщин, обратившихся в медицинские организации в ситуации репродуктивного выбора, получивших услуги по оказанию правовой, психологической и медико-социальной помощи, и вставших на учет по беременности","Доля беременных женщин, обратившихся в медицинские организации в ситуации репродуктивного выбора, получивших, в том числе услуги по оказанию правовой, психологической и медико-социальной помощи, и вставших на учет по беременности",29.004831753875695,32.27726997861004,28.350800000000042
2026-09-30,32.60461262051243,31.93252533676187,31.93252533676187,30.978520356169724,31.408789463019442,32.456261210504294,data (34).xls,2.14.Я3.5,"Доля беременных женщин, обратившихся в медицинские организации в ситуации репродуктивного выбора, получивших услуги по оказанию правовой, психологической и медико-социальной помощи, и вставших на учет по беременности","Доля беременных женщин, обратившихся в медицинские организации в ситуации репродуктивного выбора, получивших, в том числе услуги по оказанию правовой, психологической и медико-социальной помощи, и вставших на учет по беременности",29.17500269708419,32.50206112649013,28.678400000000014
2026-10-31,32.71729566394274,32.00900090393891,32.00900090393891,31.05943856374637,31.472940146908677,32.54506166096915,data (34).xls,2.14.Я3.5,"Доля беременных женщин, обратившихся в медицинские организации в ситуации репродуктивного выбора, получивших услуги по оказанию правовой, психологической и медико-социальной помощи, и вставших на учет по беременности","Доля беременных женщин, обратившихся в медицинские организации в ситуации репродуктивного выбора, получивших, в том числе услуги по оказанию правовой, психологической и медико-социальной помощи, и вставших на учет по беременности",29.178908312076246,32.60468793877395,28.787299999999995
2026-11-30,32.77203139629172,31.987670236177415,31.987670236177415,31.043816514424414,31.43956166571814,32.53577880663669,data (34).xls,2.14.Я3.5,"Доля беременных женщин, обратившихся в медицинские организации в ситуации репродуктивного выбора, получивших услуги по оказанию правовой, психологической и медико-социальной помощи, и вставших на учет по беременности","Доля беременных женщин, обратившихся в медицинские организации в ситуации репродуктивного выбора, получивших, в том числе услуги по оказанию правовой, психологической и медико-социальной помощи, и вставших на учет по беременности",29.094840450215173,32.655973822771074,28.708566666666677
2026-12-31,32.85501237985606,31.960089124553104,31.960089124553104,31.05659707406093,31.400191924351144,32.51998632475507,data (34).xls,2.14.Я3.5,"Доля беременных женщин, обратившихся в медицинские организации в ситуации репродуктивного выбора, получивших услуги по оказанию правовой, психологической и медико-социальной помощи, и вставших на учет по беременности","Доля беременных женщин, обратившихся в медицинские организации в ситуации репродуктивного выбора, получивших, в том числе услуги по оказанию правовой, психологической и медико-социальной помощи, и вставших на учет по беременности",29.034084919831372,32.740498946064164,28.69329999999997
2027-01-31,33.495281410574776,32.89948994787929,32.89948994787929,31.690683612168108,32.3280472608344,33.470932634924175,data (34).xls,2.14.Я3.5,"Доля беременных женщин, обратившихся в медицинские организации в ситуации репродуктивного выбора, получивших услуги по оказанию правовой, психологической и медико-социальной помощи, и вставших на учет по беременности","Доля беременных женщин, обратившихся в медицинские организации в ситуации репродуктивного выбора, получивших, в том числе услуги по оказанию правовой, психологической и медико-социальной помощи, и вставших на учет по беременности",29.53869987967131,33.34921348938177,29.170733333333384
2027-02-28,33.84199010478355,33.11579346533814,33.11579346533814,31.963995309821144,32.53303398290979,33.698552947766494,data (34).xls,2.14.Я3.5,"Доля беременных женщин, обратившихся в медицинские организации в ситуации репродуктивного выбора, получивших услуги по оказанию правовой, психологической и медико-социальной помощи, и вставших на учет по беременности","Доля беременных женщин, обратившихся в медицинские организации в ситуации репродуктивного выбора, получивших, в том числе услуги по оказанию правовой, психологической и медико-социальной помощи, и вставших на учет по беременности",29.691204478531315,33.69805516711935,29.472933333333366
2027-03-31,34.35351563133251,33.5168833663338,33.5168833663338,32.283465782181736,32.92302270578855,34.110744026879054,data (34).xls,2.14.Я3.5,"Доля беременных женщин, обратившихся в медицинские организации в ситуации репродуктивного выбора, получивших услуги по оказанию правовой, психологической и медико-социальной помощи, и вставших на учет по беременности","Доля беременных женщин, обратившихся в медицинские организации в ситуации репродуктивного выбора, получивших, в том числе услуги по оказанию правовой, психологической и медико-социальной помощи, и вставших на учет по беременности",29.797545827213117,34.20715075269588,29.542233333333375
2027-04-30,34.993654096051685,34.08112819167719,34.08112819167719,32.48537320466018,33.47637009629828,34.68588628705609,data (34).xls,2.14.Я3.5,"Доля беременных женщин, обратившихся в медицинские организации в ситуации репродуктивного выбора, получивших услуги по оказанию правовой, психологической и медико-социальной помощи, и вставших на учет по беременности","Доля беременных женщин, обратившихся в медицинские организации в ситуации репродуктивного выбора, получивших, в том числе услуги по оказанию правовой, психологической и медико-социальной помощи, и вставших на учет по беременности",29.519139728369936,34.838410673868694,28.99453333333338
2027-05-31,35.69173987185219,34.7431792519591,34.7431792519591,32.850271086557925,34.1277166424454,35.3586418614728,data (34).xls,2.14.Я3.5,"Доля беременных женщин, обратившихся в медицинские организации в ситуации репродуктивного выбора, получивших услуги по оказанию правовой, психологической и медико-социальной помощи, и вставших на учет по беременности","Доля беременных женщин, обратившихся в медицинские организации в ситуации репродуктивного выбора, получивших, в том числе услуги по оказанию правовой, психологической и медико-социальной помощи, и вставших на учет по беременности",29.47729145231676,35.52101152332819,28.81813333333339
2027-06-30,36.36158039643735,35.411480756103835,35.411480756103835,33.15801042583906,34.78549665607214,36.03746485613553,data (34).xls,2.14.Я3.5,"Доля беременных женщин, обратившихся в медицинские организации в ситуации репродуктивного выбора, получивших услуги по оказанию правовой, психологической и медико-социальной помощи, и вставших на учет по беременности","Доля беременных женщин, обратившихся в медицинские организации в ситуации репродуктивного выбора, получивших, в том числе услуги по оказанию правовой, психологической и медико-социальной помощи, и вставших на учет по беременности",29.270317843162367,36.17037313349173,28.576300000000018
2027-07-31,36.92455139976363,35.992802111650306,35.992802111650306,33.51206819531161,35.35647046598464,36.62913375731597,data (34).xls,2.14.Я3.5,"Доля беременных женщин, обратившихся в медицинские организации в ситуации репродуктивного выбора, получивших услуги по оказанию правовой, психологической и медико-социальной помощи, и вставших на учет по беременности","Доля беременных женщин, обратившихся в медицинские организации в ситуации репродуктивного выбора, получивших, в том числе услуги по оказанию правовой, психологической и медико-социальной помощи, и вставших на учет по беременности",29.278732367707722,36.71082176410302,28.65343333333337
2027-08-31,37.33066421370435,36.417218986711866,36.417218986711866,33.746683260658735,35.77070538820163,37.063732585222105,data (34).xls,2.14.Я3.5,"Доля беременных женщин, обратившихся в медицинские организации в ситуации репродуктивного выбора, получивших услуги по оказанию правовой, психологической и медико-социальной помощи, и вставших на учет по беременности","Доля беременных женщин, обратившихся в медицинские организации в ситуации репродуктивного выбора, получивших, в том числе услуги по оказанию правовой, психологической и медико-социальной помощи, и вставших на учет по беременности",29.233932949722,37.09586681982205,28.655733333333387
2027-09-30,37.57196019530488,36.65684947823664,36.65684947823664,33.988114306834845,36.000311815309566,37.31338714116371,data (34).xls,2.14.Я3.5,"Доля беременных женщин, обратившихся в медицинские организации в ситуации репродуктивного выбора, получивших услуги по оказанию правовой, психологической и медико-социальной помощи, и вставших на учет по беременности","Доля беременных женщин, обратившихся в медицинские организации в ситуации репродуктивного выбора, получивших, в том числе услуги по оказанию правовой, психологической и медико-социальной помощи, и вставших на учет по беременности",29.40410389293049,37.32065796770215,28.987000000000045
2027-10-31,37.6846432387352,36.73332504541367,36.73332504541367,34.060270152803646,36.0669140816497,37.399736009177644,data (34).xls,2.14.Я3.5,"Доля беременных женщин, обратившихся в медицинские организации в ситуации репродуктивного выбора, получивших услуги по оказанию правовой, психологической и медико-социальной помощи, и вставших на учет по беременности","Доля беременных женщин, обратившихся в медицинские организации в ситуации репродуктивного выбора, получивших, в том числе услуги по оказанию правовой, психологической и медико-социальной помощи, и вставших на учет по беременности",29.40599769988338,37.42328477998596,29.054100000000034
2027-11-30,37.73937897108418,36.711994377652175,36.711994377652175,34.041355117796044,36.035854272046905,37.388134483257446,data (34).xls,2.14.Я3.5,"Доля беременных женщин, обратившихся в медицинские организации в ситуации репродуктивного выбора, получивших услуги по оказанию правовой, психологической и медико-социальной помощи, и вставших на учет по беременности","Доля беременных женщин, обратившихся в медицинские организации в ситуации репродуктивного выбора, получивших, в том числе услуги по оказанию правовой, психологической и медико-социальной помощи, и вставших на учет по беременности",29.327798242927443,37.47457066398309,28.953033333333376
2027-12-31,37.82235995464852,36.68441326602787,36.68441326602787,34.05523567743258,35.99868204157401,37.37014449048173,data (34).xls,2.14.Я3.5,"Доля беременных женщин, обратившихся в медицинские организации в ситуации репродуктивного выбора, получивших услуги по оказанию правовой, психологической и медико-социальной помощи, и вставших на учет по беременности","Доля беременных женщин, обратившихся в медицинские организации в ситуации репродуктивного выбора, получивших, в том числе услуги по оказанию правовой, психологической и медико-социальной помощи, и вставших на учет по беременности",29.26704271254365,37.55909578727617,28.943266666666684
2028-01-31,38.46262898536723,37.62381408935405,37.62381408935405,34.59273732366395,36.92862405636014,38.319004122347955,data (34).xls,2.14.Я3.5,"Доля беременных женщин, обратившихся в медицинские организации в ситуации репродуктивного выбора, получивших услуги по оказанию правовой, психологической и медико-социальной помощи, и вставших на учет по беременности","Доля беременных женщин, обратившихся в медицинские организации в ситуации репродуктивного выбора, получивших, в том числе услуги по оказанию правовой, психологической и медико-социальной помощи, и вставших на учет по беременности",29.53869987967131,38.167810330593774,29.170733333333384
2028-02-29,38.809337679576004,37.84011760681291,37.84011760681291,34.866049021317,37.13559574643017,38.54463946719565,data (34).xls,2.14.Я3.5,"Доля беременных женщин, обратившихся в медицинские организации в ситуации репродуктивного выбора, получивших услуги по оказанию правовой, психологической и медико-социальной помощи, и вставших на учет по беременности","Доля беременных женщин, обратившихся в медицинские организации в ситуации репродуктивного выбора, получивших, в том числе услуги по оказанию правовой, психологической и медико-социальной помощи, и вставших на учет по беременности",29.691204478531315,38.51665200833136,29.472933333333366
2028-03-31,39.32086320612497,38.24120750780857,38.24120750780857,35.18551949367759,37.52747582044963,38.954939195167505,data (34).xls,2.14.Я3.5,"Доля беременных женщин, обратившихся в медицинские организации в ситуации репродуктивного выбора, получивших услуги по оказанию правовой, психологической и медико-социальной помощи, и вставших на учет по беременности","Доля беременных женщин, обратившихся в медицинские организации в ситуации репродуктивного выбора, получивших, в том числе услуги по оказанию правовой, психологической и медико-социальной помощи, и вставших на учет по беременности",29.797545827213117,39.025747593907894,29.542233333333375
2028-04-30,39.96100167084414,38.80545233315195,38.80545233315195,35.387426916156016,38.082628155828495,39.5282765104754,data (34).xls,2.14.Я3.5,"Доля беременных женщин, обратившихся в медицинские организации в ситуации репродуктивного выбора, получивших услуги по оказанию правовой, психологической и медико-социальной помощи, и вставших на учет по беременности","Доля беременных женщин, обратившихся в медицинские организации в ситуации репродуктивного выбора, получивших, в том числе услуги по оказанию правовой, психологической и медико-социальной помощи, и вставших на учет по беременности",29.519139728369936,39.6570075150807,28.99453333333338
2028-05-31,40.65908744664465,39.467503393433866,39.467503393433866,35.75232479805378,38.7356996894897,40.19930709737803,data (34).xls,2.14.Я3.5,"Доля беременных женщин, обратившихся в медицинские организации в ситуации репродуктивного выбора, получивших услуги по оказанию правовой, психологической и медико-социальной помощи, и вставших на учет по беременности","Доля беременных женщин, обратившихся в медицинские организации в ситуации репродуктивного выбора, получивших, в том числе услуги по оказанию правовой, психологической и медико-социальной помощи, и вставших на учет по беременности",29.47729145231676,40.339608364540204,28.81813333333339
2028-06-30,41.3289279712298,40.135804897578595,40.135804897578595,36.060064137334905,39.39513052183073,40.87647927332646,data (34).xls,2.14.Я3.5,"Доля беременных женщин, обратившихся в медицинские организации в ситуации репродуктивного выбора, получивших услуги по оказанию правовой, психологической и медико-социальной помощи, и вставших на учет по беременности","Доля беременных женщин, обратившихся в медицинские организации в ситуации репродуктивного выбора, получивших, в том числе услуги по оказанию правовой, психологической и медико-социальной помощи, и вставших на учет по беременности",29.270317843162367,40.98896997470374,28.576300000000018
2028-07-31,41.89189897455609,40.71712625312507,40.71712625312507,36.41412190680745,39.96768619503332,41.46656631121682,data (34).xls,2.14.Я3.5,"Доля беременных женщин, обратившихся в медицинские организации в ситуации репродуктивного выбора, получивших услуги по оказанию правовой, психологической и медико-социальной помощи, и вставших на учет по беременности","Доля беременных женщин, обратившихся в медицинские организации в ситуации репродуктивного выбора, получивших, в том числе услуги по оказанию правовой, психологической и медико-социальной помощи, и вставших на учет по беременности",29.278732367707722,41.52941860531502,28.65343333333337
2028-08-31,42.298011788496815,41.14154312818663,41.14154312818663,36.64873697215458,40.38343873533849,41.89964752103478,data (34).xls,2.14.Я3.5,"Доля беременных женщин, обратившихся в медицинские организации в ситуации репродуктивного выбора, получивших услуги по оказанию правовой, психологической и медико-социальной помощи, и вставших на учет по беременности","Доля беременных женщин, обратившихся в медицинские организации в ситуации репродуктивного выбора, получивших, в том числе услуги по оказанию правовой, психологической и медико-социальной помощи, и вставших на учет по беременности",29.233932949722,41.91446366103406,28.655733333333387
2028-09-30,42.53930777009734,41.3811736197114,41.3811736197114,36.890168018330684,40.6145028036249,42.14784443579789,data (34).xls,2.14.Я3.5,"Доля беременных женщин, обратившихся в медицинские организации в ситуации репродуктивного выбора, получивших услуги по оказанию правовой, психологической и медико-социальной помощи, и вставших на учет по беременности","Доля беременных женщин, обратившихся в медицинские организации в ситуации репродуктивного выбора, получивших, в том числе услуги по оказанию правовой, психологической и медико-социальной помощи, и вставших на учет по беременности",29.40410389293049,42.13925480891415,28.987000000000045
2028-10-31,42.651990813527654,41.45764918688843,41.45764918688843,36.96232386429949,40.682506612892,42.232791760884865,data (34).xls,2.14.Я3.5,"Доля беременных женщин, обратившихся в медицинские организации в ситуации репродуктивного выбора, получивших услуги по оказанию правовой, психологической и медико-социальной помощи, и вставших на учет по беременности","Доля беременных женщин, обратившихся в медицинские организации в ситуации репродуктивного выбора, получивших, в том числе услуги по оказанию правовой, психологической и медико-социальной помощи, и вставших на учет по беременности",29.40599769988338,42.241881621197976,29.054100000000034
2028-11-30,42.706726545876634,41.43631851912694,41.43631851912694,36.9434088292919,40.65279578186598,42.2198412563879,data (34).xls,2.14.Я3.5,"Доля беременных женщин, обратившихся в медицинские организации в ситуации репродуктивного выбора, получивших услуги по оказанию правовой, психологической и медико-социальной помощи, и вставших на учет по беременности","Доля беременных женщин, обратившихся в медицинские организации в ситуации репродуктивного выбора, получивших, в том числе услуги по оказанию правовой, психологической и медико-социальной помощи, и вставших на учет по беременности",29.327798242927443,42.29316750519509,28.953033333333376
2028-12-31,42.789707529440975,41.40873740750263,41.40873740750263,36.95728938892842,40.61692319344229,42.200551621562965,data (34).xls,2.14.Я3.5,"Доля беременных женщин, обратившихся в медицинские организации в ситуации репродуктивного выбора, получивших услуги по оказанию правовой, психологической и медико-социальной помощи, и вставших на учет по беременности","Доля беременных женщин, обратившихся в медицинские организации в ситуации репродуктивного выбора, получивших, в том числе услуги по оказанию правовой, психологической и медико-социальной помощи, и вставших на учет по беременности",29.26704271254365,42.377692628488184,28.943266666666684
2029-01-31,43.42997656015969,42.34813823082881,42.34813823082881,37.49479103515979,41.548118468965974,43.148157992691644,data (34).xls,2.14.Я3.5,"Доля беременных женщин, обратившихся в медицинские организации в ситуации репродуктивного выбора, получивших услуги по оказанию правовой, психологической и медико-социальной помощи, и вставших на учет по беременности","Доля беременных женщин, обратившихся в медицинские организации в ситуации репродуктивного выбора, получивших, в том числе услуги по оказанию правовой, психологической и медико-социальной помощи, и вставших на учет по беременности",29.53869987967131,42.98640717180578,29.170733333333384
2029-02-28,43.77668525436846,42.56444174828767,42.56444174828767,37.768102732812835,41.75629975014987,43.37258374642547,data (34).xls,2.14.Я3.5,"Доля беременных женщин, обратившихся в медицинские организации в ситуации репродуктивного выбора, получивших услуги по оказанию правовой, психологической и медико-социальной помощи, и вставших на учет по беременности","Доля беременных женщин, обратившихся в медицинские организации в ситуации репродуктивного выбора, получивших, в том числе услуги по оказанию правовой, психологической и медико-социальной помощи, и вставших на учет по беременности",29.691204478531315,43.33524884954337,29.472933333333366
2029-03-31,44.288210780917424,42.96553164928333,42.96553164928333,38.08757320517343,42.14934823917428,43.781715059392376,data (34).xls,2.14.Я3.5,"Доля беременных женщин, обратившихся в медицинские организации в ситуации репродуктивного выбора, получивших услуги по оказанию правовой, психологической и медико-социальной помощи, и вставших на учет по беременности","Доля беременных женщин, обратившихся в медицинские организации в ситуации репродуктивного выбора, получивших, в том числе услуги по оказанию правовой, психологической и медико-социальной помощи, и вставших на учет по беременности",29.797545827213117,43.8443444351199,29.542233333333375
2029-04-30,44.9283492456366,43.529776474626715,43.529776474626715,38.28948062765187,42.705630110975015,44.353922838278415,data (34).xls,2.14.Я3.5,"Доля беременных женщин, обратившихся в медицинские организации в ситуации репродуктивного выбора, получивших услуги по оказанию правовой, психологической и медико-социальной помощи, и вставших на учет по беременности","Доля беременных женщин, обратившихся в медицинские организации в ситуации репродуктивного выбора, получивших, в том числе услуги по оказанию правовой, психологической и медико-социальной помощи, и вставших на учет по беременности",29.519139728369936,44.475604356292706,28.99453333333338
2029-05-31,45.6264350214371,44.191827534908626,44.191827534908626,38.65437850954962,43.35979442348613,45.02386064633112,data (34).xls,2.14.Я3.5,"Доля беременных женщин, обратившихся в медицинские организации в ситуации репродуктивного выбора, получивших услуги по оказанию правовой, психологической и медико-социальной помощи, и вставших на учет по беременности","Доля беременных женщин, обратившихся в медицинские организации в ситуации репродуктивного выбора, получивших, в том числе услуги по оказанию правовой, психологической и медико-социальной помощи, и вставших на учет по беременности",29.47729145231676,45.15820520575222,28.81813333333339
2029-06-30,46.29627554602226,44.86012903905336,44.86012903905336,38.96211784883075,44.02028323875042,45.6999748393563,data (34).xls,2.14.Я3.5,"Доля беременных женщин, обратившихся в медицинские организации в ситуации репродуктивного выбора, получивших услуги по оказанию правовой, психологической и медико-социальной помощи, и вставших на учет по беременности","Доля беременных женщин, обратившихся в медицинские организации в ситуации репродуктивного выбора, получивших, в том числе услуги по оказанию правовой, психологической и медико-социальной помощи, и вставших на учет по беременности",29.270317843162367,45.80756681591575,28.576300000000018
2029-07-31,46.85924654934855,45.44145039459983,45.44145039459983,39.3161756183033,44.59386391637501,46.28903687282466,data (34).xls,2.14.Я3.5,"Доля беременных женщин, обратившихся в медицинские организации в ситуации репродуктивного выбора, получивших услуги по оказанию правовой, психологической и медико-социальной помощи, и вставших на учет по беременности","Доля беременных женщин, обратившихся в медицинские организации в ситуации репродуктивного выбора, получивших, в том числе услуги по оказанию правовой, психологической и медико-социальной помощи, и вставших на учет по беременности",29.278732367707722,46.34801544652703,28.65343333333337
2029-08-31,47.26535936328927,45.86586726966139,45.86586726966139,39.550790683650426,45.01061016922162,46.721124370101165,data (34).xls,2.14.Я3.5,"Доля беременных женщин, обратившихся в медицинские организации в ситуации репродуктивного выбора, получивших услуги по оказанию правовой, психологической и медико-социальной помощи, и вставших на учет по беременности","Доля беременных женщин, обратившихся в медицинские организации в ситуации репродуктивного выбора, получивших, в том числе услуги по оказанию правовой, психологической и медико-социальной помощи, и вставших на учет по беременности",29.233932949722,46.733060502246076,28.655733333333387
2029-09-30,47.50665534488979,46.10549776118616,46.10549776118616,39.79222172982653,45.242638225899135,46.96835729647318,data (34).xls,2.14.Я3.5,"Доля беременных женщин, обратившихся в медицинские организации в ситуации репродуктивного выбора, получивших услуги по оказанию правовой, психологической и медико-социальной помощи, и вставших на учет по беременности","Доля беременных женщин, обратившихся в медицинские организации в ситуации репродуктивного выбора, получивших, в том числе услуги по оказанию правовой, психологической и медико-социальной помощи, и вставших на учет по беременности",29.40410389293049,46.957851650126166,28.987000000000045
2029-10-31,47.61933838832012,46.1819733283632,46.1819733283632,39.864377575795345,45.31157775885539,47.052368897871006,data (34).xls,2.14.Я3.5,"Доля беременных женщин, обратившихся в медицинские организации в ситуации репродуктивного выбора, получивших услуги по оказанию правовой, психологической и медико-социальной помощи, и вставших на учет по беременности","Доля беременных женщин, обратившихся в медицинские организации в ситуации репродуктивного выбора, получивших, в том числе услуги по оказанию правовой, психологической и медико-социальной помощи, и вставших на учет по беременности",29.40599769988338,47.06047846240999,29.054100000000034
2029-11-30,47.6740741206691,46.16064266060171,46.16064266060171,39.84546254078774,45.282775747452625,47.038509573750794,data (34).xls,2.14.Я3.5,"Доля беременных женщин, обратившихся в медицинские организации в ситуации репродуктивного выбора, получивших услуги по оказанию правовой, психологической и медико-социальной помощи, и вставших на учет по беременности","Доля беременных женщин, обратившихся в медицинские организации в ситуации репродуктивного выбора, получивших, в том числе услуги по оказанию правовой, психологической и медико-социальной помощи, и вставших на учет по беременности",29.327798242927443,47.1117643464071,28.953033333333376
2029-12-31,47.75705510423344,46.133061548977395,46.133061548977395,39.859343100424276,45.247786344882655,47.018336753072134,data (34).xls,2.14.Я3.5,"Доля беременных женщин, обратившихся в медицинские организации в ситуации репродуктивного выбора, получивших услуги по оказанию правовой, психологической и медико-социальной помощи, и вставших на учет по беременности","Доля беременных женщин, обратившихся в медицинские организации в ситуации репродуктивного выбора, получивших, в том числе услуги по оказанию правовой, психологической и медико-социальной помощи, и вставших на учет по беременности",29.26704271254365,47.19628946970019,28.943266666666684
2030-01-31,48.39732413495214,47.072462372303576,47.072462372303576,40.396844746655646,46.17984036004527,47.965084384561884,data (34).xls,2.14.Я3.5,"Доля беременных женщин, обратившихся в медицинские организации в ситуации репродуктивного выбора, получивших услуги по оказанию правовой, психологической и медико-социальной помощи, и вставших на учет по беременности","Доля беременных женщин, обратившихся в медицинские организации в ситуации репродуктивного выбора, получивших, в том числе услуги по оказанию правовой, психологической и медико-социальной помощи, и вставших на учет по беременности",29.53869987967131,47.80500401301779,29.170733333333384
2030-02-28,48.744032829160915,47.28876588976243,47.28876588976243,40.67015644430868,46.38885704629485,48.18867473323001,data (34).xls,2.14.Я3.5,"Доля беременных женщин, обратившихся в медицинские организации в ситуации репродуктивного выбора, получивших услуги по оказанию правовой, психологической и медико-социальной помощи, и вставших на учет по беременности","Доля беременных женщин, обратившихся в медицинские организации в ситуации репродуктивного выбора, получивших, в том числе услуги по оказанию правовой, психологической и медико-социальной помощи, и вставших на учет по беременности",29.691204478531315,48.153845690755375,29.472933333333366
2030-03-31,49.25555835570988,47.68985579075809,47.68985579075809,40.98962691666928,46.78271864768973,48.59699293382645,data (34).xls,2.14.Я3.5,"Доля беременных женщин, обратившихся в медицинские организации в ситуации репродуктивного выбора, получивших услуги по оказанию правовой, психологической и медико-социальной помощи, и вставших на учет по беременности","Доля беременных женщин, обратившихся в медицинские организации в ситуации репродуктивного выбора, получивших, в том числе услуги по оказанию правовой, психологической и медико-социальной помощи, и вставших на учет по беременности",29.797545827213117,48.662941276331914,29.542233333333375
2030-04-30,49.89569682042906,48.254100616101475,48.254100616101475,41.191534339147715,47.339792316829666,49.168408915373284,data (34).xls,2.14.Я3.5,"Доля беременных женщин, обратившихся в медицинские организации в ситуации репродуктивного выбора, получивших услуги по оказанию правовой, психологической и медико-социальной помощи, и вставших на учет по беременности","Доля беременных женщин, обратившихся в медицинские организации в ситуации репродуктивного выбора, получивших, в том числе услуги по оказанию правовой, психологической и медико-социальной помощи, и вставших на учет по беременности",29.519139728369936,49.29420119750472,28.99453333333338
2030-05-31,50.59378259622956,48.91615167638339,48.91615167638339,41.55643222104546,47.994728030116164,49.83757532265062,data (34).xls,2.14.Я3.5,"Доля беременных женщин, обратившихся в медицинские организации в ситуации репродуктивного выбора, получивших услуги по оказанию правовой, психологической и медико-социальной помощи, и вставших на учет по беременности","Доля беременных женщин, обратившихся в медицинские организации в ситуации репродуктивного выбора, получивших, в том числе услуги по оказанию правовой, психологической и медико-социальной помощи, и вставших на учет по беременности",29.47729145231676,49.976802046964224,28.81813333333339
2030-06-30,51.263623120814714,49.58445318052812,49.58445318052812,41.8641715603266,48.65596871340792,50.51293764764832,data (34).xls,2.14.Я3.5,"Доля беременных женщин, обратившихся в медицинские организации в ситуации репродуктивного выбора, получивших услуги по оказанию правовой, психологической и медико-социальной помощи, и вставших на учет по беременности","Доля беременных женщин, обратившихся в медицинские организации в ситуации репродуктивного выбора, получивших, в том числе услуги по оказанию правовой, психологической и медико-социальной помощи, и вставших на учет по беременности",29.270317843162367,50.62616365712776,28.576300000000018
2030-07-31,51.826594124141,50.16577453607459,50.16577453607459,42.218229329799144,49.23028253960078,51.10126653254841,data (34).xls,2.14.Я3.5,"Доля беременных женщин, обратившихся в медицинские организации в ситуации репродуктивного выбора, получивших услуги по оказанию правовой, психологической и медико-социальной помощи, и вставших на учет по беременности","Доля беременных женщин, обратившихся в медицинские организации в ситуации репродуктивного выбора, получивших, в том числе услуги по оказанию правовой, психологической и медико-социальной помощи, и вставших на учет по беременности",29.278732367707722,51.16661228773904,28.65343333333337
2030-08-31,52.232706938081726,50.59019141113616,50.59019141113616,42.45284439514627,49.64774398806703,51.532638834205294,data (34).xls,2.14.Я3.5,"Доля беременных женщин, обратившихся в медицинские организации в ситуации репродуктивного выбора, получивших услуги по оказанию правовой, психологической и медико-социальной помощи, и вставших на учет по беременности","Доля беременных женщин, обратившихся в медицинские организации в ситуации репродуктивного выбора, получивших, в том числе услуги по оказанию правовой, психологической и медико-социальной помощи, и вставших на учет по беременности",29.233932949722,51.55165734345808,28.655733333333387
2030-09-30,52.474002919682256,50.829821902660925,50.829821902660925,42.69427544132238,49.88047001056152,51.77917379476033,data (34).xls,2.14.Я3.5,"Доля беременных женщин, обратившихся в медицинские организации в ситуации репродуктивного выбора, получивших услуги по оказанию правовой, психологической и медико-социальной помощи, и вставших на учет по беременности","Доля беременных женщин, обратившихся в медицинские организации в ситуации репродуктивного выбора, получивших, в том числе услуги по оказанию правовой, психологической и медико-социальной помощи, и вставших на учет по беременности",29.40410389293049,51.77644849133817,28.987000000000045
2030-10-31,52.58668596311257,50.906297469837966,50.906297469837966,42.76643128729119,49.950090962426614,51.86250397724932,data (34).xls,2.14.Я3.5,"Доля беременных женщин, обратившихся в медицинские организации в ситуации репродуктивного выбора, получивших услуги по оказанию правовой, психологической и медико-социальной помощи, и вставших на учет по беременности","Доля беременных женщин, обратившихся в медицинские организации в ситуации репродуктивного выбора, получивших, в том числе услуги по оказанию правовой, психологической и медико-социальной помощи, и вставших на учет по беременности",29.40599769988338,51.87907530362199,29.054100000000034
2030-11-30,52.64142169546156,50.88496680207647,50.88496680207647,42.74751625228359,49.92195446851117,51.84797913564177,data (34).xls,2.14.Я3.5,"Доля беременных женщин, обратившихся в медицинские организации в ситуации репродуктивного выбора, получивших услуги по оказанию правовой, психологической и медико-социальной помощи, и вставших на учет по беременности","Доля беременных женщин, обратившихся в медицинские организации в ситуации репродуктивного выбора, получивших, в том числе услуги по оказанию правовой, психологической и медико-социальной помощи, и вставших на учет по беременности",29.327798242927443,51.93036118761911,28.953033333333376
2030-12-31,52.72440267902589,50.85738569045216,50.85738569045216,42.76139681192012,49.8876152926868,51.82715608821752,data (34).xls,2.14.Я3.5,"Доля беременных женщин, обратившихся в медицинские организации в ситуации репродуктивного выбора, получивших услуги по оказанию правовой, психологической и медико-социальной помощи, и вставших на учет по беременности","Доля беременных женщин, обратившихся в медицинские организации в ситуации репродуктивного выбора, получивших, в том числе услуги по оказанию правовой, психологической и медико-социальной помощи, и вставших на учет по беременности",29.26704271254365,52.0148863109122,28.943266666666684
2026-04-30,155.7099797057185,110.43958627646685,110.43958627646685,99.41236059729842,102.82036395662718,118.05880859630653,data (35).xls,2.14.Я5.2,Увеличение числа посещений организаций культуры по отношению к 2023 году,Увеличение числа посещений организаций культуры по отношению к 2023 году,37.8782183781591,154.10201862614772,38.9319999999999
2026-05-31,165.38240443094918,120.84393660159259,120.84393660159259,107.5115448887796,112.99022199915194,128.69765120403324,data (35).xls,2.14.Я5.2,Увеличение числа посещений организаций культуры по отношению к 2023 году,Увеличение числа посещений организаций культуры по отношению к 2023 году,44.484436141102805,163.84761393692017,42.999333333333176
2026-06-30,174.84291271167123,133.06748877590735,133.06748877590735,129.54075976910704,124.98608312131755,141.14889443049714,data (35).xls,2.14.Я5.2,Увеличение числа посещений организаций культуры по отношению к 2023 году,Увеличение числа посещений организаций культуры по отношению к 2023 году,84.17201821284837,173.39771247844124,82.22366666666693
2026-07-31,184.1731104192956,145.5343665472975,145.5343665472975,138.6045003977986,137.23151151715984,153.83722157743517,data (35).xls,2.14.Я5.2,Увеличение числа посещений организаций культуры по отношению к 2023 году,Увеличение числа посещений организаций культуры по отношению к 2023 году,92.5246576561421,182.7763673662575,88.01400000000031
2026-08-31,193.48952003806002,156.60349476641545,156.60349476641545,145.57933249919273,148.08494524499287,165.12204428783804,data (35).xls,2.14.Я5.2,Увеличение числа посещений организаций культуры по отношению к 2023 году,Увеличение числа посещений организаций культуры по отношению к 2023 году,96.17207778701473,192.05356990447328,89.57800000000023
2026-09-30,202.91235855947752,165.0083241476657,165.0083241476657,152.3365382995171,156.2794083933251,173.73723990200628,data (35).xls,2.14.Я5.2,Увеличение числа посещений организаций культуры по отношению к 2023 году,Увеличение числа посещений организаций культуры по отношению к 2023 году,98.91851331810332,201.32649547233854,93.51700000000037
2026-10-31,212.5333254365438,170.19620212745457,170.19620212745457,159.2774028790206,161.26187201581095,179.1305322390982,data (35).xls,2.14.Я5.2,Увеличение числа посещений организаций культуры по отношению к 2023 году,Увеличение числа посещений организаций культуры по отношению к 2023 году,101.45602137124942,210.69346545985465,101.5080000000005
2026-11-30,222.39103178936074,172.4764556723003,172.4764556723003,165.02494891084683,163.34132902614655,181.61158231845403,data (35).xls,2.14.Я5.2,Увеличение числа посещений организаций культуры по отношению к 2023 году,Увеличение числа посещений организаций культуры по отношению к 2023 году,104.57632162851434,220.227602130725,105.45333333333386
2026-12-31,232.46065458668636,172.93750736795704,172.93750736795704,171.89852845721688,163.60590390774107,182.269110828173,data (35).xls,2.14.Я5.2,Увеличение числа посещений организаций культуры по отношению к 2023 году,Увеличение числа посещений организаций культуры по отношению к 2023 году,116.0469114272605,229.9572355708468,108.09033333333386
2027-01-31,126.03587464322041,96.7142345644634,96.7142345644634,75.62941334367756,87.1902066646638,106.23826246426299,data (35).xls,2.14.Я5.2,Увеличение числа посещений организаций культуры по отношению к 2023 году,Увеличение числа посещений организаций культуры по отношению к 2023 году,14.338262176296622,124.70802866774073,16.350666666666672
2027-02-28,136.24959610250363,98.32971021531694,98.32971021531694,81.90909806433531,88.61706939350088,108.04235103713299,data (35).xls,2.14.Я5.2,Увеличение числа посещений организаций культуры по отношению к 2023 году,Увеличение числа посещений организаций культуры по отношению к 2023 году,19.411625892688097,134.7105581111678,20.84400000000008
2027-03-31,146.35688865913377,102.60948470403821,102.60948470403821,90.53368640558392,92.71182457494436,112.50714483313206,data (35).xls,2.14.Я5.2,Увеличение числа посещений организаций культуры по отношению к 2023 году,Увеличение числа посещений организаций культуры по отношению к 2023 году,28.69269413980224,144.7173645249454,30.292000000000055
2027-04-30,156.2660528601152,110.10621059422077,110.10621059422077,99.1293844618475,100.02692687321657,120.18549431522497,data (35).xls,2.14.Я5.2,Увеличение числа посещений организаций культуры по отношению к 2023 году,Увеличение числа посещений организаций культуры по отношению к 2023 году,36.00019900249616,154.63012651907212,38.64433333333323
2027-05-31,165.93847758534588,120.51056091934652,120.51056091934652,107.21416875332866,110.25286894571293,130.7682528929801,data (35).xls,2.14.Я5.2,Увеличение числа посещений организаций культуры по отношению к 2023 году,Увеличение числа посещений организаций культуры по отношению к 2023 году,42.60641676543987,164.3757218298446,42.639666666666514
2027-06-30,175.39898586606787,132.73411309366125,132.73411309366125,129.34914052332599,122.30106325560367,143.16716293171882,data (35).xls,2.14.Я5.2,Увеличение числа посещений организаций культуры по отношению к 2023 году,Увеличение числа посещений организаций культуры по отношению к 2023 году,82.46311661886824,173.92582037136563,82.22366666666693
2027-07-31,184.72918357369227,145.20099086505147,145.20099086505147,138.37905759568105,134.59548223883087,155.80649949127206,data (35).xls,2.14.Я5.2,Увеличение числа посещений организаций культуры по отношению к 2023 году,Увеличение числа посещений организаций культуры по отношению к 2023 году,90.6466382804792,183.30447525918194,88.01400000000031
2027-08-31,194.04559319245672,156.27011908416938,156.27011908416938,145.35388969707515,145.49491154471633,167.04532662362243,data (35).xls,2.14.Я5.2,Увеличение числа посещений организаций культуры по отношению к 2023 году,Увеличение числа посещений организаций культуры по отношению к 2023 году,94.29405841135183,192.5816777973977,89.57800000000023
2027-09-30,203.4684317138742,164.67494846541962,164.67494846541962,152.11156216406616,153.73267348186465,175.61722344897458,data (35).xls,2.14.Я5.2,Увеличение числа посещений организаций культуры по отношению к 2023 году,Увеличение числа посещений организаций культуры по отношению к 2023 году,97.04049394244042,201.85460336526293,93.51933333333369
2027-10-31,213.08939859094048,169.8628264452085,169.8628264452085,159.05302674356966,158.75599673942932,180.96965615098767,data (35).xls,2.14.Я5.2,Увеличение числа посещений организаций культуры по отношению к 2023 году,Увеличение числа посещений организаций культуры по отношению к 2023 году,99.57800199558652,211.22157335277907,101.51333333333382
2027-11-30,222.9471049437574,172.14307999005422,172.14307999005422,164.79950610872925,160.874098207718,183.41206177239044,data (35).xls,2.14.Я5.2,Увеличение числа посещений организаций культуры по отношению к 2023 году,Увеличение числа посещений организаций культуры по отношению к 2023 году,102.69830225285143,220.75571002364944,105.45333333333386
2027-12-31,233.0167277410831,172.60413168571097,172.60413168571097,171.67328565509933,161.17529820595146,184.03296516547047,data (35).xls,2.14.Я5.2,Увеличение числа посещений организаций культуры по отношению к 2023 году,Увеличение числа посещений организаций культуры по отношению к 2023 году,114.1688920515976,230.48534346377122,108.09133333333386
2028-01-31,126.59194779761705,96.38085888221731,96.38085888221731,75.77957441669255,84.79437887293415,107.96733889150048,data (35).xls,2.14.Я5.2,Увеличение числа посещений организаций культуры по отношению к 2023 году,Увеличение числа посещений организаций культуры по отношению к 2023 году,14.338262176296622,125.23613656066513,16.350666666666672
2028-02-29,136.80566925690027,97.99633453307085,97.99633453307085,82.05925913735031,86.2543243430325,109.73834472310921,data (35).xls,2.14.Я5.2,Увеличение числа посещений организаций культуры по отношению к 2023 году,Увеличение числа посещений организаций культуры по отношению к 2023 году,19.411625892688097,135.2386660040922,20.84400000000008
2028-03-31,146.91296181353042,102.27610902179215,102.27610902179215,90.68384747859895,90.38060198760436,114.17161605597994,data (35).xls,2.14.Я5.2,Увеличение числа посещений организаций культуры по отношению к 2023 году,Увеличение числа посещений организаций культуры по отношению к 2023 году,28.69269413980224,145.24547241786988,30.292000000000055
2028-04-30,156.82212601451187,109.7728349119747,109.7728349119747,99.2795455348625,97.72578664703205,121.81988317691734,data (35).xls,2.14.Я5.2,Увеличение числа посещений организаций культуры по отношению к 2023 году,Увеличение числа посещений организаций культуры по отношению к 2023 году,36.00019900249616,155.15823441199657,38.64433333333323
2028-05-31,166.4945507397425,120.17718523710043,120.17718523710043,107.36432982634366,107.98047846046174,132.37389201373912,data (35).xls,2.14.Я5.2,Увеличение числа посещений организаций культуры по отношению к 2023 году,Увеличение числа посещений организаций культуры по отношению к 2023 году,42.60641676543987,164.90382972276902,42.639666666666514
2028-06-30,175.95505902046455,132.4007374114152,132.4007374114152,129.49930159634098,120.05618636681457,144.74528845601583,data (35).xls,2.14.Я5.2,Увеличение числа посещений организаций культуры по отношению к 2023 году,Увеличение числа посещений организаций культуры по отношению к 2023 году,82.46311661886824,174.45392826429006,82.22366666666693
2028-07-31,185.28525672808897,144.86761518280537,144.86761518280537,138.52921866869605,132.37696969147078,157.35826067413996,data (35).xls,2.14.Я5.2,Увеличение числа посещений организаций культуры по отношению к 2023 году,Увеличение числа посещений организаций культуры по отношению к 2023 году,90.6466382804792,183.8325831521063,88.01400000000031
2028-08-31,194.6016663468534,155.93674340192328,155.93674340192328,145.50405077009017,143.30169258731857,168.571794216528,data (35).xls,2.14.Я5.2,Увеличение числа посещений организаций культуры по отношению к 2023 году,Увеличение числа посещений организаций культуры по отношению к 2023 году,94.29405841135183,193.1097856903221,89.57800000000023
2028-09-30,204.0245048682709,164.3415727831735,164.3415727831735,152.26172323708116,151.5637485010396,177.11939706530737,data (35).xls,2.14.Я5.2,Увеличение числа посещений организаций культуры по отношению к 2023 году,Увеличение числа посещений организаций культуры по отношению к 2023 году,97.04049394244042,202.38271125818733,93.51933333333369
2028-10-31,213.6454717453371,169.52945076296243,169.52945076296243,159.20318781658466,156.61043076597596,182.4484707599489,data (35).xls,2.14.Я5.2,Увеличение числа посещений организаций культуры по отношению к 2023 году,Увеличение числа посещений организаций культуры по отношению к 2023 году,99.57800199558652,211.74968124570347,101.51333333333382
2028-11-30,223.50317809815408,171.80970430780815,171.80970430780815,164.94966718174425,158.75101517068634,184.86839344492995,data (35).xls,2.14.Я5.2,Увеличение числа посещений организаций культуры по отношению к 2023 году,Увеличение числа посещений организаций культуры по отношению к 2023 году,102.69830225285143,221.28381791657384,105.45333333333386
2028-12-31,233.5728008954797,172.27075600346484,172.27075600346484,171.8234467281143,159.0738758313397,185.46763617558997,data (35).xls,2.14.Я5.2,Увеличение числа посещений организаций культуры по отношению к 2023 году,Увеличение числа посещений организаций культуры по отношению к 2023 году,114.1688920515976,231.01345135669558,108.09133333333386
2029-01-31,127.14802095201375,96.04748319997124,96.04748319997124,75.92973548970757,82.71384414025181,109.38112225969067,data (35).xls,2.14.Я5.2,Увеличение числа посещений организаций культуры по отношению к 2023 году,Увеличение числа посещений организаций культуры по отношению к 2023 году,14.338262176296622,125.76424445358961,16.350666666666672
2029-02-28,137.36174241129694,97.66295885082481,97.66295885082481,82.20942021036532,84.19394942650848,111.13196827514113,data (35).xls,2.14.Я5.2,Увеличение числа посещений организаций культуры по отношению к 2023 году,Увеличение числа посещений организаций культуры по отношению к 2023 году,19.411625892688097,135.7667738970167,20.84400000000008
2029-03-31,147.46903496792712,101.94273333954602,101.94273333954602,90.83400855161393,88.33970061997321,115.54576605911883,data (35).xls,2.14.Я5.2,Увеличение числа посещений организаций культуры по отношению к 2023 году,Увеличение числа посещений организаций культуры по отношению к 2023 году,28.69269413980224,145.77358031079424,30.292000000000055
2029-04-30,157.37819916890854,109.43945922972866,109.43945922972866,99.42970660787749,95.70371085305784,123.17520760639947,data (35).xls,2.14.Я5.2,Увеличение числа посещений организаций культуры по отношению к 2023 году,Увеличение числа посещений организаций культуры по отношению к 2023 году,36.00019900249616,155.68634230492094,38.64433333333323
2029-05-31,167.0506238941392,119.84380955485445,119.84380955485445,107.5144908993587,105.97661561503153,133.71100349467736,data (35).xls,2.14.Я5.2,Увеличение числа посещений организаций культуры по отношению к 2023 году,Увеличение числа посещений организаций культуры по отношению к 2023 году,42.60641676543987,165.43193761569344,42.639666666666514
2029-06-30,176.51113217486127,132.06736172916914,132.06736172916914,129.64946266935598,118.06995653884519,146.06476691949308,data (35).xls,2.14.Я5.2,Увеличение числа посещений организаций культуры по отношению к 2023 году,Увеличение числа посещений организаций культуры по отношению к 2023 году,82.46311661886824,174.98203615721454,82.22366666666693
2029-07-31,185.8413298824855,144.53423950055935,144.53423950055935,138.67937974171105,130.40782324024923,158.66065576086947,data (35).xls,2.14.Я5.2,Увеличение числа посещений организаций культуры по отношению к 2023 году,Увеличение числа посещений организаций культуры по отношению к 2023 году,90.6466382804792,184.3606910450308,88.01400000000031
2029-08-31,195.15773950124995,155.6033677196773,155.6033677196773,145.65421184310517,141.3491079824268,169.8576274569278,data (35).xls,2.14.Я5.2,Увеличение числа посещений организаций культуры по отношению к 2023 году,Увеличение числа посещений организаций культуры по отношению к 2023 году,94.29405841135183,193.6378935832466,89.57800000000023
2029-09-30,204.58057802266754,164.00819710092748,164.00819710092748,152.41188431009618,149.62723034085022,178.38916386100473,data (35).xls,2.14.Я5.2,Увеличение числа посещений организаций культуры по отношению к 2023 году,Увеличение числа посещений организаций культуры по отношению к 2023 году,97.04049394244042,202.91081915111184,93.51933333333369
2029-10-31,214.20154489973382,169.1960750807164,169.1960750807164,159.3533488895997,154.68950797295815,183.70264218847467,data (35).xls,2.14.Я5.2,Увеличение числа посещений организаций культуры по отношению к 2023 году,Увеличение числа посещений организаций культуры по отношению к 2023 году,99.57800199558652,212.27778913862798,101.51333333333382
2029-11-30,224.05925125255075,171.47632862556213,171.47632862556213,165.0998282547593,156.8452393445366,186.10741790658767,data (35).xls,2.14.Я5.2,Увеличение числа посещений организаций культуры по отношению к 2023 году,Увеличение числа посещений организаций культуры по отношению к 2023 году,102.69830225285143,221.81192580949832,105.45333333333386
2029-12-31,234.12887404987637,171.93738032121882,171.93738032121882,171.97360780112933,157.18281974332336,186.6919408991143,data (35).xls,2.14.Я5.2,Увеличение числа посещений организаций культуры по отношению к 2023 году,Увеличение числа посещений организаций культуры по отношению к 2023 году,114.1688920515976,231.54155924962006,108.09133333333386
2030-01-31,127.70409410641051,95.71410751772528,95.71410751772528,76.07989656272262,80.83710035417815,110.59111468127242,data (35).xls,2.14.Я5.2,Увеличение числа посещений организаций культуры по отношению к 2023 году,Увеличение числа посещений организаций культуры по отношению к 2023 году,14.338262176296622,126.2923523465141,16.350666666666672
2030-02-28,137.91781556569364,97.32958316857874,97.32958316857874,82.35958128338035,82.33112903351271,112.32803730364476,data (35).xls,2.14.Я5.2,Увеличение числа посещений организаций культуры по отношению к 2023 году,Увеличение числа посещений организаций культуры по отношению к 2023 году,19.411625892688097,136.29488178994117,20.84400000000008
2030-03-31,148.0251081223237,101.60935765730001,101.60935765730001,90.98416962462895,86.4904320757937,116.72828323880631,data (35).xls,2.14.Я5.2,Увеличение числа посещений организаций культуры по отношению к 2023 году,Увеличение числа посещений организаций культуры по отношению к 2023 году,28.69269413980224,146.30168820371878,30.292000000000055
2030-04-30,157.93427232330518,109.10608354748258,109.10608354748258,99.57986768089252,93.86763890780324,124.34452818716193,data (35).xls,2.14.Я5.2,Увеличение числа посещений организаций культуры по отношению к 2023 году,Увеличение числа посещений организаций культуры по отношению к 2023 году,36.00019900249616,156.21445019784548,38.64433333333323
2030-05-31,167.60669704853584,119.51043387260837,119.51043387260837,107.66465197237372,104.1534003265742,134.86746741864255,data (35).xls,2.14.Я5.2,Увеличение числа посещений организаций культуры по отношению к 2023 году,Увеличение числа посещений организаций культуры по отношению к 2023 году,42.60641676543987,165.96004550861798,42.639666666666514
2030-06-30,177.06720532925792,131.73398604692312,131.73398604692312,129.799623742371,116.25927236196387,147.20869973188238,data (35).xls,2.14.Я5.2,Увеличение числа посещений организаций культуры по отношению к 2023 году,Увеличение числа посещений организаций культуры по отношению к 2023 году,82.46311661886824,175.51014405013896,82.22366666666693
2030-07-31,186.39740303688225,144.20086381831328,144.20086381831328,138.82954081472607,128.60935818451026,159.7923694521163,data (35).xls,2.14.Я5.2,Увеличение числа посещений организаций культуры по отношению к 2023 году,Увеличение числа посещений организаций культуры по отношению к 2023 году,90.6466382804792,184.88879893795533,88.01400000000031
2030-08-31,195.7138126556467,155.26999203743122,155.26999203743122,145.8043729161202,139.56256283254993,170.97742124231252,data (35).xls,2.14.Я5.2,Увеличение числа посещений организаций культуры по отношению к 2023 году,Увеличение числа посещений организаций культуры по отношению к 2023 году,94.29405841135183,194.16600147617098,89.57800000000023
2030-09-30,205.13665117706424,163.67482141868135,163.67482141868135,152.5620453831112,147.8523179339668,179.4973249033959,data (35).xls,2.14.Я5.2,Увеличение числа посещений организаций культуры по отношению к 2023 году,Увеличение числа посещений организаций культуры по отношению к 2023 году,97.04049394244042,203.43892704403632,93.51933333333369
2030-10-31,214.75761805413046,168.86269939847034,168.86269939847034,159.50350996261471,152.92595252775513,184.79944626918555,data (35).xls,2.14.Я5.2,Увеличение числа посещений организаций культуры по отношению к 2023 году,Увеличение числа посещений организаций культуры по отношению к 2023 году,99.57800199558652,212.80589703155246,101.51333333333382
2030-11-30,224.6153244069475,171.14295294331612,171.14295294331612,165.24998932777436,155.09277583779178,187.19313004884046,data (35).xls,2.14.Я5.2,Увеличение числа посещений организаций культуры по отношению к 2023 году,Увеличение числа посещений организаций культуры по отношению к 2023 году,102.69830225285143,222.3400337024228,105.45333333333386
2030-12-31,234.68494720427302,171.6040046389728,171.6040046389728,172.1237688741444,155.4411933297932,187.7668159481524,data (35).xls,2.14.Я5.2,Увеличение числа посещений организаций культуры по отношению к 2023 году,Увеличение числа посещений организаций культуры по отношению к 2023 году,114.1688920515976,232.06966714254466,108.09133333333386
