region_code,region_name,tile_label,federal_district,tile_x,tile_y,has_tile_polygon,territory_name,indicator_code,indicator_name,source_file,source_title,year,period_type,period_label,period_end,unit,value,last_update,data_mode,has_value,missing_reason
01,Республика Адыгея,АД,Южный федеральный округ,4,9,True,Республика Адыгея (Адыгея),2.14.Я.1,Уровень бедности среди многодетных семей,data (20).xls,"Уровень бедности среди многодетных семей (процент, значение показателя за год)",2024.0,год,значение показателя за год,2024-12-31,процент,12.9,30.12.2025,latest,True,
02,Республика Башкортостан,БА,Приволжский федеральный округ,13,7,True,Республика Башкортостан,2.14.Я.1,Уровень бедности среди многодетных семей,data (20).xls,"Уровень бедности среди многодетных семей (процент, значение показателя за год)",2024.0,год,значение показателя за год,2024-12-31,процент,14.4,30.12.2025,latest,True,
03,Республика Бурятия,БУР,Дальневосточный федеральный округ,23,3,True,Республика Бурятия,2.14.Я.1,Уровень бедности среди многодетных семей,data (20).xls,"Уровень бедности среди многодетных семей (процент, значение показателя за год)",2024.0,год,значение показателя за год,2024-12-31,процент,33.8,30.12.2025,latest,True,
04,Республика Алтай,АЛР,Сибирский федеральный округ,19,6,True,Республика Алтай,2.14.Я.1,Уровень бедности среди многодетных семей,data (20).xls,"Уровень бедности среди многодетных семей (процент, значение показателя за год)",2024.0,год,значение показателя за год,2024-12-31,процент,25.9,30.12.2025,latest,True,
05,Республика Дагестан,ДАГ,Северо-Кавказский федеральный округ,9,12,True,Республика Дагестан,2.14.Я.1,Уровень бедности среди многодетных семей,data (20).xls,"Уровень бедности среди многодетных семей (процент, значение показателя за год)",2024.0,год,значение показателя за год,2024-12-31,процент,51.4,30.12.2025,latest,True,
06,Республика Ингушетия,ИНГ,Северо-Кавказский федеральный округ,7,12,True,Республика Ингушетия,2.14.Я.1,Уровень бедности среди многодетных семей,data (20).xls,"Уровень бедности среди многодетных семей (процент, значение показателя за год)",2024.0,год,значение показателя за год,2024-12-31,процент,37.4,30.12.2025,latest,True,
07,Кабардино-Балкарская Республика,КБР,Северо-Кавказский федеральный округ,9,11,True,Кабардино-Балкарская Республика,2.14.Я.1,Уровень бедности среди многодетных семей,data (20).xls,"Уровень бедности среди многодетных семей (процент, значение показателя за год)",2024.0,год,значение показателя за год,2024-12-31,процент,18.1,30.12.2025,latest,True,
08,Республика Калмыкия,КАЛ,Южный федеральный округ,6,8,True,Республика Калмыкия,2.14.Я.1,Уровень бедности среди многодетных семей,data (20).xls,"Уровень бедности среди многодетных семей (процент, значение показателя за год)",2024.0,год,значение показателя за год,2024-12-31,процент,18.1,30.12.2025,latest,True,
09,Карачаево-Черкесская Республика,КЧР,Северо-Кавказский федеральный округ,8,11,True,Карачаево-Черкесская Республика,2.14.Я.1,Уровень бедности среди многодетных семей,data (20).xls,"Уровень бедности среди многодетных семей (процент, значение показателя за год)",2024.0,год,значение показателя за год,2024-12-31,процент,20.1,30.12.2025,latest,True,
10,Республика Карелия,КАР,Северо-Западный федеральный округ,1,0,True,Республика Карелия,2.14.Я.1,Уровень бедности среди многодетных семей,data (20).xls,"Уровень бедности среди многодетных семей (процент, значение показателя за год)",2024.0,год,значение показателя за год,2024-12-31,процент,16.5,30.12.2025,latest,True,
11,Республика Коми,КОМ,Северо-Западный федеральный округ,2,2,True,Республика Коми,2.14.Я.1,Уровень бедности среди многодетных семей,data (20).xls,"Уровень бедности среди многодетных семей (процент, значение показателя за год)",2024.0,год,значение показателя за год,2024-12-31,процент,21.1,30.12.2025,latest,True,
12,Республика Марий Эл,МЭ,Приволжский федеральный округ,10,6,True,Республика Марий Эл,2.14.Я.1,Уровень бедности среди многодетных семей,data (20).xls,"Уровень бедности среди многодетных семей (процент, значение показателя за год)",2024.0,год,значение показателя за год,2024-12-31,процент,20.3,30.12.2025,latest,True,
13,Республика Мордовия,МОР,Приволжский федеральный округ,12,6,True,Республика Мордовия,2.14.Я.1,Уровень бедности среди многодетных семей,data (20).xls,"Уровень бедности среди многодетных семей (процент, значение показателя за год)",2024.0,год,значение показателя за год,2024-12-31,процент,11.0,30.12.2025,latest,True,
14,Республика Саха (Якутия),ЯКТ,Дальневосточный федеральный округ,22,2,True,Республика Саха (Якутия),2.14.Я.1,Уровень бедности среди многодетных семей,data (20).xls,"Уровень бедности среди многодетных семей (процент, значение показателя за год)",2024.0,год,значение показателя за год,2024-12-31,процент,30.9,30.12.2025,latest,True,
15,Республика Северная Осетия - Алания,СОА,Северо-Кавказский федеральный округ,10,11,True,Республика Северная Осетия-Алания,2.14.Я.1,Уровень бедности среди многодетных семей,data (20).xls,"Уровень бедности среди многодетных семей (процент, значение показателя за год)",2024.0,год,значение показателя за год,2024-12-31,процент,15.9,30.12.2025,latest,True,
16,Республика Татарстан,ТАТ,Приволжский федеральный округ,14,5,True,Республика Татарстан (Татарстан),2.14.Я.1,Уровень бедности среди многодетных семей,data (20).xls,"Уровень бедности среди многодетных семей (процент, значение показателя за год)",2024.0,год,значение показателя за год,2024-12-31,процент,8.6,30.12.2025,latest,True,
17,Республика Тыва,ТЫВ,Сибирский федеральный округ,19,7,True,Республика Тыва,2.14.Я.1,Уровень бедности среди многодетных семей,data (20).xls,"Уровень бедности среди многодетных семей (процент, значение показателя за год)",2024.0,год,значение показателя за год,2024-12-31,процент,26.7,30.12.2025,latest,True,
18,Удмуртская Республика,УДМ,Приволжский федеральный округ,13,5,True,Удмуртская Республика,2.14.Я.1,Уровень бедности среди многодетных семей,data (20).xls,"Уровень бедности среди многодетных семей (процент, значение показателя за год)",2024.0,год,значение показателя за год,2024-12-31,процент,12.7,30.12.2025,latest,True,
19,Республика Хакасия,ХАК,Сибирский федеральный округ,20,6,True,Республика Хакасия,2.14.Я.1,Уровень бедности среди многодетных семей,data (20).xls,"Уровень бедности среди многодетных семей (процент, значение показателя за год)",2024.0,год,значение показателя за год,2024-12-31,процент,19.7,30.12.2025,latest,True,
20,Чеченская Республика,ЧЕЧ,Северо-Кавказский федеральный округ,8,12,True,Чеченская Республика,2.14.Я.1,Уровень бедности среди многодетных семей,data (20).xls,"Уровень бедности среди многодетных семей (процент, значение показателя за год)",2024.0,год,значение показателя за год,2024-12-31,процент,27.9,30.12.2025,latest,True,
21,Чувашская Республика - Чувашия,ЧУВ,Приволжский федеральный округ,11,6,True,Чувашская Республика - Чувашия,2.14.Я.1,Уровень бедности среди многодетных семей,data (20).xls,"Уровень бедности среди многодетных семей (процент, значение показателя за год)",2024.0,год,значение показателя за год,2024-12-31,процент,18.1,30.12.2025,latest,True,
22,Алтайский край,АЛК,Сибирский федеральный округ,18,6,True,Алтайский край,2.14.Я.1,Уровень бедности среди многодетных семей,data (20).xls,"Уровень бедности среди многодетных семей (процент, значение показателя за год)",2024.0,год,значение показателя за год,2024-12-31,процент,24.1,30.12.2025,latest,True,
23,Краснодарский край,КДР,Южный федеральный округ,3,9,True,Краснодарский край,2.14.Я.1,Уровень бедности среди многодетных семей,data (20).xls,"Уровень бедности среди многодетных семей (процент, значение показателя за год)",2024.0,год,значение показателя за год,2024-12-31,процент,24.0,30.12.2025,latest,True,
24,Красноярский край,КРЯ,Сибирский федеральный округ,21,6,True,Красноярский край,2.14.Я.1,Уровень бедности среди многодетных семей,data (20).xls,"Уровень бедности среди многодетных семей (процент, значение показателя за год)",2024.0,год,значение показателя за год,2024-12-31,процент,18.8,30.12.2025,latest,True,
25,Приморский край,ПРИ,Дальневосточный федеральный округ,23,4,True,Приморский край,2.14.Я.1,Уровень бедности среди многодетных семей,data (20).xls,"Уровень бедности среди многодетных семей (процент, значение показателя за год)",2024.0,год,значение показателя за год,2024-12-31,процент,18.7,30.12.2025,latest,True,
26,Ставропольский край,СТА,Северо-Кавказский федеральный округ,7,11,True,Ставропольский край,2.14.Я.1,Уровень бедности среди многодетных семей,data (20).xls,"Уровень бедности среди многодетных семей (процент, значение показателя за год)",2024.0,год,значение показателя за год,2024-12-31,процент,20.9,30.12.2025,latest,True,
27,Хабаровский край,ХАБ,Дальневосточный федеральный округ,22,4,True,Хабаровский край,2.14.Я.1,Уровень бедности среди многодетных семей,data (20).xls,"Уровень бедности среди многодетных семей (процент, значение показателя за год)",2024.0,год,значение показателя за год,2024-12-31,процент,13.8,30.12.2025,latest,True,
28,Амурская область,АМУ,Дальневосточный федеральный округ,24,3,True,Амурская область,2.14.Я.1,Уровень бедности среди многодетных семей,data (20).xls,"Уровень бедности среди многодетных семей (процент, значение показателя за год)",2024.0,год,значение показателя за год,2024-12-31,процент,24.7,30.12.2025,latest,True,
29,Архангельская область,АРХ,Северо-Западный федеральный округ,2,0,True,Архангельская область (кроме Ненецкого автономного округа),2.14.Я.1,Уровень бедности среди многодетных семей,data (20).xls,"Уровень бедности среди многодетных семей (процент, значение показателя за год)",2024.0,год,значение показателя за год,2024-12-31,процент,13.6,30.12.2025,latest,True,
30,Астраханская область,АСТ,Южный федеральный округ,5,8,True,Астраханская область,2.14.Я.1,Уровень бедности среди многодетных семей,data (20).xls,"Уровень бедности среди многодетных семей (процент, значение показателя за год)",2024.0,год,значение показателя за год,2024-12-31,процент,13.6,30.12.2025,latest,True,
31,Белгородская область,БЕЛ,Центральный федеральный округ,8,5,True,Белгородская область,2.14.Я.1,Уровень бедности среди многодетных семей,data (20).xls,"Уровень бедности среди многодетных семей (процент, значение показателя за год)",2024.0,год,значение показателя за год,2024-12-31,процент,12.8,30.12.2025,latest,True,
32,Брянская область,БРЯ,Центральный федеральный округ,8,4,True,Брянская область,2.14.Я.1,Уровень бедности среди многодетных семей,data (20).xls,"Уровень бедности среди многодетных семей (процент, значение показателя за год)",2024.0,год,значение показателя за год,2024-12-31,процент,21.9,30.12.2025,latest,True,
33,Владимирская область,ВЛД,Центральный федеральный округ,6,4,True,Владимирская область,2.14.Я.1,Уровень бедности среди многодетных семей,data (20).xls,"Уровень бедности среди многодетных семей (процент, значение показателя за год)",2024.0,год,значение показателя за год,2024-12-31,процент,16.3,30.12.2025,latest,True,
34,Волгоградская область,ВГГ,Южный федеральный округ,4,8,True,Волгоградская область,2.14.Я.1,Уровень бедности среди многодетных семей,data (20).xls,"Уровень бедности среди многодетных семей (процент, значение показателя за год)",2024.0,год,значение показателя за год,2024-12-31,процент,19.1,30.12.2025,latest,True,
35,Вологодская область,ВОЛ,Северо-Западный федеральный округ,1,2,True,Вологодская область,2.14.Я.1,Уровень бедности среди многодетных семей,data (20).xls,"Уровень бедности среди многодетных семей (процент, значение показателя за год)",2024.0,год,значение показателя за год,2024-12-31,процент,11.4,30.12.2025,latest,True,
36,Воронежская область,ВРН,Центральный федеральный округ,9,5,True,Воронежская область,2.14.Я.1,Уровень бедности среди многодетных семей,data (20).xls,"Уровень бедности среди многодетных семей (процент, значение показателя за год)",2024.0,год,значение показателя за год,2024-12-31,процент,7.9,30.12.2025,latest,True,
37,Ивановская область,ИВН,Центральный федеральный округ,7,4,True,Ивановская область,2.14.Я.1,Уровень бедности среди многодетных семей,data (20).xls,"Уровень бедности среди многодетных семей (процент, значение показателя за год)",2024.0,год,значение показателя за год,2024-12-31,процент,12.5,30.12.2025,latest,True,
38,Иркутская область,ИРК,Сибирский федеральный округ,18,7,True,Иркутская область,2.14.Я.1,Уровень бедности среди многодетных семей,data (20).xls,"Уровень бедности среди многодетных семей (процент, значение показателя за год)",2024.0,год,значение показателя за год,2024-12-31,процент,37.6,30.12.2025,latest,True,
39,Калининградская область,КГД,Северо-Западный федеральный округ,0,1,True,Калининградская область,2.14.Я.1,Уровень бедности среди многодетных семей,data (20).xls,"Уровень бедности среди многодетных семей (процент, значение показателя за год)",2024.0,год,значение показателя за год,2024-12-31,процент,13.9,30.12.2025,latest,True,
40,Калужская область,КЛЖ,Центральный федеральный округ,4,4,True,Калужская область,2.14.Я.1,Уровень бедности среди многодетных семей,data (20).xls,"Уровень бедности среди многодетных семей (процент, значение показателя за год)",2024.0,год,значение показателя за год,2024-12-31,процент,17.1,30.12.2025,latest,True,
41,Камчатский край,КАМ,Дальневосточный федеральный округ,24,2,True,Камчатский край,2.14.Я.1,Уровень бедности среди многодетных семей,data (20).xls,"Уровень бедности среди многодетных семей (процент, значение показателя за год)",2024.0,год,значение показателя за год,2024-12-31,процент,21.7,30.12.2025,latest,True,
42,Кемеровская область - Кузбасс,КЕМ,Сибирский федеральный округ,21,5,True,Кемеровская область - Кузбасс,2.14.Я.1,Уровень бедности среди многодетных семей,data (20).xls,"Уровень бедности среди многодетных семей (процент, значение показателя за год)",2024.0,год,значение показателя за год,2024-12-31,процент,14.3,30.12.2025,latest,True,
43,Кировская область,КИР,Приволжский федеральный округ,11,5,True,Кировская область,2.14.Я.1,Уровень бедности среди многодетных семей,data (20).xls,"Уровень бедности среди многодетных семей (процент, значение показателя за год)",2024.0,год,значение показателя за год,2024-12-31,процент,18.7,30.12.2025,latest,True,
44,Костромская область,КОС,Центральный федеральный округ,6,3,True,Костромская область,2.14.Я.1,Уровень бедности среди многодетных семей,data (20).xls,"Уровень бедности среди многодетных семей (процент, значение показателя за год)",2024.0,год,значение показателя за год,2024-12-31,процент,21.4,30.12.2025,latest,True,
45,Курганская область,КУРГ,Уральский федеральный округ,15,6,True,Курганская область,2.14.Я.1,Уровень бедности среди многодетных семей,data (20).xls,"Уровень бедности среди многодетных семей (процент, значение показателя за год)",2024.0,год,значение показателя за год,2024-12-31,процент,14.8,30.12.2025,latest,True,
46,Курская область,КУР,Центральный федеральный округ,5,5,True,Курская область,2.14.Я.1,Уровень бедности среди многодетных семей,data (20).xls,"Уровень бедности среди многодетных семей (процент, значение показателя за год)",2024.0,год,значение показателя за год,2024-12-31,процент,10.5,30.12.2025,latest,True,
47,Ленинградская область,ЛЕН,Северо-Западный федеральный округ,2,1,True,Ленинградская область,2.14.Я.1,Уровень бедности среди многодетных семей,data (20).xls,"Уровень бедности среди многодетных семей (процент, значение показателя за год)",2024.0,год,значение показателя за год,2024-12-31,процент,10.7,30.12.2025,latest,True,
48,Липецкая область,ЛИП,Центральный федеральный округ,6,5,True,Липецкая область,2.14.Я.1,Уровень бедности среди многодетных семей,data (20).xls,"Уровень бедности среди многодетных семей (процент, значение показателя за год)",2024.0,год,значение показателя за год,2024-12-31,процент,14.8,30.12.2025,latest,True,
49,Магаданская область,МАГ,Дальневосточный федеральный округ,25,2,True,Магаданская область,2.14.Я.1,Уровень бедности среди многодетных семей,data (20).xls,"Уровень бедности среди многодетных семей (процент, значение показателя за год)",2024.0,год,значение показателя за год,2024-12-31,процент,15.6,30.12.2025,latest,True,
50,Московская область,МОСО,Центральный федеральный округ,8,3,True,Московская область,2.14.Я.1,Уровень бедности среди многодетных семей,data (20).xls,"Уровень бедности среди многодетных семей (процент, значение показателя за год)",2024.0,год,значение показателя за год,2024-12-31,процент,18.9,30.12.2025,latest,True,
51,Мурманская область,МУР,Северо-Западный федеральный округ,0,0,True,Мурманская область,2.14.Я.1,Уровень бедности среди многодетных семей,data (20).xls,"Уровень бедности среди многодетных семей (процент, значение показателя за год)",2024.0,год,значение показателя за год,2024-12-31,процент,12.0,30.12.2025,latest,True,
52,Нижегородская область,НИЖ,Приволжский федеральный округ,10,5,True,Нижегородская область,2.14.Я.1,Уровень бедности среди многодетных семей,data (20).xls,"Уровень бедности среди многодетных семей (процент, значение показателя за год)",2024.0,год,значение показателя за год,2024-12-31,процент,9.8,30.12.2025,latest,True,
53,Новгородская область,НВГ,Северо-Западный федеральный округ,3,1,True,Новгородская область,2.14.Я.1,Уровень бедности среди многодетных семей,data (20).xls,"Уровень бедности среди многодетных семей (процент, значение показателя за год)",2024.0,год,значение показателя за год,2024-12-31,процент,18.6,30.12.2025,latest,True,
54,Новосибирская область,НСО,Сибирский федеральный округ,19,5,True,Новосибирская область,2.14.Я.1,Уровень бедности среди многодетных семей,data (20).xls,"Уровень бедности среди многодетных семей (процент, значение показателя за год)",2024.0,год,значение показателя за год,2024-12-31,процент,21.6,30.12.2025,latest,True,
55,Омская область,ОМС,Сибирский федеральный округ,18,5,True,Омская область,2.14.Я.1,Уровень бедности среди многодетных семей,data (20).xls,"Уровень бедности среди многодетных семей (процент, значение показателя за год)",2024.0,год,значение показателя за год,2024-12-31,процент,23.1,30.12.2025,latest,True,
56,Оренбургская область,ОРЕ,Приволжский федеральный округ,12,7,True,Оренбургская область,2.14.Я.1,Уровень бедности среди многодетных семей,data (20).xls,"Уровень бедности среди многодетных семей (процент, значение показателя за год)",2024.0,год,значение показателя за год,2024-12-31,процент,14.1,30.12.2025,latest,True,
57,Орловская область,ОРЛ,Центральный федеральный округ,9,4,True,Орловская область,2.14.Я.1,Уровень бедности среди многодетных семей,data (20).xls,"Уровень бедности среди многодетных семей (процент, значение показателя за год)",2024.0,год,значение показателя за год,2024-12-31,процент,14.5,30.12.2025,latest,True,
58,Пензенская область,ПЕН,Приволжский федеральный округ,13,6,True,Пензенская область,2.14.Я.1,Уровень бедности среди многодетных семей,data (20).xls,"Уровень бедности среди многодетных семей (процент, значение показателя за год)",2024.0,год,значение показателя за год,2024-12-31,процент,23.0,30.12.2025,latest,True,
59,Пермский край,ПЕР,Приволжский федеральный округ,12,5,True,Пермский край,2.14.Я.1,Уровень бедности среди многодетных семей,data (20).xls,"Уровень бедности среди многодетных семей (процент, значение показателя за год)",2024.0,год,значение показателя за год,2024-12-31,процент,16.8,30.12.2025,latest,True,
60,Псковская область,ПСК,Северо-Западный федеральный округ,0,2,True,Псковская область,2.14.Я.1,Уровень бедности среди многодетных семей,data (20).xls,"Уровень бедности среди многодетных семей (процент, значение показателя за год)",2024.0,год,значение показателя за год,2024-12-31,процент,24.5,30.12.2025,latest,True,
61,Ростовская область,РОС,Южный федеральный округ,3,8,True,Ростовская область,2.14.Я.1,Уровень бедности среди многодетных семей,data (20).xls,"Уровень бедности среди многодетных семей (процент, значение показателя за год)",2024.0,год,значение показателя за год,2024-12-31,процент,17.5,30.12.2025,latest,True,
62,Рязанская область,РЯЗ,Центральный федеральный округ,4,5,True,Рязанская область,2.14.Я.1,Уровень бедности среди многодетных семей,data (20).xls,"Уровень бедности среди многодетных семей (процент, значение показателя за год)",2024.0,год,значение показателя за год,2024-12-31,процент,20.9,30.12.2025,latest,True,
63,Самарская область,САМ,Приволжский федеральный округ,10,7,True,Самарская область,2.14.Я.1,Уровень бедности среди многодетных семей,data (20).xls,"Уровень бедности среди многодетных семей (процент, значение показателя за год)",2024.0,год,значение показателя за год,2024-12-31,процент,19.4,30.12.2025,latest,True,
64,Саратовская область,САР,Приволжский федеральный округ,11,7,True,Саратовская область,2.14.Я.1,Уровень бедности среди многодетных семей,data (20).xls,"Уровень бедности среди многодетных семей (процент, значение показателя за год)",2024.0,год,значение показателя за год,2024-12-31,процент,17.7,30.12.2025,latest,True,
65,Сахалинская область,САХ,Дальневосточный федеральный округ,24,4,True,Сахалинская область,2.14.Я.1,Уровень бедности среди многодетных семей,data (20).xls,"Уровень бедности среди многодетных семей (процент, значение показателя за год)",2024.0,год,значение показателя за год,2024-12-31,процент,25.1,30.12.2025,latest,True,
66,Свердловская область,СВР,Уральский федеральный округ,15,5,True,Свердловская область,2.14.Я.1,Уровень бедности среди многодетных семей,data (20).xls,"Уровень бедности среди многодетных семей (процент, значение показателя за год)",2024.0,год,значение показателя за год,2024-12-31,процент,15.5,30.12.2025,latest,True,
67,Смоленская область,СМЛ,Центральный федеральный округ,7,3,True,Смоленская область,2.14.Я.1,Уровень бедности среди многодетных семей,data (20).xls,"Уровень бедности среди многодетных семей (процент, значение показателя за год)",2024.0,год,значение показателя за год,2024-12-31,процент,17.5,30.12.2025,latest,True,
68,Тамбовская область,ТАМ,Центральный федеральный округ,7,5,True,Тамбовская область,2.14.Я.1,Уровень бедности среди многодетных семей,data (20).xls,"Уровень бедности среди многодетных семей (процент, значение показателя за год)",2024.0,год,значение показателя за год,2024-12-31,процент,23.4,30.12.2025,latest,True,
69,Тверская область,ТВЕ,Центральный федеральный округ,4,3,True,Тверская область,2.14.Я.1,Уровень бедности среди многодетных семей,data (20).xls,"Уровень бедности среди многодетных семей (процент, значение показателя за год)",2024.0,год,значение показателя за год,2024-12-31,процент,25.7,30.12.2025,latest,True,
70,Томская область,ТОМ,Сибирский федеральный округ,20,5,True,Томская область,2.14.Я.1,Уровень бедности среди многодетных семей,data (20).xls,"Уровень бедности среди многодетных семей (процент, значение показателя за год)",2024.0,год,значение показателя за год,2024-12-31,процент,23.4,30.12.2025,latest,True,
71,Тульская область,ТУЛ,Центральный федеральный округ,5,4,True,Тульская область,2.14.Я.1,Уровень бедности среди многодетных семей,data (20).xls,"Уровень бедности среди многодетных семей (процент, значение показателя за год)",2024.0,год,значение показателя за год,2024-12-31,процент,12.0,30.12.2025,latest,True,
72,Тюменская область,ТЮМ,Уральский федеральный округ,16,6,True,Тюменская область (кроме Ханты-Мансийского автономного округа-Югры и Ямало-Ненецкого автономного округа),2.14.Я.1,Уровень бедности среди многодетных семей,data (20).xls,"Уровень бедности среди многодетных семей (процент, значение показателя за год)",2024.0,год,значение показателя за год,2024-12-31,процент,15.9,30.12.2025,latest,True,
73,Ульяновская область,УЛЬ,Приволжский федеральный округ,14,6,True,Ульяновская область,2.14.Я.1,Уровень бедности среди многодетных семей,data (20).xls,"Уровень бедности среди многодетных семей (процент, значение показателя за год)",2024.0,год,значение показателя за год,2024-12-31,процент,15.3,30.12.2025,latest,True,
74,Челябинская область,ЧЕЛ,Уральский федеральный округ,17,6,True,Челябинская область,2.14.Я.1,Уровень бедности среди многодетных семей,data (20).xls,"Уровень бедности среди многодетных семей (процент, значение показателя за год)",2024.0,год,значение показателя за год,2024-12-31,процент,17.0,30.12.2025,latest,True,
75,Забайкальский край,ЗАБ,Дальневосточный федеральный округ,22,3,True,Забайкальский край,2.14.Я.1,Уровень бедности среди многодетных семей,data (20).xls,"Уровень бедности среди многодетных семей (процент, значение показателя за год)",2024.0,год,значение показателя за год,2024-12-31,процент,22.5,30.12.2025,latest,True,
76,Ярославская область,ЯРС,Центральный федеральный округ,5,3,True,Ярославская область,2.14.Я.1,Уровень бедности среди многодетных семей,data (20).xls,"Уровень бедности среди многодетных семей (процент, значение показателя за год)",2024.0,год,значение показателя за год,2024-12-31,процент,15.0,30.12.2025,latest,True,
77,Москва,МСК,Центральный федеральный округ,9,3,True,Город Москва столица Российской Федерации город федерального значения,2.14.Я.1,Уровень бедности среди многодетных семей,data (20).xls,"Уровень бедности среди многодетных семей (процент, значение показателя за год)",2024.0,год,значение показателя за год,2024-12-31,процент,7.7,30.12.2025,latest,True,
78,Санкт-Петербург,СПБ,Северо-Западный федеральный округ,1,1,True,Город Санкт-Петербург город федерального значения,2.14.Я.1,Уровень бедности среди многодетных семей,data (20).xls,"Уровень бедности среди многодетных семей (процент, значение показателя за год)",2024.0,год,значение показателя за год,2024-12-31,процент,10.1,30.12.2025,latest,True,
79,Еврейская автономная область,ЕАО,Дальневосточный федеральный округ,25,3,True,Еврейская автономная область,2.14.Я.1,Уровень бедности среди многодетных семей,data (20).xls,"Уровень бедности среди многодетных семей (процент, значение показателя за год)",2024.0,год,значение показателя за год,2024-12-31,процент,33.5,30.12.2025,latest,True,
83,Ненецкий автономный округ,НАО,Северо-Западный федеральный округ,3,0,True,Ненецкий автономный округ (Архангельская область),2.14.Я.1,Уровень бедности среди многодетных семей,data (20).xls,"Уровень бедности среди многодетных семей (процент, значение показателя за год)",2024.0,год,значение показателя за год,2024-12-31,процент,30.7,30.12.2025,latest,True,
86,Ханты-Мансийский автономный округ - Югра,ХМАО,Уральский федеральный округ,16,5,True,Ханты-Мансийский автономный округ - Югра (Тюменская область),2.14.Я.1,Уровень бедности среди многодетных семей,data (20).xls,"Уровень бедности среди многодетных семей (процент, значение показателя за год)",2024.0,год,значение показателя за год,2024-12-31,процент,7.6,30.12.2025,latest,True,
87,Чукотский автономный округ,ЧУК,Дальневосточный федеральный округ,23,2,True,Чукотский автономный округ,2.14.Я.1,Уровень бедности среди многодетных семей,data (20).xls,"Уровень бедности среди многодетных семей (процент, значение показателя за год)",2024.0,год,значение показателя за год,2024-12-31,процент,11.3,30.12.2025,latest,True,
89,Ямало-Ненецкий автономный округ,ЯНАО,Уральский федеральный округ,17,5,True,Ямало-Ненецкий автономный округ (Тюменская область),2.14.Я.1,Уровень бедности среди многодетных семей,data (20).xls,"Уровень бедности среди многодетных семей (процент, значение показателя за год)",2024.0,год,значение показателя за год,2024-12-31,процент,7.3,30.12.2025,latest,True,
90,Запорожская область,ЗАП,Новые регионы / Южный макрорегион,9,9,True,,,,,,,,,,,,,latest,False,Нет данных в переданной выгрузке ЕМИСС для выбранного периода/показателя
91,Республика Крым,КРЫ,Южный федеральный округ,5,9,True,Республика Крым,2.14.Я.1,Уровень бедности среди многодетных семей,data (20).xls,"Уровень бедности среди многодетных семей (процент, значение показателя за год)",2024.0,год,значение показателя за год,2024-12-31,процент,11.3,30.12.2025,latest,True,
92,Севастополь,СЕВ,Южный федеральный округ,6,9,True,Город федерального значения Севастополь,2.14.Я.1,Уровень бедности среди многодетных семей,data (20).xls,"Уровень бедности среди многодетных семей (процент, значение показателя за год)",2024.0,год,значение показателя за год,2024-12-31,процент,30.2,30.12.2025,latest,True,
93,Донецкая Народная Республика,ДНР,Новые регионы / Южный макрорегион,7,9,True,,,,,,,,,,,,,latest,False,Нет данных в переданной выгрузке ЕМИСС для выбранного периода/показателя
94,Луганская Народная Республика,ЛНР,Новые регионы / Южный макрорегион,8,9,True,,,,,,,,,,,,,latest,False,Нет данных в переданной выгрузке ЕМИСС для выбранного периода/показателя
95,Херсонская область,ХЕР,Новые регионы / Южный макрорегион,10,9,True,,,,,,,,,,,,,latest,False,Нет данных в переданной выгрузке ЕМИСС для выбранного периода/показателя
01,Республика Адыгея,АД,Южный федеральный округ,4,9,True,Республика Адыгея (Адыгея),2.14.Я.2,Суммарный коэффициент рождаемости (Я1),data (21).xls,Суммарный коэффициент рождаемости (Я1),2026.0,месяц,март,2026-03-31,единица,1.368,22.04.2026,latest,True,
02,Республика Башкортостан,БА,Приволжский федеральный округ,13,7,True,Республика Башкортостан,2.14.Я.2,Суммарный коэффициент рождаемости (Я1),data (21).xls,Суммарный коэффициент рождаемости (Я1),2026.0,месяц,март,2026-03-31,единица,1.296,22.04.2026,latest,True,
03,Республика Бурятия,БУР,Дальневосточный федеральный округ,23,3,True,Республика Бурятия,2.14.Я.2,Суммарный коэффициент рождаемости (Я1),data (21).xls,Суммарный коэффициент рождаемости (Я1),2026.0,месяц,март,2026-03-31,единица,1.451,22.04.2026,latest,True,
04,Республика Алтай,АЛР,Сибирский федеральный округ,19,6,True,Республика Алтай,2.14.Я.2,Суммарный коэффициент рождаемости (Я1),data (21).xls,Суммарный коэффициент рождаемости (Я1),2026.0,месяц,март,2026-03-31,единица,1.792,22.04.2026,latest,True,
05,Республика Дагестан,ДАГ,Северо-Кавказский федеральный округ,9,12,True,Республика Дагестан,2.14.Я.2,Суммарный коэффициент рождаемости (Я1),data (21).xls,Суммарный коэффициент рождаемости (Я1),2026.0,месяц,март,2026-03-31,единица,1.766,22.04.2026,latest,True,
06,Республика Ингушетия,ИНГ,Северо-Кавказский федеральный округ,7,12,True,Республика Ингушетия,2.14.Я.2,Суммарный коэффициент рождаемости (Я1),data (21).xls,Суммарный коэффициент рождаемости (Я1),2026.0,месяц,март,2026-03-31,единица,1.72,22.04.2026,latest,True,
07,Кабардино-Балкарская Республика,КБР,Северо-Кавказский федеральный округ,9,11,True,Кабардино-Балкарская Республика,2.14.Я.2,Суммарный коэффициент рождаемости (Я1),data (21).xls,Суммарный коэффициент рождаемости (Я1),2026.0,месяц,март,2026-03-31,единица,1.575,22.04.2026,latest,True,
08,Республика Калмыкия,КАЛ,Южный федеральный округ,6,8,True,Республика Калмыкия,2.14.Я.2,Суммарный коэффициент рождаемости (Я1),data (21).xls,Суммарный коэффициент рождаемости (Я1),2026.0,месяц,март,2026-03-31,единица,1.22,22.04.2026,latest,True,
09,Карачаево-Черкесская Республика,КЧР,Северо-Кавказский федеральный округ,8,11,True,Карачаево-Черкесская Республика,2.14.Я.2,Суммарный коэффициент рождаемости (Я1),data (21).xls,Суммарный коэффициент рождаемости (Я1),2026.0,месяц,март,2026-03-31,единица,1.356,22.04.2026,latest,True,
10,Республика Карелия,КАР,Северо-Западный федеральный округ,1,0,True,Республика Карелия,2.14.Я.2,Суммарный коэффициент рождаемости (Я1),data (21).xls,Суммарный коэффициент рождаемости (Я1),2026.0,месяц,март,2026-03-31,единица,1.505,22.04.2026,latest,True,
11,Республика Коми,КОМ,Северо-Западный федеральный округ,2,2,True,Республика Коми,2.14.Я.2,Суммарный коэффициент рождаемости (Я1),data (21).xls,Суммарный коэффициент рождаемости (Я1),2026.0,месяц,март,2026-03-31,единица,1.482,22.04.2026,latest,True,
12,Республика Марий Эл,МЭ,Приволжский федеральный округ,10,6,True,Республика Марий Эл,2.14.Я.2,Суммарный коэффициент рождаемости (Я1),data (21).xls,Суммарный коэффициент рождаемости (Я1),2026.0,месяц,март,2026-03-31,единица,1.345,22.04.2026,latest,True,
13,Республика Мордовия,МОР,Приволжский федеральный округ,12,6,True,Республика Мордовия,2.14.Я.2,Суммарный коэффициент рождаемости (Я1),data (21).xls,Суммарный коэффициент рождаемости (Я1),2026.0,месяц,март,2026-03-31,единица,1.017,22.04.2026,latest,True,
14,Республика Саха (Якутия),ЯКТ,Дальневосточный федеральный округ,22,2,True,Республика Саха (Якутия),2.14.Я.2,Суммарный коэффициент рождаемости (Я1),data (21).xls,Суммарный коэффициент рождаемости (Я1),2026.0,месяц,март,2026-03-31,единица,1.489,22.04.2026,latest,True,
15,Республика Северная Осетия - Алания,СОА,Северо-Кавказский федеральный округ,10,11,True,Республика Северная Осетия-Алания,2.14.Я.2,Суммарный коэффициент рождаемости (Я1),data (21).xls,Суммарный коэффициент рождаемости (Я1),2026.0,месяц,март,2026-03-31,единица,1.516,22.04.2026,latest,True,
16,Республика Татарстан,ТАТ,Приволжский федеральный округ,14,5,True,Республика Татарстан (Татарстан),2.14.Я.2,Суммарный коэффициент рождаемости (Я1),data (21).xls,Суммарный коэффициент рождаемости (Я1),2026.0,месяц,март,2026-03-31,единица,1.422,22.04.2026,latest,True,
17,Республика Тыва,ТЫВ,Сибирский федеральный округ,19,7,True,Республика Тыва,2.14.Я.2,Суммарный коэффициент рождаемости (Я1),data (21).xls,Суммарный коэффициент рождаемости (Я1),2026.0,месяц,март,2026-03-31,единица,2.152,22.04.2026,latest,True,
18,Удмуртская Республика,УДМ,Приволжский федеральный округ,13,5,True,Удмуртская Республика,2.14.Я.2,Суммарный коэффициент рождаемости (Я1),data (21).xls,Суммарный коэффициент рождаемости (Я1),2026.0,месяц,март,2026-03-31,единица,1.292,22.04.2026,latest,True,
19,Республика Хакасия,ХАК,Сибирский федеральный округ,20,6,True,Республика Хакасия,2.14.Я.2,Суммарный коэффициент рождаемости (Я1),data (21).xls,Суммарный коэффициент рождаемости (Я1),2026.0,месяц,март,2026-03-31,единица,1.406,22.04.2026,latest,True,
20,Чеченская Республика,ЧЕЧ,Северо-Кавказский федеральный округ,8,12,True,Чеченская Республика,2.14.Я.2,Суммарный коэффициент рождаемости (Я1),data (21).xls,Суммарный коэффициент рождаемости (Я1),2026.0,месяц,март,2026-03-31,единица,2.58,22.04.2026,latest,True,
21,Чувашская Республика - Чувашия,ЧУВ,Приволжский федеральный округ,11,6,True,Чувашская Республика - Чувашия,2.14.Я.2,Суммарный коэффициент рождаемости (Я1),data (21).xls,Суммарный коэффициент рождаемости (Я1),2026.0,месяц,март,2026-03-31,единица,1.329,22.04.2026,latest,True,
22,Алтайский край,АЛК,Сибирский федеральный округ,18,6,True,Алтайский край,2.14.Я.2,Суммарный коэффициент рождаемости (Я1),data (21).xls,Суммарный коэффициент рождаемости (Я1),2026.0,месяц,март,2026-03-31,единица,1.179,22.04.2026,latest,True,
23,Краснодарский край,КДР,Южный федеральный округ,3,9,True,Краснодарский край,2.14.Я.2,Суммарный коэффициент рождаемости (Я1),data (21).xls,Суммарный коэффициент рождаемости (Я1),2026.0,месяц,март,2026-03-31,единица,1.484,22.04.2026,latest,True,
24,Красноярский край,КРЯ,Сибирский федеральный округ,21,6,True,Красноярский край,2.14.Я.2,Суммарный коэффициент рождаемости (Я1),data (21).xls,Суммарный коэффициент рождаемости (Я1),2026.0,месяц,март,2026-03-31,единица,1.352,22.04.2026,latest,True,
25,Приморский край,ПРИ,Дальневосточный федеральный округ,23,4,True,Приморский край,2.14.Я.2,Суммарный коэффициент рождаемости (Я1),data (21).xls,Суммарный коэффициент рождаемости (Я1),2026.0,месяц,март,2026-03-31,единица,1.384,22.04.2026,latest,True,
26,Ставропольский край,СТА,Северо-Кавказский федеральный округ,7,11,True,Ставропольский край,2.14.Я.2,Суммарный коэффициент рождаемости (Я1),data (21).xls,Суммарный коэффициент рождаемости (Я1),2026.0,месяц,март,2026-03-31,единица,1.232,22.04.2026,latest,True,
27,Хабаровский край,ХАБ,Дальневосточный федеральный округ,22,4,True,Хабаровский край,2.14.Я.2,Суммарный коэффициент рождаемости (Я1),data (21).xls,Суммарный коэффициент рождаемости (Я1),2026.0,месяц,март,2026-03-31,единица,1.377,22.04.2026,latest,True,
28,Амурская область,АМУ,Дальневосточный федеральный округ,24,3,True,Амурская область,2.14.Я.2,Суммарный коэффициент рождаемости (Я1),data (21).xls,Суммарный коэффициент рождаемости (Я1),2026.0,месяц,март,2026-03-31,единица,1.339,22.04.2026,latest,True,
29,Архангельская область,АРХ,Северо-Западный федеральный округ,2,0,True,Архангельская область (кроме Ненецкого автономного округа),2.14.Я.2,Суммарный коэффициент рождаемости (Я1),data (21).xls,Суммарный коэффициент рождаемости (Я1),2026.0,месяц,март,2026-03-31,единица,1.327,22.04.2026,latest,True,
30,Астраханская область,АСТ,Южный федеральный округ,5,8,True,Астраханская область,2.14.Я.2,Суммарный коэффициент рождаемости (Я1),data (21).xls,Суммарный коэффициент рождаемости (Я1),2026.0,месяц,март,2026-03-31,единица,1.566,22.04.2026,latest,True,
31,Белгородская область,БЕЛ,Центральный федеральный округ,8,5,True,Белгородская область,2.14.Я.2,Суммарный коэффициент рождаемости (Я1),data (21).xls,Суммарный коэффициент рождаемости (Я1),2026.0,месяц,март,2026-03-31,единица,1.093,22.04.2026,latest,True,
32,Брянская область,БРЯ,Центральный федеральный округ,8,4,True,Брянская область,2.14.Я.2,Суммарный коэффициент рождаемости (Я1),data (21).xls,Суммарный коэффициент рождаемости (Я1),2026.0,месяц,март,2026-03-31,единица,1.109,22.04.2026,latest,True,
33,Владимирская область,ВЛД,Центральный федеральный округ,6,4,True,Владимирская область,2.14.Я.2,Суммарный коэффициент рождаемости (Я1),data (21).xls,Суммарный коэффициент рождаемости (Я1),2026.0,месяц,март,2026-03-31,единица,1.064,22.04.2026,latest,True,
34,Волгоградская область,ВГГ,Южный федеральный округ,4,8,True,Волгоградская область,2.14.Я.2,Суммарный коэффициент рождаемости (Я1),data (21).xls,Суммарный коэффициент рождаемости (Я1),2026.0,месяц,март,2026-03-31,единица,1.086,22.04.2026,latest,True,
35,Вологодская область,ВОЛ,Северо-Западный федеральный округ,1,2,True,Вологодская область,2.14.Я.2,Суммарный коэффициент рождаемости (Я1),data (21).xls,Суммарный коэффициент рождаемости (Я1),2026.0,месяц,март,2026-03-31,единица,1.39,22.04.2026,latest,True,
36,Воронежская область,ВРН,Центральный федеральный округ,9,5,True,Воронежская область,2.14.Я.2,Суммарный коэффициент рождаемости (Я1),data (21).xls,Суммарный коэффициент рождаемости (Я1),2026.0,месяц,март,2026-03-31,единица,1.218,22.04.2026,latest,True,
37,Ивановская область,ИВН,Центральный федеральный округ,7,4,True,Ивановская область,2.14.Я.2,Суммарный коэффициент рождаемости (Я1),data (21).xls,Суммарный коэффициент рождаемости (Я1),2026.0,месяц,март,2026-03-31,единица,1.221,22.04.2026,latest,True,
38,Иркутская область,ИРК,Сибирский федеральный округ,18,7,True,Иркутская область,2.14.Я.2,Суммарный коэффициент рождаемости (Я1),data (21).xls,Суммарный коэффициент рождаемости (Я1),2026.0,месяц,март,2026-03-31,единица,1.557,22.04.2026,latest,True,
39,Калининградская область,КГД,Северо-Западный федеральный округ,0,1,True,Калининградская область,2.14.Я.2,Суммарный коэффициент рождаемости (Я1),data (21).xls,Суммарный коэффициент рождаемости (Я1),2026.0,месяц,март,2026-03-31,единица,1.185,22.04.2026,latest,True,
40,Калужская область,КЛЖ,Центральный федеральный округ,4,4,True,Калужская область,2.14.Я.2,Суммарный коэффициент рождаемости (Я1),data (21).xls,Суммарный коэффициент рождаемости (Я1),2026.0,месяц,март,2026-03-31,единица,1.25,22.04.2026,latest,True,
41,Камчатский край,КАМ,Дальневосточный федеральный округ,24,2,True,Камчатский край,2.14.Я.2,Суммарный коэффициент рождаемости (Я1),data (21).xls,Суммарный коэффициент рождаемости (Я1),2026.0,месяц,март,2026-03-31,единица,1.561,22.04.2026,latest,True,
42,Кемеровская область - Кузбасс,КЕМ,Сибирский федеральный округ,21,5,True,Кемеровская область - Кузбасс,2.14.Я.2,Суммарный коэффициент рождаемости (Я1),data (21).xls,Суммарный коэффициент рождаемости (Я1),2026.0,месяц,март,2026-03-31,единица,1.121,22.04.2026,latest,True,
43,Кировская область,КИР,Приволжский федеральный округ,11,5,True,Кировская область,2.14.Я.2,Суммарный коэффициент рождаемости (Я1),data (21).xls,Суммарный коэффициент рождаемости (Я1),2026.0,месяц,март,2026-03-31,единица,1.422,22.04.2026,latest,True,
44,Костромская область,КОС,Центральный федеральный округ,6,3,True,Костромская область,2.14.Я.2,Суммарный коэффициент рождаемости (Я1),data (21).xls,Суммарный коэффициент рождаемости (Я1),2026.0,месяц,март,2026-03-31,единица,1.39,22.04.2026,latest,True,
45,Курганская область,КУРГ,Уральский федеральный округ,15,6,True,Курганская область,2.14.Я.2,Суммарный коэффициент рождаемости (Я1),data (21).xls,Суммарный коэффициент рождаемости (Я1),2026.0,месяц,март,2026-03-31,единица,1.512,22.04.2026,latest,True,
46,Курская область,КУР,Центральный федеральный округ,5,5,True,Курская область,2.14.Я.2,Суммарный коэффициент рождаемости (Я1),data (21).xls,Суммарный коэффициент рождаемости (Я1),2026.0,месяц,март,2026-03-31,единица,1.168,22.04.2026,latest,True,
47,Ленинградская область,ЛЕН,Северо-Западный федеральный округ,2,1,True,Ленинградская область,2.14.Я.2,Суммарный коэффициент рождаемости (Я1),data (21).xls,Суммарный коэффициент рождаемости (Я1),2026.0,месяц,март,2026-03-31,единица,0.911,22.04.2026,latest,True,
48,Липецкая область,ЛИП,Центральный федеральный округ,6,5,True,Липецкая область,2.14.Я.2,Суммарный коэффициент рождаемости (Я1),data (21).xls,Суммарный коэффициент рождаемости (Я1),2026.0,месяц,март,2026-03-31,единица,1.16,22.04.2026,latest,True,
49,Магаданская область,МАГ,Дальневосточный федеральный округ,25,2,True,Магаданская область,2.14.Я.2,Суммарный коэффициент рождаемости (Я1),data (21).xls,Суммарный коэффициент рождаемости (Я1),2026.0,месяц,март,2026-03-31,единица,1.205,22.04.2026,latest,True,
50,Московская область,МОСО,Центральный федеральный округ,8,3,True,Московская область,2.14.Я.2,Суммарный коэффициент рождаемости (Я1),data (21).xls,Суммарный коэффициент рождаемости (Я1),2026.0,месяц,март,2026-03-31,единица,1.3,22.04.2026,latest,True,
51,Мурманская область,МУР,Северо-Западный федеральный округ,0,0,True,Мурманская область,2.14.Я.2,Суммарный коэффициент рождаемости (Я1),data (21).xls,Суммарный коэффициент рождаемости (Я1),2026.0,месяц,март,2026-03-31,единица,1.272,22.04.2026,latest,True,
52,Нижегородская область,НИЖ,Приволжский федеральный округ,10,5,True,Нижегородская область,2.14.Я.2,Суммарный коэффициент рождаемости (Я1),data (21).xls,Суммарный коэффициент рождаемости (Я1),2026.0,месяц,март,2026-03-31,единица,1.324,22.04.2026,latest,True,
53,Новгородская область,НВГ,Северо-Западный федеральный округ,3,1,True,Новгородская область,2.14.Я.2,Суммарный коэффициент рождаемости (Я1),data (21).xls,Суммарный коэффициент рождаемости (Я1),2026.0,месяц,март,2026-03-31,единица,1.211,22.04.2026,latest,True,
54,Новосибирская область,НСО,Сибирский федеральный округ,19,5,True,Новосибирская область,2.14.Я.2,Суммарный коэффициент рождаемости (Я1),data (21).xls,Суммарный коэффициент рождаемости (Я1),2026.0,месяц,март,2026-03-31,единица,1.399,22.04.2026,latest,True,
55,Омская область,ОМС,Сибирский федеральный округ,18,5,True,Омская область,2.14.Я.2,Суммарный коэффициент рождаемости (Я1),data (21).xls,Суммарный коэффициент рождаемости (Я1),2026.0,месяц,март,2026-03-31,единица,1.412,22.04.2026,latest,True,
56,Оренбургская область,ОРЕ,Приволжский федеральный округ,12,7,True,Оренбургская область,2.14.Я.2,Суммарный коэффициент рождаемости (Я1),data (21).xls,Суммарный коэффициент рождаемости (Я1),2026.0,месяц,март,2026-03-31,единица,1.382,22.04.2026,latest,True,
57,Орловская область,ОРЛ,Центральный федеральный округ,9,4,True,Орловская область,2.14.Я.2,Суммарный коэффициент рождаемости (Я1),data (21).xls,Суммарный коэффициент рождаемости (Я1),2026.0,месяц,март,2026-03-31,единица,1.119,22.04.2026,latest,True,
58,Пензенская область,ПЕН,Приволжский федеральный округ,13,6,True,Пензенская область,2.14.Я.2,Суммарный коэффициент рождаемости (Я1),data (21).xls,Суммарный коэффициент рождаемости (Я1),2026.0,месяц,март,2026-03-31,единица,1.118,22.04.2026,latest,True,
59,Пермский край,ПЕР,Приволжский федеральный округ,12,5,True,Пермский край,2.14.Я.2,Суммарный коэффициент рождаемости (Я1),data (21).xls,Суммарный коэффициент рождаемости (Я1),2026.0,месяц,март,2026-03-31,единица,1.426,22.04.2026,latest,True,
60,Псковская область,ПСК,Северо-Западный федеральный округ,0,2,True,Псковская область,2.14.Я.2,Суммарный коэффициент рождаемости (Я1),data (21).xls,Суммарный коэффициент рождаемости (Я1),2026.0,месяц,март,2026-03-31,единица,1.24,22.04.2026,latest,True,
61,Ростовская область,РОС,Южный федеральный округ,3,8,True,Ростовская область,2.14.Я.2,Суммарный коэффициент рождаемости (Я1),data (21).xls,Суммарный коэффициент рождаемости (Я1),2026.0,месяц,март,2026-03-31,единица,1.264,22.04.2026,latest,True,
62,Рязанская область,РЯЗ,Центральный федеральный округ,4,5,True,Рязанская область,2.14.Я.2,Суммарный коэффициент рождаемости (Я1),data (21).xls,Суммарный коэффициент рождаемости (Я1),2026.0,месяц,март,2026-03-31,единица,1.149,22.04.2026,latest,True,
63,Самарская область,САМ,Приволжский федеральный округ,10,7,True,Самарская область,2.14.Я.2,Суммарный коэффициент рождаемости (Я1),data (21).xls,Суммарный коэффициент рождаемости (Я1),2026.0,месяц,март,2026-03-31,единица,1.302,22.04.2026,latest,True,
64,Саратовская область,САР,Приволжский федеральный округ,11,7,True,Саратовская область,2.14.Я.2,Суммарный коэффициент рождаемости (Я1),data (21).xls,Суммарный коэффициент рождаемости (Я1),2026.0,месяц,март,2026-03-31,единица,1.065,22.04.2026,latest,True,
65,Сахалинская область,САХ,Дальневосточный федеральный округ,24,4,True,Сахалинская область,2.14.Я.2,Суммарный коэффициент рождаемости (Я1),data (21).xls,Суммарный коэффициент рождаемости (Я1),2026.0,месяц,март,2026-03-31,единица,1.635,22.04.2026,latest,True,
66,Свердловская область,СВР,Уральский федеральный округ,15,5,True,Свердловская область,2.14.Я.2,Суммарный коэффициент рождаемости (Я1),data (21).xls,Суммарный коэффициент рождаемости (Я1),2026.0,месяц,март,2026-03-31,единица,1.461,22.04.2026,latest,True,
67,Смоленская область,СМЛ,Центральный федеральный округ,7,3,True,Смоленская область,2.14.Я.2,Суммарный коэффициент рождаемости (Я1),data (21).xls,Суммарный коэффициент рождаемости (Я1),2026.0,месяц,март,2026-03-31,единица,1.012,22.04.2026,latest,True,
68,Тамбовская область,ТАМ,Центральный федеральный округ,7,5,True,Тамбовская область,2.14.Я.2,Суммарный коэффициент рождаемости (Я1),data (21).xls,Суммарный коэффициент рождаемости (Я1),2026.0,месяц,март,2026-03-31,единица,1.135,22.04.2026,latest,True,
69,Тверская область,ТВЕ,Центральный федеральный округ,4,3,True,Тверская область,2.14.Я.2,Суммарный коэффициент рождаемости (Я1),data (21).xls,Суммарный коэффициент рождаемости (Я1),2026.0,месяц,март,2026-03-31,единица,1.232,22.04.2026,latest,True,
70,Томская область,ТОМ,Сибирский федеральный округ,20,5,True,Томская область,2.14.Я.2,Суммарный коэффициент рождаемости (Я1),data (21).xls,Суммарный коэффициент рождаемости (Я1),2026.0,месяц,март,2026-03-31,единица,1.134,22.04.2026,latest,True,
71,Тульская область,ТУЛ,Центральный федеральный округ,5,4,True,Тульская область,2.14.Я.2,Суммарный коэффициент рождаемости (Я1),data (21).xls,Суммарный коэффициент рождаемости (Я1),2026.0,месяц,март,2026-03-31,единица,1.129,22.04.2026,latest,True,
72,Тюменская область,ТЮМ,Уральский федеральный округ,16,6,True,Тюменская область (кроме Ханты-Мансийского автономного округа-Югры и Ямало-Ненецкого автономного округа),2.14.Я.2,Суммарный коэффициент рождаемости (Я1),data (21).xls,Суммарный коэффициент рождаемости (Я1),2026.0,месяц,март,2026-03-31,единица,1.666,22.04.2026,latest,True,
73,Ульяновская область,УЛЬ,Приволжский федеральный округ,14,6,True,Ульяновская область,2.14.Я.2,Суммарный коэффициент рождаемости (Я1),data (21).xls,Суммарный коэффициент рождаемости (Я1),2026.0,месяц,март,2026-03-31,единица,1.225,22.04.2026,latest,True,
74,Челябинская область,ЧЕЛ,Уральский федеральный округ,17,6,True,Челябинская область,2.14.Я.2,Суммарный коэффициент рождаемости (Я1),data (21).xls,Суммарный коэффициент рождаемости (Я1),2026.0,месяц,март,2026-03-31,единица,1.378,22.04.2026,latest,True,
75,Забайкальский край,ЗАБ,Дальневосточный федеральный округ,22,3,True,Забайкальский край,2.14.Я.2,Суммарный коэффициент рождаемости (Я1),data (21).xls,Суммарный коэффициент рождаемости (Я1),2026.0,месяц,март,2026-03-31,единица,1.49,22.04.2026,latest,True,
76,Ярославская область,ЯРС,Центральный федеральный округ,5,3,True,Ярославская область,2.14.Я.2,Суммарный коэффициент рождаемости (Я1),data (21).xls,Суммарный коэффициент рождаемости (Я1),2026.0,месяц,март,2026-03-31,единица,1.217,22.04.2026,latest,True,
77,Москва,МСК,Центральный федеральный округ,9,3,True,Город Москва столица Российской Федерации город федерального значения,2.14.Я.2,Суммарный коэффициент рождаемости (Я1),data (21).xls,Суммарный коэффициент рождаемости (Я1),2026.0,месяц,март,2026-03-31,единица,1.416,22.04.2026,latest,True,
78,Санкт-Петербург,СПБ,Северо-Западный федеральный округ,1,1,True,Город Санкт-Петербург город федерального значения,2.14.Я.2,Суммарный коэффициент рождаемости (Я1),data (21).xls,Суммарный коэффициент рождаемости (Я1),2026.0,месяц,март,2026-03-31,единица,1.231,22.04.2026,latest,True,
79,Еврейская автономная область,ЕАО,Дальневосточный федеральный округ,25,3,True,Еврейская автономная область,2.14.Я.2,Суммарный коэффициент рождаемости (Я1),data (21).xls,Суммарный коэффициент рождаемости (Я1),2026.0,месяц,март,2026-03-31,единица,1.367,22.04.2026,latest,True,
83,Ненецкий автономный округ,НАО,Северо-Западный федеральный округ,3,0,True,Ненецкий автономный округ (Архангельская область),2.14.Я.2,Суммарный коэффициент рождаемости (Я1),data (21).xls,Суммарный коэффициент рождаемости (Я1),2026.0,месяц,март,2026-03-31,единица,1.503,22.04.2026,latest,True,
86,Ханты-Мансийский автономный округ - Югра,ХМАО,Уральский федеральный округ,16,5,True,Ханты-Мансийский автономный округ - Югра (Тюменская область),2.14.Я.2,Суммарный коэффициент рождаемости (Я1),data (21).xls,Суммарный коэффициент рождаемости (Я1),2026.0,месяц,март,2026-03-31,единица,1.532,22.04.2026,latest,True,
87,Чукотский автономный округ,ЧУК,Дальневосточный федеральный округ,23,2,True,Чукотский автономный округ,2.14.Я.2,Суммарный коэффициент рождаемости (Я1),data (21).xls,Суммарный коэффициент рождаемости (Я1),2026.0,месяц,март,2026-03-31,единица,1.684,22.04.2026,latest,True,
89,Ямало-Ненецкий автономный округ,ЯНАО,Уральский федеральный округ,17,5,True,Ямало-Ненецкий автономный округ (Тюменская область),2.14.Я.2,Суммарный коэффициент рождаемости (Я1),data (21).xls,Суммарный коэффициент рождаемости (Я1),2026.0,месяц,март,2026-03-31,единица,2.0,22.04.2026,latest,True,
90,Запорожская область,ЗАП,Новые регионы / Южный макрорегион,9,9,True,,,,,,,,,,,,,latest,False,Нет данных в переданной выгрузке ЕМИСС для выбранного периода/показателя
91,Республика Крым,КРЫ,Южный федеральный округ,5,9,True,Республика Крым,2.14.Я.2,Суммарный коэффициент рождаемости (Я1),data (21).xls,Суммарный коэффициент рождаемости (Я1),2026.0,месяц,март,2026-03-31,единица,1.459,22.04.2026,latest,True,
92,Севастополь,СЕВ,Южный федеральный округ,6,9,True,Город федерального значения Севастополь,2.14.Я.2,Суммарный коэффициент рождаемости (Я1),data (21).xls,Суммарный коэффициент рождаемости (Я1),2026.0,месяц,март,2026-03-31,единица,1.061,22.04.2026,latest,True,
93,Донецкая Народная Республика,ДНР,Новые регионы / Южный макрорегион,7,9,True,,,,,,,,,,,,,latest,False,Нет данных в переданной выгрузке ЕМИСС для выбранного периода/показателя
94,Луганская Народная Республика,ЛНР,Новые регионы / Южный макрорегион,8,9,True,,,,,,,,,,,,,latest,False,Нет данных в переданной выгрузке ЕМИСС для выбранного периода/показателя
95,Херсонская область,ХЕР,Новые регионы / Южный макрорегион,10,9,True,,,,,,,,,,,,,latest,False,Нет данных в переданной выгрузке ЕМИСС для выбранного периода/показателя
01,Республика Адыгея,АД,Южный федеральный округ,4,9,True,Республика Адыгея (Адыгея),2.14.Я.3,Суммарный коэффициент рождаемости третьих и последующих детей (Я2),data (22).xls,Суммарный коэффициент рождаемости третьих и последующих детей (Я2),2026.0,месяц,март,2026-03-31,единица,0.402,22.04.2026,latest,True,
02,Республика Башкортостан,БА,Приволжский федеральный округ,13,7,True,Республика Башкортостан,2.14.Я.3,Суммарный коэффициент рождаемости третьих и последующих детей (Я2),data (22).xls,Суммарный коэффициент рождаемости третьих и последующих детей (Я2),2026.0,месяц,март,2026-03-31,единица,0.351,22.04.2026,latest,True,
03,Республика Бурятия,БУР,Дальневосточный федеральный округ,23,3,True,Республика Бурятия,2.14.Я.3,Суммарный коэффициент рождаемости третьих и последующих детей (Я2),data (22).xls,Суммарный коэффициент рождаемости третьих и последующих детей (Я2),2026.0,месяц,март,2026-03-31,единица,0.556,22.04.2026,latest,True,
04,Республика Алтай,АЛР,Сибирский федеральный округ,19,6,True,Республика Алтай,2.14.Я.3,Суммарный коэффициент рождаемости третьих и последующих детей (Я2),data (22).xls,Суммарный коэффициент рождаемости третьих и последующих детей (Я2),2026.0,месяц,март,2026-03-31,единица,0.699,22.04.2026,latest,True,
05,Республика Дагестан,ДАГ,Северо-Кавказский федеральный округ,9,12,True,Республика Дагестан,2.14.Я.3,Суммарный коэффициент рождаемости третьих и последующих детей (Я2),data (22).xls,Суммарный коэффициент рождаемости третьих и последующих детей (Я2),2026.0,месяц,март,2026-03-31,единица,0.707,22.04.2026,latest,True,
06,Республика Ингушетия,ИНГ,Северо-Кавказский федеральный округ,7,12,True,Республика Ингушетия,2.14.Я.3,Суммарный коэффициент рождаемости третьих и последующих детей (Я2),data (22).xls,Суммарный коэффициент рождаемости третьих и последующих детей (Я2),2026.0,месяц,март,2026-03-31,единица,0.933,22.04.2026,latest,True,
07,Кабардино-Балкарская Республика,КБР,Северо-Кавказский федеральный округ,9,11,True,Кабардино-Балкарская Республика,2.14.Я.3,Суммарный коэффициент рождаемости третьих и последующих детей (Я2),data (22).xls,Суммарный коэффициент рождаемости третьих и последующих детей (Я2),2026.0,месяц,март,2026-03-31,единица,0.607,22.04.2026,latest,True,
08,Республика Калмыкия,КАЛ,Южный федеральный округ,6,8,True,Республика Калмыкия,2.14.Я.3,Суммарный коэффициент рождаемости третьих и последующих детей (Я2),data (22).xls,Суммарный коэффициент рождаемости третьих и последующих детей (Я2),2026.0,месяц,март,2026-03-31,единица,0.514,22.04.2026,latest,True,
09,Карачаево-Черкесская Республика,КЧР,Северо-Кавказский федеральный округ,8,11,True,Карачаево-Черкесская Республика,2.14.Я.3,Суммарный коэффициент рождаемости третьих и последующих детей (Я2),data (22).xls,Суммарный коэффициент рождаемости третьих и последующих детей (Я2),2026.0,месяц,март,2026-03-31,единица,0.528,22.04.2026,latest,True,
10,Республика Карелия,КАР,Северо-Западный федеральный округ,1,0,True,Республика Карелия,2.14.Я.3,Суммарный коэффициент рождаемости третьих и последующих детей (Я2),data (22).xls,Суммарный коэффициент рождаемости третьих и последующих детей (Я2),2026.0,месяц,март,2026-03-31,единица,0.352,22.04.2026,latest,True,
11,Республика Коми,КОМ,Северо-Западный федеральный округ,2,2,True,Республика Коми,2.14.Я.3,Суммарный коэффициент рождаемости третьих и последующих детей (Я2),data (22).xls,Суммарный коэффициент рождаемости третьих и последующих детей (Я2),2026.0,месяц,март,2026-03-31,единица,0.401,22.04.2026,latest,True,
12,Республика Марий Эл,МЭ,Приволжский федеральный округ,10,6,True,Республика Марий Эл,2.14.Я.3,Суммарный коэффициент рождаемости третьих и последующих детей (Я2),data (22).xls,Суммарный коэффициент рождаемости третьих и последующих детей (Я2),2026.0,месяц,март,2026-03-31,единица,0.387,22.04.2026,latest,True,
13,Республика Мордовия,МОР,Приволжский федеральный округ,12,6,True,Республика Мордовия,2.14.Я.3,Суммарный коэффициент рождаемости третьих и последующих детей (Я2),data (22).xls,Суммарный коэффициент рождаемости третьих и последующих детей (Я2),2026.0,месяц,март,2026-03-31,единица,0.242,22.04.2026,latest,True,
14,Республика Саха (Якутия),ЯКТ,Дальневосточный федеральный округ,22,2,True,Республика Саха (Якутия),2.14.Я.3,Суммарный коэффициент рождаемости третьих и последующих детей (Я2),data (22).xls,Суммарный коэффициент рождаемости третьих и последующих детей (Я2),2026.0,месяц,март,2026-03-31,единица,0.587,22.04.2026,latest,True,
15,Республика Северная Осетия - Алания,СОА,Северо-Кавказский федеральный округ,10,11,True,Республика Северная Осетия-Алания,2.14.Я.3,Суммарный коэффициент рождаемости третьих и последующих детей (Я2),data (22).xls,Суммарный коэффициент рождаемости третьих и последующих детей (Я2),2026.0,месяц,март,2026-03-31,единица,0.507,22.04.2026,latest,True,
16,Республика Татарстан,ТАТ,Приволжский федеральный округ,14,5,True,Республика Татарстан (Татарстан),2.14.Я.3,Суммарный коэффициент рождаемости третьих и последующих детей (Я2),data (22).xls,Суммарный коэффициент рождаемости третьих и последующих детей (Я2),2026.0,месяц,март,2026-03-31,единица,0.31,22.04.2026,latest,True,
17,Республика Тыва,ТЫВ,Сибирский федеральный округ,19,7,True,Республика Тыва,2.14.Я.3,Суммарный коэффициент рождаемости третьих и последующих детей (Я2),data (22).xls,Суммарный коэффициент рождаемости третьих и последующих детей (Я2),2026.0,месяц,март,2026-03-31,единица,0.973,22.04.2026,latest,True,
18,Удмуртская Республика,УДМ,Приволжский федеральный округ,13,5,True,Удмуртская Республика,2.14.Я.3,Суммарный коэффициент рождаемости третьих и последующих детей (Я2),data (22).xls,Суммарный коэффициент рождаемости третьих и последующих детей (Я2),2026.0,месяц,март,2026-03-31,единица,0.342,22.04.2026,latest,True,
19,Республика Хакасия,ХАК,Сибирский федеральный округ,20,6,True,Республика Хакасия,2.14.Я.3,Суммарный коэффициент рождаемости третьих и последующих детей (Я2),data (22).xls,Суммарный коэффициент рождаемости третьих и последующих детей (Я2),2026.0,месяц,март,2026-03-31,единица,0.424,22.04.2026,latest,True,
20,Чеченская Республика,ЧЕЧ,Северо-Кавказский федеральный округ,8,12,True,Чеченская Республика,2.14.Я.3,Суммарный коэффициент рождаемости третьих и последующих детей (Я2),data (22).xls,Суммарный коэффициент рождаемости третьих и последующих детей (Я2),2026.0,месяц,март,2026-03-31,единица,1.335,22.04.2026,latest,True,
21,Чувашская Республика - Чувашия,ЧУВ,Приволжский федеральный округ,11,6,True,Чувашская Республика - Чувашия,2.14.Я.3,Суммарный коэффициент рождаемости третьих и последующих детей (Я2),data (22).xls,Суммарный коэффициент рождаемости третьих и последующих детей (Я2),2026.0,месяц,март,2026-03-31,единица,0.364,22.04.2026,latest,True,
22,Алтайский край,АЛК,Сибирский федеральный округ,18,6,True,Алтайский край,2.14.Я.3,Суммарный коэффициент рождаемости третьих и последующих детей (Я2),data (22).xls,Суммарный коэффициент рождаемости третьих и последующих детей (Я2),2026.0,месяц,март,2026-03-31,единица,0.321,22.04.2026,latest,True,
23,Краснодарский край,КДР,Южный федеральный округ,3,9,True,Краснодарский край,2.14.Я.3,Суммарный коэффициент рождаемости третьих и последующих детей (Я2),data (22).xls,Суммарный коэффициент рождаемости третьих и последующих детей (Я2),2026.0,месяц,март,2026-03-31,единица,0.338,22.04.2026,latest,True,
24,Красноярский край,КРЯ,Сибирский федеральный округ,21,6,True,Красноярский край,2.14.Я.3,Суммарный коэффициент рождаемости третьих и последующих детей (Я2),data (22).xls,Суммарный коэффициент рождаемости третьих и последующих детей (Я2),2026.0,месяц,март,2026-03-31,единица,0.352,22.04.2026,latest,True,
25,Приморский край,ПРИ,Дальневосточный федеральный округ,23,4,True,Приморский край,2.14.Я.3,Суммарный коэффициент рождаемости третьих и последующих детей (Я2),data (22).xls,Суммарный коэффициент рождаемости третьих и последующих детей (Я2),2026.0,месяц,март,2026-03-31,единица,0.344,22.04.2026,latest,True,
26,Ставропольский край,СТА,Северо-Кавказский федеральный округ,7,11,True,Ставропольский край,2.14.Я.3,Суммарный коэффициент рождаемости третьих и последующих детей (Я2),data (22).xls,Суммарный коэффициент рождаемости третьих и последующих детей (Я2),2026.0,месяц,март,2026-03-31,единица,0.359,22.04.2026,latest,True,
27,Хабаровский край,ХАБ,Дальневосточный федеральный округ,22,4,True,Хабаровский край,2.14.Я.3,Суммарный коэффициент рождаемости третьих и последующих детей (Я2),data (22).xls,Суммарный коэффициент рождаемости третьих и последующих детей (Я2),2026.0,месяц,март,2026-03-31,единица,0.369,22.04.2026,latest,True,
28,Амурская область,АМУ,Дальневосточный федеральный округ,24,3,True,Амурская область,2.14.Я.3,Суммарный коэффициент рождаемости третьих и последующих детей (Я2),data (22).xls,Суммарный коэффициент рождаемости третьих и последующих детей (Я2),2026.0,месяц,март,2026-03-31,единица,0.333,22.04.2026,latest,True,
29,Архангельская область,АРХ,Северо-Западный федеральный округ,2,0,True,Архангельская область (кроме Ненецкого автономного округа),2.14.Я.3,Суммарный коэффициент рождаемости третьих и последующих детей (Я2),data (22).xls,Суммарный коэффициент рождаемости третьих и последующих детей (Я2),2026.0,месяц,март,2026-03-31,единица,0.313,22.04.2026,latest,True,
30,Астраханская область,АСТ,Южный федеральный округ,5,8,True,Астраханская область,2.14.Я.3,Суммарный коэффициент рождаемости третьих и последующих детей (Я2),data (22).xls,Суммарный коэффициент рождаемости третьих и последующих детей (Я2),2026.0,месяц,март,2026-03-31,единица,0.509,22.04.2026,latest,True,
31,Белгородская область,БЕЛ,Центральный федеральный округ,8,5,True,Белгородская область,2.14.Я.3,Суммарный коэффициент рождаемости третьих и последующих детей (Я2),data (22).xls,Суммарный коэффициент рождаемости третьих и последующих детей (Я2),2026.0,месяц,март,2026-03-31,единица,0.208,22.04.2026,latest,True,
32,Брянская область,БРЯ,Центральный федеральный округ,8,4,True,Брянская область,2.14.Я.3,Суммарный коэффициент рождаемости третьих и последующих детей (Я2),data (22).xls,Суммарный коэффициент рождаемости третьих и последующих детей (Я2),2026.0,месяц,март,2026-03-31,единица,0.249,22.04.2026,latest,True,
33,Владимирская область,ВЛД,Центральный федеральный округ,6,4,True,Владимирская область,2.14.Я.3,Суммарный коэффициент рождаемости третьих и последующих детей (Я2),data (22).xls,Суммарный коэффициент рождаемости третьих и последующих детей (Я2),2026.0,месяц,март,2026-03-31,единица,0.273,22.04.2026,latest,True,
34,Волгоградская область,ВГГ,Южный федеральный округ,4,8,True,Волгоградская область,2.14.Я.3,Суммарный коэффициент рождаемости третьих и последующих детей (Я2),data (22).xls,Суммарный коэффициент рождаемости третьих и последующих детей (Я2),2026.0,месяц,март,2026-03-31,единица,0.269,22.04.2026,latest,True,
35,Вологодская область,ВОЛ,Северо-Западный федеральный округ,1,2,True,Вологодская область,2.14.Я.3,Суммарный коэффициент рождаемости третьих и последующих детей (Я2),data (22).xls,Суммарный коэффициент рождаемости третьих и последующих детей (Я2),2026.0,месяц,март,2026-03-31,единица,0.362,22.04.2026,latest,True,
36,Воронежская область,ВРН,Центральный федеральный округ,9,5,True,Воронежская область,2.14.Я.3,Суммарный коэффициент рождаемости третьих и последующих детей (Я2),data (22).xls,Суммарный коэффициент рождаемости третьих и последующих детей (Я2),2026.0,месяц,март,2026-03-31,единица,0.242,22.04.2026,latest,True,
37,Ивановская область,ИВН,Центральный федеральный округ,7,4,True,Ивановская область,2.14.Я.3,Суммарный коэффициент рождаемости третьих и последующих детей (Я2),data (22).xls,Суммарный коэффициент рождаемости третьих и последующих детей (Я2),2026.0,месяц,март,2026-03-31,единица,0.287,22.04.2026,latest,True,
38,Иркутская область,ИРК,Сибирский федеральный округ,18,7,True,Иркутская область,2.14.Я.3,Суммарный коэффициент рождаемости третьих и последующих детей (Я2),data (22).xls,Суммарный коэффициент рождаемости третьих и последующих детей (Я2),2026.0,месяц,март,2026-03-31,единица,0.466,22.04.2026,latest,True,
39,Калининградская область,КГД,Северо-Западный федеральный округ,0,1,True,Калининградская область,2.14.Я.3,Суммарный коэффициент рождаемости третьих и последующих детей (Я2),data (22).xls,Суммарный коэффициент рождаемости третьих и последующих детей (Я2),2026.0,месяц,март,2026-03-31,единица,0.268,22.04.2026,latest,True,
40,Калужская область,КЛЖ,Центральный федеральный округ,4,4,True,Калужская область,2.14.Я.3,Суммарный коэффициент рождаемости третьих и последующих детей (Я2),data (22).xls,Суммарный коэффициент рождаемости третьих и последующих детей (Я2),2026.0,месяц,март,2026-03-31,единица,0.407,22.04.2026,latest,True,
41,Камчатский край,КАМ,Дальневосточный федеральный округ,24,2,True,Камчатский край,2.14.Я.3,Суммарный коэффициент рождаемости третьих и последующих детей (Я2),data (22).xls,Суммарный коэффициент рождаемости третьих и последующих детей (Я2),2026.0,месяц,март,2026-03-31,единица,0.392,22.04.2026,latest,True,
42,Кемеровская область - Кузбасс,КЕМ,Сибирский федеральный округ,21,5,True,Кемеровская область - Кузбасс,2.14.Я.3,Суммарный коэффициент рождаемости третьих и последующих детей (Я2),data (22).xls,Суммарный коэффициент рождаемости третьих и последующих детей (Я2),2026.0,месяц,март,2026-03-31,единица,0.295,22.04.2026,latest,True,
43,Кировская область,КИР,Приволжский федеральный округ,11,5,True,Кировская область,2.14.Я.3,Суммарный коэффициент рождаемости третьих и последующих детей (Я2),data (22).xls,Суммарный коэффициент рождаемости третьих и последующих детей (Я2),2026.0,месяц,март,2026-03-31,единица,0.321,22.04.2026,latest,True,
44,Костромская область,КОС,Центральный федеральный округ,6,3,True,Костромская область,2.14.Я.3,Суммарный коэффициент рождаемости третьих и последующих детей (Я2),data (22).xls,Суммарный коэффициент рождаемости третьих и последующих детей (Я2),2026.0,месяц,март,2026-03-31,единица,0.354,22.04.2026,latest,True,
45,Курганская область,КУРГ,Уральский федеральный округ,15,6,True,Курганская область,2.14.Я.3,Суммарный коэффициент рождаемости третьих и последующих детей (Я2),data (22).xls,Суммарный коэффициент рождаемости третьих и последующих детей (Я2),2026.0,месяц,март,2026-03-31,единица,0.49,22.04.2026,latest,True,
46,Курская область,КУР,Центральный федеральный округ,5,5,True,Курская область,2.14.Я.3,Суммарный коэффициент рождаемости третьих и последующих детей (Я2),data (22).xls,Суммарный коэффициент рождаемости третьих и последующих детей (Я2),2026.0,месяц,март,2026-03-31,единица,0.248,22.04.2026,latest,True,
47,Ленинградская область,ЛЕН,Северо-Западный федеральный округ,2,1,True,Ленинградская область,2.14.Я.3,Суммарный коэффициент рождаемости третьих и последующих детей (Я2),data (22).xls,Суммарный коэффициент рождаемости третьих и последующих детей (Я2),2026.0,месяц,март,2026-03-31,единица,0.231,22.04.2026,latest,True,
48,Липецкая область,ЛИП,Центральный федеральный округ,6,5,True,Липецкая область,2.14.Я.3,Суммарный коэффициент рождаемости третьих и последующих детей (Я2),data (22).xls,Суммарный коэффициент рождаемости третьих и последующих детей (Я2),2026.0,месяц,март,2026-03-31,единица,0.286,22.04.2026,latest,True,
49,Магаданская область,МАГ,Дальневосточный федеральный округ,25,2,True,Магаданская область,2.14.Я.3,Суммарный коэффициент рождаемости третьих и последующих детей (Я2),data (22).xls,Суммарный коэффициент рождаемости третьих и последующих детей (Я2),2026.0,месяц,март,2026-03-31,единица,0.345,22.04.2026,latest,True,
50,Московская область,МОСО,Центральный федеральный округ,8,3,True,Московская область,2.14.Я.3,Суммарный коэффициент рождаемости третьих и последующих детей (Я2),data (22).xls,Суммарный коэффициент рождаемости третьих и последующих детей (Я2),2026.0,месяц,март,2026-03-31,единица,0.31,22.04.2026,latest,True,
51,Мурманская область,МУР,Северо-Западный федеральный округ,0,0,True,Мурманская область,2.14.Я.3,Суммарный коэффициент рождаемости третьих и последующих детей (Я2),data (22).xls,Суммарный коэффициент рождаемости третьих и последующих детей (Я2),2026.0,месяц,март,2026-03-31,единица,0.273,22.04.2026,latest,True,
52,Нижегородская область,НИЖ,Приволжский федеральный округ,10,5,True,Нижегородская область,2.14.Я.3,Суммарный коэффициент рождаемости третьих и последующих детей (Я2),data (22).xls,Суммарный коэффициент рождаемости третьих и последующих детей (Я2),2026.0,месяц,март,2026-03-31,единица,0.279,22.04.2026,latest,True,
53,Новгородская область,НВГ,Северо-Западный федеральный округ,3,1,True,Новгородская область,2.14.Я.3,Суммарный коэффициент рождаемости третьих и последующих детей (Я2),data (22).xls,Суммарный коэффициент рождаемости третьих и последующих детей (Я2),2026.0,месяц,март,2026-03-31,единица,0.345,22.04.2026,latest,True,
54,Новосибирская область,НСО,Сибирский федеральный округ,19,5,True,Новосибирская область,2.14.Я.3,Суммарный коэффициент рождаемости третьих и последующих детей (Я2),data (22).xls,Суммарный коэффициент рождаемости третьих и последующих детей (Я2),2026.0,месяц,март,2026-03-31,единица,0.353,22.04.2026,latest,True,
55,Омская область,ОМС,Сибирский федеральный округ,18,5,True,Омская область,2.14.Я.3,Суммарный коэффициент рождаемости третьих и последующих детей (Я2),data (22).xls,Суммарный коэффициент рождаемости третьих и последующих детей (Я2),2026.0,месяц,март,2026-03-31,единица,0.382,22.04.2026,latest,True,
56,Оренбургская область,ОРЕ,Приволжский федеральный округ,12,7,True,Оренбургская область,2.14.Я.3,Суммарный коэффициент рождаемости третьих и последующих детей (Я2),data (22).xls,Суммарный коэффициент рождаемости третьих и последующих детей (Я2),2026.0,месяц,март,2026-03-31,единица,0.372,22.04.2026,latest,True,
57,Орловская область,ОРЛ,Центральный федеральный округ,9,4,True,Орловская область,2.14.Я.3,Суммарный коэффициент рождаемости третьих и последующих детей (Я2),data (22).xls,Суммарный коэффициент рождаемости третьих и последующих детей (Я2),2026.0,месяц,март,2026-03-31,единица,0.252,22.04.2026,latest,True,
58,Пензенская область,ПЕН,Приволжский федеральный округ,13,6,True,Пензенская область,2.14.Я.3,Суммарный коэффициент рождаемости третьих и последующих детей (Я2),data (22).xls,Суммарный коэффициент рождаемости третьих и последующих детей (Я2),2026.0,месяц,март,2026-03-31,единица,0.235,22.04.2026,latest,True,
59,Пермский край,ПЕР,Приволжский федеральный округ,12,5,True,Пермский край,2.14.Я.3,Суммарный коэффициент рождаемости третьих и последующих детей (Я2),data (22).xls,Суммарный коэффициент рождаемости третьих и последующих детей (Я2),2026.0,месяц,март,2026-03-31,единица,0.409,22.04.2026,latest,True,
60,Псковская область,ПСК,Северо-Западный федеральный округ,0,2,True,Псковская область,2.14.Я.3,Суммарный коэффициент рождаемости третьих и последующих детей (Я2),data (22).xls,Суммарный коэффициент рождаемости третьих и последующих детей (Я2),2026.0,месяц,март,2026-03-31,единица,0.318,22.04.2026,latest,True,
61,Ростовская область,РОС,Южный федеральный округ,3,8,True,Ростовская область,2.14.Я.3,Суммарный коэффициент рождаемости третьих и последующих детей (Я2),data (22).xls,Суммарный коэффициент рождаемости третьих и последующих детей (Я2),2026.0,месяц,март,2026-03-31,единица,0.286,22.04.2026,latest,True,
62,Рязанская область,РЯЗ,Центральный федеральный округ,4,5,True,Рязанская область,2.14.Я.3,Суммарный коэффициент рождаемости третьих и последующих детей (Я2),data (22).xls,Суммарный коэффициент рождаемости третьих и последующих детей (Я2),2026.0,месяц,март,2026-03-31,единица,0.286,22.04.2026,latest,True,
63,Самарская область,САМ,Приволжский федеральный округ,10,7,True,Самарская область,2.14.Я.3,Суммарный коэффициент рождаемости третьих и последующих детей (Я2),data (22).xls,Суммарный коэффициент рождаемости третьих и последующих детей (Я2),2026.0,месяц,март,2026-03-31,единица,0.3,22.04.2026,latest,True,
64,Саратовская область,САР,Приволжский федеральный округ,11,7,True,Саратовская область,2.14.Я.3,Суммарный коэффициент рождаемости третьих и последующих детей (Я2),data (22).xls,Суммарный коэффициент рождаемости третьих и последующих детей (Я2),2026.0,месяц,март,2026-03-31,единица,0.248,22.04.2026,latest,True,
65,Сахалинская область,САХ,Дальневосточный федеральный округ,24,4,True,Сахалинская область,2.14.Я.3,Суммарный коэффициент рождаемости третьих и последующих детей (Я2),data (22).xls,Суммарный коэффициент рождаемости третьих и последующих детей (Я2),2026.0,месяц,март,2026-03-31,единица,0.449,22.04.2026,latest,True,
66,Свердловская область,СВР,Уральский федеральный округ,15,5,True,Свердловская область,2.14.Я.3,Суммарный коэффициент рождаемости третьих и последующих детей (Я2),data (22).xls,Суммарный коэффициент рождаемости третьих и последующих детей (Я2),2026.0,месяц,март,2026-03-31,единица,0.371,22.04.2026,latest,True,
67,Смоленская область,СМЛ,Центральный федеральный округ,7,3,True,Смоленская область,2.14.Я.3,Суммарный коэффициент рождаемости третьих и последующих детей (Я2),data (22).xls,Суммарный коэффициент рождаемости третьих и последующих детей (Я2),2026.0,месяц,март,2026-03-31,единица,0.228,22.04.2026,latest,True,
68,Тамбовская область,ТАМ,Центральный федеральный округ,7,5,True,Тамбовская область,2.14.Я.3,Суммарный коэффициент рождаемости третьих и последующих детей (Я2),data (22).xls,Суммарный коэффициент рождаемости третьих и последующих детей (Я2),2026.0,месяц,март,2026-03-31,единица,0.274,22.04.2026,latest,True,
69,Тверская область,ТВЕ,Центральный федеральный округ,4,3,True,Тверская область,2.14.Я.3,Суммарный коэффициент рождаемости третьих и последующих детей (Я2),data (22).xls,Суммарный коэффициент рождаемости третьих и последующих детей (Я2),2026.0,месяц,март,2026-03-31,единица,0.335,22.04.2026,latest,True,
70,Томская область,ТОМ,Сибирский федеральный округ,20,5,True,Томская область,2.14.Я.3,Суммарный коэффициент рождаемости третьих и последующих детей (Я2),data (22).xls,Суммарный коэффициент рождаемости третьих и последующих детей (Я2),2026.0,месяц,март,2026-03-31,единица,0.28,22.04.2026,latest,True,
71,Тульская область,ТУЛ,Центральный федеральный округ,5,4,True,Тульская область,2.14.Я.3,Суммарный коэффициент рождаемости третьих и последующих детей (Я2),data (22).xls,Суммарный коэффициент рождаемости третьих и последующих детей (Я2),2026.0,месяц,март,2026-03-31,единица,0.271,22.04.2026,latest,True,
72,Тюменская область,ТЮМ,Уральский федеральный округ,16,6,True,Тюменская область (кроме Ханты-Мансийского автономного округа-Югры и Ямало-Ненецкого автономного округа),2.14.Я.3,Суммарный коэффициент рождаемости третьих и последующих детей (Я2),data (22).xls,Суммарный коэффициент рождаемости третьих и последующих детей (Я2),2026.0,месяц,март,2026-03-31,единица,0.474,22.04.2026,latest,True,
73,Ульяновская область,УЛЬ,Приволжский федеральный округ,14,6,True,Ульяновская область,2.14.Я.3,Суммарный коэффициент рождаемости третьих и последующих детей (Я2),data (22).xls,Суммарный коэффициент рождаемости третьих и последующих детей (Я2),2026.0,месяц,март,2026-03-31,единица,0.298,22.04.2026,latest,True,
74,Челябинская область,ЧЕЛ,Уральский федеральный округ,17,6,True,Челябинская область,2.14.Я.3,Суммарный коэффициент рождаемости третьих и последующих детей (Я2),data (22).xls,Суммарный коэффициент рождаемости третьих и последующих детей (Я2),2026.0,месяц,март,2026-03-31,единица,0.363,22.04.2026,latest,True,
75,Забайкальский край,ЗАБ,Дальневосточный федеральный округ,22,3,True,Забайкальский край,2.14.Я.3,Суммарный коэффициент рождаемости третьих и последующих детей (Я2),data (22).xls,Суммарный коэффициент рождаемости третьих и последующих детей (Я2),2026.0,месяц,март,2026-03-31,единица,0.493,22.04.2026,latest,True,
76,Ярославская область,ЯРС,Центральный федеральный округ,5,3,True,Ярославская область,2.14.Я.3,Суммарный коэффициент рождаемости третьих и последующих детей (Я2),data (22).xls,Суммарный коэффициент рождаемости третьих и последующих детей (Я2),2026.0,месяц,март,2026-03-31,единица,0.264,22.04.2026,latest,True,
77,Москва,МСК,Центральный федеральный округ,9,3,True,Город Москва столица Российской Федерации город федерального значения,2.14.Я.3,Суммарный коэффициент рождаемости третьих и последующих детей (Я2),data (22).xls,Суммарный коэффициент рождаемости третьих и последующих детей (Я2),2026.0,месяц,март,2026-03-31,единица,0.252,22.04.2026,latest,True,
78,Санкт-Петербург,СПБ,Северо-Западный федеральный округ,1,1,True,Город Санкт-Петербург город федерального значения,2.14.Я.3,Суммарный коэффициент рождаемости третьих и последующих детей (Я2),data (22).xls,Суммарный коэффициент рождаемости третьих и последующих детей (Я2),2026.0,месяц,март,2026-03-31,единица,0.211,22.04.2026,latest,True,
79,Еврейская автономная область,ЕАО,Дальневосточный федеральный округ,25,3,True,Еврейская автономная область,2.14.Я.3,Суммарный коэффициент рождаемости третьих и последующих детей (Я2),data (22).xls,Суммарный коэффициент рождаемости третьих и последующих детей (Я2),2026.0,месяц,март,2026-03-31,единица,0.444,22.04.2026,latest,True,
83,Ненецкий автономный округ,НАО,Северо-Западный федеральный округ,3,0,True,Ненецкий автономный округ (Архангельская область),2.14.Я.3,Суммарный коэффициент рождаемости третьих и последующих детей (Я2),data (22).xls,Суммарный коэффициент рождаемости третьих и последующих детей (Я2),2026.0,месяц,март,2026-03-31,единица,0.593,22.04.2026,latest,True,
86,Ханты-Мансийский автономный округ - Югра,ХМАО,Уральский федеральный округ,16,5,True,Ханты-Мансийский автономный округ - Югра (Тюменская область),2.14.Я.3,Суммарный коэффициент рождаемости третьих и последующих детей (Я2),data (22).xls,Суммарный коэффициент рождаемости третьих и последующих детей (Я2),2026.0,месяц,март,2026-03-31,единица,0.515,22.04.2026,latest,True,
87,Чукотский автономный округ,ЧУК,Дальневосточный федеральный округ,23,2,True,Чукотский автономный округ,2.14.Я.3,Суммарный коэффициент рождаемости третьих и последующих детей (Я2),data (22).xls,Суммарный коэффициент рождаемости третьих и последующих детей (Я2),2026.0,месяц,март,2026-03-31,единица,0.643,22.04.2026,latest,True,
89,Ямало-Ненецкий автономный округ,ЯНАО,Уральский федеральный округ,17,5,True,Ямало-Ненецкий автономный округ (Тюменская область),2.14.Я.3,Суммарный коэффициент рождаемости третьих и последующих детей (Я2),data (22).xls,Суммарный коэффициент рождаемости третьих и последующих детей (Я2),2026.0,месяц,март,2026-03-31,единица,0.66,22.04.2026,latest,True,
90,Запорожская область,ЗАП,Новые регионы / Южный макрорегион,9,9,True,,,,,,,,,,,,,latest,False,Нет данных в переданной выгрузке ЕМИСС для выбранного периода/показателя
91,Республика Крым,КРЫ,Южный федеральный округ,5,9,True,Республика Крым,2.14.Я.3,Суммарный коэффициент рождаемости третьих и последующих детей (Я2),data (22).xls,Суммарный коэффициент рождаемости третьих и последующих детей (Я2),2026.0,месяц,март,2026-03-31,единица,0.388,22.04.2026,latest,True,
92,Севастополь,СЕВ,Южный федеральный округ,6,9,True,Город федерального значения Севастополь,2.14.Я.3,Суммарный коэффициент рождаемости третьих и последующих детей (Я2),data (22).xls,Суммарный коэффициент рождаемости третьих и последующих детей (Я2),2026.0,месяц,март,2026-03-31,единица,0.19,22.04.2026,latest,True,
93,Донецкая Народная Республика,ДНР,Новые регионы / Южный макрорегион,7,9,True,,,,,,,,,,,,,latest,False,Нет данных в переданной выгрузке ЕМИСС для выбранного периода/показателя
94,Луганская Народная Республика,ЛНР,Новые регионы / Южный макрорегион,8,9,True,,,,,,,,,,,,,latest,False,Нет данных в переданной выгрузке ЕМИСС для выбранного периода/показателя
95,Херсонская область,ХЕР,Новые регионы / Южный макрорегион,10,9,True,,,,,,,,,,,,,latest,False,Нет данных в переданной выгрузке ЕМИСС для выбранного периода/показателя
01,Республика Адыгея,АД,Южный федеральный округ,4,9,True,Республика Адыгея (Адыгея),2.14.Я.4,"Доля пожилых граждан и инвалидов, получающих долговременный уход, от общего числа нуждающихся в таком уходе граждан (Я4)",data (23).xls,"Доля пожилых граждан и инвалидов, получающих долговременный уход, от общего числа нуждающихся в таком уходе граждан (Я4)",2026.0,месяц,март,2026-03-31,процент,5.9,09.04.2026,latest,True,
02,Республика Башкортостан,БА,Приволжский федеральный округ,13,7,True,Республика Башкортостан,2.14.Я.4,"Доля пожилых граждан и инвалидов, получающих долговременный уход, от общего числа нуждающихся в таком уходе граждан (Я4)",data (23).xls,"Доля пожилых граждан и инвалидов, получающих долговременный уход, от общего числа нуждающихся в таком уходе граждан (Я4)",2026.0,месяц,март,2026-03-31,процент,2.46,09.04.2026,latest,True,
03,Республика Бурятия,БУР,Дальневосточный федеральный округ,23,3,True,Республика Бурятия,2.14.Я.4,"Доля пожилых граждан и инвалидов, получающих долговременный уход, от общего числа нуждающихся в таком уходе граждан (Я4)",data (23).xls,"Доля пожилых граждан и инвалидов, получающих долговременный уход, от общего числа нуждающихся в таком уходе граждан (Я4)",2026.0,месяц,март,2026-03-31,процент,11.54,09.04.2026,latest,True,
04,Республика Алтай,АЛР,Сибирский федеральный округ,19,6,True,Республика Алтай,2.14.Я.4,"Доля пожилых граждан и инвалидов, получающих долговременный уход, от общего числа нуждающихся в таком уходе граждан (Я4)",data (23).xls,"Доля пожилых граждан и инвалидов, получающих долговременный уход, от общего числа нуждающихся в таком уходе граждан (Я4)",2026.0,месяц,март,2026-03-31,процент,15.59,09.04.2026,latest,True,
05,Республика Дагестан,ДАГ,Северо-Кавказский федеральный округ,9,12,True,Республика Дагестан,2.14.Я.4,"Доля пожилых граждан и инвалидов, получающих долговременный уход, от общего числа нуждающихся в таком уходе граждан (Я4)",data (23).xls,"Доля пожилых граждан и инвалидов, получающих долговременный уход, от общего числа нуждающихся в таком уходе граждан (Я4)",2026.0,месяц,март,2026-03-31,процент,1.07,09.04.2026,latest,True,
06,Республика Ингушетия,ИНГ,Северо-Кавказский федеральный округ,7,12,True,Республика Ингушетия,2.14.Я.4,"Доля пожилых граждан и инвалидов, получающих долговременный уход, от общего числа нуждающихся в таком уходе граждан (Я4)",data (23).xls,"Доля пожилых граждан и инвалидов, получающих долговременный уход, от общего числа нуждающихся в таком уходе граждан (Я4)",2026.0,месяц,март,2026-03-31,процент,5.45,09.04.2026,latest,True,
07,Кабардино-Балкарская Республика,КБР,Северо-Кавказский федеральный округ,9,11,True,Кабардино-Балкарская Республика,2.14.Я.4,"Доля пожилых граждан и инвалидов, получающих долговременный уход, от общего числа нуждающихся в таком уходе граждан (Я4)",data (23).xls,"Доля пожилых граждан и инвалидов, получающих долговременный уход, от общего числа нуждающихся в таком уходе граждан (Я4)",2026.0,месяц,март,2026-03-31,процент,3.48,09.04.2026,latest,True,
08,Республика Калмыкия,КАЛ,Южный федеральный округ,6,8,True,Республика Калмыкия,2.14.Я.4,"Доля пожилых граждан и инвалидов, получающих долговременный уход, от общего числа нуждающихся в таком уходе граждан (Я4)",data (23).xls,"Доля пожилых граждан и инвалидов, получающих долговременный уход, от общего числа нуждающихся в таком уходе граждан (Я4)",2026.0,месяц,март,2026-03-31,процент,11.87,09.04.2026,latest,True,
09,Карачаево-Черкесская Республика,КЧР,Северо-Кавказский федеральный округ,8,11,True,Карачаево-Черкесская Республика,2.14.Я.4,"Доля пожилых граждан и инвалидов, получающих долговременный уход, от общего числа нуждающихся в таком уходе граждан (Я4)",data (23).xls,"Доля пожилых граждан и инвалидов, получающих долговременный уход, от общего числа нуждающихся в таком уходе граждан (Я4)",2026.0,месяц,март,2026-03-31,процент,5.56,09.04.2026,latest,True,
10,Республика Карелия,КАР,Северо-Западный федеральный округ,1,0,True,Республика Карелия,2.14.Я.4,"Доля пожилых граждан и инвалидов, получающих долговременный уход, от общего числа нуждающихся в таком уходе граждан (Я4)",data (23).xls,"Доля пожилых граждан и инвалидов, получающих долговременный уход, от общего числа нуждающихся в таком уходе граждан (Я4)",2026.0,месяц,март,2026-03-31,процент,4.91,09.04.2026,latest,True,
11,Республика Коми,КОМ,Северо-Западный федеральный округ,2,2,True,Республика Коми,2.14.Я.4,"Доля пожилых граждан и инвалидов, получающих долговременный уход, от общего числа нуждающихся в таком уходе граждан (Я4)",data (23).xls,"Доля пожилых граждан и инвалидов, получающих долговременный уход, от общего числа нуждающихся в таком уходе граждан (Я4)",2026.0,месяц,март,2026-03-31,процент,4.62,09.04.2026,latest,True,
12,Республика Марий Эл,МЭ,Приволжский федеральный округ,10,6,True,Республика Марий Эл,2.14.Я.4,"Доля пожилых граждан и инвалидов, получающих долговременный уход, от общего числа нуждающихся в таком уходе граждан (Я4)",data (23).xls,"Доля пожилых граждан и инвалидов, получающих долговременный уход, от общего числа нуждающихся в таком уходе граждан (Я4)",2026.0,месяц,март,2026-03-31,процент,27.86,09.04.2026,latest,True,
13,Республика Мордовия,МОР,Приволжский федеральный округ,12,6,True,Республика Мордовия,2.14.Я.4,"Доля пожилых граждан и инвалидов, получающих долговременный уход, от общего числа нуждающихся в таком уходе граждан (Я4)",data (23).xls,"Доля пожилых граждан и инвалидов, получающих долговременный уход, от общего числа нуждающихся в таком уходе граждан (Я4)",2026.0,месяц,март,2026-03-31,процент,48.46,09.04.2026,latest,True,
14,Республика Саха (Якутия),ЯКТ,Дальневосточный федеральный округ,22,2,True,Республика Саха (Якутия),2.14.Я.4,"Доля пожилых граждан и инвалидов, получающих долговременный уход, от общего числа нуждающихся в таком уходе граждан (Я4)",data (23).xls,"Доля пожилых граждан и инвалидов, получающих долговременный уход, от общего числа нуждающихся в таком уходе граждан (Я4)",2026.0,месяц,март,2026-03-31,процент,4.69,09.04.2026,latest,True,
15,Республика Северная Осетия - Алания,СОА,Северо-Кавказский федеральный округ,10,11,True,Республика Северная Осетия - Алания,2.14.Я.4,"Доля пожилых граждан и инвалидов, получающих долговременный уход, от общего числа нуждающихся в таком уходе граждан (Я4)",data (23).xls,"Доля пожилых граждан и инвалидов, получающих долговременный уход, от общего числа нуждающихся в таком уходе граждан (Я4)",2026.0,месяц,март,2026-03-31,процент,4.51,09.04.2026,latest,True,
16,Республика Татарстан,ТАТ,Приволжский федеральный округ,14,5,True,Республика Татарстан (Татарстан),2.14.Я.4,"Доля пожилых граждан и инвалидов, получающих долговременный уход, от общего числа нуждающихся в таком уходе граждан (Я4)",data (23).xls,"Доля пожилых граждан и инвалидов, получающих долговременный уход, от общего числа нуждающихся в таком уходе граждан (Я4)",2026.0,месяц,март,2026-03-31,процент,14.95,09.04.2026,latest,True,
17,Республика Тыва,ТЫВ,Сибирский федеральный округ,19,7,True,Республика Тыва,2.14.Я.4,"Доля пожилых граждан и инвалидов, получающих долговременный уход, от общего числа нуждающихся в таком уходе граждан (Я4)",data (23).xls,"Доля пожилых граждан и инвалидов, получающих долговременный уход, от общего числа нуждающихся в таком уходе граждан (Я4)",2026.0,месяц,март,2026-03-31,процент,16.25,09.04.2026,latest,True,
18,Удмуртская Республика,УДМ,Приволжский федеральный округ,13,5,True,Удмуртская Республика,2.14.Я.4,"Доля пожилых граждан и инвалидов, получающих долговременный уход, от общего числа нуждающихся в таком уходе граждан (Я4)",data (23).xls,"Доля пожилых граждан и инвалидов, получающих долговременный уход, от общего числа нуждающихся в таком уходе граждан (Я4)",2026.0,месяц,март,2026-03-31,процент,4.49,09.04.2026,latest,True,
19,Республика Хакасия,ХАК,Сибирский федеральный округ,20,6,True,Республика Хакасия,2.14.Я.4,"Доля пожилых граждан и инвалидов, получающих долговременный уход, от общего числа нуждающихся в таком уходе граждан (Я4)",data (23).xls,"Доля пожилых граждан и инвалидов, получающих долговременный уход, от общего числа нуждающихся в таком уходе граждан (Я4)",2026.0,месяц,март,2026-03-31,процент,6.17,09.04.2026,latest,True,
20,Чеченская Республика,ЧЕЧ,Северо-Кавказский федеральный округ,8,12,True,Чеченская Республика,2.14.Я.4,"Доля пожилых граждан и инвалидов, получающих долговременный уход, от общего числа нуждающихся в таком уходе граждан (Я4)",data (23).xls,"Доля пожилых граждан и инвалидов, получающих долговременный уход, от общего числа нуждающихся в таком уходе граждан (Я4)",2026.0,месяц,март,2026-03-31,процент,2.22,09.04.2026,latest,True,
21,Чувашская Республика - Чувашия,ЧУВ,Приволжский федеральный округ,11,6,True,Чувашская Республика - Чувашия,2.14.Я.4,"Доля пожилых граждан и инвалидов, получающих долговременный уход, от общего числа нуждающихся в таком уходе граждан (Я4)",data (23).xls,"Доля пожилых граждан и инвалидов, получающих долговременный уход, от общего числа нуждающихся в таком уходе граждан (Я4)",2026.0,месяц,март,2026-03-31,процент,2.51,09.04.2026,latest,True,
22,Алтайский край,АЛК,Сибирский федеральный округ,18,6,True,Алтайский край,2.14.Я.4,"Доля пожилых граждан и инвалидов, получающих долговременный уход, от общего числа нуждающихся в таком уходе граждан (Я4)",data (23).xls,"Доля пожилых граждан и инвалидов, получающих долговременный уход, от общего числа нуждающихся в таком уходе граждан (Я4)",2026.0,месяц,март,2026-03-31,процент,10.59,09.04.2026,latest,True,
23,Краснодарский край,КДР,Южный федеральный округ,3,9,True,Краснодарский край,2.14.Я.4,"Доля пожилых граждан и инвалидов, получающих долговременный уход, от общего числа нуждающихся в таком уходе граждан (Я4)",data (23).xls,"Доля пожилых граждан и инвалидов, получающих долговременный уход, от общего числа нуждающихся в таком уходе граждан (Я4)",2026.0,месяц,март,2026-03-31,процент,1.88,09.04.2026,latest,True,
24,Красноярский край,КРЯ,Сибирский федеральный округ,21,6,True,Красноярский край,2.14.Я.4,"Доля пожилых граждан и инвалидов, получающих долговременный уход, от общего числа нуждающихся в таком уходе граждан (Я4)",data (23).xls,"Доля пожилых граждан и инвалидов, получающих долговременный уход, от общего числа нуждающихся в таком уходе граждан (Я4)",2026.0,месяц,март,2026-03-31,процент,2.21,09.04.2026,latest,True,
25,Приморский край,ПРИ,Дальневосточный федеральный округ,23,4,True,Приморский край,2.14.Я.4,"Доля пожилых граждан и инвалидов, получающих долговременный уход, от общего числа нуждающихся в таком уходе граждан (Я4)",data (23).xls,"Доля пожилых граждан и инвалидов, получающих долговременный уход, от общего числа нуждающихся в таком уходе граждан (Я4)",2026.0,месяц,март,2026-03-31,процент,4.69,09.04.2026,latest,True,
26,Ставропольский край,СТА,Северо-Кавказский федеральный округ,7,11,True,Ставропольский край,2.14.Я.4,"Доля пожилых граждан и инвалидов, получающих долговременный уход, от общего числа нуждающихся в таком уходе граждан (Я4)",data (23).xls,"Доля пожилых граждан и инвалидов, получающих долговременный уход, от общего числа нуждающихся в таком уходе граждан (Я4)",2026.0,месяц,март,2026-03-31,процент,24.51,09.04.2026,latest,True,
27,Хабаровский край,ХАБ,Дальневосточный федеральный округ,22,4,True,Хабаровский край,2.14.Я.4,"Доля пожилых граждан и инвалидов, получающих долговременный уход, от общего числа нуждающихся в таком уходе граждан (Я4)",data (23).xls,"Доля пожилых граждан и инвалидов, получающих долговременный уход, от общего числа нуждающихся в таком уходе граждан (Я4)",2026.0,месяц,март,2026-03-31,процент,2.89,09.04.2026,latest,True,
28,Амурская область,АМУ,Дальневосточный федеральный округ,24,3,True,Амурская область,2.14.Я.4,"Доля пожилых граждан и инвалидов, получающих долговременный уход, от общего числа нуждающихся в таком уходе граждан (Я4)",data (23).xls,"Доля пожилых граждан и инвалидов, получающих долговременный уход, от общего числа нуждающихся в таком уходе граждан (Я4)",2026.0,месяц,март,2026-03-31,процент,16.28,09.04.2026,latest,True,
29,Архангельская область,АРХ,Северо-Западный федеральный округ,2,0,True,Архангельская область,2.14.Я.4,"Доля пожилых граждан и инвалидов, получающих долговременный уход, от общего числа нуждающихся в таком уходе граждан (Я4)",data (23).xls,"Доля пожилых граждан и инвалидов, получающих долговременный уход, от общего числа нуждающихся в таком уходе граждан (Я4)",2026.0,месяц,март,2026-03-31,процент,2.68,09.04.2026,latest,True,
30,Астраханская область,АСТ,Южный федеральный округ,5,8,True,Астраханская область,2.14.Я.4,"Доля пожилых граждан и инвалидов, получающих долговременный уход, от общего числа нуждающихся в таком уходе граждан (Я4)",data (23).xls,"Доля пожилых граждан и инвалидов, получающих долговременный уход, от общего числа нуждающихся в таком уходе граждан (Я4)",2026.0,месяц,март,2026-03-31,процент,3.43,09.04.2026,latest,True,
31,Белгородская область,БЕЛ,Центральный федеральный округ,8,5,True,Белгородская область,2.14.Я.4,"Доля пожилых граждан и инвалидов, получающих долговременный уход, от общего числа нуждающихся в таком уходе граждан (Я4)",data (23).xls,"Доля пожилых граждан и инвалидов, получающих долговременный уход, от общего числа нуждающихся в таком уходе граждан (Я4)",2026.0,месяц,март,2026-03-31,процент,7.32,09.04.2026,latest,True,
32,Брянская область,БРЯ,Центральный федеральный округ,8,4,True,Брянская область,2.14.Я.4,"Доля пожилых граждан и инвалидов, получающих долговременный уход, от общего числа нуждающихся в таком уходе граждан (Я4)",data (23).xls,"Доля пожилых граждан и инвалидов, получающих долговременный уход, от общего числа нуждающихся в таком уходе граждан (Я4)",2026.0,месяц,март,2026-03-31,процент,6.82,09.04.2026,latest,True,
33,Владимирская область,ВЛД,Центральный федеральный округ,6,4,True,Владимирская область,2.14.Я.4,"Доля пожилых граждан и инвалидов, получающих долговременный уход, от общего числа нуждающихся в таком уходе граждан (Я4)",data (23).xls,"Доля пожилых граждан и инвалидов, получающих долговременный уход, от общего числа нуждающихся в таком уходе граждан (Я4)",2026.0,месяц,март,2026-03-31,процент,3.16,09.04.2026,latest,True,
34,Волгоградская область,ВГГ,Южный федеральный округ,4,8,True,Волгоградская область,2.14.Я.4,"Доля пожилых граждан и инвалидов, получающих долговременный уход, от общего числа нуждающихся в таком уходе граждан (Я4)",data (23).xls,"Доля пожилых граждан и инвалидов, получающих долговременный уход, от общего числа нуждающихся в таком уходе граждан (Я4)",2026.0,месяц,март,2026-03-31,процент,18.0,09.04.2026,latest,True,
35,Вологодская область,ВОЛ,Северо-Западный федеральный округ,1,2,True,Вологодская область,2.14.Я.4,"Доля пожилых граждан и инвалидов, получающих долговременный уход, от общего числа нуждающихся в таком уходе граждан (Я4)",data (23).xls,"Доля пожилых граждан и инвалидов, получающих долговременный уход, от общего числа нуждающихся в таком уходе граждан (Я4)",2026.0,месяц,март,2026-03-31,процент,2.68,09.04.2026,latest,True,
36,Воронежская область,ВРН,Центральный федеральный округ,9,5,True,Воронежская область,2.14.Я.4,"Доля пожилых граждан и инвалидов, получающих долговременный уход, от общего числа нуждающихся в таком уходе граждан (Я4)",data (23).xls,"Доля пожилых граждан и инвалидов, получающих долговременный уход, от общего числа нуждающихся в таком уходе граждан (Я4)",2026.0,месяц,март,2026-03-31,процент,13.44,09.04.2026,latest,True,
37,Ивановская область,ИВН,Центральный федеральный округ,7,4,True,Ивановская область,2.14.Я.4,"Доля пожилых граждан и инвалидов, получающих долговременный уход, от общего числа нуждающихся в таком уходе граждан (Я4)",data (23).xls,"Доля пожилых граждан и инвалидов, получающих долговременный уход, от общего числа нуждающихся в таком уходе граждан (Я4)",2026.0,месяц,март,2026-03-31,процент,2.83,09.04.2026,latest,True,
38,Иркутская область,ИРК,Сибирский федеральный округ,18,7,True,Иркутская область,2.14.Я.4,"Доля пожилых граждан и инвалидов, получающих долговременный уход, от общего числа нуждающихся в таком уходе граждан (Я4)",data (23).xls,"Доля пожилых граждан и инвалидов, получающих долговременный уход, от общего числа нуждающихся в таком уходе граждан (Я4)",2026.0,месяц,март,2026-03-31,процент,1.43,09.04.2026,latest,True,
39,Калининградская область,КГД,Северо-Западный федеральный округ,0,1,True,Калининградская область,2.14.Я.4,"Доля пожилых граждан и инвалидов, получающих долговременный уход, от общего числа нуждающихся в таком уходе граждан (Я4)",data (23).xls,"Доля пожилых граждан и инвалидов, получающих долговременный уход, от общего числа нуждающихся в таком уходе граждан (Я4)",2026.0,месяц,март,2026-03-31,процент,3.02,09.04.2026,latest,True,
40,Калужская область,КЛЖ,Центральный федеральный округ,4,4,True,Калужская область,2.14.Я.4,"Доля пожилых граждан и инвалидов, получающих долговременный уход, от общего числа нуждающихся в таком уходе граждан (Я4)",data (23).xls,"Доля пожилых граждан и инвалидов, получающих долговременный уход, от общего числа нуждающихся в таком уходе граждан (Я4)",2026.0,месяц,март,2026-03-31,процент,5.75,09.04.2026,latest,True,
41,Камчатский край,КАМ,Дальневосточный федеральный округ,24,2,True,Камчатский край,2.14.Я.4,"Доля пожилых граждан и инвалидов, получающих долговременный уход, от общего числа нуждающихся в таком уходе граждан (Я4)",data (23).xls,"Доля пожилых граждан и инвалидов, получающих долговременный уход, от общего числа нуждающихся в таком уходе граждан (Я4)",2026.0,месяц,март,2026-03-31,процент,9.84,09.04.2026,latest,True,
42,Кемеровская область - Кузбасс,КЕМ,Сибирский федеральный округ,21,5,True,Кемеровская область - Кузбасс,2.14.Я.4,"Доля пожилых граждан и инвалидов, получающих долговременный уход, от общего числа нуждающихся в таком уходе граждан (Я4)",data (23).xls,"Доля пожилых граждан и инвалидов, получающих долговременный уход, от общего числа нуждающихся в таком уходе граждан (Я4)",2026.0,месяц,март,2026-03-31,процент,7.85,09.04.2026,latest,True,
43,Кировская область,КИР,Приволжский федеральный округ,11,5,True,Кировская область,2.14.Я.4,"Доля пожилых граждан и инвалидов, получающих долговременный уход, от общего числа нуждающихся в таком уходе граждан (Я4)",data (23).xls,"Доля пожилых граждан и инвалидов, получающих долговременный уход, от общего числа нуждающихся в таком уходе граждан (Я4)",2026.0,месяц,март,2026-03-31,процент,25.84,09.04.2026,latest,True,
44,Костромская область,КОС,Центральный федеральный округ,6,3,True,Костромская область,2.14.Я.4,"Доля пожилых граждан и инвалидов, получающих долговременный уход, от общего числа нуждающихся в таком уходе граждан (Я4)",data (23).xls,"Доля пожилых граждан и инвалидов, получающих долговременный уход, от общего числа нуждающихся в таком уходе граждан (Я4)",2026.0,месяц,март,2026-03-31,процент,47.25,09.04.2026,latest,True,
45,Курганская область,КУРГ,Уральский федеральный округ,15,6,True,Курганская область,2.14.Я.4,"Доля пожилых граждан и инвалидов, получающих долговременный уход, от общего числа нуждающихся в таком уходе граждан (Я4)",data (23).xls,"Доля пожилых граждан и инвалидов, получающих долговременный уход, от общего числа нуждающихся в таком уходе граждан (Я4)",2026.0,месяц,март,2026-03-31,процент,3.15,09.04.2026,latest,True,
46,Курская область,КУР,Центральный федеральный округ,5,5,True,Курская область,2.14.Я.4,"Доля пожилых граждан и инвалидов, получающих долговременный уход, от общего числа нуждающихся в таком уходе граждан (Я4)",data (23).xls,"Доля пожилых граждан и инвалидов, получающих долговременный уход, от общего числа нуждающихся в таком уходе граждан (Я4)",2026.0,месяц,март,2026-03-31,процент,7.35,09.04.2026,latest,True,
47,Ленинградская область,ЛЕН,Северо-Западный федеральный округ,2,1,True,Ленинградская область,2.14.Я.4,"Доля пожилых граждан и инвалидов, получающих долговременный уход, от общего числа нуждающихся в таком уходе граждан (Я4)",data (23).xls,"Доля пожилых граждан и инвалидов, получающих долговременный уход, от общего числа нуждающихся в таком уходе граждан (Я4)",2026.0,месяц,март,2026-03-31,процент,4.96,09.04.2026,latest,True,
48,Липецкая область,ЛИП,Центральный федеральный округ,6,5,True,Липецкая область,2.14.Я.4,"Доля пожилых граждан и инвалидов, получающих долговременный уход, от общего числа нуждающихся в таком уходе граждан (Я4)",data (23).xls,"Доля пожилых граждан и инвалидов, получающих долговременный уход, от общего числа нуждающихся в таком уходе граждан (Я4)",2026.0,месяц,март,2026-03-31,процент,3.48,09.04.2026,latest,True,
49,Магаданская область,МАГ,Дальневосточный федеральный округ,25,2,True,Магаданская область,2.14.Я.4,"Доля пожилых граждан и инвалидов, получающих долговременный уход, от общего числа нуждающихся в таком уходе граждан (Я4)",data (23).xls,"Доля пожилых граждан и инвалидов, получающих долговременный уход, от общего числа нуждающихся в таком уходе граждан (Я4)",2026.0,месяц,март,2026-03-31,процент,23.91,09.04.2026,latest,True,
50,Московская область,МОСО,Центральный федеральный округ,8,3,True,Московская область,2.14.Я.4,"Доля пожилых граждан и инвалидов, получающих долговременный уход, от общего числа нуждающихся в таком уходе граждан (Я4)",data (23).xls,"Доля пожилых граждан и инвалидов, получающих долговременный уход, от общего числа нуждающихся в таком уходе граждан (Я4)",2026.0,месяц,март,2026-03-31,процент,1.49,09.04.2026,latest,True,
51,Мурманская область,МУР,Северо-Западный федеральный округ,0,0,True,Мурманская область,2.14.Я.4,"Доля пожилых граждан и инвалидов, получающих долговременный уход, от общего числа нуждающихся в таком уходе граждан (Я4)",data (23).xls,"Доля пожилых граждан и инвалидов, получающих долговременный уход, от общего числа нуждающихся в таком уходе граждан (Я4)",2026.0,месяц,март,2026-03-31,процент,5.28,09.04.2026,latest,True,
52,Нижегородская область,НИЖ,Приволжский федеральный округ,10,5,True,Нижегородская область,2.14.Я.4,"Доля пожилых граждан и инвалидов, получающих долговременный уход, от общего числа нуждающихся в таком уходе граждан (Я4)",data (23).xls,"Доля пожилых граждан и инвалидов, получающих долговременный уход, от общего числа нуждающихся в таком уходе граждан (Я4)",2026.0,месяц,март,2026-03-31,процент,2.33,09.04.2026,latest,True,
53,Новгородская область,НВГ,Северо-Западный федеральный округ,3,1,True,Новгородская область,2.14.Я.4,"Доля пожилых граждан и инвалидов, получающих долговременный уход, от общего числа нуждающихся в таком уходе граждан (Я4)",data (23).xls,"Доля пожилых граждан и инвалидов, получающих долговременный уход, от общего числа нуждающихся в таком уходе граждан (Я4)",2026.0,месяц,март,2026-03-31,процент,27.14,09.04.2026,latest,True,
54,Новосибирская область,НСО,Сибирский федеральный округ,19,5,True,Новосибирская область,2.14.Я.4,"Доля пожилых граждан и инвалидов, получающих долговременный уход, от общего числа нуждающихся в таком уходе граждан (Я4)",data (23).xls,"Доля пожилых граждан и инвалидов, получающих долговременный уход, от общего числа нуждающихся в таком уходе граждан (Я4)",2026.0,месяц,март,2026-03-31,процент,9.37,09.04.2026,latest,True,
55,Омская область,ОМС,Сибирский федеральный округ,18,5,True,Омская область,2.14.Я.4,"Доля пожилых граждан и инвалидов, получающих долговременный уход, от общего числа нуждающихся в таком уходе граждан (Я4)",data (23).xls,"Доля пожилых граждан и инвалидов, получающих долговременный уход, от общего числа нуждающихся в таком уходе граждан (Я4)",2026.0,месяц,март,2026-03-31,процент,1.88,09.04.2026,latest,True,
56,Оренбургская область,ОРЕ,Приволжский федеральный округ,12,7,True,Оренбургская область,2.14.Я.4,"Доля пожилых граждан и инвалидов, получающих долговременный уход, от общего числа нуждающихся в таком уходе граждан (Я4)",data (23).xls,"Доля пожилых граждан и инвалидов, получающих долговременный уход, от общего числа нуждающихся в таком уходе граждан (Я4)",2026.0,месяц,март,2026-03-31,процент,1.75,09.04.2026,latest,True,
57,Орловская область,ОРЛ,Центральный федеральный округ,9,4,True,Орловская область,2.14.Я.4,"Доля пожилых граждан и инвалидов, получающих долговременный уход, от общего числа нуждающихся в таком уходе граждан (Я4)",data (23).xls,"Доля пожилых граждан и инвалидов, получающих долговременный уход, от общего числа нуждающихся в таком уходе граждан (Я4)",2026.0,месяц,март,2026-03-31,процент,3.41,09.04.2026,latest,True,
58,Пензенская область,ПЕН,Приволжский федеральный округ,13,6,True,Пензенская область,2.14.Я.4,"Доля пожилых граждан и инвалидов, получающих долговременный уход, от общего числа нуждающихся в таком уходе граждан (Я4)",data (23).xls,"Доля пожилых граждан и инвалидов, получающих долговременный уход, от общего числа нуждающихся в таком уходе граждан (Я4)",2026.0,месяц,март,2026-03-31,процент,5.0,09.04.2026,latest,True,
59,Пермский край,ПЕР,Приволжский федеральный округ,12,5,True,Пермский край,2.14.Я.4,"Доля пожилых граждан и инвалидов, получающих долговременный уход, от общего числа нуждающихся в таком уходе граждан (Я4)",data (23).xls,"Доля пожилых граждан и инвалидов, получающих долговременный уход, от общего числа нуждающихся в таком уходе граждан (Я4)",2026.0,месяц,март,2026-03-31,процент,1.24,09.04.2026,latest,True,
60,Псковская область,ПСК,Северо-Западный федеральный округ,0,2,True,Псковская область,2.14.Я.4,"Доля пожилых граждан и инвалидов, получающих долговременный уход, от общего числа нуждающихся в таком уходе граждан (Я4)",data (23).xls,"Доля пожилых граждан и инвалидов, получающих долговременный уход, от общего числа нуждающихся в таком уходе граждан (Я4)",2026.0,месяц,март,2026-03-31,процент,4.8,09.04.2026,latest,True,
61,Ростовская область,РОС,Южный федеральный округ,3,8,True,Ростовская область,2.14.Я.4,"Доля пожилых граждан и инвалидов, получающих долговременный уход, от общего числа нуждающихся в таком уходе граждан (Я4)",data (23).xls,"Доля пожилых граждан и инвалидов, получающих долговременный уход, от общего числа нуждающихся в таком уходе граждан (Я4)",2026.0,месяц,март,2026-03-31,процент,3.37,09.04.2026,latest,True,
62,Рязанская область,РЯЗ,Центральный федеральный округ,4,5,True,Рязанская область,2.14.Я.4,"Доля пожилых граждан и инвалидов, получающих долговременный уход, от общего числа нуждающихся в таком уходе граждан (Я4)",data (23).xls,"Доля пожилых граждан и инвалидов, получающих долговременный уход, от общего числа нуждающихся в таком уходе граждан (Я4)",2026.0,месяц,март,2026-03-31,процент,26.93,09.04.2026,latest,True,
63,Самарская область,САМ,Приволжский федеральный округ,10,7,True,Самарская область,2.14.Я.4,"Доля пожилых граждан и инвалидов, получающих долговременный уход, от общего числа нуждающихся в таком уходе граждан (Я4)",data (23).xls,"Доля пожилых граждан и инвалидов, получающих долговременный уход, от общего числа нуждающихся в таком уходе граждан (Я4)",2026.0,месяц,март,2026-03-31,процент,4.38,09.04.2026,latest,True,
64,Саратовская область,САР,Приволжский федеральный округ,11,7,True,Саратовская область,2.14.Я.4,"Доля пожилых граждан и инвалидов, получающих долговременный уход, от общего числа нуждающихся в таком уходе граждан (Я4)",data (23).xls,"Доля пожилых граждан и инвалидов, получающих долговременный уход, от общего числа нуждающихся в таком уходе граждан (Я4)",2026.0,месяц,март,2026-03-31,процент,4.77,09.04.2026,latest,True,
65,Сахалинская область,САХ,Дальневосточный федеральный округ,24,4,True,Сахалинская область,2.14.Я.4,"Доля пожилых граждан и инвалидов, получающих долговременный уход, от общего числа нуждающихся в таком уходе граждан (Я4)",data (23).xls,"Доля пожилых граждан и инвалидов, получающих долговременный уход, от общего числа нуждающихся в таком уходе граждан (Я4)",2026.0,месяц,март,2026-03-31,процент,10.27,09.04.2026,latest,True,
66,Свердловская область,СВР,Уральский федеральный округ,15,5,True,Свердловская область,2.14.Я.4,"Доля пожилых граждан и инвалидов, получающих долговременный уход, от общего числа нуждающихся в таком уходе граждан (Я4)",data (23).xls,"Доля пожилых граждан и инвалидов, получающих долговременный уход, от общего числа нуждающихся в таком уходе граждан (Я4)",2026.0,месяц,март,2026-03-31,процент,0.84,09.04.2026,latest,True,
67,Смоленская область,СМЛ,Центральный федеральный округ,7,3,True,Смоленская область,2.14.Я.4,"Доля пожилых граждан и инвалидов, получающих долговременный уход, от общего числа нуждающихся в таком уходе граждан (Я4)",data (23).xls,"Доля пожилых граждан и инвалидов, получающих долговременный уход, от общего числа нуждающихся в таком уходе граждан (Я4)",2026.0,месяц,март,2026-03-31,процент,3.06,09.04.2026,latest,True,
68,Тамбовская область,ТАМ,Центральный федеральный округ,7,5,True,Тамбовская область,2.14.Я.4,"Доля пожилых граждан и инвалидов, получающих долговременный уход, от общего числа нуждающихся в таком уходе граждан (Я4)",data (23).xls,"Доля пожилых граждан и инвалидов, получающих долговременный уход, от общего числа нуждающихся в таком уходе граждан (Я4)",2026.0,месяц,март,2026-03-31,процент,25.18,09.04.2026,latest,True,
69,Тверская область,ТВЕ,Центральный федеральный округ,4,3,True,Тверская область,2.14.Я.4,"Доля пожилых граждан и инвалидов, получающих долговременный уход, от общего числа нуждающихся в таком уходе граждан (Я4)",data (23).xls,"Доля пожилых граждан и инвалидов, получающих долговременный уход, от общего числа нуждающихся в таком уходе граждан (Я4)",2026.0,месяц,март,2026-03-31,процент,2.29,09.04.2026,latest,True,
70,Томская область,ТОМ,Сибирский федеральный округ,20,5,True,Томская область,2.14.Я.4,"Доля пожилых граждан и инвалидов, получающих долговременный уход, от общего числа нуждающихся в таком уходе граждан (Я4)",data (23).xls,"Доля пожилых граждан и инвалидов, получающих долговременный уход, от общего числа нуждающихся в таком уходе граждан (Я4)",2026.0,месяц,март,2026-03-31,процент,3.21,09.04.2026,latest,True,
71,Тульская область,ТУЛ,Центральный федеральный округ,5,4,True,Тульская область,2.14.Я.4,"Доля пожилых граждан и инвалидов, получающих долговременный уход, от общего числа нуждающихся в таком уходе граждан (Я4)",data (23).xls,"Доля пожилых граждан и инвалидов, получающих долговременный уход, от общего числа нуждающихся в таком уходе граждан (Я4)",2026.0,месяц,март,2026-03-31,процент,29.61,09.04.2026,latest,True,
72,Тюменская область,ТЮМ,Уральский федеральный округ,16,6,True,Тюменская область,2.14.Я.4,"Доля пожилых граждан и инвалидов, получающих долговременный уход, от общего числа нуждающихся в таком уходе граждан (Я4)",data (23).xls,"Доля пожилых граждан и инвалидов, получающих долговременный уход, от общего числа нуждающихся в таком уходе граждан (Я4)",2026.0,месяц,март,2026-03-31,процент,8.19,09.04.2026,latest,True,
73,Ульяновская область,УЛЬ,Приволжский федеральный округ,14,6,True,Ульяновская область,2.14.Я.4,"Доля пожилых граждан и инвалидов, получающих долговременный уход, от общего числа нуждающихся в таком уходе граждан (Я4)",data (23).xls,"Доля пожилых граждан и инвалидов, получающих долговременный уход, от общего числа нуждающихся в таком уходе граждан (Я4)",2026.0,месяц,март,2026-03-31,процент,8.99,09.04.2026,latest,True,
74,Челябинская область,ЧЕЛ,Уральский федеральный округ,17,6,True,Челябинская область,2.14.Я.4,"Доля пожилых граждан и инвалидов, получающих долговременный уход, от общего числа нуждающихся в таком уходе граждан (Я4)",data (23).xls,"Доля пожилых граждан и инвалидов, получающих долговременный уход, от общего числа нуждающихся в таком уходе граждан (Я4)",2026.0,месяц,март,2026-03-31,процент,1.8,09.04.2026,latest,True,
75,Забайкальский край,ЗАБ,Дальневосточный федеральный округ,22,3,True,Забайкальский край,2.14.Я.4,"Доля пожилых граждан и инвалидов, получающих долговременный уход, от общего числа нуждающихся в таком уходе граждан (Я4)",data (23).xls,"Доля пожилых граждан и инвалидов, получающих долговременный уход, от общего числа нуждающихся в таком уходе граждан (Я4)",2026.0,месяц,март,2026-03-31,процент,5.26,09.04.2026,latest,True,
76,Ярославская область,ЯРС,Центральный федеральный округ,5,3,True,Ярославская область,2.14.Я.4,"Доля пожилых граждан и инвалидов, получающих долговременный уход, от общего числа нуждающихся в таком уходе граждан (Я4)",data (23).xls,"Доля пожилых граждан и инвалидов, получающих долговременный уход, от общего числа нуждающихся в таком уходе граждан (Я4)",2026.0,месяц,март,2026-03-31,процент,2.31,09.04.2026,latest,True,
77,Москва,МСК,Центральный федеральный округ,9,3,True,Город Москва столица Российской Федерации город федерального значения,2.14.Я.4,"Доля пожилых граждан и инвалидов, получающих долговременный уход, от общего числа нуждающихся в таком уходе граждан (Я4)",data (23).xls,"Доля пожилых граждан и инвалидов, получающих долговременный уход, от общего числа нуждающихся в таком уходе граждан (Я4)",2026.0,месяц,март,2026-03-31,процент,99.12,09.04.2026,latest,True,
78,Санкт-Петербург,СПБ,Северо-Западный федеральный округ,1,1,True,Город Санкт-Петербург город федерального значения,2.14.Я.4,"Доля пожилых граждан и инвалидов, получающих долговременный уход, от общего числа нуждающихся в таком уходе граждан (Я4)",data (23).xls,"Доля пожилых граждан и инвалидов, получающих долговременный уход, от общего числа нуждающихся в таком уходе граждан (Я4)",2026.0,месяц,март,2026-03-31,процент,0.83,09.04.2026,latest,True,
79,Еврейская автономная область,ЕАО,Дальневосточный федеральный округ,25,3,True,Еврейская автономная область,2.14.Я.4,"Доля пожилых граждан и инвалидов, получающих долговременный уход, от общего числа нуждающихся в таком уходе граждан (Я4)",data (23).xls,"Доля пожилых граждан и инвалидов, получающих долговременный уход, от общего числа нуждающихся в таком уходе граждан (Я4)",2026.0,месяц,март,2026-03-31,процент,17.34,09.04.2026,latest,True,
83,Ненецкий автономный округ,НАО,Северо-Западный федеральный округ,3,0,True,Ненецкий автономный округ,2.14.Я.4,"Доля пожилых граждан и инвалидов, получающих долговременный уход, от общего числа нуждающихся в таком уходе граждан (Я4)",data (23).xls,"Доля пожилых граждан и инвалидов, получающих долговременный уход, от общего числа нуждающихся в таком уходе граждан (Я4)",2026.0,месяц,март,2026-03-31,процент,23.19,09.04.2026,latest,True,
86,Ханты-Мансийский автономный округ - Югра,ХМАО,Уральский федеральный округ,16,5,True,Ханты-Мансийский автономный округ - Югра,2.14.Я.4,"Доля пожилых граждан и инвалидов, получающих долговременный уход, от общего числа нуждающихся в таком уходе граждан (Я4)",data (23).xls,"Доля пожилых граждан и инвалидов, получающих долговременный уход, от общего числа нуждающихся в таком уходе граждан (Я4)",2026.0,месяц,март,2026-03-31,процент,2.76,09.04.2026,latest,True,
87,Чукотский автономный округ,ЧУК,Дальневосточный федеральный округ,23,2,True,Чукотский автономный округ,2.14.Я.4,"Доля пожилых граждан и инвалидов, получающих долговременный уход, от общего числа нуждающихся в таком уходе граждан (Я4)",data (23).xls,"Доля пожилых граждан и инвалидов, получающих долговременный уход, от общего числа нуждающихся в таком уходе граждан (Я4)",2026.0,месяц,март,2026-03-31,процент,45.02,09.04.2026,latest,True,
89,Ямало-Ненецкий автономный округ,ЯНАО,Уральский федеральный округ,17,5,True,Ямало-Ненецкий автономный округ,2.14.Я.4,"Доля пожилых граждан и инвалидов, получающих долговременный уход, от общего числа нуждающихся в таком уходе граждан (Я4)",data (23).xls,"Доля пожилых граждан и инвалидов, получающих долговременный уход, от общего числа нуждающихся в таком уходе граждан (Я4)",2026.0,месяц,март,2026-03-31,процент,10.95,09.04.2026,latest,True,
90,Запорожская область,ЗАП,Новые регионы / Южный макрорегион,9,9,True,Запорожская область,2.14.Я.4,"Доля пожилых граждан и инвалидов, получающих долговременный уход, от общего числа нуждающихся в таком уходе граждан (Я4)",data (23).xls,"Доля пожилых граждан и инвалидов, получающих долговременный уход, от общего числа нуждающихся в таком уходе граждан (Я4)",2026.0,месяц,март,2026-03-31,процент,1.94,09.04.2026,latest,True,
91,Республика Крым,КРЫ,Южный федеральный округ,5,9,True,Республика Крым,2.14.Я.4,"Доля пожилых граждан и инвалидов, получающих долговременный уход, от общего числа нуждающихся в таком уходе граждан (Я4)",data (23).xls,"Доля пожилых граждан и инвалидов, получающих долговременный уход, от общего числа нуждающихся в таком уходе граждан (Я4)",2026.0,месяц,март,2026-03-31,процент,4.91,09.04.2026,latest,True,
92,Севастополь,СЕВ,Южный федеральный округ,6,9,True,Город федерального значения Севастополь,2.14.Я.4,"Доля пожилых граждан и инвалидов, получающих долговременный уход, от общего числа нуждающихся в таком уходе граждан (Я4)",data (23).xls,"Доля пожилых граждан и инвалидов, получающих долговременный уход, от общего числа нуждающихся в таком уходе граждан (Я4)",2026.0,месяц,март,2026-03-31,процент,8.42,09.04.2026,latest,True,
93,Донецкая Народная Республика,ДНР,Новые регионы / Южный макрорегион,7,9,True,Донецкая Народная Республика,2.14.Я.4,"Доля пожилых граждан и инвалидов, получающих долговременный уход, от общего числа нуждающихся в таком уходе граждан (Я4)",data (23).xls,"Доля пожилых граждан и инвалидов, получающих долговременный уход, от общего числа нуждающихся в таком уходе граждан (Я4)",2026.0,месяц,март,2026-03-31,процент,3.14,09.04.2026,latest,True,
94,Луганская Народная Республика,ЛНР,Новые регионы / Южный макрорегион,8,9,True,Луганская Народная Республика,2.14.Я.4,"Доля пожилых граждан и инвалидов, получающих долговременный уход, от общего числа нуждающихся в таком уходе граждан (Я4)",data (23).xls,"Доля пожилых граждан и инвалидов, получающих долговременный уход, от общего числа нуждающихся в таком уходе граждан (Я4)",2026.0,месяц,март,2026-03-31,процент,1.52,09.04.2026,latest,True,
95,Херсонская область,ХЕР,Новые регионы / Южный макрорегион,10,9,True,Херсонская область,2.14.Я.4,"Доля пожилых граждан и инвалидов, получающих долговременный уход, от общего числа нуждающихся в таком уходе граждан (Я4)",data (23).xls,"Доля пожилых граждан и инвалидов, получающих долговременный уход, от общего числа нуждающихся в таком уходе граждан (Я4)",2026.0,месяц,март,2026-03-31,процент,3.74,09.04.2026,latest,True,
01,Республика Адыгея,АД,Южный федеральный округ,4,9,True,Республика Адыгея (Адыгея),2.14.Я.6,"Уровень удовлетворенности граждан работой государственных и муниципальных организаций культуры, искусства и народного творчества (Я5)",data (25).xls,"Уровень удовлетворенности граждан работой государственных и муниципальных организаций культуры, искусства и народного творчества (Я5)",2026.0,месяц,март,2026-03-31,процент,94.9,02.04.2026,latest,True,
02,Республика Башкортостан,БА,Приволжский федеральный округ,13,7,True,Республика Башкортостан,2.14.Я.6,"Уровень удовлетворенности граждан работой государственных и муниципальных организаций культуры, искусства и народного творчества (Я5)",data (25).xls,"Уровень удовлетворенности граждан работой государственных и муниципальных организаций культуры, искусства и народного творчества (Я5)",2026.0,месяц,март,2026-03-31,процент,95.8,02.04.2026,latest,True,
03,Республика Бурятия,БУР,Дальневосточный федеральный округ,23,3,True,Республика Бурятия,2.14.Я.6,"Уровень удовлетворенности граждан работой государственных и муниципальных организаций культуры, искусства и народного творчества (Я5)",data (25).xls,"Уровень удовлетворенности граждан работой государственных и муниципальных организаций культуры, искусства и народного творчества (Я5)",2026.0,месяц,март,2026-03-31,процент,85.2,02.04.2026,latest,True,
04,Республика Алтай,АЛР,Сибирский федеральный округ,19,6,True,Республика Алтай,2.14.Я.6,"Уровень удовлетворенности граждан работой государственных и муниципальных организаций культуры, искусства и народного творчества (Я5)",data (25).xls,"Уровень удовлетворенности граждан работой государственных и муниципальных организаций культуры, искусства и народного творчества (Я5)",2026.0,месяц,март,2026-03-31,процент,80.2,02.04.2026,latest,True,
05,Республика Дагестан,ДАГ,Северо-Кавказский федеральный округ,9,12,True,Республика Дагестан,2.14.Я.6,"Уровень удовлетворенности граждан работой государственных и муниципальных организаций культуры, искусства и народного творчества (Я5)",data (25).xls,"Уровень удовлетворенности граждан работой государственных и муниципальных организаций культуры, искусства и народного творчества (Я5)",2026.0,месяц,март,2026-03-31,процент,95.9,02.04.2026,latest,True,
06,Республика Ингушетия,ИНГ,Северо-Кавказский федеральный округ,7,12,True,Республика Ингушетия,2.14.Я.6,"Уровень удовлетворенности граждан работой государственных и муниципальных организаций культуры, искусства и народного творчества (Я5)",data (25).xls,"Уровень удовлетворенности граждан работой государственных и муниципальных организаций культуры, искусства и народного творчества (Я5)",2026.0,месяц,март,2026-03-31,процент,82.4,02.04.2026,latest,True,
07,Кабардино-Балкарская Республика,КБР,Северо-Кавказский федеральный округ,9,11,True,Кабардино-Балкарская Республика,2.14.Я.6,"Уровень удовлетворенности граждан работой государственных и муниципальных организаций культуры, искусства и народного творчества (Я5)",data (25).xls,"Уровень удовлетворенности граждан работой государственных и муниципальных организаций культуры, искусства и народного творчества (Я5)",2026.0,месяц,март,2026-03-31,процент,85.3,02.04.2026,latest,True,
08,Республика Калмыкия,КАЛ,Южный федеральный округ,6,8,True,Республика Калмыкия,2.14.Я.6,"Уровень удовлетворенности граждан работой государственных и муниципальных организаций культуры, искусства и народного творчества (Я5)",data (25).xls,"Уровень удовлетворенности граждан работой государственных и муниципальных организаций культуры, искусства и народного творчества (Я5)",2026.0,месяц,март,2026-03-31,процент,84.4,02.04.2026,latest,True,
09,Карачаево-Черкесская Республика,КЧР,Северо-Кавказский федеральный округ,8,11,True,Карачаево-Черкесская Республика,2.14.Я.6,"Уровень удовлетворенности граждан работой государственных и муниципальных организаций культуры, искусства и народного творчества (Я5)",data (25).xls,"Уровень удовлетворенности граждан работой государственных и муниципальных организаций культуры, искусства и народного творчества (Я5)",2026.0,месяц,март,2026-03-31,процент,90.4,02.04.2026,latest,True,
10,Республика Карелия,КАР,Северо-Западный федеральный округ,1,0,True,Республика Карелия,2.14.Я.6,"Уровень удовлетворенности граждан работой государственных и муниципальных организаций культуры, искусства и народного творчества (Я5)",data (25).xls,"Уровень удовлетворенности граждан работой государственных и муниципальных организаций культуры, искусства и народного творчества (Я5)",2026.0,месяц,март,2026-03-31,процент,96.7,02.04.2026,latest,True,
11,Республика Коми,КОМ,Северо-Западный федеральный округ,2,2,True,Республика Коми,2.14.Я.6,"Уровень удовлетворенности граждан работой государственных и муниципальных организаций культуры, искусства и народного творчества (Я5)",data (25).xls,"Уровень удовлетворенности граждан работой государственных и муниципальных организаций культуры, искусства и народного творчества (Я5)",2026.0,месяц,март,2026-03-31,процент,95.1,02.04.2026,latest,True,
12,Республика Марий Эл,МЭ,Приволжский федеральный округ,10,6,True,Республика Марий Эл,2.14.Я.6,"Уровень удовлетворенности граждан работой государственных и муниципальных организаций культуры, искусства и народного творчества (Я5)",data (25).xls,"Уровень удовлетворенности граждан работой государственных и муниципальных организаций культуры, искусства и народного творчества (Я5)",2026.0,месяц,март,2026-03-31,процент,83.7,02.04.2026,latest,True,
13,Республика Мордовия,МОР,Приволжский федеральный округ,12,6,True,Республика Мордовия,2.14.Я.6,"Уровень удовлетворенности граждан работой государственных и муниципальных организаций культуры, искусства и народного творчества (Я5)",data (25).xls,"Уровень удовлетворенности граждан работой государственных и муниципальных организаций культуры, искусства и народного творчества (Я5)",2026.0,месяц,март,2026-03-31,процент,83.3,02.04.2026,latest,True,
14,Республика Саха (Якутия),ЯКТ,Дальневосточный федеральный округ,22,2,True,Республика Саха (Якутия),2.14.Я.6,"Уровень удовлетворенности граждан работой государственных и муниципальных организаций культуры, искусства и народного творчества (Я5)",data (25).xls,"Уровень удовлетворенности граждан работой государственных и муниципальных организаций культуры, искусства и народного творчества (Я5)",2026.0,месяц,март,2026-03-31,процент,98.2,02.04.2026,latest,True,
15,Республика Северная Осетия - Алания,СОА,Северо-Кавказский федеральный округ,10,11,True,Республика Северная Осетия - Алания,2.14.Я.6,"Уровень удовлетворенности граждан работой государственных и муниципальных организаций культуры, искусства и народного творчества (Я5)",data (25).xls,"Уровень удовлетворенности граждан работой государственных и муниципальных организаций культуры, искусства и народного творчества (Я5)",2026.0,месяц,март,2026-03-31,процент,82.0,02.04.2026,latest,True,
16,Республика Татарстан,ТАТ,Приволжский федеральный округ,14,5,True,Республика Татарстан (Татарстан),2.14.Я.6,"Уровень удовлетворенности граждан работой государственных и муниципальных организаций культуры, искусства и народного творчества (Я5)",data (25).xls,"Уровень удовлетворенности граждан работой государственных и муниципальных организаций культуры, искусства и народного творчества (Я5)",2026.0,месяц,март,2026-03-31,процент,94.9,02.04.2026,latest,True,
17,Республика Тыва,ТЫВ,Сибирский федеральный округ,19,7,True,Республика Тыва,2.14.Я.6,"Уровень удовлетворенности граждан работой государственных и муниципальных организаций культуры, искусства и народного творчества (Я5)",data (25).xls,"Уровень удовлетворенности граждан работой государственных и муниципальных организаций культуры, искусства и народного творчества (Я5)",2026.0,месяц,март,2026-03-31,процент,68.6,02.04.2026,latest,True,
18,Удмуртская Республика,УДМ,Приволжский федеральный округ,13,5,True,Удмуртская Республика,2.14.Я.6,"Уровень удовлетворенности граждан работой государственных и муниципальных организаций культуры, искусства и народного творчества (Я5)",data (25).xls,"Уровень удовлетворенности граждан работой государственных и муниципальных организаций культуры, искусства и народного творчества (Я5)",2026.0,месяц,март,2026-03-31,процент,97.7,02.04.2026,latest,True,
19,Республика Хакасия,ХАК,Сибирский федеральный округ,20,6,True,Республика Хакасия,2.14.Я.6,"Уровень удовлетворенности граждан работой государственных и муниципальных организаций культуры, искусства и народного творчества (Я5)",data (25).xls,"Уровень удовлетворенности граждан работой государственных и муниципальных организаций культуры, искусства и народного творчества (Я5)",2026.0,месяц,март,2026-03-31,процент,97.9,02.04.2026,latest,True,
20,Чеченская Республика,ЧЕЧ,Северо-Кавказский федеральный округ,8,12,True,Чеченская Республика,2.14.Я.6,"Уровень удовлетворенности граждан работой государственных и муниципальных организаций культуры, искусства и народного творчества (Я5)",data (25).xls,"Уровень удовлетворенности граждан работой государственных и муниципальных организаций культуры, искусства и народного творчества (Я5)",2026.0,месяц,март,2026-03-31,процент,96.1,02.04.2026,latest,True,
21,Чувашская Республика - Чувашия,ЧУВ,Приволжский федеральный округ,11,6,True,Чувашская Республика - Чувашия,2.14.Я.6,"Уровень удовлетворенности граждан работой государственных и муниципальных организаций культуры, искусства и народного творчества (Я5)",data (25).xls,"Уровень удовлетворенности граждан работой государственных и муниципальных организаций культуры, искусства и народного творчества (Я5)",2026.0,месяц,март,2026-03-31,процент,96.6,02.04.2026,latest,True,
22,Алтайский край,АЛК,Сибирский федеральный округ,18,6,True,Алтайский край,2.14.Я.6,"Уровень удовлетворенности граждан работой государственных и муниципальных организаций культуры, искусства и народного творчества (Я5)",data (25).xls,"Уровень удовлетворенности граждан работой государственных и муниципальных организаций культуры, искусства и народного творчества (Я5)",2026.0,месяц,март,2026-03-31,процент,96.4,02.04.2026,latest,True,
23,Краснодарский край,КДР,Южный федеральный округ,3,9,True,Краснодарский край,2.14.Я.6,"Уровень удовлетворенности граждан работой государственных и муниципальных организаций культуры, искусства и народного творчества (Я5)",data (25).xls,"Уровень удовлетворенности граждан работой государственных и муниципальных организаций культуры, искусства и народного творчества (Я5)",2026.0,месяц,март,2026-03-31,процент,96.3,02.04.2026,latest,True,
24,Красноярский край,КРЯ,Сибирский федеральный округ,21,6,True,Красноярский край,2.14.Я.6,"Уровень удовлетворенности граждан работой государственных и муниципальных организаций культуры, искусства и народного творчества (Я5)",data (25).xls,"Уровень удовлетворенности граждан работой государственных и муниципальных организаций культуры, искусства и народного творчества (Я5)",2026.0,месяц,март,2026-03-31,процент,96.5,02.04.2026,latest,True,
25,Приморский край,ПРИ,Дальневосточный федеральный округ,23,4,True,Приморский край,2.14.Я.6,"Уровень удовлетворенности граждан работой государственных и муниципальных организаций культуры, искусства и народного творчества (Я5)",data (25).xls,"Уровень удовлетворенности граждан работой государственных и муниципальных организаций культуры, искусства и народного творчества (Я5)",2026.0,месяц,март,2026-03-31,процент,81.1,02.04.2026,latest,True,
26,Ставропольский край,СТА,Северо-Кавказский федеральный округ,7,11,True,Ставропольский край,2.14.Я.6,"Уровень удовлетворенности граждан работой государственных и муниципальных организаций культуры, искусства и народного творчества (Я5)",data (25).xls,"Уровень удовлетворенности граждан работой государственных и муниципальных организаций культуры, искусства и народного творчества (Я5)",2026.0,месяц,март,2026-03-31,процент,84.8,02.04.2026,latest,True,
27,Хабаровский край,ХАБ,Дальневосточный федеральный округ,22,4,True,Хабаровский край,2.14.Я.6,"Уровень удовлетворенности граждан работой государственных и муниципальных организаций культуры, искусства и народного творчества (Я5)",data (25).xls,"Уровень удовлетворенности граждан работой государственных и муниципальных организаций культуры, искусства и народного творчества (Я5)",2026.0,месяц,март,2026-03-31,процент,96.7,02.04.2026,latest,True,
28,Амурская область,АМУ,Дальневосточный федеральный округ,24,3,True,Амурская область,2.14.Я.6,"Уровень удовлетворенности граждан работой государственных и муниципальных организаций культуры, искусства и народного творчества (Я5)",data (25).xls,"Уровень удовлетворенности граждан работой государственных и муниципальных организаций культуры, искусства и народного творчества (Я5)",2026.0,месяц,март,2026-03-31,процент,97.3,02.04.2026,latest,True,
29,Архангельская область,АРХ,Северо-Западный федеральный округ,2,0,True,Архангельская область,2.14.Я.6,"Уровень удовлетворенности граждан работой государственных и муниципальных организаций культуры, искусства и народного творчества (Я5)",data (25).xls,"Уровень удовлетворенности граждан работой государственных и муниципальных организаций культуры, искусства и народного творчества (Я5)",2026.0,месяц,март,2026-03-31,процент,95.5,02.04.2026,latest,True,
30,Астраханская область,АСТ,Южный федеральный округ,5,8,True,Астраханская область,2.14.Я.6,"Уровень удовлетворенности граждан работой государственных и муниципальных организаций культуры, искусства и народного творчества (Я5)",data (25).xls,"Уровень удовлетворенности граждан работой государственных и муниципальных организаций культуры, искусства и народного творчества (Я5)",2026.0,месяц,март,2026-03-31,процент,98.3,02.04.2026,latest,True,
31,Белгородская область,БЕЛ,Центральный федеральный округ,8,5,True,Белгородская область,2.14.Я.6,"Уровень удовлетворенности граждан работой государственных и муниципальных организаций культуры, искусства и народного творчества (Я5)",data (25).xls,"Уровень удовлетворенности граждан работой государственных и муниципальных организаций культуры, искусства и народного творчества (Я5)",2026.0,месяц,март,2026-03-31,процент,98.6,02.04.2026,latest,True,
32,Брянская область,БРЯ,Центральный федеральный округ,8,4,True,Брянская область,2.14.Я.6,"Уровень удовлетворенности граждан работой государственных и муниципальных организаций культуры, искусства и народного творчества (Я5)",data (25).xls,"Уровень удовлетворенности граждан работой государственных и муниципальных организаций культуры, искусства и народного творчества (Я5)",2026.0,месяц,март,2026-03-31,процент,95.6,02.04.2026,latest,True,
33,Владимирская область,ВЛД,Центральный федеральный округ,6,4,True,Владимирская область,2.14.Я.6,"Уровень удовлетворенности граждан работой государственных и муниципальных организаций культуры, искусства и народного творчества (Я5)",data (25).xls,"Уровень удовлетворенности граждан работой государственных и муниципальных организаций культуры, искусства и народного творчества (Я5)",2026.0,месяц,март,2026-03-31,процент,96.3,02.04.2026,latest,True,
34,Волгоградская область,ВГГ,Южный федеральный округ,4,8,True,Волгоградская область,2.14.Я.6,"Уровень удовлетворенности граждан работой государственных и муниципальных организаций культуры, искусства и народного творчества (Я5)",data (25).xls,"Уровень удовлетворенности граждан работой государственных и муниципальных организаций культуры, искусства и народного творчества (Я5)",2026.0,месяц,март,2026-03-31,процент,97.9,02.04.2026,latest,True,
35,Вологодская область,ВОЛ,Северо-Западный федеральный округ,1,2,True,Вологодская область,2.14.Я.6,"Уровень удовлетворенности граждан работой государственных и муниципальных организаций культуры, искусства и народного творчества (Я5)",data (25).xls,"Уровень удовлетворенности граждан работой государственных и муниципальных организаций культуры, искусства и народного творчества (Я5)",2026.0,месяц,март,2026-03-31,процент,97.2,02.04.2026,latest,True,
36,Воронежская область,ВРН,Центральный федеральный округ,9,5,True,Воронежская область,2.14.Я.6,"Уровень удовлетворенности граждан работой государственных и муниципальных организаций культуры, искусства и народного творчества (Я5)",data (25).xls,"Уровень удовлетворенности граждан работой государственных и муниципальных организаций культуры, искусства и народного творчества (Я5)",2026.0,месяц,март,2026-03-31,процент,96.5,02.04.2026,latest,True,
37,Ивановская область,ИВН,Центральный федеральный округ,7,4,True,Ивановская область,2.14.Я.6,"Уровень удовлетворенности граждан работой государственных и муниципальных организаций культуры, искусства и народного творчества (Я5)",data (25).xls,"Уровень удовлетворенности граждан работой государственных и муниципальных организаций культуры, искусства и народного творчества (Я5)",2026.0,месяц,март,2026-03-31,процент,84.3,02.04.2026,latest,True,
38,Иркутская область,ИРК,Сибирский федеральный округ,18,7,True,Иркутская область,2.14.Я.6,"Уровень удовлетворенности граждан работой государственных и муниципальных организаций культуры, искусства и народного творчества (Я5)",data (25).xls,"Уровень удовлетворенности граждан работой государственных и муниципальных организаций культуры, искусства и народного творчества (Я5)",2026.0,месяц,март,2026-03-31,процент,98.1,02.04.2026,latest,True,
39,Калининградская область,КГД,Северо-Западный федеральный округ,0,1,True,Калининградская область,2.14.Я.6,"Уровень удовлетворенности граждан работой государственных и муниципальных организаций культуры, искусства и народного творчества (Я5)",data (25).xls,"Уровень удовлетворенности граждан работой государственных и муниципальных организаций культуры, искусства и народного творчества (Я5)",2026.0,месяц,март,2026-03-31,процент,93.3,02.04.2026,latest,True,
40,Калужская область,КЛЖ,Центральный федеральный округ,4,4,True,Калужская область,2.14.Я.6,"Уровень удовлетворенности граждан работой государственных и муниципальных организаций культуры, искусства и народного творчества (Я5)",data (25).xls,"Уровень удовлетворенности граждан работой государственных и муниципальных организаций культуры, искусства и народного творчества (Я5)",2026.0,месяц,март,2026-03-31,процент,97.5,02.04.2026,latest,True,
41,Камчатский край,КАМ,Дальневосточный федеральный округ,24,2,True,Камчатский край,2.14.Я.6,"Уровень удовлетворенности граждан работой государственных и муниципальных организаций культуры, искусства и народного творчества (Я5)",data (25).xls,"Уровень удовлетворенности граждан работой государственных и муниципальных организаций культуры, искусства и народного творчества (Я5)",2026.0,месяц,март,2026-03-31,процент,84.4,02.04.2026,latest,True,
42,Кемеровская область - Кузбасс,КЕМ,Сибирский федеральный округ,21,5,True,Кемеровская область - Кузбасс,2.14.Я.6,"Уровень удовлетворенности граждан работой государственных и муниципальных организаций культуры, искусства и народного творчества (Я5)",data (25).xls,"Уровень удовлетворенности граждан работой государственных и муниципальных организаций культуры, искусства и народного творчества (Я5)",2026.0,месяц,март,2026-03-31,процент,95.1,02.04.2026,latest,True,
43,Кировская область,КИР,Приволжский федеральный округ,11,5,True,Кировская область,2.14.Я.6,"Уровень удовлетворенности граждан работой государственных и муниципальных организаций культуры, искусства и народного творчества (Я5)",data (25).xls,"Уровень удовлетворенности граждан работой государственных и муниципальных организаций культуры, искусства и народного творчества (Я5)",2026.0,месяц,март,2026-03-31,процент,97.8,02.04.2026,latest,True,
44,Костромская область,КОС,Центральный федеральный округ,6,3,True,Костромская область,2.14.Я.6,"Уровень удовлетворенности граждан работой государственных и муниципальных организаций культуры, искусства и народного творчества (Я5)",data (25).xls,"Уровень удовлетворенности граждан работой государственных и муниципальных организаций культуры, искусства и народного творчества (Я5)",2026.0,месяц,март,2026-03-31,процент,97.8,02.04.2026,latest,True,
45,Курганская область,КУРГ,Уральский федеральный округ,15,6,True,Курганская область,2.14.Я.6,"Уровень удовлетворенности граждан работой государственных и муниципальных организаций культуры, искусства и народного творчества (Я5)",data (25).xls,"Уровень удовлетворенности граждан работой государственных и муниципальных организаций культуры, искусства и народного творчества (Я5)",2026.0,месяц,март,2026-03-31,процент,98.5,02.04.2026,latest,True,
46,Курская область,КУР,Центральный федеральный округ,5,5,True,Курская область,2.14.Я.6,"Уровень удовлетворенности граждан работой государственных и муниципальных организаций культуры, искусства и народного творчества (Я5)",data (25).xls,"Уровень удовлетворенности граждан работой государственных и муниципальных организаций культуры, искусства и народного творчества (Я5)",2026.0,месяц,март,2026-03-31,процент,75.0,02.04.2026,latest,True,
47,Ленинградская область,ЛЕН,Северо-Западный федеральный округ,2,1,True,Ленинградская область,2.14.Я.6,"Уровень удовлетворенности граждан работой государственных и муниципальных организаций культуры, искусства и народного творчества (Я5)",data (25).xls,"Уровень удовлетворенности граждан работой государственных и муниципальных организаций культуры, искусства и народного творчества (Я5)",2026.0,месяц,март,2026-03-31,процент,97.4,02.04.2026,latest,True,
48,Липецкая область,ЛИП,Центральный федеральный округ,6,5,True,Липецкая область,2.14.Я.6,"Уровень удовлетворенности граждан работой государственных и муниципальных организаций культуры, искусства и народного творчества (Я5)",data (25).xls,"Уровень удовлетворенности граждан работой государственных и муниципальных организаций культуры, искусства и народного творчества (Я5)",2026.0,месяц,март,2026-03-31,процент,98.7,02.04.2026,latest,True,
49,Магаданская область,МАГ,Дальневосточный федеральный округ,25,2,True,Магаданская область,2.14.Я.6,"Уровень удовлетворенности граждан работой государственных и муниципальных организаций культуры, искусства и народного творчества (Я5)",data (25).xls,"Уровень удовлетворенности граждан работой государственных и муниципальных организаций культуры, искусства и народного творчества (Я5)",2026.0,месяц,март,2026-03-31,процент,96.7,02.04.2026,latest,True,
50,Московская область,МОСО,Центральный федеральный округ,8,3,True,Московская область,2.14.Я.6,"Уровень удовлетворенности граждан работой государственных и муниципальных организаций культуры, искусства и народного творчества (Я5)",data (25).xls,"Уровень удовлетворенности граждан работой государственных и муниципальных организаций культуры, искусства и народного творчества (Я5)",2026.0,месяц,март,2026-03-31,процент,97.9,02.04.2026,latest,True,
51,Мурманская область,МУР,Северо-Западный федеральный округ,0,0,True,Мурманская область,2.14.Я.6,"Уровень удовлетворенности граждан работой государственных и муниципальных организаций культуры, искусства и народного творчества (Я5)",data (25).xls,"Уровень удовлетворенности граждан работой государственных и муниципальных организаций культуры, искусства и народного творчества (Я5)",2026.0,месяц,март,2026-03-31,процент,97.9,02.04.2026,latest,True,
52,Нижегородская область,НИЖ,Приволжский федеральный округ,10,5,True,Нижегородская область,2.14.Я.6,"Уровень удовлетворенности граждан работой государственных и муниципальных организаций культуры, искусства и народного творчества (Я5)",data (25).xls,"Уровень удовлетворенности граждан работой государственных и муниципальных организаций культуры, искусства и народного творчества (Я5)",2026.0,месяц,март,2026-03-31,процент,98.5,02.04.2026,latest,True,
53,Новгородская область,НВГ,Северо-Западный федеральный округ,3,1,True,Новгородская область,2.14.Я.6,"Уровень удовлетворенности граждан работой государственных и муниципальных организаций культуры, искусства и народного творчества (Я5)",data (25).xls,"Уровень удовлетворенности граждан работой государственных и муниципальных организаций культуры, искусства и народного творчества (Я5)",2026.0,месяц,март,2026-03-31,процент,83.4,02.04.2026,latest,True,
54,Новосибирская область,НСО,Сибирский федеральный округ,19,5,True,Новосибирская область,2.14.Я.6,"Уровень удовлетворенности граждан работой государственных и муниципальных организаций культуры, искусства и народного творчества (Я5)",data (25).xls,"Уровень удовлетворенности граждан работой государственных и муниципальных организаций культуры, искусства и народного творчества (Я5)",2026.0,месяц,март,2026-03-31,процент,95.2,02.04.2026,latest,True,
55,Омская область,ОМС,Сибирский федеральный округ,18,5,True,Омская область,2.14.Я.6,"Уровень удовлетворенности граждан работой государственных и муниципальных организаций культуры, искусства и народного творчества (Я5)",data (25).xls,"Уровень удовлетворенности граждан работой государственных и муниципальных организаций культуры, искусства и народного творчества (Я5)",2026.0,месяц,март,2026-03-31,процент,97.6,02.04.2026,latest,True,
56,Оренбургская область,ОРЕ,Приволжский федеральный округ,12,7,True,Оренбургская область,2.14.Я.6,"Уровень удовлетворенности граждан работой государственных и муниципальных организаций культуры, искусства и народного творчества (Я5)",data (25).xls,"Уровень удовлетворенности граждан работой государственных и муниципальных организаций культуры, искусства и народного творчества (Я5)",2026.0,месяц,март,2026-03-31,процент,96.5,02.04.2026,latest,True,
57,Орловская область,ОРЛ,Центральный федеральный округ,9,4,True,Орловская область,2.14.Я.6,"Уровень удовлетворенности граждан работой государственных и муниципальных организаций культуры, искусства и народного творчества (Я5)",data (25).xls,"Уровень удовлетворенности граждан работой государственных и муниципальных организаций культуры, искусства и народного творчества (Я5)",2026.0,месяц,март,2026-03-31,процент,96.0,02.04.2026,latest,True,
58,Пензенская область,ПЕН,Приволжский федеральный округ,13,6,True,Пензенская область,2.14.Я.6,"Уровень удовлетворенности граждан работой государственных и муниципальных организаций культуры, искусства и народного творчества (Я5)",data (25).xls,"Уровень удовлетворенности граждан работой государственных и муниципальных организаций культуры, искусства и народного творчества (Я5)",2026.0,месяц,март,2026-03-31,процент,97.9,02.04.2026,latest,True,
59,Пермский край,ПЕР,Приволжский федеральный округ,12,5,True,Пермский край,2.14.Я.6,"Уровень удовлетворенности граждан работой государственных и муниципальных организаций культуры, искусства и народного творчества (Я5)",data (25).xls,"Уровень удовлетворенности граждан работой государственных и муниципальных организаций культуры, искусства и народного творчества (Я5)",2026.0,месяц,март,2026-03-31,процент,85.4,02.04.2026,latest,True,
60,Псковская область,ПСК,Северо-Западный федеральный округ,0,2,True,Псковская область,2.14.Я.6,"Уровень удовлетворенности граждан работой государственных и муниципальных организаций культуры, искусства и народного творчества (Я5)",data (25).xls,"Уровень удовлетворенности граждан работой государственных и муниципальных организаций культуры, искусства и народного творчества (Я5)",2026.0,месяц,март,2026-03-31,процент,96.2,02.04.2026,latest,True,
61,Ростовская область,РОС,Южный федеральный округ,3,8,True,Ростовская область,2.14.Я.6,"Уровень удовлетворенности граждан работой государственных и муниципальных организаций культуры, искусства и народного творчества (Я5)",data (25).xls,"Уровень удовлетворенности граждан работой государственных и муниципальных организаций культуры, искусства и народного творчества (Я5)",2026.0,месяц,март,2026-03-31,процент,97.1,02.04.2026,latest,True,
62,Рязанская область,РЯЗ,Центральный федеральный округ,4,5,True,Рязанская область,2.14.Я.6,"Уровень удовлетворенности граждан работой государственных и муниципальных организаций культуры, искусства и народного творчества (Я5)",data (25).xls,"Уровень удовлетворенности граждан работой государственных и муниципальных организаций культуры, искусства и народного творчества (Я5)",2026.0,месяц,март,2026-03-31,процент,97.6,02.04.2026,latest,True,
63,Самарская область,САМ,Приволжский федеральный округ,10,7,True,Самарская область,2.14.Я.6,"Уровень удовлетворенности граждан работой государственных и муниципальных организаций культуры, искусства и народного творчества (Я5)",data (25).xls,"Уровень удовлетворенности граждан работой государственных и муниципальных организаций культуры, искусства и народного творчества (Я5)",2026.0,месяц,март,2026-03-31,процент,96.8,02.04.2026,latest,True,
64,Саратовская область,САР,Приволжский федеральный округ,11,7,True,Саратовская область,2.14.Я.6,"Уровень удовлетворенности граждан работой государственных и муниципальных организаций культуры, искусства и народного творчества (Я5)",data (25).xls,"Уровень удовлетворенности граждан работой государственных и муниципальных организаций культуры, искусства и народного творчества (Я5)",2026.0,месяц,март,2026-03-31,процент,98.3,02.04.2026,latest,True,
65,Сахалинская область,САХ,Дальневосточный федеральный округ,24,4,True,Сахалинская область,2.14.Я.6,"Уровень удовлетворенности граждан работой государственных и муниципальных организаций культуры, искусства и народного творчества (Я5)",data (25).xls,"Уровень удовлетворенности граждан работой государственных и муниципальных организаций культуры, искусства и народного творчества (Я5)",2026.0,месяц,март,2026-03-31,процент,95.7,02.04.2026,latest,True,
66,Свердловская область,СВР,Уральский федеральный округ,15,5,True,Свердловская область,2.14.Я.6,"Уровень удовлетворенности граждан работой государственных и муниципальных организаций культуры, искусства и народного творчества (Я5)",data (25).xls,"Уровень удовлетворенности граждан работой государственных и муниципальных организаций культуры, искусства и народного творчества (Я5)",2026.0,месяц,март,2026-03-31,процент,97.1,02.04.2026,latest,True,
67,Смоленская область,СМЛ,Центральный федеральный округ,7,3,True,Смоленская область,2.14.Я.6,"Уровень удовлетворенности граждан работой государственных и муниципальных организаций культуры, искусства и народного творчества (Я5)",data (25).xls,"Уровень удовлетворенности граждан работой государственных и муниципальных организаций культуры, искусства и народного творчества (Я5)",2026.0,месяц,март,2026-03-31,процент,70.5,02.04.2026,latest,True,
68,Тамбовская область,ТАМ,Центральный федеральный округ,7,5,True,Тамбовская область,2.14.Я.6,"Уровень удовлетворенности граждан работой государственных и муниципальных организаций культуры, искусства и народного творчества (Я5)",data (25).xls,"Уровень удовлетворенности граждан работой государственных и муниципальных организаций культуры, искусства и народного творчества (Я5)",2026.0,месяц,март,2026-03-31,процент,95.9,02.04.2026,latest,True,
69,Тверская область,ТВЕ,Центральный федеральный округ,4,3,True,Тверская область,2.14.Я.6,"Уровень удовлетворенности граждан работой государственных и муниципальных организаций культуры, искусства и народного творчества (Я5)",data (25).xls,"Уровень удовлетворенности граждан работой государственных и муниципальных организаций культуры, искусства и народного творчества (Я5)",2026.0,месяц,март,2026-03-31,процент,80.3,02.04.2026,latest,True,
70,Томская область,ТОМ,Сибирский федеральный округ,20,5,True,Томская область,2.14.Я.6,"Уровень удовлетворенности граждан работой государственных и муниципальных организаций культуры, искусства и народного творчества (Я5)",data (25).xls,"Уровень удовлетворенности граждан работой государственных и муниципальных организаций культуры, искусства и народного творчества (Я5)",2026.0,месяц,март,2026-03-31,процент,97.5,02.04.2026,latest,True,
71,Тульская область,ТУЛ,Центральный федеральный округ,5,4,True,Тульская область,2.14.Я.6,"Уровень удовлетворенности граждан работой государственных и муниципальных организаций культуры, искусства и народного творчества (Я5)",data (25).xls,"Уровень удовлетворенности граждан работой государственных и муниципальных организаций культуры, искусства и народного творчества (Я5)",2026.0,месяц,март,2026-03-31,процент,97.0,02.04.2026,latest,True,
72,Тюменская область,ТЮМ,Уральский федеральный округ,16,6,True,Тюменская область,2.14.Я.6,"Уровень удовлетворенности граждан работой государственных и муниципальных организаций культуры, искусства и народного творчества (Я5)",data (25).xls,"Уровень удовлетворенности граждан работой государственных и муниципальных организаций культуры, искусства и народного творчества (Я5)",2026.0,месяц,март,2026-03-31,процент,94.5,02.04.2026,latest,True,
73,Ульяновская область,УЛЬ,Приволжский федеральный округ,14,6,True,Ульяновская область,2.14.Я.6,"Уровень удовлетворенности граждан работой государственных и муниципальных организаций культуры, искусства и народного творчества (Я5)",data (25).xls,"Уровень удовлетворенности граждан работой государственных и муниципальных организаций культуры, искусства и народного творчества (Я5)",2026.0,месяц,март,2026-03-31,процент,96.6,02.04.2026,latest,True,
74,Челябинская область,ЧЕЛ,Уральский федеральный округ,17,6,True,Челябинская область,2.14.Я.6,"Уровень удовлетворенности граждан работой государственных и муниципальных организаций культуры, искусства и народного творчества (Я5)",data (25).xls,"Уровень удовлетворенности граждан работой государственных и муниципальных организаций культуры, искусства и народного творчества (Я5)",2026.0,месяц,март,2026-03-31,процент,85.1,02.04.2026,latest,True,
75,Забайкальский край,ЗАБ,Дальневосточный федеральный округ,22,3,True,Забайкальский край,2.14.Я.6,"Уровень удовлетворенности граждан работой государственных и муниципальных организаций культуры, искусства и народного творчества (Я5)",data (25).xls,"Уровень удовлетворенности граждан работой государственных и муниципальных организаций культуры, искусства и народного творчества (Я5)",2026.0,месяц,март,2026-03-31,процент,95.3,02.04.2026,latest,True,
76,Ярославская область,ЯРС,Центральный федеральный округ,5,3,True,Ярославская область,2.14.Я.6,"Уровень удовлетворенности граждан работой государственных и муниципальных организаций культуры, искусства и народного творчества (Я5)",data (25).xls,"Уровень удовлетворенности граждан работой государственных и муниципальных организаций культуры, искусства и народного творчества (Я5)",2026.0,месяц,март,2026-03-31,процент,98.5,02.04.2026,latest,True,
77,Москва,МСК,Центральный федеральный округ,9,3,True,Город Москва столица Российской Федерации город федерального значения,2.14.Я.6,"Уровень удовлетворенности граждан работой государственных и муниципальных организаций культуры, искусства и народного творчества (Я5)",data (25).xls,"Уровень удовлетворенности граждан работой государственных и муниципальных организаций культуры, искусства и народного творчества (Я5)",2026.0,месяц,март,2026-03-31,процент,95.7,02.04.2026,latest,True,
78,Санкт-Петербург,СПБ,Северо-Западный федеральный округ,1,1,True,Город Санкт-Петербург город федерального значения,2.14.Я.6,"Уровень удовлетворенности граждан работой государственных и муниципальных организаций культуры, искусства и народного творчества (Я5)",data (25).xls,"Уровень удовлетворенности граждан работой государственных и муниципальных организаций культуры, искусства и народного творчества (Я5)",2026.0,месяц,март,2026-03-31,процент,97.0,02.04.2026,latest,True,
79,Еврейская автономная область,ЕАО,Дальневосточный федеральный округ,25,3,True,Еврейская автономная область,2.14.Я.6,"Уровень удовлетворенности граждан работой государственных и муниципальных организаций культуры, искусства и народного творчества (Я5)",data (25).xls,"Уровень удовлетворенности граждан работой государственных и муниципальных организаций культуры, искусства и народного творчества (Я5)",2026.0,месяц,март,2026-03-31,процент,65.3,02.04.2026,latest,True,
83,Ненецкий автономный округ,НАО,Северо-Западный федеральный округ,3,0,True,Ненецкий автономный округ,2.14.Я.6,"Уровень удовлетворенности граждан работой государственных и муниципальных организаций культуры, искусства и народного творчества (Я5)",data (25).xls,"Уровень удовлетворенности граждан работой государственных и муниципальных организаций культуры, искусства и народного творчества (Я5)",2026.0,месяц,март,2026-03-31,процент,97.8,02.04.2026,latest,True,
86,Ханты-Мансийский автономный округ - Югра,ХМАО,Уральский федеральный округ,16,5,True,Ханты-Мансийский автономный округ - Югра,2.14.Я.6,"Уровень удовлетворенности граждан работой государственных и муниципальных организаций культуры, искусства и народного творчества (Я5)",data (25).xls,"Уровень удовлетворенности граждан работой государственных и муниципальных организаций культуры, искусства и народного творчества (Я5)",2026.0,месяц,март,2026-03-31,процент,95.7,02.04.2026,latest,True,
87,Чукотский автономный округ,ЧУК,Дальневосточный федеральный округ,23,2,True,Чукотский автономный округ,2.14.Я.6,"Уровень удовлетворенности граждан работой государственных и муниципальных организаций культуры, искусства и народного творчества (Я5)",data (25).xls,"Уровень удовлетворенности граждан работой государственных и муниципальных организаций культуры, искусства и народного творчества (Я5)",2026.0,месяц,март,2026-03-31,процент,98.8,02.04.2026,latest,True,
89,Ямало-Ненецкий автономный округ,ЯНАО,Уральский федеральный округ,17,5,True,Ямало-Ненецкий автономный округ,2.14.Я.6,"Уровень удовлетворенности граждан работой государственных и муниципальных организаций культуры, искусства и народного творчества (Я5)",data (25).xls,"Уровень удовлетворенности граждан работой государственных и муниципальных организаций культуры, искусства и народного творчества (Я5)",2026.0,месяц,март,2026-03-31,процент,95.2,02.04.2026,latest,True,
90,Запорожская область,ЗАП,Новые регионы / Южный макрорегион,9,9,True,,,,,,,,,,,,,latest,False,Нет данных в переданной выгрузке ЕМИСС для выбранного периода/показателя
91,Республика Крым,КРЫ,Южный федеральный округ,5,9,True,Республика Крым,2.14.Я.6,"Уровень удовлетворенности граждан работой государственных и муниципальных организаций культуры, искусства и народного творчества (Я5)",data (25).xls,"Уровень удовлетворенности граждан работой государственных и муниципальных организаций культуры, искусства и народного творчества (Я5)",2026.0,месяц,март,2026-03-31,процент,93.8,02.04.2026,latest,True,
92,Севастополь,СЕВ,Южный федеральный округ,6,9,True,Город федерального значения Севастополь,2.14.Я.6,"Уровень удовлетворенности граждан работой государственных и муниципальных организаций культуры, искусства и народного творчества (Я5)",data (25).xls,"Уровень удовлетворенности граждан работой государственных и муниципальных организаций культуры, искусства и народного творчества (Я5)",2026.0,месяц,март,2026-03-31,процент,97.8,02.04.2026,latest,True,
93,Донецкая Народная Республика,ДНР,Новые регионы / Южный макрорегион,7,9,True,,,,,,,,,,,,,latest,False,Нет данных в переданной выгрузке ЕМИСС для выбранного периода/показателя
94,Луганская Народная Республика,ЛНР,Новые регионы / Южный макрорегион,8,9,True,,,,,,,,,,,,,latest,False,Нет данных в переданной выгрузке ЕМИСС для выбранного периода/показателя
95,Херсонская область,ХЕР,Новые регионы / Южный макрорегион,10,9,True,,,,,,,,,,,,,latest,False,Нет данных в переданной выгрузке ЕМИСС для выбранного периода/показателя
01,Республика Адыгея,АД,Южный федеральный округ,4,9,True,Республика Адыгея (Адыгея),2.14.Я3.1,Охват граждан репродуктивного возраста (18–49 лет) диспансеризацией с целью оценки репродуктивного здоровья,data (29).xls,Охват граждан репродуктивного возраста (18–49 лет) диспансеризацией с целью оценки репродуктивного здоровья,2026.0,месяц,март,2026-03-31,процент,7.99,07.04.2026,latest,True,
02,Республика Башкортостан,БА,Приволжский федеральный округ,13,7,True,Республика Башкортостан,2.14.Я3.1,Охват граждан репродуктивного возраста (18–49 лет) диспансеризацией с целью оценки репродуктивного здоровья,data (29).xls,Охват граждан репродуктивного возраста (18–49 лет) диспансеризацией с целью оценки репродуктивного здоровья,2026.0,месяц,март,2026-03-31,процент,8.68,07.04.2026,latest,True,
03,Республика Бурятия,БУР,Дальневосточный федеральный округ,23,3,True,Республика Бурятия,2.14.Я3.1,Охват граждан репродуктивного возраста (18–49 лет) диспансеризацией с целью оценки репродуктивного здоровья,data (29).xls,Охват граждан репродуктивного возраста (18–49 лет) диспансеризацией с целью оценки репродуктивного здоровья,2026.0,месяц,март,2026-03-31,процент,7.03,07.04.2026,latest,True,
04,Республика Алтай,АЛР,Сибирский федеральный округ,19,6,True,Республика Алтай,2.14.Я3.1,Охват граждан репродуктивного возраста (18–49 лет) диспансеризацией с целью оценки репродуктивного здоровья,data (29).xls,Охват граждан репродуктивного возраста (18–49 лет) диспансеризацией с целью оценки репродуктивного здоровья,2026.0,месяц,март,2026-03-31,процент,11.14,07.04.2026,latest,True,
05,Республика Дагестан,ДАГ,Северо-Кавказский федеральный округ,9,12,True,Республика Дагестан,2.14.Я3.1,Охват граждан репродуктивного возраста (18–49 лет) диспансеризацией с целью оценки репродуктивного здоровья,data (29).xls,Охват граждан репродуктивного возраста (18–49 лет) диспансеризацией с целью оценки репродуктивного здоровья,2026.0,месяц,март,2026-03-31,процент,7.63,07.04.2026,latest,True,
06,Республика Ингушетия,ИНГ,Северо-Кавказский федеральный округ,7,12,True,Республика Ингушетия,2.14.Я3.1,Охват граждан репродуктивного возраста (18–49 лет) диспансеризацией с целью оценки репродуктивного здоровья,data (29).xls,Охват граждан репродуктивного возраста (18–49 лет) диспансеризацией с целью оценки репродуктивного здоровья,2026.0,месяц,март,2026-03-31,процент,8.3,07.04.2026,latest,True,
07,Кабардино-Балкарская Республика,КБР,Северо-Кавказский федеральный округ,9,11,True,Кабардино-Балкарская Республика,2.14.Я3.1,Охват граждан репродуктивного возраста (18–49 лет) диспансеризацией с целью оценки репродуктивного здоровья,data (29).xls,Охват граждан репродуктивного возраста (18–49 лет) диспансеризацией с целью оценки репродуктивного здоровья,2026.0,месяц,март,2026-03-31,процент,11.95,07.04.2026,latest,True,
08,Республика Калмыкия,КАЛ,Южный федеральный округ,6,8,True,Республика Калмыкия,2.14.Я3.1,Охват граждан репродуктивного возраста (18–49 лет) диспансеризацией с целью оценки репродуктивного здоровья,data (29).xls,Охват граждан репродуктивного возраста (18–49 лет) диспансеризацией с целью оценки репродуктивного здоровья,2026.0,месяц,март,2026-03-31,процент,4.47,07.04.2026,latest,True,
09,Карачаево-Черкесская Республика,КЧР,Северо-Кавказский федеральный округ,8,11,True,Карачаево-Черкесская Республика,2.14.Я3.1,Охват граждан репродуктивного возраста (18–49 лет) диспансеризацией с целью оценки репродуктивного здоровья,data (29).xls,Охват граждан репродуктивного возраста (18–49 лет) диспансеризацией с целью оценки репродуктивного здоровья,2026.0,месяц,март,2026-03-31,процент,8.51,07.04.2026,latest,True,
10,Республика Карелия,КАР,Северо-Западный федеральный округ,1,0,True,Республика Карелия,2.14.Я3.1,Охват граждан репродуктивного возраста (18–49 лет) диспансеризацией с целью оценки репродуктивного здоровья,data (29).xls,Охват граждан репродуктивного возраста (18–49 лет) диспансеризацией с целью оценки репродуктивного здоровья,2026.0,месяц,март,2026-03-31,процент,6.0,07.04.2026,latest,True,
11,Республика Коми,КОМ,Северо-Западный федеральный округ,2,2,True,Республика Коми,2.14.Я3.1,Охват граждан репродуктивного возраста (18–49 лет) диспансеризацией с целью оценки репродуктивного здоровья,data (29).xls,Охват граждан репродуктивного возраста (18–49 лет) диспансеризацией с целью оценки репродуктивного здоровья,2026.0,месяц,март,2026-03-31,процент,6.4,07.04.2026,latest,True,
12,Республика Марий Эл,МЭ,Приволжский федеральный округ,10,6,True,Республика Марий Эл,2.14.Я3.1,Охват граждан репродуктивного возраста (18–49 лет) диспансеризацией с целью оценки репродуктивного здоровья,data (29).xls,Охват граждан репродуктивного возраста (18–49 лет) диспансеризацией с целью оценки репродуктивного здоровья,2026.0,месяц,март,2026-03-31,процент,11.06,07.04.2026,latest,True,
13,Республика Мордовия,МОР,Приволжский федеральный округ,12,6,True,Республика Мордовия,2.14.Я3.1,Охват граждан репродуктивного возраста (18–49 лет) диспансеризацией с целью оценки репродуктивного здоровья,data (29).xls,Охват граждан репродуктивного возраста (18–49 лет) диспансеризацией с целью оценки репродуктивного здоровья,2026.0,месяц,март,2026-03-31,процент,10.62,07.04.2026,latest,True,
14,Республика Саха (Якутия),ЯКТ,Дальневосточный федеральный округ,22,2,True,Республика Саха (Якутия),2.14.Я3.1,Охват граждан репродуктивного возраста (18–49 лет) диспансеризацией с целью оценки репродуктивного здоровья,data (29).xls,Охват граждан репродуктивного возраста (18–49 лет) диспансеризацией с целью оценки репродуктивного здоровья,2026.0,месяц,март,2026-03-31,процент,8.12,07.04.2026,latest,True,
15,Республика Северная Осетия - Алания,СОА,Северо-Кавказский федеральный округ,10,11,True,Республика Северная Осетия - Алания,2.14.Я3.1,Охват граждан репродуктивного возраста (18–49 лет) диспансеризацией с целью оценки репродуктивного здоровья,data (29).xls,Охват граждан репродуктивного возраста (18–49 лет) диспансеризацией с целью оценки репродуктивного здоровья,2026.0,месяц,март,2026-03-31,процент,8.03,07.04.2026,latest,True,
16,Республика Татарстан,ТАТ,Приволжский федеральный округ,14,5,True,Республика Татарстан (Татарстан),2.14.Я3.1,Охват граждан репродуктивного возраста (18–49 лет) диспансеризацией с целью оценки репродуктивного здоровья,data (29).xls,Охват граждан репродуктивного возраста (18–49 лет) диспансеризацией с целью оценки репродуктивного здоровья,2026.0,месяц,март,2026-03-31,процент,8.09,07.04.2026,latest,True,
17,Республика Тыва,ТЫВ,Сибирский федеральный округ,19,7,True,Республика Тыва,2.14.Я3.1,Охват граждан репродуктивного возраста (18–49 лет) диспансеризацией с целью оценки репродуктивного здоровья,data (29).xls,Охват граждан репродуктивного возраста (18–49 лет) диспансеризацией с целью оценки репродуктивного здоровья,2026.0,месяц,март,2026-03-31,процент,7.17,07.04.2026,latest,True,
18,Удмуртская Республика,УДМ,Приволжский федеральный округ,13,5,True,Удмуртская Республика,2.14.Я3.1,Охват граждан репродуктивного возраста (18–49 лет) диспансеризацией с целью оценки репродуктивного здоровья,data (29).xls,Охват граждан репродуктивного возраста (18–49 лет) диспансеризацией с целью оценки репродуктивного здоровья,2026.0,месяц,март,2026-03-31,процент,6.99,07.04.2026,latest,True,
19,Республика Хакасия,ХАК,Сибирский федеральный округ,20,6,True,Республика Хакасия,2.14.Я3.1,Охват граждан репродуктивного возраста (18–49 лет) диспансеризацией с целью оценки репродуктивного здоровья,data (29).xls,Охват граждан репродуктивного возраста (18–49 лет) диспансеризацией с целью оценки репродуктивного здоровья,2026.0,месяц,март,2026-03-31,процент,6.04,07.04.2026,latest,True,
20,Чеченская Республика,ЧЕЧ,Северо-Кавказский федеральный округ,8,12,True,Чеченская Республика,2.14.Я3.1,Охват граждан репродуктивного возраста (18–49 лет) диспансеризацией с целью оценки репродуктивного здоровья,data (29).xls,Охват граждан репродуктивного возраста (18–49 лет) диспансеризацией с целью оценки репродуктивного здоровья,2026.0,месяц,март,2026-03-31,процент,6.93,07.04.2026,latest,True,
21,Чувашская Республика - Чувашия,ЧУВ,Приволжский федеральный округ,11,6,True,Чувашская Республика - Чувашия,2.14.Я3.1,Охват граждан репродуктивного возраста (18–49 лет) диспансеризацией с целью оценки репродуктивного здоровья,data (29).xls,Охват граждан репродуктивного возраста (18–49 лет) диспансеризацией с целью оценки репродуктивного здоровья,2026.0,месяц,март,2026-03-31,процент,9.12,07.04.2026,latest,True,
22,Алтайский край,АЛК,Сибирский федеральный округ,18,6,True,Алтайский край,2.14.Я3.1,Охват граждан репродуктивного возраста (18–49 лет) диспансеризацией с целью оценки репродуктивного здоровья,data (29).xls,Охват граждан репродуктивного возраста (18–49 лет) диспансеризацией с целью оценки репродуктивного здоровья,2026.0,месяц,март,2026-03-31,процент,10.14,07.04.2026,latest,True,
23,Краснодарский край,КДР,Южный федеральный округ,3,9,True,Краснодарский край,2.14.Я3.1,Охват граждан репродуктивного возраста (18–49 лет) диспансеризацией с целью оценки репродуктивного здоровья,data (29).xls,Охват граждан репродуктивного возраста (18–49 лет) диспансеризацией с целью оценки репродуктивного здоровья,2026.0,месяц,март,2026-03-31,процент,5.35,07.04.2026,latest,True,
24,Красноярский край,КРЯ,Сибирский федеральный округ,21,6,True,Красноярский край,2.14.Я3.1,Охват граждан репродуктивного возраста (18–49 лет) диспансеризацией с целью оценки репродуктивного здоровья,data (29).xls,Охват граждан репродуктивного возраста (18–49 лет) диспансеризацией с целью оценки репродуктивного здоровья,2026.0,месяц,март,2026-03-31,процент,7.98,07.04.2026,latest,True,
25,Приморский край,ПРИ,Дальневосточный федеральный округ,23,4,True,Приморский край,2.14.Я3.1,Охват граждан репродуктивного возраста (18–49 лет) диспансеризацией с целью оценки репродуктивного здоровья,data (29).xls,Охват граждан репродуктивного возраста (18–49 лет) диспансеризацией с целью оценки репродуктивного здоровья,2026.0,месяц,март,2026-03-31,процент,8.69,07.04.2026,latest,True,
26,Ставропольский край,СТА,Северо-Кавказский федеральный округ,7,11,True,Ставропольский край,2.14.Я3.1,Охват граждан репродуктивного возраста (18–49 лет) диспансеризацией с целью оценки репродуктивного здоровья,data (29).xls,Охват граждан репродуктивного возраста (18–49 лет) диспансеризацией с целью оценки репродуктивного здоровья,2026.0,месяц,март,2026-03-31,процент,7.09,07.04.2026,latest,True,
27,Хабаровский край,ХАБ,Дальневосточный федеральный округ,22,4,True,Хабаровский край,2.14.Я3.1,Охват граждан репродуктивного возраста (18–49 лет) диспансеризацией с целью оценки репродуктивного здоровья,data (29).xls,Охват граждан репродуктивного возраста (18–49 лет) диспансеризацией с целью оценки репродуктивного здоровья,2026.0,месяц,март,2026-03-31,процент,6.04,07.04.2026,latest,True,
28,Амурская область,АМУ,Дальневосточный федеральный округ,24,3,True,Амурская область,2.14.Я3.1,Охват граждан репродуктивного возраста (18–49 лет) диспансеризацией с целью оценки репродуктивного здоровья,data (29).xls,Охват граждан репродуктивного возраста (18–49 лет) диспансеризацией с целью оценки репродуктивного здоровья,2026.0,месяц,март,2026-03-31,процент,8.75,07.04.2026,latest,True,
29,Архангельская область,АРХ,Северо-Западный федеральный округ,2,0,True,Архангельская область,2.14.Я3.1,Охват граждан репродуктивного возраста (18–49 лет) диспансеризацией с целью оценки репродуктивного здоровья,data (29).xls,Охват граждан репродуктивного возраста (18–49 лет) диспансеризацией с целью оценки репродуктивного здоровья,2026.0,месяц,март,2026-03-31,процент,7.18,07.04.2026,latest,True,
30,Астраханская область,АСТ,Южный федеральный округ,5,8,True,Астраханская область,2.14.Я3.1,Охват граждан репродуктивного возраста (18–49 лет) диспансеризацией с целью оценки репродуктивного здоровья,data (29).xls,Охват граждан репродуктивного возраста (18–49 лет) диспансеризацией с целью оценки репродуктивного здоровья,2026.0,месяц,март,2026-03-31,процент,8.82,07.04.2026,latest,True,
31,Белгородская область,БЕЛ,Центральный федеральный округ,8,5,True,Белгородская область,2.14.Я3.1,Охват граждан репродуктивного возраста (18–49 лет) диспансеризацией с целью оценки репродуктивного здоровья,data (29).xls,Охват граждан репродуктивного возраста (18–49 лет) диспансеризацией с целью оценки репродуктивного здоровья,2026.0,месяц,март,2026-03-31,процент,8.75,07.04.2026,latest,True,
32,Брянская область,БРЯ,Центральный федеральный округ,8,4,True,Брянская область,2.14.Я3.1,Охват граждан репродуктивного возраста (18–49 лет) диспансеризацией с целью оценки репродуктивного здоровья,data (29).xls,Охват граждан репродуктивного возраста (18–49 лет) диспансеризацией с целью оценки репродуктивного здоровья,2026.0,месяц,март,2026-03-31,процент,10.44,07.04.2026,latest,True,
33,Владимирская область,ВЛД,Центральный федеральный округ,6,4,True,Владимирская область,2.14.Я3.1,Охват граждан репродуктивного возраста (18–49 лет) диспансеризацией с целью оценки репродуктивного здоровья,data (29).xls,Охват граждан репродуктивного возраста (18–49 лет) диспансеризацией с целью оценки репродуктивного здоровья,2026.0,месяц,март,2026-03-31,процент,8.4,07.04.2026,latest,True,
34,Волгоградская область,ВГГ,Южный федеральный округ,4,8,True,Волгоградская область,2.14.Я3.1,Охват граждан репродуктивного возраста (18–49 лет) диспансеризацией с целью оценки репродуктивного здоровья,data (29).xls,Охват граждан репродуктивного возраста (18–49 лет) диспансеризацией с целью оценки репродуктивного здоровья,2026.0,месяц,март,2026-03-31,процент,10.36,07.04.2026,latest,True,
35,Вологодская область,ВОЛ,Северо-Западный федеральный округ,1,2,True,Вологодская область,2.14.Я3.1,Охват граждан репродуктивного возраста (18–49 лет) диспансеризацией с целью оценки репродуктивного здоровья,data (29).xls,Охват граждан репродуктивного возраста (18–49 лет) диспансеризацией с целью оценки репродуктивного здоровья,2026.0,месяц,март,2026-03-31,процент,9.5,07.04.2026,latest,True,
36,Воронежская область,ВРН,Центральный федеральный округ,9,5,True,Воронежская область,2.14.Я3.1,Охват граждан репродуктивного возраста (18–49 лет) диспансеризацией с целью оценки репродуктивного здоровья,data (29).xls,Охват граждан репродуктивного возраста (18–49 лет) диспансеризацией с целью оценки репродуктивного здоровья,2026.0,месяц,март,2026-03-31,процент,8.03,07.04.2026,latest,True,
37,Ивановская область,ИВН,Центральный федеральный округ,7,4,True,Ивановская область,2.14.Я3.1,Охват граждан репродуктивного возраста (18–49 лет) диспансеризацией с целью оценки репродуктивного здоровья,data (29).xls,Охват граждан репродуктивного возраста (18–49 лет) диспансеризацией с целью оценки репродуктивного здоровья,2026.0,месяц,март,2026-03-31,процент,9.09,07.04.2026,latest,True,
38,Иркутская область,ИРК,Сибирский федеральный округ,18,7,True,Иркутская область,2.14.Я3.1,Охват граждан репродуктивного возраста (18–49 лет) диспансеризацией с целью оценки репродуктивного здоровья,data (29).xls,Охват граждан репродуктивного возраста (18–49 лет) диспансеризацией с целью оценки репродуктивного здоровья,2026.0,месяц,март,2026-03-31,процент,7.82,07.04.2026,latest,True,
39,Калининградская область,КГД,Северо-Западный федеральный округ,0,1,True,Калининградская область,2.14.Я3.1,Охват граждан репродуктивного возраста (18–49 лет) диспансеризацией с целью оценки репродуктивного здоровья,data (29).xls,Охват граждан репродуктивного возраста (18–49 лет) диспансеризацией с целью оценки репродуктивного здоровья,2026.0,месяц,март,2026-03-31,процент,8.74,07.04.2026,latest,True,
40,Калужская область,КЛЖ,Центральный федеральный округ,4,4,True,Калужская область,2.14.Я3.1,Охват граждан репродуктивного возраста (18–49 лет) диспансеризацией с целью оценки репродуктивного здоровья,data (29).xls,Охват граждан репродуктивного возраста (18–49 лет) диспансеризацией с целью оценки репродуктивного здоровья,2026.0,месяц,март,2026-03-31,процент,9.99,07.04.2026,latest,True,
41,Камчатский край,КАМ,Дальневосточный федеральный округ,24,2,True,Камчатский край,2.14.Я3.1,Охват граждан репродуктивного возраста (18–49 лет) диспансеризацией с целью оценки репродуктивного здоровья,data (29).xls,Охват граждан репродуктивного возраста (18–49 лет) диспансеризацией с целью оценки репродуктивного здоровья,2026.0,месяц,март,2026-03-31,процент,2.84,07.04.2026,latest,True,
42,Кемеровская область - Кузбасс,КЕМ,Сибирский федеральный округ,21,5,True,Кемеровская область - Кузбасс,2.14.Я3.1,Охват граждан репродуктивного возраста (18–49 лет) диспансеризацией с целью оценки репродуктивного здоровья,data (29).xls,Охват граждан репродуктивного возраста (18–49 лет) диспансеризацией с целью оценки репродуктивного здоровья,2026.0,месяц,март,2026-03-31,процент,8.17,07.04.2026,latest,True,
43,Кировская область,КИР,Приволжский федеральный округ,11,5,True,Кировская область,2.14.Я3.1,Охват граждан репродуктивного возраста (18–49 лет) диспансеризацией с целью оценки репродуктивного здоровья,data (29).xls,Охват граждан репродуктивного возраста (18–49 лет) диспансеризацией с целью оценки репродуктивного здоровья,2026.0,месяц,март,2026-03-31,процент,10.16,07.04.2026,latest,True,
44,Костромская область,КОС,Центральный федеральный округ,6,3,True,Костромская область,2.14.Я3.1,Охват граждан репродуктивного возраста (18–49 лет) диспансеризацией с целью оценки репродуктивного здоровья,data (29).xls,Охват граждан репродуктивного возраста (18–49 лет) диспансеризацией с целью оценки репродуктивного здоровья,2026.0,месяц,март,2026-03-31,процент,10.42,07.04.2026,latest,True,
45,Курганская область,КУРГ,Уральский федеральный округ,15,6,True,Курганская область,2.14.Я3.1,Охват граждан репродуктивного возраста (18–49 лет) диспансеризацией с целью оценки репродуктивного здоровья,data (29).xls,Охват граждан репродуктивного возраста (18–49 лет) диспансеризацией с целью оценки репродуктивного здоровья,2026.0,месяц,март,2026-03-31,процент,7.06,07.04.2026,latest,True,
46,Курская область,КУР,Центральный федеральный округ,5,5,True,Курская область,2.14.Я3.1,Охват граждан репродуктивного возраста (18–49 лет) диспансеризацией с целью оценки репродуктивного здоровья,data (29).xls,Охват граждан репродуктивного возраста (18–49 лет) диспансеризацией с целью оценки репродуктивного здоровья,2026.0,месяц,март,2026-03-31,процент,8.68,07.04.2026,latest,True,
47,Ленинградская область,ЛЕН,Северо-Западный федеральный округ,2,1,True,Ленинградская область,2.14.Я3.1,Охват граждан репродуктивного возраста (18–49 лет) диспансеризацией с целью оценки репродуктивного здоровья,data (29).xls,Охват граждан репродуктивного возраста (18–49 лет) диспансеризацией с целью оценки репродуктивного здоровья,2026.0,месяц,март,2026-03-31,процент,11.99,07.04.2026,latest,True,
48,Липецкая область,ЛИП,Центральный федеральный округ,6,5,True,Липецкая область,2.14.Я3.1,Охват граждан репродуктивного возраста (18–49 лет) диспансеризацией с целью оценки репродуктивного здоровья,data (29).xls,Охват граждан репродуктивного возраста (18–49 лет) диспансеризацией с целью оценки репродуктивного здоровья,2026.0,месяц,март,2026-03-31,процент,9.6,07.04.2026,latest,True,
49,Магаданская область,МАГ,Дальневосточный федеральный округ,25,2,True,Магаданская область,2.14.Я3.1,Охват граждан репродуктивного возраста (18–49 лет) диспансеризацией с целью оценки репродуктивного здоровья,data (29).xls,Охват граждан репродуктивного возраста (18–49 лет) диспансеризацией с целью оценки репродуктивного здоровья,2026.0,месяц,март,2026-03-31,процент,6.89,07.04.2026,latest,True,
50,Московская область,МОСО,Центральный федеральный округ,8,3,True,Московская область,2.14.Я3.1,Охват граждан репродуктивного возраста (18–49 лет) диспансеризацией с целью оценки репродуктивного здоровья,data (29).xls,Охват граждан репродуктивного возраста (18–49 лет) диспансеризацией с целью оценки репродуктивного здоровья,2026.0,месяц,март,2026-03-31,процент,6.89,07.04.2026,latest,True,
51,Мурманская область,МУР,Северо-Западный федеральный округ,0,0,True,Мурманская область,2.14.Я3.1,Охват граждан репродуктивного возраста (18–49 лет) диспансеризацией с целью оценки репродуктивного здоровья,data (29).xls,Охват граждан репродуктивного возраста (18–49 лет) диспансеризацией с целью оценки репродуктивного здоровья,2026.0,месяц,март,2026-03-31,процент,6.96,07.04.2026,latest,True,
52,Нижегородская область,НИЖ,Приволжский федеральный округ,10,5,True,Нижегородская область,2.14.Я3.1,Охват граждан репродуктивного возраста (18–49 лет) диспансеризацией с целью оценки репродуктивного здоровья,data (29).xls,Охват граждан репродуктивного возраста (18–49 лет) диспансеризацией с целью оценки репродуктивного здоровья,2026.0,месяц,март,2026-03-31,процент,6.36,07.04.2026,latest,True,
53,Новгородская область,НВГ,Северо-Западный федеральный округ,3,1,True,Новгородская область,2.14.Я3.1,Охват граждан репродуктивного возраста (18–49 лет) диспансеризацией с целью оценки репродуктивного здоровья,data (29).xls,Охват граждан репродуктивного возраста (18–49 лет) диспансеризацией с целью оценки репродуктивного здоровья,2026.0,месяц,март,2026-03-31,процент,5.7,07.04.2026,latest,True,
54,Новосибирская область,НСО,Сибирский федеральный округ,19,5,True,Новосибирская область,2.14.Я3.1,Охват граждан репродуктивного возраста (18–49 лет) диспансеризацией с целью оценки репродуктивного здоровья,data (29).xls,Охват граждан репродуктивного возраста (18–49 лет) диспансеризацией с целью оценки репродуктивного здоровья,2026.0,месяц,март,2026-03-31,процент,7.34,07.04.2026,latest,True,
55,Омская область,ОМС,Сибирский федеральный округ,18,5,True,Омская область,2.14.Я3.1,Охват граждан репродуктивного возраста (18–49 лет) диспансеризацией с целью оценки репродуктивного здоровья,data (29).xls,Охват граждан репродуктивного возраста (18–49 лет) диспансеризацией с целью оценки репродуктивного здоровья,2026.0,месяц,март,2026-03-31,процент,8.52,07.04.2026,latest,True,
56,Оренбургская область,ОРЕ,Приволжский федеральный округ,12,7,True,Оренбургская область,2.14.Я3.1,Охват граждан репродуктивного возраста (18–49 лет) диспансеризацией с целью оценки репродуктивного здоровья,data (29).xls,Охват граждан репродуктивного возраста (18–49 лет) диспансеризацией с целью оценки репродуктивного здоровья,2026.0,месяц,март,2026-03-31,процент,7.69,07.04.2026,latest,True,
57,Орловская область,ОРЛ,Центральный федеральный округ,9,4,True,Орловская область,2.14.Я3.1,Охват граждан репродуктивного возраста (18–49 лет) диспансеризацией с целью оценки репродуктивного здоровья,data (29).xls,Охват граждан репродуктивного возраста (18–49 лет) диспансеризацией с целью оценки репродуктивного здоровья,2026.0,месяц,март,2026-03-31,процент,5.04,07.04.2026,latest,True,
58,Пензенская область,ПЕН,Приволжский федеральный округ,13,6,True,Пензенская область,2.14.Я3.1,Охват граждан репродуктивного возраста (18–49 лет) диспансеризацией с целью оценки репродуктивного здоровья,data (29).xls,Охват граждан репродуктивного возраста (18–49 лет) диспансеризацией с целью оценки репродуктивного здоровья,2026.0,месяц,март,2026-03-31,процент,8.59,07.04.2026,latest,True,
59,Пермский край,ПЕР,Приволжский федеральный округ,12,5,True,Пермский край,2.14.Я3.1,Охват граждан репродуктивного возраста (18–49 лет) диспансеризацией с целью оценки репродуктивного здоровья,data (29).xls,Охват граждан репродуктивного возраста (18–49 лет) диспансеризацией с целью оценки репродуктивного здоровья,2026.0,месяц,март,2026-03-31,процент,8.73,07.04.2026,latest,True,
60,Псковская область,ПСК,Северо-Западный федеральный округ,0,2,True,Псковская область,2.14.Я3.1,Охват граждан репродуктивного возраста (18–49 лет) диспансеризацией с целью оценки репродуктивного здоровья,data (29).xls,Охват граждан репродуктивного возраста (18–49 лет) диспансеризацией с целью оценки репродуктивного здоровья,2026.0,месяц,март,2026-03-31,процент,4.12,07.04.2026,latest,True,
61,Ростовская область,РОС,Южный федеральный округ,3,8,True,Ростовская область,2.14.Я3.1,Охват граждан репродуктивного возраста (18–49 лет) диспансеризацией с целью оценки репродуктивного здоровья,data (29).xls,Охват граждан репродуктивного возраста (18–49 лет) диспансеризацией с целью оценки репродуктивного здоровья,2026.0,месяц,март,2026-03-31,процент,7.14,07.04.2026,latest,True,
62,Рязанская область,РЯЗ,Центральный федеральный округ,4,5,True,Рязанская область,2.14.Я3.1,Охват граждан репродуктивного возраста (18–49 лет) диспансеризацией с целью оценки репродуктивного здоровья,data (29).xls,Охват граждан репродуктивного возраста (18–49 лет) диспансеризацией с целью оценки репродуктивного здоровья,2026.0,месяц,март,2026-03-31,процент,10.3,07.04.2026,latest,True,
63,Самарская область,САМ,Приволжский федеральный округ,10,7,True,Самарская область,2.14.Я3.1,Охват граждан репродуктивного возраста (18–49 лет) диспансеризацией с целью оценки репродуктивного здоровья,data (29).xls,Охват граждан репродуктивного возраста (18–49 лет) диспансеризацией с целью оценки репродуктивного здоровья,2026.0,месяц,март,2026-03-31,процент,6.79,07.04.2026,latest,True,
64,Саратовская область,САР,Приволжский федеральный округ,11,7,True,Саратовская область,2.14.Я3.1,Охват граждан репродуктивного возраста (18–49 лет) диспансеризацией с целью оценки репродуктивного здоровья,data (29).xls,Охват граждан репродуктивного возраста (18–49 лет) диспансеризацией с целью оценки репродуктивного здоровья,2026.0,месяц,март,2026-03-31,процент,8.49,07.04.2026,latest,True,
65,Сахалинская область,САХ,Дальневосточный федеральный округ,24,4,True,Сахалинская область,2.14.Я3.1,Охват граждан репродуктивного возраста (18–49 лет) диспансеризацией с целью оценки репродуктивного здоровья,data (29).xls,Охват граждан репродуктивного возраста (18–49 лет) диспансеризацией с целью оценки репродуктивного здоровья,2026.0,месяц,март,2026-03-31,процент,9.09,07.04.2026,latest,True,
66,Свердловская область,СВР,Уральский федеральный округ,15,5,True,Свердловская область,2.14.Я3.1,Охват граждан репродуктивного возраста (18–49 лет) диспансеризацией с целью оценки репродуктивного здоровья,data (29).xls,Охват граждан репродуктивного возраста (18–49 лет) диспансеризацией с целью оценки репродуктивного здоровья,2026.0,месяц,март,2026-03-31,процент,7.15,07.04.2026,latest,True,
67,Смоленская область,СМЛ,Центральный федеральный округ,7,3,True,Смоленская область,2.14.Я3.1,Охват граждан репродуктивного возраста (18–49 лет) диспансеризацией с целью оценки репродуктивного здоровья,data (29).xls,Охват граждан репродуктивного возраста (18–49 лет) диспансеризацией с целью оценки репродуктивного здоровья,2026.0,месяц,март,2026-03-31,процент,9.2,07.04.2026,latest,True,
68,Тамбовская область,ТАМ,Центральный федеральный округ,7,5,True,Тамбовская область,2.14.Я3.1,Охват граждан репродуктивного возраста (18–49 лет) диспансеризацией с целью оценки репродуктивного здоровья,data (29).xls,Охват граждан репродуктивного возраста (18–49 лет) диспансеризацией с целью оценки репродуктивного здоровья,2026.0,месяц,март,2026-03-31,процент,8.2,07.04.2026,latest,True,
69,Тверская область,ТВЕ,Центральный федеральный округ,4,3,True,Тверская область,2.14.Я3.1,Охват граждан репродуктивного возраста (18–49 лет) диспансеризацией с целью оценки репродуктивного здоровья,data (29).xls,Охват граждан репродуктивного возраста (18–49 лет) диспансеризацией с целью оценки репродуктивного здоровья,2026.0,месяц,март,2026-03-31,процент,5.54,07.04.2026,latest,True,
70,Томская область,ТОМ,Сибирский федеральный округ,20,5,True,Томская область,2.14.Я3.1,Охват граждан репродуктивного возраста (18–49 лет) диспансеризацией с целью оценки репродуктивного здоровья,data (29).xls,Охват граждан репродуктивного возраста (18–49 лет) диспансеризацией с целью оценки репродуктивного здоровья,2026.0,месяц,март,2026-03-31,процент,5.38,07.04.2026,latest,True,
71,Тульская область,ТУЛ,Центральный федеральный округ,5,4,True,Тульская область,2.14.Я3.1,Охват граждан репродуктивного возраста (18–49 лет) диспансеризацией с целью оценки репродуктивного здоровья,data (29).xls,Охват граждан репродуктивного возраста (18–49 лет) диспансеризацией с целью оценки репродуктивного здоровья,2026.0,месяц,март,2026-03-31,процент,9.51,07.04.2026,latest,True,
72,Тюменская область,ТЮМ,Уральский федеральный округ,16,6,True,Тюменская область,2.14.Я3.1,Охват граждан репродуктивного возраста (18–49 лет) диспансеризацией с целью оценки репродуктивного здоровья,data (29).xls,Охват граждан репродуктивного возраста (18–49 лет) диспансеризацией с целью оценки репродуктивного здоровья,2026.0,месяц,март,2026-03-31,процент,7.58,07.04.2026,latest,True,
73,Ульяновская область,УЛЬ,Приволжский федеральный округ,14,6,True,Ульяновская область,2.14.Я3.1,Охват граждан репродуктивного возраста (18–49 лет) диспансеризацией с целью оценки репродуктивного здоровья,data (29).xls,Охват граждан репродуктивного возраста (18–49 лет) диспансеризацией с целью оценки репродуктивного здоровья,2026.0,месяц,март,2026-03-31,процент,7.04,07.04.2026,latest,True,
74,Челябинская область,ЧЕЛ,Уральский федеральный округ,17,6,True,Челябинская область,2.14.Я3.1,Охват граждан репродуктивного возраста (18–49 лет) диспансеризацией с целью оценки репродуктивного здоровья,data (29).xls,Охват граждан репродуктивного возраста (18–49 лет) диспансеризацией с целью оценки репродуктивного здоровья,2026.0,месяц,март,2026-03-31,процент,8.62,07.04.2026,latest,True,
75,Забайкальский край,ЗАБ,Дальневосточный федеральный округ,22,3,True,Забайкальский край,2.14.Я3.1,Охват граждан репродуктивного возраста (18–49 лет) диспансеризацией с целью оценки репродуктивного здоровья,data (29).xls,Охват граждан репродуктивного возраста (18–49 лет) диспансеризацией с целью оценки репродуктивного здоровья,2026.0,месяц,март,2026-03-31,процент,10.15,07.04.2026,latest,True,
76,Ярославская область,ЯРС,Центральный федеральный округ,5,3,True,Ярославская область,2.14.Я3.1,Охват граждан репродуктивного возраста (18–49 лет) диспансеризацией с целью оценки репродуктивного здоровья,data (29).xls,Охват граждан репродуктивного возраста (18–49 лет) диспансеризацией с целью оценки репродуктивного здоровья,2026.0,месяц,март,2026-03-31,процент,7.75,07.04.2026,latest,True,
77,Москва,МСК,Центральный федеральный округ,9,3,True,Город Москва столица Российской Федерации город федерального значения,2.14.Я3.1,Охват граждан репродуктивного возраста (18–49 лет) диспансеризацией с целью оценки репродуктивного здоровья,data (29).xls,Охват граждан репродуктивного возраста (18–49 лет) диспансеризацией с целью оценки репродуктивного здоровья,2026.0,месяц,март,2026-03-31,процент,4.42,07.04.2026,latest,True,
78,Санкт-Петербург,СПБ,Северо-Западный федеральный округ,1,1,True,Город Санкт-Петербург город федерального значения,2.14.Я3.1,Охват граждан репродуктивного возраста (18–49 лет) диспансеризацией с целью оценки репродуктивного здоровья,data (29).xls,Охват граждан репродуктивного возраста (18–49 лет) диспансеризацией с целью оценки репродуктивного здоровья,2026.0,месяц,март,2026-03-31,процент,7.71,07.04.2026,latest,True,
79,Еврейская автономная область,ЕАО,Дальневосточный федеральный округ,25,3,True,Еврейская автономная область,2.14.Я3.1,Охват граждан репродуктивного возраста (18–49 лет) диспансеризацией с целью оценки репродуктивного здоровья,data (29).xls,Охват граждан репродуктивного возраста (18–49 лет) диспансеризацией с целью оценки репродуктивного здоровья,2026.0,месяц,март,2026-03-31,процент,2.98,07.04.2026,latest,True,
83,Ненецкий автономный округ,НАО,Северо-Западный федеральный округ,3,0,True,Ненецкий автономный округ,2.14.Я3.1,Охват граждан репродуктивного возраста (18–49 лет) диспансеризацией с целью оценки репродуктивного здоровья,data (29).xls,Охват граждан репродуктивного возраста (18–49 лет) диспансеризацией с целью оценки репродуктивного здоровья,2026.0,месяц,март,2026-03-31,процент,6.22,07.04.2026,latest,True,
86,Ханты-Мансийский автономный округ - Югра,ХМАО,Уральский федеральный округ,16,5,True,Ханты-Мансийский автономный округ - Югра,2.14.Я3.1,Охват граждан репродуктивного возраста (18–49 лет) диспансеризацией с целью оценки репродуктивного здоровья,data (29).xls,Охват граждан репродуктивного возраста (18–49 лет) диспансеризацией с целью оценки репродуктивного здоровья,2026.0,месяц,март,2026-03-31,процент,9.95,07.04.2026,latest,True,
87,Чукотский автономный округ,ЧУК,Дальневосточный федеральный округ,23,2,True,Чукотский автономный округ,2.14.Я3.1,Охват граждан репродуктивного возраста (18–49 лет) диспансеризацией с целью оценки репродуктивного здоровья,data (29).xls,Охват граждан репродуктивного возраста (18–49 лет) диспансеризацией с целью оценки репродуктивного здоровья,2026.0,месяц,март,2026-03-31,процент,6.36,07.04.2026,latest,True,
89,Ямало-Ненецкий автономный округ,ЯНАО,Уральский федеральный округ,17,5,True,Ямало-Ненецкий автономный округ,2.14.Я3.1,Охват граждан репродуктивного возраста (18–49 лет) диспансеризацией с целью оценки репродуктивного здоровья,data (29).xls,Охват граждан репродуктивного возраста (18–49 лет) диспансеризацией с целью оценки репродуктивного здоровья,2026.0,месяц,март,2026-03-31,процент,9.05,07.04.2026,latest,True,
90,Запорожская область,ЗАП,Новые регионы / Южный макрорегион,9,9,True,,,,,,,,,,,,,latest,False,Нет данных в переданной выгрузке ЕМИСС для выбранного периода/показателя
91,Республика Крым,КРЫ,Южный федеральный округ,5,9,True,Республика Крым,2.14.Я3.1,Охват граждан репродуктивного возраста (18–49 лет) диспансеризацией с целью оценки репродуктивного здоровья,data (29).xls,Охват граждан репродуктивного возраста (18–49 лет) диспансеризацией с целью оценки репродуктивного здоровья,2026.0,месяц,март,2026-03-31,процент,7.39,07.04.2026,latest,True,
92,Севастополь,СЕВ,Южный федеральный округ,6,9,True,Город федерального значения Севастополь,2.14.Я3.1,Охват граждан репродуктивного возраста (18–49 лет) диспансеризацией с целью оценки репродуктивного здоровья,data (29).xls,Охват граждан репродуктивного возраста (18–49 лет) диспансеризацией с целью оценки репродуктивного здоровья,2026.0,месяц,март,2026-03-31,процент,7.02,07.04.2026,latest,True,
93,Донецкая Народная Республика,ДНР,Новые регионы / Южный макрорегион,7,9,True,,,,,,,,,,,,,latest,False,Нет данных в переданной выгрузке ЕМИСС для выбранного периода/показателя
94,Луганская Народная Республика,ЛНР,Новые регионы / Южный макрорегион,8,9,True,,,,,,,,,,,,,latest,False,Нет данных в переданной выгрузке ЕМИСС для выбранного периода/показателя
95,Херсонская область,ХЕР,Новые регионы / Южный макрорегион,10,9,True,,,,,,,,,,,,,latest,False,Нет данных в переданной выгрузке ЕМИСС для выбранного периода/показателя
01,Республика Адыгея,АД,Южный федеральный округ,4,9,True,Республика Адыгея (Адыгея),2.14.Я3.2,"Доля женщин, проживающих в сельской местности, поселках городского типа и малых городах, получивших медицинскую помощь в женских консультациях, расположенных в сельской местности, поселках городского типа и малых городах",data (30).xls,"Доля женщин, проживающих в сельской местности, поселках городского типа и малых городах, получивших медицинскую помощь в женских консультациях, расположенных в сельской местности, поселках городского типа и малых городах",2026.0,месяц,март,2026-03-31,процент,10.21,07.04.2026,latest,True,
02,Республика Башкортостан,БА,Приволжский федеральный округ,13,7,True,Республика Башкортостан,2.14.Я3.2,"Доля женщин, проживающих в сельской местности, поселках городского типа и малых городах, получивших медицинскую помощь в женских консультациях, расположенных в сельской местности, поселках городского типа и малых городах",data (30).xls,"Доля женщин, проживающих в сельской местности, поселках городского типа и малых городах, получивших медицинскую помощь в женских консультациях, расположенных в сельской местности, поселках городского типа и малых городах",2026.0,месяц,март,2026-03-31,процент,11.99,07.04.2026,latest,True,
03,Республика Бурятия,БУР,Дальневосточный федеральный округ,23,3,True,Республика Бурятия,2.14.Я3.2,"Доля женщин, проживающих в сельской местности, поселках городского типа и малых городах, получивших медицинскую помощь в женских консультациях, расположенных в сельской местности, поселках городского типа и малых городах",data (30).xls,"Доля женщин, проживающих в сельской местности, поселках городского типа и малых городах, получивших медицинскую помощь в женских консультациях, расположенных в сельской местности, поселках городского типа и малых городах",2026.0,месяц,март,2026-03-31,процент,20.86,07.04.2026,latest,True,
04,Республика Алтай,АЛР,Сибирский федеральный округ,19,6,True,Республика Алтай,2.14.Я3.2,"Доля женщин, проживающих в сельской местности, поселках городского типа и малых городах, получивших медицинскую помощь в женских консультациях, расположенных в сельской местности, поселках городского типа и малых городах",data (30).xls,"Доля женщин, проживающих в сельской местности, поселках городского типа и малых городах, получивших медицинскую помощь в женских консультациях, расположенных в сельской местности, поселках городского типа и малых городах",2026.0,месяц,март,2026-03-31,процент,14.22,07.04.2026,latest,True,
05,Республика Дагестан,ДАГ,Северо-Кавказский федеральный округ,9,12,True,Республика Дагестан,2.14.Я3.2,"Доля женщин, проживающих в сельской местности, поселках городского типа и малых городах, получивших медицинскую помощь в женских консультациях, расположенных в сельской местности, поселках городского типа и малых городах",data (30).xls,"Доля женщин, проживающих в сельской местности, поселках городского типа и малых городах, получивших медицинскую помощь в женских консультациях, расположенных в сельской местности, поселках городского типа и малых городах",2026.0,месяц,март,2026-03-31,процент,5.3,07.04.2026,latest,True,
06,Республика Ингушетия,ИНГ,Северо-Кавказский федеральный округ,7,12,True,Республика Ингушетия,2.14.Я3.2,"Доля женщин, проживающих в сельской местности, поселках городского типа и малых городах, получивших медицинскую помощь в женских консультациях, расположенных в сельской местности, поселках городского типа и малых городах",data (30).xls,"Доля женщин, проживающих в сельской местности, поселках городского типа и малых городах, получивших медицинскую помощь в женских консультациях, расположенных в сельской местности, поселках городского типа и малых городах",2026.0,месяц,март,2026-03-31,процент,12.2,07.04.2026,latest,True,
07,Кабардино-Балкарская Республика,КБР,Северо-Кавказский федеральный округ,9,11,True,Кабардино-Балкарская Республика,2.14.Я3.2,"Доля женщин, проживающих в сельской местности, поселках городского типа и малых городах, получивших медицинскую помощь в женских консультациях, расположенных в сельской местности, поселках городского типа и малых городах",data (30).xls,"Доля женщин, проживающих в сельской местности, поселках городского типа и малых городах, получивших медицинскую помощь в женских консультациях, расположенных в сельской местности, поселках городского типа и малых городах",2026.0,месяц,март,2026-03-31,процент,15.25,07.04.2026,latest,True,
08,Республика Калмыкия,КАЛ,Южный федеральный округ,6,8,True,Республика Калмыкия,2.14.Я3.2,"Доля женщин, проживающих в сельской местности, поселках городского типа и малых городах, получивших медицинскую помощь в женских консультациях, расположенных в сельской местности, поселках городского типа и малых городах",data (30).xls,"Доля женщин, проживающих в сельской местности, поселках городского типа и малых городах, получивших медицинскую помощь в женских консультациях, расположенных в сельской местности, поселках городского типа и малых городах",2026.0,месяц,март,2026-03-31,процент,0.0,07.04.2026,latest,True,
09,Карачаево-Черкесская Республика,КЧР,Северо-Кавказский федеральный округ,8,11,True,Карачаево-Черкесская Республика,2.14.Я3.2,"Доля женщин, проживающих в сельской местности, поселках городского типа и малых городах, получивших медицинскую помощь в женских консультациях, расположенных в сельской местности, поселках городского типа и малых городах",data (30).xls,"Доля женщин, проживающих в сельской местности, поселках городского типа и малых городах, получивших медицинскую помощь в женских консультациях, расположенных в сельской местности, поселках городского типа и малых городах",2026.0,месяц,март,2026-03-31,процент,20.2,07.04.2026,latest,True,
10,Республика Карелия,КАР,Северо-Западный федеральный округ,1,0,True,Республика Карелия,2.14.Я3.2,"Доля женщин, проживающих в сельской местности, поселках городского типа и малых городах, получивших медицинскую помощь в женских консультациях, расположенных в сельской местности, поселках городского типа и малых городах",data (30).xls,"Доля женщин, проживающих в сельской местности, поселках городского типа и малых городах, получивших медицинскую помощь в женских консультациях, расположенных в сельской местности, поселках городского типа и малых городах",2026.0,месяц,март,2026-03-31,процент,9.09,07.04.2026,latest,True,
11,Республика Коми,КОМ,Северо-Западный федеральный округ,2,2,True,Республика Коми,2.14.Я3.2,"Доля женщин, проживающих в сельской местности, поселках городского типа и малых городах, получивших медицинскую помощь в женских консультациях, расположенных в сельской местности, поселках городского типа и малых городах",data (30).xls,"Доля женщин, проживающих в сельской местности, поселках городского типа и малых городах, получивших медицинскую помощь в женских консультациях, расположенных в сельской местности, поселках городского типа и малых городах",2026.0,месяц,март,2026-03-31,процент,13.44,07.04.2026,latest,True,
12,Республика Марий Эл,МЭ,Приволжский федеральный округ,10,6,True,Республика Марий Эл,2.14.Я3.2,"Доля женщин, проживающих в сельской местности, поселках городского типа и малых городах, получивших медицинскую помощь в женских консультациях, расположенных в сельской местности, поселках городского типа и малых городах",data (30).xls,"Доля женщин, проживающих в сельской местности, поселках городского типа и малых городах, получивших медицинскую помощь в женских консультациях, расположенных в сельской местности, поселках городского типа и малых городах",2026.0,месяц,март,2026-03-31,процент,16.82,07.04.2026,latest,True,
13,Республика Мордовия,МОР,Приволжский федеральный округ,12,6,True,Республика Мордовия,2.14.Я3.2,"Доля женщин, проживающих в сельской местности, поселках городского типа и малых городах, получивших медицинскую помощь в женских консультациях, расположенных в сельской местности, поселках городского типа и малых городах",data (30).xls,"Доля женщин, проживающих в сельской местности, поселках городского типа и малых городах, получивших медицинскую помощь в женских консультациях, расположенных в сельской местности, поселках городского типа и малых городах",2026.0,месяц,март,2026-03-31,процент,14.89,07.04.2026,latest,True,
14,Республика Саха (Якутия),ЯКТ,Дальневосточный федеральный округ,22,2,True,Республика Саха (Якутия),2.14.Я3.2,"Доля женщин, проживающих в сельской местности, поселках городского типа и малых городах, получивших медицинскую помощь в женских консультациях, расположенных в сельской местности, поселках городского типа и малых городах",data (30).xls,"Доля женщин, проживающих в сельской местности, поселках городского типа и малых городах, получивших медицинскую помощь в женских консультациях, расположенных в сельской местности, поселках городского типа и малых городах",2026.0,месяц,март,2026-03-31,процент,12.16,07.04.2026,latest,True,
15,Республика Северная Осетия - Алания,СОА,Северо-Кавказский федеральный округ,10,11,True,Республика Северная Осетия - Алания,2.14.Я3.2,"Доля женщин, проживающих в сельской местности, поселках городского типа и малых городах, получивших медицинскую помощь в женских консультациях, расположенных в сельской местности, поселках городского типа и малых городах",data (30).xls,"Доля женщин, проживающих в сельской местности, поселках городского типа и малых городах, получивших медицинскую помощь в женских консультациях, расположенных в сельской местности, поселках городского типа и малых городах",2026.0,месяц,март,2026-03-31,процент,7.99,07.04.2026,latest,True,
16,Республика Татарстан,ТАТ,Приволжский федеральный округ,14,5,True,Республика Татарстан (Татарстан),2.14.Я3.2,"Доля женщин, проживающих в сельской местности, поселках городского типа и малых городах, получивших медицинскую помощь в женских консультациях, расположенных в сельской местности, поселках городского типа и малых городах",data (30).xls,"Доля женщин, проживающих в сельской местности, поселках городского типа и малых городах, получивших медицинскую помощь в женских консультациях, расположенных в сельской местности, поселках городского типа и малых городах",2026.0,месяц,март,2026-03-31,процент,18.84,07.04.2026,latest,True,
17,Республика Тыва,ТЫВ,Сибирский федеральный округ,19,7,True,Республика Тыва,2.14.Я3.2,"Доля женщин, проживающих в сельской местности, поселках городского типа и малых городах, получивших медицинскую помощь в женских консультациях, расположенных в сельской местности, поселках городского типа и малых городах",data (30).xls,"Доля женщин, проживающих в сельской местности, поселках городского типа и малых городах, получивших медицинскую помощь в женских консультациях, расположенных в сельской местности, поселках городского типа и малых городах",2026.0,месяц,март,2026-03-31,процент,10.61,07.04.2026,latest,True,
18,Удмуртская Республика,УДМ,Приволжский федеральный округ,13,5,True,Удмуртская Республика,2.14.Я3.2,"Доля женщин, проживающих в сельской местности, поселках городского типа и малых городах, получивших медицинскую помощь в женских консультациях, расположенных в сельской местности, поселках городского типа и малых городах",data (30).xls,"Доля женщин, проживающих в сельской местности, поселках городского типа и малых городах, получивших медицинскую помощь в женских консультациях, расположенных в сельской местности, поселках городского типа и малых городах",2026.0,месяц,март,2026-03-31,процент,21.22,07.04.2026,latest,True,
19,Республика Хакасия,ХАК,Сибирский федеральный округ,20,6,True,Республика Хакасия,2.14.Я3.2,"Доля женщин, проживающих в сельской местности, поселках городского типа и малых городах, получивших медицинскую помощь в женских консультациях, расположенных в сельской местности, поселках городского типа и малых городах",data (30).xls,"Доля женщин, проживающих в сельской местности, поселках городского типа и малых городах, получивших медицинскую помощь в женских консультациях, расположенных в сельской местности, поселках городского типа и малых городах",2026.0,месяц,март,2026-03-31,процент,19.02,07.04.2026,latest,True,
20,Чеченская Республика,ЧЕЧ,Северо-Кавказский федеральный округ,8,12,True,Чеченская Республика,2.14.Я3.2,"Доля женщин, проживающих в сельской местности, поселках городского типа и малых городах, получивших медицинскую помощь в женских консультациях, расположенных в сельской местности, поселках городского типа и малых городах",data (30).xls,"Доля женщин, проживающих в сельской местности, поселках городского типа и малых городах, получивших медицинскую помощь в женских консультациях, расположенных в сельской местности, поселках городского типа и малых городах",2026.0,месяц,март,2026-03-31,процент,4.6,07.04.2026,latest,True,
21,Чувашская Республика - Чувашия,ЧУВ,Приволжский федеральный округ,11,6,True,Чувашская Республика - Чувашия,2.14.Я3.2,"Доля женщин, проживающих в сельской местности, поселках городского типа и малых городах, получивших медицинскую помощь в женских консультациях, расположенных в сельской местности, поселках городского типа и малых городах",data (30).xls,"Доля женщин, проживающих в сельской местности, поселках городского типа и малых городах, получивших медицинскую помощь в женских консультациях, расположенных в сельской местности, поселках городского типа и малых городах",2026.0,месяц,март,2026-03-31,процент,13.65,07.04.2026,latest,True,
22,Алтайский край,АЛК,Сибирский федеральный округ,18,6,True,Алтайский край,2.14.Я3.2,"Доля женщин, проживающих в сельской местности, поселках городского типа и малых городах, получивших медицинскую помощь в женских консультациях, расположенных в сельской местности, поселках городского типа и малых городах",data (30).xls,"Доля женщин, проживающих в сельской местности, поселках городского типа и малых городах, получивших медицинскую помощь в женских консультациях, расположенных в сельской местности, поселках городского типа и малых городах",2026.0,месяц,март,2026-03-31,процент,16.7,07.04.2026,latest,True,
23,Краснодарский край,КДР,Южный федеральный округ,3,9,True,Краснодарский край,2.14.Я3.2,"Доля женщин, проживающих в сельской местности, поселках городского типа и малых городах, получивших медицинскую помощь в женских консультациях, расположенных в сельской местности, поселках городского типа и малых городах",data (30).xls,"Доля женщин, проживающих в сельской местности, поселках городского типа и малых городах, получивших медицинскую помощь в женских консультациях, расположенных в сельской местности, поселках городского типа и малых городах",2026.0,месяц,март,2026-03-31,процент,13.59,07.04.2026,latest,True,
24,Красноярский край,КРЯ,Сибирский федеральный округ,21,6,True,Красноярский край,2.14.Я3.2,"Доля женщин, проживающих в сельской местности, поселках городского типа и малых городах, получивших медицинскую помощь в женских консультациях, расположенных в сельской местности, поселках городского типа и малых городах",data (30).xls,"Доля женщин, проживающих в сельской местности, поселках городского типа и малых городах, получивших медицинскую помощь в женских консультациях, расположенных в сельской местности, поселках городского типа и малых городах",2026.0,месяц,март,2026-03-31,процент,6.77,07.04.2026,latest,True,
25,Приморский край,ПРИ,Дальневосточный федеральный округ,23,4,True,Приморский край,2.14.Я3.2,"Доля женщин, проживающих в сельской местности, поселках городского типа и малых городах, получивших медицинскую помощь в женских консультациях, расположенных в сельской местности, поселках городского типа и малых городах",data (30).xls,"Доля женщин, проживающих в сельской местности, поселках городского типа и малых городах, получивших медицинскую помощь в женских консультациях, расположенных в сельской местности, поселках городского типа и малых городах",2026.0,месяц,март,2026-03-31,процент,13.17,07.04.2026,latest,True,
26,Ставропольский край,СТА,Северо-Кавказский федеральный округ,7,11,True,Ставропольский край,2.14.Я3.2,"Доля женщин, проживающих в сельской местности, поселках городского типа и малых городах, получивших медицинскую помощь в женских консультациях, расположенных в сельской местности, поселках городского типа и малых городах",data (30).xls,"Доля женщин, проживающих в сельской местности, поселках городского типа и малых городах, получивших медицинскую помощь в женских консультациях, расположенных в сельской местности, поселках городского типа и малых городах",2026.0,месяц,март,2026-03-31,процент,11.0,07.04.2026,latest,True,
27,Хабаровский край,ХАБ,Дальневосточный федеральный округ,22,4,True,Хабаровский край,2.14.Я3.2,"Доля женщин, проживающих в сельской местности, поселках городского типа и малых городах, получивших медицинскую помощь в женских консультациях, расположенных в сельской местности, поселках городского типа и малых городах",data (30).xls,"Доля женщин, проживающих в сельской местности, поселках городского типа и малых городах, получивших медицинскую помощь в женских консультациях, расположенных в сельской местности, поселках городского типа и малых городах",2026.0,месяц,март,2026-03-31,процент,5.08,07.04.2026,latest,True,
28,Амурская область,АМУ,Дальневосточный федеральный округ,24,3,True,Амурская область,2.14.Я3.2,"Доля женщин, проживающих в сельской местности, поселках городского типа и малых городах, получивших медицинскую помощь в женских консультациях, расположенных в сельской местности, поселках городского типа и малых городах",data (30).xls,"Доля женщин, проживающих в сельской местности, поселках городского типа и малых городах, получивших медицинскую помощь в женских консультациях, расположенных в сельской местности, поселках городского типа и малых городах",2026.0,месяц,март,2026-03-31,процент,14.89,07.04.2026,latest,True,
29,Архангельская область,АРХ,Северо-Западный федеральный округ,2,0,True,Архангельская область,2.14.Я3.2,"Доля женщин, проживающих в сельской местности, поселках городского типа и малых городах, получивших медицинскую помощь в женских консультациях, расположенных в сельской местности, поселках городского типа и малых городах",data (30).xls,"Доля женщин, проживающих в сельской местности, поселках городского типа и малых городах, получивших медицинскую помощь в женских консультациях, расположенных в сельской местности, поселках городского типа и малых городах",2026.0,месяц,март,2026-03-31,процент,14.12,07.04.2026,latest,True,
30,Астраханская область,АСТ,Южный федеральный округ,5,8,True,Астраханская область,2.14.Я3.2,"Доля женщин, проживающих в сельской местности, поселках городского типа и малых городах, получивших медицинскую помощь в женских консультациях, расположенных в сельской местности, поселках городского типа и малых городах",data (30).xls,"Доля женщин, проживающих в сельской местности, поселках городского типа и малых городах, получивших медицинскую помощь в женских консультациях, расположенных в сельской местности, поселках городского типа и малых городах",2026.0,месяц,март,2026-03-31,процент,17.61,07.04.2026,latest,True,
31,Белгородская область,БЕЛ,Центральный федеральный округ,8,5,True,Белгородская область,2.14.Я3.2,"Доля женщин, проживающих в сельской местности, поселках городского типа и малых городах, получивших медицинскую помощь в женских консультациях, расположенных в сельской местности, поселках городского типа и малых городах",data (30).xls,"Доля женщин, проживающих в сельской местности, поселках городского типа и малых городах, получивших медицинскую помощь в женских консультациях, расположенных в сельской местности, поселках городского типа и малых городах",2026.0,месяц,март,2026-03-31,процент,5.2,07.04.2026,latest,True,
32,Брянская область,БРЯ,Центральный федеральный округ,8,4,True,Брянская область,2.14.Я3.2,"Доля женщин, проживающих в сельской местности, поселках городского типа и малых городах, получивших медицинскую помощь в женских консультациях, расположенных в сельской местности, поселках городского типа и малых городах",data (30).xls,"Доля женщин, проживающих в сельской местности, поселках городского типа и малых городах, получивших медицинскую помощь в женских консультациях, расположенных в сельской местности, поселках городского типа и малых городах",2026.0,месяц,март,2026-03-31,процент,15.42,07.04.2026,latest,True,
33,Владимирская область,ВЛД,Центральный федеральный округ,6,4,True,Владимирская область,2.14.Я3.2,"Доля женщин, проживающих в сельской местности, поселках городского типа и малых городах, получивших медицинскую помощь в женских консультациях, расположенных в сельской местности, поселках городского типа и малых городах",data (30).xls,"Доля женщин, проживающих в сельской местности, поселках городского типа и малых городах, получивших медицинскую помощь в женских консультациях, расположенных в сельской местности, поселках городского типа и малых городах",2026.0,месяц,март,2026-03-31,процент,11.28,07.04.2026,latest,True,
34,Волгоградская область,ВГГ,Южный федеральный округ,4,8,True,Волгоградская область,2.14.Я3.2,"Доля женщин, проживающих в сельской местности, поселках городского типа и малых городах, получивших медицинскую помощь в женских консультациях, расположенных в сельской местности, поселках городского типа и малых городах",data (30).xls,"Доля женщин, проживающих в сельской местности, поселках городского типа и малых городах, получивших медицинскую помощь в женских консультациях, расположенных в сельской местности, поселках городского типа и малых городах",2026.0,месяц,март,2026-03-31,процент,9.27,07.04.2026,latest,True,
35,Вологодская область,ВОЛ,Северо-Западный федеральный округ,1,2,True,Вологодская область,2.14.Я3.2,"Доля женщин, проживающих в сельской местности, поселках городского типа и малых городах, получивших медицинскую помощь в женских консультациях, расположенных в сельской местности, поселках городского типа и малых городах",data (30).xls,"Доля женщин, проживающих в сельской местности, поселках городского типа и малых городах, получивших медицинскую помощь в женских консультациях, расположенных в сельской местности, поселках городского типа и малых городах",2026.0,месяц,март,2026-03-31,процент,19.31,07.04.2026,latest,True,
36,Воронежская область,ВРН,Центральный федеральный округ,9,5,True,Воронежская область,2.14.Я3.2,"Доля женщин, проживающих в сельской местности, поселках городского типа и малых городах, получивших медицинскую помощь в женских консультациях, расположенных в сельской местности, поселках городского типа и малых городах",data (30).xls,"Доля женщин, проживающих в сельской местности, поселках городского типа и малых городах, получивших медицинскую помощь в женских консультациях, расположенных в сельской местности, поселках городского типа и малых городах",2026.0,месяц,март,2026-03-31,процент,10.66,07.04.2026,latest,True,
37,Ивановская область,ИВН,Центральный федеральный округ,7,4,True,Ивановская область,2.14.Я3.2,"Доля женщин, проживающих в сельской местности, поселках городского типа и малых городах, получивших медицинскую помощь в женских консультациях, расположенных в сельской местности, поселках городского типа и малых городах",data (30).xls,"Доля женщин, проживающих в сельской местности, поселках городского типа и малых городах, получивших медицинскую помощь в женских консультациях, расположенных в сельской местности, поселках городского типа и малых городах",2026.0,месяц,март,2026-03-31,процент,12.49,07.04.2026,latest,True,
38,Иркутская область,ИРК,Сибирский федеральный округ,18,7,True,Иркутская область,2.14.Я3.2,"Доля женщин, проживающих в сельской местности, поселках городского типа и малых городах, получивших медицинскую помощь в женских консультациях, расположенных в сельской местности, поселках городского типа и малых городах",data (30).xls,"Доля женщин, проживающих в сельской местности, поселках городского типа и малых городах, получивших медицинскую помощь в женских консультациях, расположенных в сельской местности, поселках городского типа и малых городах",2026.0,месяц,март,2026-03-31,процент,9.87,07.04.2026,latest,True,
39,Калининградская область,КГД,Северо-Западный федеральный округ,0,1,True,Калининградская область,2.14.Я3.2,"Доля женщин, проживающих в сельской местности, поселках городского типа и малых городах, получивших медицинскую помощь в женских консультациях, расположенных в сельской местности, поселках городского типа и малых городах",data (30).xls,"Доля женщин, проживающих в сельской местности, поселках городского типа и малых городах, получивших медицинскую помощь в женских консультациях, расположенных в сельской местности, поселках городского типа и малых городах",2026.0,месяц,март,2026-03-31,процент,15.63,07.04.2026,latest,True,
40,Калужская область,КЛЖ,Центральный федеральный округ,4,4,True,Калужская область,2.14.Я3.2,"Доля женщин, проживающих в сельской местности, поселках городского типа и малых городах, получивших медицинскую помощь в женских консультациях, расположенных в сельской местности, поселках городского типа и малых городах",data (30).xls,"Доля женщин, проживающих в сельской местности, поселках городского типа и малых городах, получивших медицинскую помощь в женских консультациях, расположенных в сельской местности, поселках городского типа и малых городах",2026.0,месяц,март,2026-03-31,процент,7.0,07.04.2026,latest,True,
41,Камчатский край,КАМ,Дальневосточный федеральный округ,24,2,True,Камчатский край,2.14.Я3.2,"Доля женщин, проживающих в сельской местности, поселках городского типа и малых городах, получивших медицинскую помощь в женских консультациях, расположенных в сельской местности, поселках городского типа и малых городах",data (30).xls,"Доля женщин, проживающих в сельской местности, поселках городского типа и малых городах, получивших медицинскую помощь в женских консультациях, расположенных в сельской местности, поселках городского типа и малых городах",2026.0,месяц,март,2026-03-31,процент,7.59,07.04.2026,latest,True,
42,Кемеровская область - Кузбасс,КЕМ,Сибирский федеральный округ,21,5,True,Кемеровская область - Кузбасс,2.14.Я3.2,"Доля женщин, проживающих в сельской местности, поселках городского типа и малых городах, получивших медицинскую помощь в женских консультациях, расположенных в сельской местности, поселках городского типа и малых городах",data (30).xls,"Доля женщин, проживающих в сельской местности, поселках городского типа и малых городах, получивших медицинскую помощь в женских консультациях, расположенных в сельской местности, поселках городского типа и малых городах",2026.0,месяц,март,2026-03-31,процент,13.93,07.04.2026,latest,True,
43,Кировская область,КИР,Приволжский федеральный округ,11,5,True,Кировская область,2.14.Я3.2,"Доля женщин, проживающих в сельской местности, поселках городского типа и малых городах, получивших медицинскую помощь в женских консультациях, расположенных в сельской местности, поселках городского типа и малых городах",data (30).xls,"Доля женщин, проживающих в сельской местности, поселках городского типа и малых городах, получивших медицинскую помощь в женских консультациях, расположенных в сельской местности, поселках городского типа и малых городах",2026.0,месяц,март,2026-03-31,процент,11.98,07.04.2026,latest,True,
44,Костромская область,КОС,Центральный федеральный округ,6,3,True,Костромская область,2.14.Я3.2,"Доля женщин, проживающих в сельской местности, поселках городского типа и малых городах, получивших медицинскую помощь в женских консультациях, расположенных в сельской местности, поселках городского типа и малых городах",data (30).xls,"Доля женщин, проживающих в сельской местности, поселках городского типа и малых городах, получивших медицинскую помощь в женских консультациях, расположенных в сельской местности, поселках городского типа и малых городах",2026.0,месяц,март,2026-03-31,процент,9.82,07.04.2026,latest,True,
45,Курганская область,КУРГ,Уральский федеральный округ,15,6,True,Курганская область,2.14.Я3.2,"Доля женщин, проживающих в сельской местности, поселках городского типа и малых городах, получивших медицинскую помощь в женских консультациях, расположенных в сельской местности, поселках городского типа и малых городах",data (30).xls,"Доля женщин, проживающих в сельской местности, поселках городского типа и малых городах, получивших медицинскую помощь в женских консультациях, расположенных в сельской местности, поселках городского типа и малых городах",2026.0,месяц,март,2026-03-31,процент,15.81,07.04.2026,latest,True,
46,Курская область,КУР,Центральный федеральный округ,5,5,True,Курская область,2.14.Я3.2,"Доля женщин, проживающих в сельской местности, поселках городского типа и малых городах, получивших медицинскую помощь в женских консультациях, расположенных в сельской местности, поселках городского типа и малых городах",data (30).xls,"Доля женщин, проживающих в сельской местности, поселках городского типа и малых городах, получивших медицинскую помощь в женских консультациях, расположенных в сельской местности, поселках городского типа и малых городах",2026.0,месяц,март,2026-03-31,процент,8.97,07.04.2026,latest,True,
47,Ленинградская область,ЛЕН,Северо-Западный федеральный округ,2,1,True,Ленинградская область,2.14.Я3.2,"Доля женщин, проживающих в сельской местности, поселках городского типа и малых городах, получивших медицинскую помощь в женских консультациях, расположенных в сельской местности, поселках городского типа и малых городах",data (30).xls,"Доля женщин, проживающих в сельской местности, поселках городского типа и малых городах, получивших медицинскую помощь в женских консультациях, расположенных в сельской местности, поселках городского типа и малых городах",2026.0,месяц,март,2026-03-31,процент,20.21,07.04.2026,latest,True,
48,Липецкая область,ЛИП,Центральный федеральный округ,6,5,True,Липецкая область,2.14.Я3.2,"Доля женщин, проживающих в сельской местности, поселках городского типа и малых городах, получивших медицинскую помощь в женских консультациях, расположенных в сельской местности, поселках городского типа и малых городах",data (30).xls,"Доля женщин, проживающих в сельской местности, поселках городского типа и малых городах, получивших медицинскую помощь в женских консультациях, расположенных в сельской местности, поселках городского типа и малых городах",2026.0,месяц,март,2026-03-31,процент,11.46,07.04.2026,latest,True,
49,Магаданская область,МАГ,Дальневосточный федеральный округ,25,2,True,Магаданская область,2.14.Я3.2,"Доля женщин, проживающих в сельской местности, поселках городского типа и малых городах, получивших медицинскую помощь в женских консультациях, расположенных в сельской местности, поселках городского типа и малых городах",data (30).xls,"Доля женщин, проживающих в сельской местности, поселках городского типа и малых городах, получивших медицинскую помощь в женских консультациях, расположенных в сельской местности, поселках городского типа и малых городах",2026.0,месяц,март,2026-03-31,процент,22.48,07.04.2026,latest,True,
50,Московская область,МОСО,Центральный федеральный округ,8,3,True,Московская область,2.14.Я3.2,"Доля женщин, проживающих в сельской местности, поселках городского типа и малых городах, получивших медицинскую помощь в женских консультациях, расположенных в сельской местности, поселках городского типа и малых городах",data (30).xls,"Доля женщин, проживающих в сельской местности, поселках городского типа и малых городах, получивших медицинскую помощь в женских консультациях, расположенных в сельской местности, поселках городского типа и малых городах",2026.0,месяц,март,2026-03-31,процент,12.94,07.04.2026,latest,True,
51,Мурманская область,МУР,Северо-Западный федеральный округ,0,0,True,Мурманская область,2.14.Я3.2,"Доля женщин, проживающих в сельской местности, поселках городского типа и малых городах, получивших медицинскую помощь в женских консультациях, расположенных в сельской местности, поселках городского типа и малых городах",data (30).xls,"Доля женщин, проживающих в сельской местности, поселках городского типа и малых городах, получивших медицинскую помощь в женских консультациях, расположенных в сельской местности, поселках городского типа и малых городах",2026.0,месяц,март,2026-03-31,процент,9.84,07.04.2026,latest,True,
52,Нижегородская область,НИЖ,Приволжский федеральный округ,10,5,True,Нижегородская область,2.14.Я3.2,"Доля женщин, проживающих в сельской местности, поселках городского типа и малых городах, получивших медицинскую помощь в женских консультациях, расположенных в сельской местности, поселках городского типа и малых городах",data (30).xls,"Доля женщин, проживающих в сельской местности, поселках городского типа и малых городах, получивших медицинскую помощь в женских консультациях, расположенных в сельской местности, поселках городского типа и малых городах",2026.0,месяц,март,2026-03-31,процент,12.02,07.04.2026,latest,True,
53,Новгородская область,НВГ,Северо-Западный федеральный округ,3,1,True,Новгородская область,2.14.Я3.2,"Доля женщин, проживающих в сельской местности, поселках городского типа и малых городах, получивших медицинскую помощь в женских консультациях, расположенных в сельской местности, поселках городского типа и малых городах",data (30).xls,"Доля женщин, проживающих в сельской местности, поселках городского типа и малых городах, получивших медицинскую помощь в женских консультациях, расположенных в сельской местности, поселках городского типа и малых городах",2026.0,месяц,март,2026-03-31,процент,8.99,07.04.2026,latest,True,
54,Новосибирская область,НСО,Сибирский федеральный округ,19,5,True,Новосибирская область,2.14.Я3.2,"Доля женщин, проживающих в сельской местности, поселках городского типа и малых городах, получивших медицинскую помощь в женских консультациях, расположенных в сельской местности, поселках городского типа и малых городах",data (30).xls,"Доля женщин, проживающих в сельской местности, поселках городского типа и малых городах, получивших медицинскую помощь в женских консультациях, расположенных в сельской местности, поселках городского типа и малых городах",2026.0,месяц,март,2026-03-31,процент,14.97,07.04.2026,latest,True,
55,Омская область,ОМС,Сибирский федеральный округ,18,5,True,Омская область,2.14.Я3.2,"Доля женщин, проживающих в сельской местности, поселках городского типа и малых городах, получивших медицинскую помощь в женских консультациях, расположенных в сельской местности, поселках городского типа и малых городах",data (30).xls,"Доля женщин, проживающих в сельской местности, поселках городского типа и малых городах, получивших медицинскую помощь в женских консультациях, расположенных в сельской местности, поселках городского типа и малых городах",2026.0,месяц,март,2026-03-31,процент,10.26,07.04.2026,latest,True,
56,Оренбургская область,ОРЕ,Приволжский федеральный округ,12,7,True,Оренбургская область,2.14.Я3.2,"Доля женщин, проживающих в сельской местности, поселках городского типа и малых городах, получивших медицинскую помощь в женских консультациях, расположенных в сельской местности, поселках городского типа и малых городах",data (30).xls,"Доля женщин, проживающих в сельской местности, поселках городского типа и малых городах, получивших медицинскую помощь в женских консультациях, расположенных в сельской местности, поселках городского типа и малых городах",2026.0,месяц,март,2026-03-31,процент,10.51,07.04.2026,latest,True,
57,Орловская область,ОРЛ,Центральный федеральный округ,9,4,True,Орловская область,2.14.Я3.2,"Доля женщин, проживающих в сельской местности, поселках городского типа и малых городах, получивших медицинскую помощь в женских консультациях, расположенных в сельской местности, поселках городского типа и малых городах",data (30).xls,"Доля женщин, проживающих в сельской местности, поселках городского типа и малых городах, получивших медицинскую помощь в женских консультациях, расположенных в сельской местности, поселках городского типа и малых городах",2026.0,месяц,март,2026-03-31,процент,14.38,07.04.2026,latest,True,
58,Пензенская область,ПЕН,Приволжский федеральный округ,13,6,True,Пензенская область,2.14.Я3.2,"Доля женщин, проживающих в сельской местности, поселках городского типа и малых городах, получивших медицинскую помощь в женских консультациях, расположенных в сельской местности, поселках городского типа и малых городах",data (30).xls,"Доля женщин, проживающих в сельской местности, поселках городского типа и малых городах, получивших медицинскую помощь в женских консультациях, расположенных в сельской местности, поселках городского типа и малых городах",2026.0,месяц,март,2026-03-31,процент,11.48,07.04.2026,latest,True,
59,Пермский край,ПЕР,Приволжский федеральный округ,12,5,True,Пермский край,2.14.Я3.2,"Доля женщин, проживающих в сельской местности, поселках городского типа и малых городах, получивших медицинскую помощь в женских консультациях, расположенных в сельской местности, поселках городского типа и малых городах",data (30).xls,"Доля женщин, проживающих в сельской местности, поселках городского типа и малых городах, получивших медицинскую помощь в женских консультациях, расположенных в сельской местности, поселках городского типа и малых городах",2026.0,месяц,март,2026-03-31,процент,22.86,07.04.2026,latest,True,
60,Псковская область,ПСК,Северо-Западный федеральный округ,0,2,True,Псковская область,2.14.Я3.2,"Доля женщин, проживающих в сельской местности, поселках городского типа и малых городах, получивших медицинскую помощь в женских консультациях, расположенных в сельской местности, поселках городского типа и малых городах",data (30).xls,"Доля женщин, проживающих в сельской местности, поселках городского типа и малых городах, получивших медицинскую помощь в женских консультациях, расположенных в сельской местности, поселках городского типа и малых городах",2026.0,месяц,март,2026-03-31,процент,14.37,07.04.2026,latest,True,
61,Ростовская область,РОС,Южный федеральный округ,3,8,True,Ростовская область,2.14.Я3.2,"Доля женщин, проживающих в сельской местности, поселках городского типа и малых городах, получивших медицинскую помощь в женских консультациях, расположенных в сельской местности, поселках городского типа и малых городах",data (30).xls,"Доля женщин, проживающих в сельской местности, поселках городского типа и малых городах, получивших медицинскую помощь в женских консультациях, расположенных в сельской местности, поселках городского типа и малых городах",2026.0,месяц,март,2026-03-31,процент,9.95,07.04.2026,latest,True,
62,Рязанская область,РЯЗ,Центральный федеральный округ,4,5,True,Рязанская область,2.14.Я3.2,"Доля женщин, проживающих в сельской местности, поселках городского типа и малых городах, получивших медицинскую помощь в женских консультациях, расположенных в сельской местности, поселках городского типа и малых городах",data (30).xls,"Доля женщин, проживающих в сельской местности, поселках городского типа и малых городах, получивших медицинскую помощь в женских консультациях, расположенных в сельской местности, поселках городского типа и малых городах",2026.0,месяц,март,2026-03-31,процент,12.0,07.04.2026,latest,True,
63,Самарская область,САМ,Приволжский федеральный округ,10,7,True,Самарская область,2.14.Я3.2,"Доля женщин, проживающих в сельской местности, поселках городского типа и малых городах, получивших медицинскую помощь в женских консультациях, расположенных в сельской местности, поселках городского типа и малых городах",data (30).xls,"Доля женщин, проживающих в сельской местности, поселках городского типа и малых городах, получивших медицинскую помощь в женских консультациях, расположенных в сельской местности, поселках городского типа и малых городах",2026.0,месяц,март,2026-03-31,процент,17.7,07.04.2026,latest,True,
64,Саратовская область,САР,Приволжский федеральный округ,11,7,True,Саратовская область,2.14.Я3.2,"Доля женщин, проживающих в сельской местности, поселках городского типа и малых городах, получивших медицинскую помощь в женских консультациях, расположенных в сельской местности, поселках городского типа и малых городах",data (30).xls,"Доля женщин, проживающих в сельской местности, поселках городского типа и малых городах, получивших медицинскую помощь в женских консультациях, расположенных в сельской местности, поселках городского типа и малых городах",2026.0,месяц,март,2026-03-31,процент,14.23,07.04.2026,latest,True,
65,Сахалинская область,САХ,Дальневосточный федеральный округ,24,4,True,Сахалинская область,2.14.Я3.2,"Доля женщин, проживающих в сельской местности, поселках городского типа и малых городах, получивших медицинскую помощь в женских консультациях, расположенных в сельской местности, поселках городского типа и малых городах",data (30).xls,"Доля женщин, проживающих в сельской местности, поселках городского типа и малых городах, получивших медицинскую помощь в женских консультациях, расположенных в сельской местности, поселках городского типа и малых городах",2026.0,месяц,март,2026-03-31,процент,13.6,07.04.2026,latest,True,
66,Свердловская область,СВР,Уральский федеральный округ,15,5,True,Свердловская область,2.14.Я3.2,"Доля женщин, проживающих в сельской местности, поселках городского типа и малых городах, получивших медицинскую помощь в женских консультациях, расположенных в сельской местности, поселках городского типа и малых городах",data (30).xls,"Доля женщин, проживающих в сельской местности, поселках городского типа и малых городах, получивших медицинскую помощь в женских консультациях, расположенных в сельской местности, поселках городского типа и малых городах",2026.0,месяц,март,2026-03-31,процент,16.43,07.04.2026,latest,True,
67,Смоленская область,СМЛ,Центральный федеральный округ,7,3,True,Смоленская область,2.14.Я3.2,"Доля женщин, проживающих в сельской местности, поселках городского типа и малых городах, получивших медицинскую помощь в женских консультациях, расположенных в сельской местности, поселках городского типа и малых городах",data (30).xls,"Доля женщин, проживающих в сельской местности, поселках городского типа и малых городах, получивших медицинскую помощь в женских консультациях, расположенных в сельской местности, поселках городского типа и малых городах",2026.0,месяц,март,2026-03-31,процент,7.1,07.04.2026,latest,True,
68,Тамбовская область,ТАМ,Центральный федеральный округ,7,5,True,Тамбовская область,2.14.Я3.2,"Доля женщин, проживающих в сельской местности, поселках городского типа и малых городах, получивших медицинскую помощь в женских консультациях, расположенных в сельской местности, поселках городского типа и малых городах",data (30).xls,"Доля женщин, проживающих в сельской местности, поселках городского типа и малых городах, получивших медицинскую помощь в женских консультациях, расположенных в сельской местности, поселках городского типа и малых городах",2026.0,месяц,март,2026-03-31,процент,14.56,07.04.2026,latest,True,
69,Тверская область,ТВЕ,Центральный федеральный округ,4,3,True,Тверская область,2.14.Я3.2,"Доля женщин, проживающих в сельской местности, поселках городского типа и малых городах, получивших медицинскую помощь в женских консультациях, расположенных в сельской местности, поселках городского типа и малых городах",data (30).xls,"Доля женщин, проживающих в сельской местности, поселках городского типа и малых городах, получивших медицинскую помощь в женских консультациях, расположенных в сельской местности, поселках городского типа и малых городах",2026.0,месяц,март,2026-03-31,процент,10.74,07.04.2026,latest,True,
70,Томская область,ТОМ,Сибирский федеральный округ,20,5,True,Томская область,2.14.Я3.2,"Доля женщин, проживающих в сельской местности, поселках городского типа и малых городах, получивших медицинскую помощь в женских консультациях, расположенных в сельской местности, поселках городского типа и малых городах",data (30).xls,"Доля женщин, проживающих в сельской местности, поселках городского типа и малых городах, получивших медицинскую помощь в женских консультациях, расположенных в сельской местности, поселках городского типа и малых городах",2026.0,месяц,март,2026-03-31,процент,13.86,07.04.2026,latest,True,
71,Тульская область,ТУЛ,Центральный федеральный округ,5,4,True,Тульская область,2.14.Я3.2,"Доля женщин, проживающих в сельской местности, поселках городского типа и малых городах, получивших медицинскую помощь в женских консультациях, расположенных в сельской местности, поселках городского типа и малых городах",data (30).xls,"Доля женщин, проживающих в сельской местности, поселках городского типа и малых городах, получивших медицинскую помощь в женских консультациях, расположенных в сельской местности, поселках городского типа и малых городах",2026.0,месяц,март,2026-03-31,процент,8.3,07.04.2026,latest,True,
72,Тюменская область,ТЮМ,Уральский федеральный округ,16,6,True,Тюменская область,2.14.Я3.2,"Доля женщин, проживающих в сельской местности, поселках городского типа и малых городах, получивших медицинскую помощь в женских консультациях, расположенных в сельской местности, поселках городского типа и малых городах",data (30).xls,"Доля женщин, проживающих в сельской местности, поселках городского типа и малых городах, получивших медицинскую помощь в женских консультациях, расположенных в сельской местности, поселках городского типа и малых городах",2026.0,месяц,март,2026-03-31,процент,12.56,07.04.2026,latest,True,
73,Ульяновская область,УЛЬ,Приволжский федеральный округ,14,6,True,Ульяновская область,2.14.Я3.2,"Доля женщин, проживающих в сельской местности, поселках городского типа и малых городах, получивших медицинскую помощь в женских консультациях, расположенных в сельской местности, поселках городского типа и малых городах",data (30).xls,"Доля женщин, проживающих в сельской местности, поселках городского типа и малых городах, получивших медицинскую помощь в женских консультациях, расположенных в сельской местности, поселках городского типа и малых городах",2026.0,месяц,март,2026-03-31,процент,11.26,07.04.2026,latest,True,
74,Челябинская область,ЧЕЛ,Уральский федеральный округ,17,6,True,Челябинская область,2.14.Я3.2,"Доля женщин, проживающих в сельской местности, поселках городского типа и малых городах, получивших медицинскую помощь в женских консультациях, расположенных в сельской местности, поселках городского типа и малых городах",data (30).xls,"Доля женщин, проживающих в сельской местности, поселках городского типа и малых городах, получивших медицинскую помощь в женских консультациях, расположенных в сельской местности, поселках городского типа и малых городах",2026.0,месяц,март,2026-03-31,процент,14.28,07.04.2026,latest,True,
75,Забайкальский край,ЗАБ,Дальневосточный федеральный округ,22,3,True,Забайкальский край,2.14.Я3.2,"Доля женщин, проживающих в сельской местности, поселках городского типа и малых городах, получивших медицинскую помощь в женских консультациях, расположенных в сельской местности, поселках городского типа и малых городах",data (30).xls,"Доля женщин, проживающих в сельской местности, поселках городского типа и малых городах, получивших медицинскую помощь в женских консультациях, расположенных в сельской местности, поселках городского типа и малых городах",2026.0,месяц,март,2026-03-31,процент,6.75,07.04.2026,latest,True,
76,Ярославская область,ЯРС,Центральный федеральный округ,5,3,True,Ярославская область,2.14.Я3.2,"Доля женщин, проживающих в сельской местности, поселках городского типа и малых городах, получивших медицинскую помощь в женских консультациях, расположенных в сельской местности, поселках городского типа и малых городах",data (30).xls,"Доля женщин, проживающих в сельской местности, поселках городского типа и малых городах, получивших медицинскую помощь в женских консультациях, расположенных в сельской местности, поселках городского типа и малых городах",2026.0,месяц,март,2026-03-31,процент,14.83,07.04.2026,latest,True,
77,Москва,МСК,Центральный федеральный округ,9,3,True,Город Москва столица Российской Федерации город федерального значения,2.14.Я3.2,"Доля женщин, проживающих в сельской местности, поселках городского типа и малых городах, получивших медицинскую помощь в женских консультациях, расположенных в сельской местности, поселках городского типа и малых городах",data (30).xls,"Доля женщин, проживающих в сельской местности, поселках городского типа и малых городах, получивших медицинскую помощь в женских консультациях, расположенных в сельской местности, поселках городского типа и малых городах",2026.0,месяц,январь,2026-01-31,процент,0.0,07.04.2026,latest,True,
78,Санкт-Петербург,СПБ,Северо-Западный федеральный округ,1,1,True,Город Санкт-Петербург город федерального значения,2.14.Я3.2,"Доля женщин, проживающих в сельской местности, поселках городского типа и малых городах, получивших медицинскую помощь в женских консультациях, расположенных в сельской местности, поселках городского типа и малых городах",data (30).xls,"Доля женщин, проживающих в сельской местности, поселках городского типа и малых городах, получивших медицинскую помощь в женских консультациях, расположенных в сельской местности, поселках городского типа и малых городах",2026.0,месяц,январь,2026-01-31,процент,0.0,07.04.2026,latest,True,
79,Еврейская автономная область,ЕАО,Дальневосточный федеральный округ,25,3,True,Еврейская автономная область,2.14.Я3.2,"Доля женщин, проживающих в сельской местности, поселках городского типа и малых городах, получивших медицинскую помощь в женских консультациях, расположенных в сельской местности, поселках городского типа и малых городах",data (30).xls,"Доля женщин, проживающих в сельской местности, поселках городского типа и малых городах, получивших медицинскую помощь в женских консультациях, расположенных в сельской местности, поселках городского типа и малых городах",2026.0,месяц,март,2026-03-31,процент,20.48,07.04.2026,latest,True,
83,Ненецкий автономный округ,НАО,Северо-Западный федеральный округ,3,0,True,Ненецкий автономный округ,2.14.Я3.2,"Доля женщин, проживающих в сельской местности, поселках городского типа и малых городах, получивших медицинскую помощь в женских консультациях, расположенных в сельской местности, поселках городского типа и малых городах",data (30).xls,"Доля женщин, проживающих в сельской местности, поселках городского типа и малых городах, получивших медицинскую помощь в женских консультациях, расположенных в сельской местности, поселках городского типа и малых городах",2026.0,месяц,март,2026-03-31,процент,21.8,07.04.2026,latest,True,
86,Ханты-Мансийский автономный округ - Югра,ХМАО,Уральский федеральный округ,16,5,True,Ханты-Мансийский автономный округ - Югра,2.14.Я3.2,"Доля женщин, проживающих в сельской местности, поселках городского типа и малых городах, получивших медицинскую помощь в женских консультациях, расположенных в сельской местности, поселках городского типа и малых городах",data (30).xls,"Доля женщин, проживающих в сельской местности, поселках городского типа и малых городах, получивших медицинскую помощь в женских консультациях, расположенных в сельской местности, поселках городского типа и малых городах",2026.0,месяц,март,2026-03-31,процент,17.32,07.04.2026,latest,True,
87,Чукотский автономный округ,ЧУК,Дальневосточный федеральный округ,23,2,True,Чукотский автономный округ,2.14.Я3.2,"Доля женщин, проживающих в сельской местности, поселках городского типа и малых городах, получивших медицинскую помощь в женских консультациях, расположенных в сельской местности, поселках городского типа и малых городах",data (30).xls,"Доля женщин, проживающих в сельской местности, поселках городского типа и малых городах, получивших медицинскую помощь в женских консультациях, расположенных в сельской местности, поселках городского типа и малых городах",2026.0,месяц,март,2026-03-31,процент,10.06,07.04.2026,latest,True,
89,Ямало-Ненецкий автономный округ,ЯНАО,Уральский федеральный округ,17,5,True,Ямало-Ненецкий автономный округ,2.14.Я3.2,"Доля женщин, проживающих в сельской местности, поселках городского типа и малых городах, получивших медицинскую помощь в женских консультациях, расположенных в сельской местности, поселках городского типа и малых городах",data (30).xls,"Доля женщин, проживающих в сельской местности, поселках городского типа и малых городах, получивших медицинскую помощь в женских консультациях, расположенных в сельской местности, поселках городского типа и малых городах",2026.0,месяц,март,2026-03-31,процент,18.32,07.04.2026,latest,True,
90,Запорожская область,ЗАП,Новые регионы / Южный макрорегион,9,9,True,,,,,,,,,,,,,latest,False,Нет данных в переданной выгрузке ЕМИСС для выбранного периода/показателя
91,Республика Крым,КРЫ,Южный федеральный округ,5,9,True,Республика Крым,2.14.Я3.2,"Доля женщин, проживающих в сельской местности, поселках городского типа и малых городах, получивших медицинскую помощь в женских консультациях, расположенных в сельской местности, поселках городского типа и малых городах",data (30).xls,"Доля женщин, проживающих в сельской местности, поселках городского типа и малых городах, получивших медицинскую помощь в женских консультациях, расположенных в сельской местности, поселках городского типа и малых городах",2026.0,месяц,март,2026-03-31,процент,12.71,07.04.2026,latest,True,
92,Севастополь,СЕВ,Южный федеральный округ,6,9,True,Город федерального значения Севастополь,2.14.Я3.2,"Доля женщин, проживающих в сельской местности, поселках городского типа и малых городах, получивших медицинскую помощь в женских консультациях, расположенных в сельской местности, поселках городского типа и малых городах",data (30).xls,"Доля женщин, проживающих в сельской местности, поселках городского типа и малых городах, получивших медицинскую помощь в женских консультациях, расположенных в сельской местности, поселках городского типа и малых городах",2026.0,месяц,январь,2026-01-31,процент,0.0,07.04.2026,latest,True,
93,Донецкая Народная Республика,ДНР,Новые регионы / Южный макрорегион,7,9,True,,,,,,,,,,,,,latest,False,Нет данных в переданной выгрузке ЕМИСС для выбранного периода/показателя
94,Луганская Народная Республика,ЛНР,Новые регионы / Южный макрорегион,8,9,True,,,,,,,,,,,,,latest,False,Нет данных в переданной выгрузке ЕМИСС для выбранного периода/показателя
95,Херсонская область,ХЕР,Новые регионы / Южный макрорегион,10,9,True,,,,,,,,,,,,,latest,False,Нет данных в переданной выгрузке ЕМИСС для выбранного периода/показателя
01,Республика Адыгея,АД,Южный федеральный округ,4,9,True,Республика Адыгея (Адыгея),2.14.Я3.3,Младенческая смертность,data (31).xls,Младенческая смертность (на 1 тыс. родившихся живыми),2024.0,год,значение показателя за год,2024-12-31,"промилле (0,1 процента)",2.5,01.09.2025,latest,True,
02,Республика Башкортостан,БА,Приволжский федеральный округ,13,7,True,Республика Башкортостан,2.14.Я3.3,Младенческая смертность,data (31).xls,Младенческая смертность (на 1 тыс. родившихся живыми),2024.0,год,значение показателя за год,2024-12-31,"промилле (0,1 процента)",3.8,01.09.2025,latest,True,
03,Республика Бурятия,БУР,Дальневосточный федеральный округ,23,3,True,Республика Бурятия,2.14.Я3.3,Младенческая смертность,data (31).xls,Младенческая смертность (на 1 тыс. родившихся живыми),2024.0,год,значение показателя за год,2024-12-31,"промилле (0,1 процента)",3.3,01.09.2025,latest,True,
04,Республика Алтай,АЛР,Сибирский федеральный округ,19,6,True,Республика Алтай,2.14.Я3.3,Младенческая смертность,data (31).xls,Младенческая смертность (на 1 тыс. родившихся живыми),2024.0,год,значение показателя за год,2024-12-31,"промилле (0,1 процента)",4.9,01.09.2025,latest,True,
05,Республика Дагестан,ДАГ,Северо-Кавказский федеральный округ,9,12,True,Республика Дагестан,2.14.Я3.3,Младенческая смертность,data (31).xls,Младенческая смертность (на 1 тыс. родившихся живыми),2024.0,год,значение показателя за год,2024-12-31,"промилле (0,1 процента)",6.5,01.09.2025,latest,True,
06,Республика Ингушетия,ИНГ,Северо-Кавказский федеральный округ,7,12,True,Республика Ингушетия,2.14.Я3.3,Младенческая смертность,data (31).xls,Младенческая смертность (на 1 тыс. родившихся живыми),2024.0,год,значение показателя за год,2024-12-31,"промилле (0,1 процента)",5.1,01.09.2025,latest,True,
07,Кабардино-Балкарская Республика,КБР,Северо-Кавказский федеральный округ,9,11,True,Кабардино-Балкарская Республика,2.14.Я3.3,Младенческая смертность,data (31).xls,Младенческая смертность (на 1 тыс. родившихся живыми),2024.0,год,значение показателя за год,2024-12-31,"промилле (0,1 процента)",3.7,01.09.2025,latest,True,
08,Республика Калмыкия,КАЛ,Южный федеральный округ,6,8,True,Республика Калмыкия,2.14.Я3.3,Младенческая смертность,data (31).xls,Младенческая смертность (на 1 тыс. родившихся живыми),2024.0,год,значение показателя за год,2024-12-31,"промилле (0,1 процента)",4.6,01.09.2025,latest,True,
09,Карачаево-Черкесская Республика,КЧР,Северо-Кавказский федеральный округ,8,11,True,Карачаево-Черкесская Республика,2.14.Я3.3,Младенческая смертность,data (31).xls,Младенческая смертность (на 1 тыс. родившихся живыми),2024.0,год,значение показателя за год,2024-12-31,"промилле (0,1 процента)",3.4,01.09.2025,latest,True,
10,Республика Карелия,КАР,Северо-Западный федеральный округ,1,0,True,Республика Карелия,2.14.Я3.3,Младенческая смертность,data (31).xls,Младенческая смертность (на 1 тыс. родившихся живыми),2024.0,год,значение показателя за год,2024-12-31,"промилле (0,1 процента)",4.2,01.09.2025,latest,True,
11,Республика Коми,КОМ,Северо-Западный федеральный округ,2,2,True,Республика Коми,2.14.Я3.3,Младенческая смертность,data (31).xls,Младенческая смертность (на 1 тыс. родившихся живыми),2024.0,год,значение показателя за год,2024-12-31,"промилле (0,1 процента)",3.8,01.09.2025,latest,True,
12,Республика Марий Эл,МЭ,Приволжский федеральный округ,10,6,True,Республика Марий Эл,2.14.Я3.3,Младенческая смертность,data (31).xls,Младенческая смертность (на 1 тыс. родившихся живыми),2024.0,год,значение показателя за год,2024-12-31,"промилле (0,1 процента)",4.9,01.09.2025,latest,True,
13,Республика Мордовия,МОР,Приволжский федеральный округ,12,6,True,Республика Мордовия,2.14.Я3.3,Младенческая смертность,data (31).xls,Младенческая смертность (на 1 тыс. родившихся живыми),2024.0,год,значение показателя за год,2024-12-31,"промилле (0,1 процента)",1.6,01.09.2025,latest,True,
14,Республика Саха (Якутия),ЯКТ,Дальневосточный федеральный округ,22,2,True,Республика Саха (Якутия),2.14.Я3.3,Младенческая смертность,data (31).xls,Младенческая смертность (на 1 тыс. родившихся живыми),2024.0,год,значение показателя за год,2024-12-31,"промилле (0,1 процента)",3.4,01.09.2025,latest,True,
15,Республика Северная Осетия - Алания,СОА,Северо-Кавказский федеральный округ,10,11,True,Республика Северная Осетия-Алания,2.14.Я3.3,Младенческая смертность,data (31).xls,Младенческая смертность (на 1 тыс. родившихся живыми),2024.0,год,значение показателя за год,2024-12-31,"промилле (0,1 процента)",4.0,01.09.2025,latest,True,
16,Республика Татарстан,ТАТ,Приволжский федеральный округ,14,5,True,Республика Татарстан (Татарстан),2.14.Я3.3,Младенческая смертность,data (31).xls,Младенческая смертность (на 1 тыс. родившихся живыми),2024.0,год,значение показателя за год,2024-12-31,"промилле (0,1 процента)",2.6,01.09.2025,latest,True,
17,Республика Тыва,ТЫВ,Сибирский федеральный округ,19,7,True,Республика Тыва,2.14.Я3.3,Младенческая смертность,data (31).xls,Младенческая смертность (на 1 тыс. родившихся живыми),2024.0,год,значение показателя за год,2024-12-31,"промилле (0,1 процента)",6.7,01.09.2025,latest,True,
18,Удмуртская Республика,УДМ,Приволжский федеральный округ,13,5,True,Удмуртская Республика,2.14.Я3.3,Младенческая смертность,data (31).xls,Младенческая смертность (на 1 тыс. родившихся живыми),2024.0,год,значение показателя за год,2024-12-31,"промилле (0,1 процента)",3.1,01.09.2025,latest,True,
19,Республика Хакасия,ХАК,Сибирский федеральный округ,20,6,True,Республика Хакасия,2.14.Я3.3,Младенческая смертность,data (31).xls,Младенческая смертность (на 1 тыс. родившихся живыми),2024.0,год,значение показателя за год,2024-12-31,"промилле (0,1 процента)",3.0,01.09.2025,latest,True,
20,Чеченская Республика,ЧЕЧ,Северо-Кавказский федеральный округ,8,12,True,Чеченская Республика,2.14.Я3.3,Младенческая смертность,data (31).xls,Младенческая смертность (на 1 тыс. родившихся живыми),2024.0,год,значение показателя за год,2024-12-31,"промилле (0,1 процента)",4.8,01.09.2025,latest,True,
21,Чувашская Республика - Чувашия,ЧУВ,Приволжский федеральный округ,11,6,True,Чувашская Республика - Чувашия,2.14.Я3.3,Младенческая смертность,data (31).xls,Младенческая смертность (на 1 тыс. родившихся живыми),2024.0,год,значение показателя за год,2024-12-31,"промилле (0,1 процента)",2.7,01.09.2025,latest,True,
22,Алтайский край,АЛК,Сибирский федеральный округ,18,6,True,Алтайский край,2.14.Я3.3,Младенческая смертность,data (31).xls,Младенческая смертность (на 1 тыс. родившихся живыми),2024.0,год,значение показателя за год,2024-12-31,"промилле (0,1 процента)",3.7,01.09.2025,latest,True,
23,Краснодарский край,КДР,Южный федеральный округ,3,9,True,Краснодарский край,2.14.Я3.3,Младенческая смертность,data (31).xls,Младенческая смертность (на 1 тыс. родившихся живыми),2024.0,год,значение показателя за год,2024-12-31,"промилле (0,1 процента)",3.6,01.09.2025,latest,True,
24,Красноярский край,КРЯ,Сибирский федеральный округ,21,6,True,Красноярский край,2.14.Я3.3,Младенческая смертность,data (31).xls,Младенческая смертность (на 1 тыс. родившихся живыми),2024.0,год,значение показателя за год,2024-12-31,"промилле (0,1 процента)",4.3,01.09.2025,latest,True,
25,Приморский край,ПРИ,Дальневосточный федеральный округ,23,4,True,Приморский край,2.14.Я3.3,Младенческая смертность,data (31).xls,Младенческая смертность (на 1 тыс. родившихся живыми),2024.0,год,значение показателя за год,2024-12-31,"промилле (0,1 процента)",5.1,01.09.2025,latest,True,
26,Ставропольский край,СТА,Северо-Кавказский федеральный округ,7,11,True,Ставропольский край,2.14.Я3.3,Младенческая смертность,data (31).xls,Младенческая смертность (на 1 тыс. родившихся живыми),2024.0,год,значение показателя за год,2024-12-31,"промилле (0,1 процента)",5.1,01.09.2025,latest,True,
27,Хабаровский край,ХАБ,Дальневосточный федеральный округ,22,4,True,Хабаровский край,2.14.Я3.3,Младенческая смертность,data (31).xls,Младенческая смертность (на 1 тыс. родившихся живыми),2024.0,год,значение показателя за год,2024-12-31,"промилле (0,1 процента)",4.0,01.09.2025,latest,True,
28,Амурская область,АМУ,Дальневосточный федеральный округ,24,3,True,Амурская область,2.14.Я3.3,Младенческая смертность,data (31).xls,Младенческая смертность (на 1 тыс. родившихся живыми),2024.0,год,значение показателя за год,2024-12-31,"промилле (0,1 процента)",5.1,01.09.2025,latest,True,
29,Архангельская область,АРХ,Северо-Западный федеральный округ,2,0,True,Архангельская область (кроме Ненецкого автономного округа),2.14.Я3.3,Младенческая смертность,data (31).xls,Младенческая смертность (на 1 тыс. родившихся живыми),2024.0,год,значение показателя за год,2024-12-31,"промилле (0,1 процента)",4.4,01.09.2025,latest,True,
30,Астраханская область,АСТ,Южный федеральный округ,5,8,True,Астраханская область,2.14.Я3.3,Младенческая смертность,data (31).xls,Младенческая смертность (на 1 тыс. родившихся живыми),2024.0,год,значение показателя за год,2024-12-31,"промилле (0,1 процента)",4.3,01.09.2025,latest,True,
31,Белгородская область,БЕЛ,Центральный федеральный округ,8,5,True,Белгородская область,2.14.Я3.3,Младенческая смертность,data (31).xls,Младенческая смертность (на 1 тыс. родившихся живыми),2024.0,год,значение показателя за год,2024-12-31,"промилле (0,1 процента)",4.3,01.09.2025,latest,True,
32,Брянская область,БРЯ,Центральный федеральный округ,8,4,True,Брянская область,2.14.Я3.3,Младенческая смертность,data (31).xls,Младенческая смертность (на 1 тыс. родившихся живыми),2024.0,год,значение показателя за год,2024-12-31,"промилле (0,1 процента)",4.0,01.09.2025,latest,True,
33,Владимирская область,ВЛД,Центральный федеральный округ,6,4,True,Владимирская область,2.14.Я3.3,Младенческая смертность,data (31).xls,Младенческая смертность (на 1 тыс. родившихся живыми),2024.0,год,значение показателя за год,2024-12-31,"промилле (0,1 процента)",1.8,01.09.2025,latest,True,
34,Волгоградская область,ВГГ,Южный федеральный округ,4,8,True,Волгоградская область,2.14.Я3.3,Младенческая смертность,data (31).xls,Младенческая смертность (на 1 тыс. родившихся живыми),2024.0,год,значение показателя за год,2024-12-31,"промилле (0,1 процента)",4.9,01.09.2025,latest,True,
35,Вологодская область,ВОЛ,Северо-Западный федеральный округ,1,2,True,Вологодская область,2.14.Я3.3,Младенческая смертность,data (31).xls,Младенческая смертность (на 1 тыс. родившихся живыми),2024.0,год,значение показателя за год,2024-12-31,"промилле (0,1 процента)",5.7,01.09.2025,latest,True,
36,Воронежская область,ВРН,Центральный федеральный округ,9,5,True,Воронежская область,2.14.Я3.3,Младенческая смертность,data (31).xls,Младенческая смертность (на 1 тыс. родившихся живыми),2024.0,год,значение показателя за год,2024-12-31,"промилле (0,1 процента)",3.0,01.09.2025,latest,True,
37,Ивановская область,ИВН,Центральный федеральный округ,7,4,True,Ивановская область,2.14.Я3.3,Младенческая смертность,data (31).xls,Младенческая смертность (на 1 тыс. родившихся живыми),2024.0,год,значение показателя за год,2024-12-31,"промилле (0,1 процента)",4.6,01.09.2025,latest,True,
38,Иркутская область,ИРК,Сибирский федеральный округ,18,7,True,Иркутская область,2.14.Я3.3,Младенческая смертность,data (31).xls,Младенческая смертность (на 1 тыс. родившихся живыми),2024.0,год,значение показателя за год,2024-12-31,"промилле (0,1 процента)",5.7,01.09.2025,latest,True,
39,Калининградская область,КГД,Северо-Западный федеральный округ,0,1,True,Калининградская область,2.14.Я3.3,Младенческая смертность,data (31).xls,Младенческая смертность (на 1 тыс. родившихся живыми),2024.0,год,значение показателя за год,2024-12-31,"промилле (0,1 процента)",4.0,01.09.2025,latest,True,
40,Калужская область,КЛЖ,Центральный федеральный округ,4,4,True,Калужская область,2.14.Я3.3,Младенческая смертность,data (31).xls,Младенческая смертность (на 1 тыс. родившихся живыми),2024.0,год,значение показателя за год,2024-12-31,"промилле (0,1 процента)",4.9,01.09.2025,latest,True,
41,Камчатский край,КАМ,Дальневосточный федеральный округ,24,2,True,Камчатский край,2.14.Я3.3,Младенческая смертность,data (31).xls,Младенческая смертность (на 1 тыс. родившихся живыми),2024.0,год,значение показателя за год,2024-12-31,"промилле (0,1 процента)",4.3,01.09.2025,latest,True,
42,Кемеровская область - Кузбасс,КЕМ,Сибирский федеральный округ,21,5,True,Кемеровская область - Кузбасс,2.14.Я3.3,Младенческая смертность,data (31).xls,Младенческая смертность (на 1 тыс. родившихся живыми),2024.0,год,значение показателя за год,2024-12-31,"промилле (0,1 процента)",5.6,01.09.2025,latest,True,
43,Кировская область,КИР,Приволжский федеральный округ,11,5,True,Кировская область,2.14.Я3.3,Младенческая смертность,data (31).xls,Младенческая смертность (на 1 тыс. родившихся живыми),2024.0,год,значение показателя за год,2024-12-31,"промилле (0,1 процента)",3.1,01.09.2025,latest,True,
44,Костромская область,КОС,Центральный федеральный округ,6,3,True,Костромская область,2.14.Я3.3,Младенческая смертность,data (31).xls,Младенческая смертность (на 1 тыс. родившихся живыми),2024.0,год,значение показателя за год,2024-12-31,"промилле (0,1 процента)",3.1,01.09.2025,latest,True,
45,Курганская область,КУРГ,Уральский федеральный округ,15,6,True,Курганская область,2.14.Я3.3,Младенческая смертность,data (31).xls,Младенческая смертность (на 1 тыс. родившихся живыми),2024.0,год,значение показателя за год,2024-12-31,"промилле (0,1 процента)",6.1,01.09.2025,latest,True,
46,Курская область,КУР,Центральный федеральный округ,5,5,True,Курская область,2.14.Я3.3,Младенческая смертность,data (31).xls,Младенческая смертность (на 1 тыс. родившихся живыми),2024.0,год,значение показателя за год,2024-12-31,"промилле (0,1 процента)",3.9,01.09.2025,latest,True,
47,Ленинградская область,ЛЕН,Северо-Западный федеральный округ,2,1,True,Ленинградская область,2.14.Я3.3,Младенческая смертность,data (31).xls,Младенческая смертность (на 1 тыс. родившихся живыми),2024.0,год,значение показателя за год,2024-12-31,"промилле (0,1 процента)",3.2,01.09.2025,latest,True,
48,Липецкая область,ЛИП,Центральный федеральный округ,6,5,True,Липецкая область,2.14.Я3.3,Младенческая смертность,data (31).xls,Младенческая смертность (на 1 тыс. родившихся живыми),2024.0,год,значение показателя за год,2024-12-31,"промилле (0,1 процента)",2.9,01.09.2025,latest,True,
49,Магаданская область,МАГ,Дальневосточный федеральный округ,25,2,True,Магаданская область,2.14.Я3.3,Младенческая смертность,data (31).xls,Младенческая смертность (на 1 тыс. родившихся живыми),2024.0,год,значение показателя за год,2024-12-31,"промилле (0,1 процента)",4.9,01.09.2025,latest,True,
50,Московская область,МОСО,Центральный федеральный округ,8,3,True,Московская область,2.14.Я3.3,Младенческая смертность,data (31).xls,Младенческая смертность (на 1 тыс. родившихся живыми),2024.0,год,значение показателя за год,2024-12-31,"промилле (0,1 процента)",3.3,01.09.2025,latest,True,
51,Мурманская область,МУР,Северо-Западный федеральный округ,0,0,True,Мурманская область,2.14.Я3.3,Младенческая смертность,data (31).xls,Младенческая смертность (на 1 тыс. родившихся живыми),2024.0,год,значение показателя за год,2024-12-31,"промилле (0,1 процента)",4.1,01.09.2025,latest,True,
52,Нижегородская область,НИЖ,Приволжский федеральный округ,10,5,True,Нижегородская область,2.14.Я3.3,Младенческая смертность,data (31).xls,Младенческая смертность (на 1 тыс. родившихся живыми),2024.0,год,значение показателя за год,2024-12-31,"промилле (0,1 процента)",3.6,01.09.2025,latest,True,
53,Новгородская область,НВГ,Северо-Западный федеральный округ,3,1,True,Новгородская область,2.14.Я3.3,Младенческая смертность,data (31).xls,Младенческая смертность (на 1 тыс. родившихся живыми),2024.0,год,значение показателя за год,2024-12-31,"промилле (0,1 процента)",4.4,01.09.2025,latest,True,
54,Новосибирская область,НСО,Сибирский федеральный округ,19,5,True,Новосибирская область,2.14.Я3.3,Младенческая смертность,data (31).xls,Младенческая смертность (на 1 тыс. родившихся живыми),2024.0,год,значение показателя за год,2024-12-31,"промилле (0,1 процента)",4.2,01.09.2025,latest,True,
55,Омская область,ОМС,Сибирский федеральный округ,18,5,True,Омская область,2.14.Я3.3,Младенческая смертность,data (31).xls,Младенческая смертность (на 1 тыс. родившихся живыми),2024.0,год,значение показателя за год,2024-12-31,"промилле (0,1 процента)",4.0,01.09.2025,latest,True,
56,Оренбургская область,ОРЕ,Приволжский федеральный округ,12,7,True,Оренбургская область,2.14.Я3.3,Младенческая смертность,data (31).xls,Младенческая смертность (на 1 тыс. родившихся живыми),2024.0,год,значение показателя за год,2024-12-31,"промилле (0,1 процента)",3.5,01.09.2025,latest,True,
57,Орловская область,ОРЛ,Центральный федеральный округ,9,4,True,Орловская область,2.14.Я3.3,Младенческая смертность,data (31).xls,Младенческая смертность (на 1 тыс. родившихся живыми),2024.0,год,значение показателя за год,2024-12-31,"промилле (0,1 процента)",5.5,01.09.2025,latest,True,
58,Пензенская область,ПЕН,Приволжский федеральный округ,13,6,True,Пензенская область,2.14.Я3.3,Младенческая смертность,data (31).xls,Младенческая смертность (на 1 тыс. родившихся живыми),2024.0,год,значение показателя за год,2024-12-31,"промилле (0,1 процента)",4.1,01.09.2025,latest,True,
59,Пермский край,ПЕР,Приволжский федеральный округ,12,5,True,Пермский край,2.14.Я3.3,Младенческая смертность,data (31).xls,Младенческая смертность (на 1 тыс. родившихся живыми),2024.0,год,значение показателя за год,2024-12-31,"промилле (0,1 процента)",4.4,01.09.2025,latest,True,
60,Псковская область,ПСК,Северо-Западный федеральный округ,0,2,True,Псковская область,2.14.Я3.3,Младенческая смертность,data (31).xls,Младенческая смертность (на 1 тыс. родившихся живыми),2024.0,год,значение показателя за год,2024-12-31,"промилле (0,1 процента)",4.3,01.09.2025,latest,True,
61,Ростовская область,РОС,Южный федеральный округ,3,8,True,Ростовская область,2.14.Я3.3,Младенческая смертность,data (31).xls,Младенческая смертность (на 1 тыс. родившихся живыми),2024.0,год,значение показателя за год,2024-12-31,"промилле (0,1 процента)",3.6,01.09.2025,latest,True,
62,Рязанская область,РЯЗ,Центральный федеральный округ,4,5,True,Рязанская область,2.14.Я3.3,Младенческая смертность,data (31).xls,Младенческая смертность (на 1 тыс. родившихся живыми),2024.0,год,значение показателя за год,2024-12-31,"промилле (0,1 процента)",4.0,01.09.2025,latest,True,
63,Самарская область,САМ,Приволжский федеральный округ,10,7,True,Самарская область,2.14.Я3.3,Младенческая смертность,data (31).xls,Младенческая смертность (на 1 тыс. родившихся живыми),2024.0,год,значение показателя за год,2024-12-31,"промилле (0,1 процента)",4.4,01.09.2025,latest,True,
64,Саратовская область,САР,Приволжский федеральный округ,11,7,True,Саратовская область,2.14.Я3.3,Младенческая смертность,data (31).xls,Младенческая смертность (на 1 тыс. родившихся живыми),2024.0,год,значение показателя за год,2024-12-31,"промилле (0,1 процента)",4.1,01.09.2025,latest,True,
65,Сахалинская область,САХ,Дальневосточный федеральный округ,24,4,True,Сахалинская область,2.14.Я3.3,Младенческая смертность,data (31).xls,Младенческая смертность (на 1 тыс. родившихся живыми),2024.0,год,значение показателя за год,2024-12-31,"промилле (0,1 процента)",3.8,01.09.2025,latest,True,
66,Свердловская область,СВР,Уральский федеральный округ,15,5,True,Свердловская область,2.14.Я3.3,Младенческая смертность,data (31).xls,Младенческая смертность (на 1 тыс. родившихся живыми),2024.0,год,значение показателя за год,2024-12-31,"промилле (0,1 процента)",4.0,01.09.2025,latest,True,
67,Смоленская область,СМЛ,Центральный федеральный округ,7,3,True,Смоленская область,2.14.Я3.3,Младенческая смертность,data (31).xls,Младенческая смертность (на 1 тыс. родившихся живыми),2024.0,год,значение показателя за год,2024-12-31,"промилле (0,1 процента)",3.6,01.09.2025,latest,True,
68,Тамбовская область,ТАМ,Центральный федеральный округ,7,5,True,Тамбовская область,2.14.Я3.3,Младенческая смертность,data (31).xls,Младенческая смертность (на 1 тыс. родившихся живыми),2024.0,год,значение показателя за год,2024-12-31,"промилле (0,1 процента)",4.0,01.09.2025,latest,True,
69,Тверская область,ТВЕ,Центральный федеральный округ,4,3,True,Тверская область,2.14.Я3.3,Младенческая смертность,data (31).xls,Младенческая смертность (на 1 тыс. родившихся живыми),2024.0,год,значение показателя за год,2024-12-31,"промилле (0,1 процента)",4.7,01.09.2025,latest,True,
70,Томская область,ТОМ,Сибирский федеральный округ,20,5,True,Томская область,2.14.Я3.3,Младенческая смертность,data (31).xls,Младенческая смертность (на 1 тыс. родившихся живыми),2024.0,год,значение показателя за год,2024-12-31,"промилле (0,1 процента)",4.3,01.09.2025,latest,True,
71,Тульская область,ТУЛ,Центральный федеральный округ,5,4,True,Тульская область,2.14.Я3.3,Младенческая смертность,data (31).xls,Младенческая смертность (на 1 тыс. родившихся живыми),2024.0,год,значение показателя за год,2024-12-31,"промилле (0,1 процента)",3.9,01.09.2025,latest,True,
72,Тюменская область,ТЮМ,Уральский федеральный округ,16,6,True,Тюменская область (кроме Ханты-Мансийского автономного округа-Югры и Ямало-Ненецкого автономного округа),2.14.Я3.3,Младенческая смертность,data (31).xls,Младенческая смертность (на 1 тыс. родившихся живыми),2024.0,год,значение показателя за год,2024-12-31,"промилле (0,1 процента)",3.1,01.09.2025,latest,True,
73,Ульяновская область,УЛЬ,Приволжский федеральный округ,14,6,True,Ульяновская область,2.14.Я3.3,Младенческая смертность,data (31).xls,Младенческая смертность (на 1 тыс. родившихся живыми),2024.0,год,значение показателя за год,2024-12-31,"промилле (0,1 процента)",4.4,01.09.2025,latest,True,
74,Челябинская область,ЧЕЛ,Уральский федеральный округ,17,6,True,Челябинская область,2.14.Я3.3,Младенческая смертность,data (31).xls,Младенческая смертность (на 1 тыс. родившихся живыми),2024.0,год,значение показателя за год,2024-12-31,"промилле (0,1 процента)",3.1,01.09.2025,latest,True,
75,Забайкальский край,ЗАБ,Дальневосточный федеральный округ,22,3,True,Забайкальский край,2.14.Я3.3,Младенческая смертность,data (31).xls,Младенческая смертность (на 1 тыс. родившихся живыми),2024.0,год,значение показателя за год,2024-12-31,"промилле (0,1 процента)",4.8,01.09.2025,latest,True,
76,Ярославская область,ЯРС,Центральный федеральный округ,5,3,True,Ярославская область,2.14.Я3.3,Младенческая смертность,data (31).xls,Младенческая смертность (на 1 тыс. родившихся живыми),2024.0,год,значение показателя за год,2024-12-31,"промилле (0,1 процента)",3.0,01.09.2025,latest,True,
77,Москва,МСК,Центральный федеральный округ,9,3,True,Город Москва столица Российской Федерации город федерального значения,2.14.Я3.3,Младенческая смертность,data (31).xls,Младенческая смертность (на 1 тыс. родившихся живыми),2024.0,год,значение показателя за год,2024-12-31,"промилле (0,1 процента)",3.4,01.09.2025,latest,True,
78,Санкт-Петербург,СПБ,Северо-Западный федеральный округ,1,1,True,Город Санкт-Петербург город федерального значения,2.14.Я3.3,Младенческая смертность,data (31).xls,Младенческая смертность (на 1 тыс. родившихся живыми),2024.0,год,значение показателя за год,2024-12-31,"промилле (0,1 процента)",4.1,01.09.2025,latest,True,
79,Еврейская автономная область,ЕАО,Дальневосточный федеральный округ,25,3,True,Еврейская автономная область,2.14.Я3.3,Младенческая смертность,data (31).xls,Младенческая смертность (на 1 тыс. родившихся живыми),2024.0,год,значение показателя за год,2024-12-31,"промилле (0,1 процента)",7.7,01.09.2025,latest,True,
83,Ненецкий автономный округ,НАО,Северо-Западный федеральный округ,3,0,True,Ненецкий автономный округ (Архангельская область),2.14.Я3.3,Младенческая смертность,data (31).xls,Младенческая смертность (на 1 тыс. родившихся живыми),2024.0,год,значение показателя за год,2024-12-31,"промилле (0,1 процента)",4.2,01.09.2025,latest,True,
86,Ханты-Мансийский автономный округ - Югра,ХМАО,Уральский федеральный округ,16,5,True,Ханты-Мансийский автономный округ - Югра (Тюменская область),2.14.Я3.3,Младенческая смертность,data (31).xls,Младенческая смертность (на 1 тыс. родившихся живыми),2024.0,год,значение показателя за год,2024-12-31,"промилле (0,1 процента)",3.8,01.09.2025,latest,True,
87,Чукотский автономный округ,ЧУК,Дальневосточный федеральный округ,23,2,True,Чукотский автономный округ,2.14.Я3.3,Младенческая смертность,data (31).xls,Младенческая смертность (на 1 тыс. родившихся живыми),2024.0,год,значение показателя за год,2024-12-31,"промилле (0,1 процента)",25.7,01.09.2025,latest,True,
89,Ямало-Ненецкий автономный округ,ЯНАО,Уральский федеральный округ,17,5,True,Ямало-Ненецкий автономный округ (Тюменская область),2.14.Я3.3,Младенческая смертность,data (31).xls,Младенческая смертность (на 1 тыс. родившихся живыми),2024.0,год,значение показателя за год,2024-12-31,"промилле (0,1 процента)",3.4,01.09.2025,latest,True,
90,Запорожская область,ЗАП,Новые регионы / Южный макрорегион,9,9,True,,,,,,,,,,,,,latest,False,Нет данных в переданной выгрузке ЕМИСС для выбранного периода/показателя
91,Республика Крым,КРЫ,Южный федеральный округ,5,9,True,Республика Крым,2.14.Я3.3,Младенческая смертность,data (31).xls,Младенческая смертность (на 1 тыс. родившихся живыми),2024.0,год,значение показателя за год,2024-12-31,"промилле (0,1 процента)",4.6,01.09.2025,latest,True,
92,Севастополь,СЕВ,Южный федеральный округ,6,9,True,Город федерального значения Севастополь,2.14.Я3.3,Младенческая смертность,data (31).xls,Младенческая смертность (на 1 тыс. родившихся живыми),2024.0,год,значение показателя за год,2024-12-31,"промилле (0,1 процента)",1.9,01.09.2025,latest,True,
93,Донецкая Народная Республика,ДНР,Новые регионы / Южный макрорегион,7,9,True,,,,,,,,,,,,,latest,False,Нет данных в переданной выгрузке ЕМИСС для выбранного периода/показателя
94,Луганская Народная Республика,ЛНР,Новые регионы / Южный макрорегион,8,9,True,,,,,,,,,,,,,latest,False,Нет данных в переданной выгрузке ЕМИСС для выбранного периода/показателя
95,Херсонская область,ХЕР,Новые регионы / Южный макрорегион,10,9,True,,,,,,,,,,,,,latest,False,Нет данных в переданной выгрузке ЕМИСС для выбранного периода/показателя
01,Республика Адыгея,АД,Южный федеральный округ,4,9,True,Республика Адыгея (Адыгея),2.14.Я3.3,Младенческая смертность,data (32).xls,"Младенческая смертность на 1 тыс. родившихся живыми (оперативные данные) (промилле (0,1 процента))",2026.0,накопительно с января,январь-март,2026-03-31,"промилле (0,1 процента)",1.9,08.04.2026,latest,True,
02,Республика Башкортостан,БА,Приволжский федеральный округ,13,7,True,Республика Башкортостан,2.14.Я3.3,Младенческая смертность,data (32).xls,"Младенческая смертность на 1 тыс. родившихся живыми (оперативные данные) (промилле (0,1 процента))",2026.0,накопительно с января,январь-март,2026-03-31,"промилле (0,1 процента)",2.5,08.04.2026,latest,True,
03,Республика Бурятия,БУР,Дальневосточный федеральный округ,23,3,True,Республика Бурятия,2.14.Я3.3,Младенческая смертность,data (32).xls,"Младенческая смертность на 1 тыс. родившихся живыми (оперативные данные) (промилле (0,1 процента))",2026.0,накопительно с января,январь-март,2026-03-31,"промилле (0,1 процента)",2.7,08.04.2026,latest,True,
04,Республика Алтай,АЛР,Сибирский федеральный округ,19,6,True,Республика Алтай,2.14.Я3.3,Младенческая смертность,data (32).xls,"Младенческая смертность на 1 тыс. родившихся живыми (оперативные данные) (промилле (0,1 процента))",2026.0,накопительно с января,январь-март,2026-03-31,"промилле (0,1 процента)",3.5,08.04.2026,latest,True,
05,Республика Дагестан,ДАГ,Северо-Кавказский федеральный округ,9,12,True,Республика Дагестан,2.14.Я3.3,Младенческая смертность,data (32).xls,"Младенческая смертность на 1 тыс. родившихся живыми (оперативные данные) (промилле (0,1 процента))",2026.0,накопительно с января,январь-март,2026-03-31,"промилле (0,1 процента)",4.0,08.04.2026,latest,True,
06,Республика Ингушетия,ИНГ,Северо-Кавказский федеральный округ,7,12,True,Республика Ингушетия,2.14.Я3.3,Младенческая смертность,data (32).xls,"Младенческая смертность на 1 тыс. родившихся живыми (оперативные данные) (промилле (0,1 процента))",2026.0,накопительно с января,январь-март,2026-03-31,"промилле (0,1 процента)",3.6,08.04.2026,latest,True,
07,Кабардино-Балкарская Республика,КБР,Северо-Кавказский федеральный округ,9,11,True,Кабардино-Балкарская Республика,2.14.Я3.3,Младенческая смертность,data (32).xls,"Младенческая смертность на 1 тыс. родившихся живыми (оперативные данные) (промилле (0,1 процента))",2026.0,накопительно с января,январь-март,2026-03-31,"промилле (0,1 процента)",1.2,08.04.2026,latest,True,
08,Республика Калмыкия,КАЛ,Южный федеральный округ,6,8,True,Республика Калмыкия,2.14.Я3.3,Младенческая смертность,data (32).xls,"Младенческая смертность на 1 тыс. родившихся живыми (оперативные данные) (промилле (0,1 процента))",2026.0,накопительно с января,январь-март,2026-03-31,"промилле (0,1 процента)",4.1,08.04.2026,latest,True,
09,Карачаево-Черкесская Республика,КЧР,Северо-Кавказский федеральный округ,8,11,True,Карачаево-Черкесская Республика,2.14.Я3.3,Младенческая смертность,data (32).xls,"Младенческая смертность на 1 тыс. родившихся живыми (оперативные данные) (промилле (0,1 процента))",2026.0,накопительно с января,январь-март,2026-03-31,"промилле (0,1 процента)",4.7,08.04.2026,latest,True,
10,Республика Карелия,КАР,Северо-Западный федеральный округ,1,0,True,Республика Карелия,2.14.Я3.3,Младенческая смертность,data (32).xls,"Младенческая смертность на 1 тыс. родившихся живыми (оперативные данные) (промилле (0,1 процента))",2026.0,накопительно с января,январь-март,2026-03-31,"промилле (0,1 процента)",9.3,08.04.2026,latest,True,
11,Республика Коми,КОМ,Северо-Западный федеральный округ,2,2,True,Республика Коми,2.14.Я3.3,Младенческая смертность,data (32).xls,"Младенческая смертность на 1 тыс. родившихся живыми (оперативные данные) (промилле (0,1 процента))",2026.0,накопительно с января,январь-март,2026-03-31,"промилле (0,1 процента)",1.4,08.04.2026,latest,True,
12,Республика Марий Эл,МЭ,Приволжский федеральный округ,10,6,True,Республика Марий Эл,2.14.Я3.3,Младенческая смертность,data (32).xls,"Младенческая смертность на 1 тыс. родившихся живыми (оперативные данные) (промилле (0,1 процента))",2026.0,накопительно с января,январь-март,2026-03-31,"промилле (0,1 процента)",4.1,08.04.2026,latest,True,
13,Республика Мордовия,МОР,Приволжский федеральный округ,12,6,True,Республика Мордовия,2.14.Я3.3,Младенческая смертность,data (32).xls,"Младенческая смертность на 1 тыс. родившихся живыми (оперативные данные) (промилле (0,1 процента))",2026.0,накопительно с января,январь-март,2026-03-31,"промилле (0,1 процента)",4.9,08.04.2026,latest,True,
14,Республика Саха (Якутия),ЯКТ,Дальневосточный федеральный округ,22,2,True,Республика Саха (Якутия),2.14.Я3.3,Младенческая смертность,data (32).xls,"Младенческая смертность на 1 тыс. родившихся живыми (оперативные данные) (промилле (0,1 процента))",2026.0,накопительно с января,январь-март,2026-03-31,"промилле (0,1 процента)",1.5,08.04.2026,latest,True,
15,Республика Северная Осетия - Алания,СОА,Северо-Кавказский федеральный округ,10,11,True,Республика Северная Осетия-Алания,2.14.Я3.3,Младенческая смертность,data (32).xls,"Младенческая смертность на 1 тыс. родившихся живыми (оперативные данные) (промилле (0,1 процента))",2026.0,накопительно с января,январь-март,2026-03-31,"промилле (0,1 процента)",5.3,08.04.2026,latest,True,
16,Республика Татарстан,ТАТ,Приволжский федеральный округ,14,5,True,Республика Татарстан (Татарстан),2.14.Я3.3,Младенческая смертность,data (32).xls,"Младенческая смертность на 1 тыс. родившихся живыми (оперативные данные) (промилле (0,1 процента))",2026.0,накопительно с января,январь-март,2026-03-31,"промилле (0,1 процента)",2.3,08.04.2026,latest,True,
17,Республика Тыва,ТЫВ,Сибирский федеральный округ,19,7,True,Республика Тыва,2.14.Я3.3,Младенческая смертность,data (32).xls,"Младенческая смертность на 1 тыс. родившихся живыми (оперативные данные) (промилле (0,1 процента))",2026.0,накопительно с января,январь-март,2026-03-31,"промилле (0,1 процента)",7.2,08.04.2026,latest,True,
18,Удмуртская Республика,УДМ,Приволжский федеральный округ,13,5,True,Удмуртская Республика,2.14.Я3.3,Младенческая смертность,data (32).xls,"Младенческая смертность на 1 тыс. родившихся живыми (оперативные данные) (промилле (0,1 процента))",2026.0,накопительно с января,январь-март,2026-03-31,"промилле (0,1 процента)",2.3,08.04.2026,latest,True,
19,Республика Хакасия,ХАК,Сибирский федеральный округ,20,6,True,Республика Хакасия,2.14.Я3.3,Младенческая смертность,data (32).xls,"Младенческая смертность на 1 тыс. родившихся живыми (оперативные данные) (промилле (0,1 процента))",2026.0,накопительно с января,январь-март,2026-03-31,"промилле (0,1 процента)",2.8,08.04.2026,latest,True,
20,Чеченская Республика,ЧЕЧ,Северо-Кавказский федеральный округ,8,12,True,Чеченская Республика,2.14.Я3.3,Младенческая смертность,data (32).xls,"Младенческая смертность на 1 тыс. родившихся живыми (оперативные данные) (промилле (0,1 процента))",2026.0,накопительно с января,январь-март,2026-03-31,"промилле (0,1 процента)",5.1,08.04.2026,latest,True,
21,Чувашская Республика - Чувашия,ЧУВ,Приволжский федеральный округ,11,6,True,Чувашская Республика - Чувашия,2.14.Я3.3,Младенческая смертность,data (32).xls,"Младенческая смертность на 1 тыс. родившихся живыми (оперативные данные) (промилле (0,1 процента))",2026.0,накопительно с января,январь-март,2026-03-31,"промилле (0,1 процента)",1.0,08.04.2026,latest,True,
22,Алтайский край,АЛК,Сибирский федеральный округ,18,6,True,Алтайский край,2.14.Я3.3,Младенческая смертность,data (32).xls,"Младенческая смертность на 1 тыс. родившихся живыми (оперативные данные) (промилле (0,1 процента))",2026.0,накопительно с января,январь-март,2026-03-31,"промилле (0,1 процента)",2.0,08.04.2026,latest,True,
23,Краснодарский край,КДР,Южный федеральный округ,3,9,True,Краснодарский край,2.14.Я3.3,Младенческая смертность,data (32).xls,"Младенческая смертность на 1 тыс. родившихся живыми (оперативные данные) (промилле (0,1 процента))",2026.0,накопительно с января,январь-март,2026-03-31,"промилле (0,1 процента)",3.3,08.04.2026,latest,True,
24,Красноярский край,КРЯ,Сибирский федеральный округ,21,6,True,Красноярский край,2.14.Я3.3,Младенческая смертность,data (32).xls,"Младенческая смертность на 1 тыс. родившихся живыми (оперативные данные) (промилле (0,1 процента))",2026.0,накопительно с января,январь-март,2026-03-31,"промилле (0,1 процента)",4.3,08.04.2026,latest,True,
25,Приморский край,ПРИ,Дальневосточный федеральный округ,23,4,True,Приморский край,2.14.Я3.3,Младенческая смертность,data (32).xls,"Младенческая смертность на 1 тыс. родившихся живыми (оперативные данные) (промилле (0,1 процента))",2026.0,накопительно с января,январь-март,2026-03-31,"промилле (0,1 процента)",3.3,08.04.2026,latest,True,
26,Ставропольский край,СТА,Северо-Кавказский федеральный округ,7,11,True,Ставропольский край,2.14.Я3.3,Младенческая смертность,data (32).xls,"Младенческая смертность на 1 тыс. родившихся живыми (оперативные данные) (промилле (0,1 процента))",2026.0,накопительно с января,январь-март,2026-03-31,"промилле (0,1 процента)",4.2,08.04.2026,latest,True,
27,Хабаровский край,ХАБ,Дальневосточный федеральный округ,22,4,True,Хабаровский край,2.14.Я3.3,Младенческая смертность,data (32).xls,"Младенческая смертность на 1 тыс. родившихся живыми (оперативные данные) (промилле (0,1 процента))",2026.0,накопительно с января,январь-март,2026-03-31,"промилле (0,1 процента)",3.9,08.04.2026,latest,True,
28,Амурская область,АМУ,Дальневосточный федеральный округ,24,3,True,Амурская область,2.14.Я3.3,Младенческая смертность,data (32).xls,"Младенческая смертность на 1 тыс. родившихся живыми (оперативные данные) (промилле (0,1 процента))",2026.0,накопительно с января,январь-март,2026-03-31,"промилле (0,1 процента)",3.4,08.04.2026,latest,True,
29,Архангельская область,АРХ,Северо-Западный федеральный округ,2,0,True,Архангельская область (кроме Ненецкого автономного округа),2.14.Я3.3,Младенческая смертность,data (32).xls,"Младенческая смертность на 1 тыс. родившихся живыми (оперативные данные) (промилле (0,1 процента))",2026.0,накопительно с января,январь-март,2026-03-31,"промилле (0,1 процента)",3.9,08.04.2026,latest,True,
30,Астраханская область,АСТ,Южный федеральный округ,5,8,True,Астраханская область,2.14.Я3.3,Младенческая смертность,data (32).xls,"Младенческая смертность на 1 тыс. родившихся живыми (оперативные данные) (промилле (0,1 процента))",2026.0,накопительно с января,январь-март,2026-03-31,"промилле (0,1 процента)",6.5,08.04.2026,latest,True,
31,Белгородская область,БЕЛ,Центральный федеральный округ,8,5,True,Белгородская область,2.14.Я3.3,Младенческая смертность,data (32).xls,"Младенческая смертность на 1 тыс. родившихся живыми (оперативные данные) (промилле (0,1 процента))",2026.0,накопительно с января,январь-март,2026-03-31,"промилле (0,1 процента)",6.4,08.04.2026,latest,True,
32,Брянская область,БРЯ,Центральный федеральный округ,8,4,True,Брянская область,2.14.Я3.3,Младенческая смертность,data (32).xls,"Младенческая смертность на 1 тыс. родившихся живыми (оперативные данные) (промилле (0,1 процента))",2026.0,накопительно с января,январь-март,2026-03-31,"промилле (0,1 процента)",2.3,08.04.2026,latest,True,
33,Владимирская область,ВЛД,Центральный федеральный округ,6,4,True,Владимирская область,2.14.Я3.3,Младенческая смертность,data (32).xls,"Младенческая смертность на 1 тыс. родившихся живыми (оперативные данные) (промилле (0,1 процента))",2026.0,накопительно с января,январь-март,2026-03-31,"промилле (0,1 процента)",1.7,08.04.2026,latest,True,
34,Волгоградская область,ВГГ,Южный федеральный округ,4,8,True,Волгоградская область,2.14.Я3.3,Младенческая смертность,data (32).xls,"Младенческая смертность на 1 тыс. родившихся живыми (оперативные данные) (промилле (0,1 процента))",2026.0,накопительно с января,январь-март,2026-03-31,"промилле (0,1 процента)",2.7,08.04.2026,latest,True,
35,Вологодская область,ВОЛ,Северо-Западный федеральный округ,1,2,True,Вологодская область,2.14.Я3.3,Младенческая смертность,data (32).xls,"Младенческая смертность на 1 тыс. родившихся живыми (оперативные данные) (промилле (0,1 процента))",2026.0,накопительно с января,январь-март,2026-03-31,"промилле (0,1 процента)",2.9,08.04.2026,latest,True,
36,Воронежская область,ВРН,Центральный федеральный округ,9,5,True,Воронежская область,2.14.Я3.3,Младенческая смертность,data (32).xls,"Младенческая смертность на 1 тыс. родившихся живыми (оперативные данные) (промилле (0,1 процента))",2026.0,накопительно с января,январь-март,2026-03-31,"промилле (0,1 процента)",3.4,08.04.2026,latest,True,
37,Ивановская область,ИВН,Центральный федеральный округ,7,4,True,Ивановская область,2.14.Я3.3,Младенческая смертность,data (32).xls,"Младенческая смертность на 1 тыс. родившихся живыми (оперативные данные) (промилле (0,1 процента))",2026.0,накопительно с января,январь-март,2026-03-31,"промилле (0,1 процента)",1.4,08.04.2026,latest,True,
38,Иркутская область,ИРК,Сибирский федеральный округ,18,7,True,Иркутская область,2.14.Я3.3,Младенческая смертность,data (32).xls,"Младенческая смертность на 1 тыс. родившихся живыми (оперативные данные) (промилле (0,1 процента))",2026.0,накопительно с января,январь-март,2026-03-31,"промилле (0,1 процента)",4.0,08.04.2026,latest,True,
39,Калининградская область,КГД,Северо-Западный федеральный округ,0,1,True,Калининградская область,2.14.Я3.3,Младенческая смертность,data (32).xls,"Младенческая смертность на 1 тыс. родившихся живыми (оперативные данные) (промилле (0,1 процента))",2026.0,накопительно с января,январь-март,2026-03-31,"промилле (0,1 процента)",2.2,08.04.2026,latest,True,
40,Калужская область,КЛЖ,Центральный федеральный округ,4,4,True,Калужская область,2.14.Я3.3,Младенческая смертность,data (32).xls,"Младенческая смертность на 1 тыс. родившихся живыми (оперативные данные) (промилле (0,1 процента))",2026.0,накопительно с января,январь-март,2026-03-31,"промилле (0,1 процента)",5.5,08.04.2026,latest,True,
41,Камчатский край,КАМ,Дальневосточный федеральный округ,24,2,True,Камчатский край,2.14.Я3.3,Младенческая смертность,data (32).xls,"Младенческая смертность на 1 тыс. родившихся живыми (оперативные данные) (промилле (0,1 процента))",2026.0,накопительно с января,январь-март,2026-03-31,"промилле (0,1 процента)",6.1,08.04.2026,latest,True,
42,Кемеровская область - Кузбасс,КЕМ,Сибирский федеральный округ,21,5,True,Кемеровская область - Кузбасс,2.14.Я3.3,Младенческая смертность,data (32).xls,"Младенческая смертность на 1 тыс. родившихся живыми (оперативные данные) (промилле (0,1 процента))",2026.0,накопительно с января,январь-март,2026-03-31,"промилле (0,1 процента)",5.8,08.04.2026,latest,True,
43,Кировская область,КИР,Приволжский федеральный округ,11,5,True,Кировская область,2.14.Я3.3,Младенческая смертность,data (32).xls,"Младенческая смертность на 1 тыс. родившихся живыми (оперативные данные) (промилле (0,1 процента))",2026.0,накопительно с января,январь-март,2026-03-31,"промилле (0,1 процента)",3.2,08.04.2026,latest,True,
44,Костромская область,КОС,Центральный федеральный округ,6,3,True,Костромская область,2.14.Я3.3,Младенческая смертность,data (32).xls,"Младенческая смертность на 1 тыс. родившихся живыми (оперативные данные) (промилле (0,1 процента))",2026.0,накопительно с января,январь-март,2026-03-31,"промилле (0,1 процента)",5.3,08.04.2026,latest,True,
45,Курганская область,КУРГ,Уральский федеральный округ,15,6,True,Курганская область,2.14.Я3.3,Младенческая смертность,data (32).xls,"Младенческая смертность на 1 тыс. родившихся живыми (оперативные данные) (промилле (0,1 процента))",2026.0,накопительно с января,январь-март,2026-03-31,"промилле (0,1 процента)",3.8,08.04.2026,latest,True,
46,Курская область,КУР,Центральный федеральный округ,5,5,True,Курская область,2.14.Я3.3,Младенческая смертность,data (32).xls,"Младенческая смертность на 1 тыс. родившихся живыми (оперативные данные) (промилле (0,1 процента))",2026.0,накопительно с января,январь-март,2026-03-31,"промилле (0,1 процента)",3.1,08.04.2026,latest,True,
47,Ленинградская область,ЛЕН,Северо-Западный федеральный округ,2,1,True,Ленинградская область,2.14.Я3.3,Младенческая смертность,data (32).xls,"Младенческая смертность на 1 тыс. родившихся живыми (оперативные данные) (промилле (0,1 процента))",2026.0,накопительно с января,январь-март,2026-03-31,"промилле (0,1 процента)",2.8,08.04.2026,latest,True,
48,Липецкая область,ЛИП,Центральный федеральный округ,6,5,True,Липецкая область,2.14.Я3.3,Младенческая смертность,data (32).xls,"Младенческая смертность на 1 тыс. родившихся живыми (оперативные данные) (промилле (0,1 процента))",2026.0,накопительно с января,январь-март,2026-03-31,"промилле (0,1 процента)",2.9,08.04.2026,latest,True,
49,Магаданская область,МАГ,Дальневосточный федеральный округ,25,2,True,Магаданская область,2.14.Я3.3,Младенческая смертность,data (32).xls,"Младенческая смертность на 1 тыс. родившихся живыми (оперативные данные) (промилле (0,1 процента))",2026.0,накопительно с января,январь-март,2026-03-31,"промилле (0,1 процента)",4.2,08.04.2026,latest,True,
50,Московская область,МОСО,Центральный федеральный округ,8,3,True,Московская область,2.14.Я3.3,Младенческая смертность,data (32).xls,"Младенческая смертность на 1 тыс. родившихся живыми (оперативные данные) (промилле (0,1 процента))",2026.0,накопительно с января,январь-март,2026-03-31,"промилле (0,1 процента)",3.8,08.04.2026,latest,True,
51,Мурманская область,МУР,Северо-Западный федеральный округ,0,0,True,Мурманская область,2.14.Я3.3,Младенческая смертность,data (32).xls,"Младенческая смертность на 1 тыс. родившихся живыми (оперативные данные) (промилле (0,1 процента))",2026.0,накопительно с января,январь-март,2026-03-31,"промилле (0,1 процента)",0.9,08.04.2026,latest,True,
52,Нижегородская область,НИЖ,Приволжский федеральный округ,10,5,True,Нижегородская область,2.14.Я3.3,Младенческая смертность,data (32).xls,"Младенческая смертность на 1 тыс. родившихся живыми (оперативные данные) (промилле (0,1 процента))",2026.0,накопительно с января,январь-март,2026-03-31,"промилле (0,1 процента)",3.5,08.04.2026,latest,True,
53,Новгородская область,НВГ,Северо-Западный федеральный округ,3,1,True,Новгородская область,2.14.Я3.3,Младенческая смертность,data (32).xls,"Младенческая смертность на 1 тыс. родившихся живыми (оперативные данные) (промилле (0,1 процента))",2026.0,накопительно с января,январь-март,2026-03-31,"промилле (0,1 процента)",1.1,08.04.2026,latest,True,
54,Новосибирская область,НСО,Сибирский федеральный округ,19,5,True,Новосибирская область,2.14.Я3.3,Младенческая смертность,data (32).xls,"Младенческая смертность на 1 тыс. родившихся живыми (оперативные данные) (промилле (0,1 процента))",2026.0,накопительно с января,январь-март,2026-03-31,"промилле (0,1 процента)",2.9,08.04.2026,latest,True,
55,Омская область,ОМС,Сибирский федеральный округ,18,5,True,Омская область,2.14.Я3.3,Младенческая смертность,data (32).xls,"Младенческая смертность на 1 тыс. родившихся живыми (оперативные данные) (промилле (0,1 процента))",2026.0,накопительно с января,январь-март,2026-03-31,"промилле (0,1 процента)",3.0,08.04.2026,latest,True,
56,Оренбургская область,ОРЕ,Приволжский федеральный округ,12,7,True,Оренбургская область,2.14.Я3.3,Младенческая смертность,data (32).xls,"Младенческая смертность на 1 тыс. родившихся живыми (оперативные данные) (промилле (0,1 процента))",2026.0,накопительно с января,январь-март,2026-03-31,"промилле (0,1 процента)",2.3,08.04.2026,latest,True,
57,Орловская область,ОРЛ,Центральный федеральный округ,9,4,True,Орловская область,2.14.Я3.3,Младенческая смертность,data (32).xls,"Младенческая смертность на 1 тыс. родившихся живыми (оперативные данные) (промилле (0,1 процента))",2026.0,накопительно с января,январь-март,2026-03-31,"промилле (0,1 процента)",5.9,08.04.2026,latest,True,
58,Пензенская область,ПЕН,Приволжский федеральный округ,13,6,True,Пензенская область,2.14.Я3.3,Младенческая смертность,data (32).xls,"Младенческая смертность на 1 тыс. родившихся живыми (оперативные данные) (промилле (0,1 процента))",2026.0,накопительно с января,январь-март,2026-03-31,"промилле (0,1 процента)",3.3,08.04.2026,latest,True,
59,Пермский край,ПЕР,Приволжский федеральный округ,12,5,True,Пермский край,2.14.Я3.3,Младенческая смертность,data (32).xls,"Младенческая смертность на 1 тыс. родившихся живыми (оперативные данные) (промилле (0,1 процента))",2026.0,накопительно с января,январь-март,2026-03-31,"промилле (0,1 процента)",7.2,08.04.2026,latest,True,
60,Псковская область,ПСК,Северо-Западный федеральный округ,0,2,True,Псковская область,2.14.Я3.3,Младенческая смертность,data (32).xls,"Младенческая смертность на 1 тыс. родившихся живыми (оперативные данные) (промилле (0,1 процента))",2026.0,накопительно с января,январь-март,2026-03-31,"промилле (0,1 процента)",4.4,08.04.2026,latest,True,
61,Ростовская область,РОС,Южный федеральный округ,3,8,True,Ростовская область,2.14.Я3.3,Младенческая смертность,data (32).xls,"Младенческая смертность на 1 тыс. родившихся живыми (оперативные данные) (промилле (0,1 процента))",2026.0,накопительно с января,январь-март,2026-03-31,"промилле (0,1 процента)",3.1,08.04.2026,latest,True,
62,Рязанская область,РЯЗ,Центральный федеральный округ,4,5,True,Рязанская область,2.14.Я3.3,Младенческая смертность,data (32).xls,"Младенческая смертность на 1 тыс. родившихся живыми (оперативные данные) (промилле (0,1 процента))",2026.0,накопительно с января,январь-март,2026-03-31,"промилле (0,1 процента)",1.9,08.04.2026,latest,True,
63,Самарская область,САМ,Приволжский федеральный округ,10,7,True,Самарская область,2.14.Я3.3,Младенческая смертность,data (32).xls,"Младенческая смертность на 1 тыс. родившихся живыми (оперативные данные) (промилле (0,1 процента))",2026.0,накопительно с января,январь-март,2026-03-31,"промилле (0,1 процента)",3.3,08.04.2026,latest,True,
64,Саратовская область,САР,Приволжский федеральный округ,11,7,True,Саратовская область,2.14.Я3.3,Младенческая смертность,data (32).xls,"Младенческая смертность на 1 тыс. родившихся живыми (оперативные данные) (промилле (0,1 процента))",2026.0,накопительно с января,январь-март,2026-03-31,"промилле (0,1 процента)",4.5,08.04.2026,latest,True,
65,Сахалинская область,САХ,Дальневосточный федеральный округ,24,4,True,Сахалинская область,2.14.Я3.3,Младенческая смертность,data (32).xls,"Младенческая смертность на 1 тыс. родившихся живыми (оперативные данные) (промилле (0,1 процента))",2026.0,накопительно с января,январь-март,2026-03-31,"промилле (0,1 процента)",1.9,08.04.2026,latest,True,
66,Свердловская область,СВР,Уральский федеральный округ,15,5,True,Свердловская область,2.14.Я3.3,Младенческая смертность,data (32).xls,"Младенческая смертность на 1 тыс. родившихся живыми (оперативные данные) (промилле (0,1 процента))",2026.0,накопительно с января,январь-март,2026-03-31,"промилле (0,1 процента)",3.4,08.04.2026,latest,True,
67,Смоленская область,СМЛ,Центральный федеральный округ,7,3,True,Смоленская область,2.14.Я3.3,Младенческая смертность,data (32).xls,"Младенческая смертность на 1 тыс. родившихся живыми (оперативные данные) (промилле (0,1 процента))",2026.0,накопительно с января,январь-март,2026-03-31,"промилле (0,1 процента)",6.1,08.04.2026,latest,True,
68,Тамбовская область,ТАМ,Центральный федеральный округ,7,5,True,Тамбовская область,2.14.Я3.3,Младенческая смертность,data (32).xls,"Младенческая смертность на 1 тыс. родившихся живыми (оперативные данные) (промилле (0,1 процента))",2026.0,накопительно с января,январь-март,2026-03-31,"промилле (0,1 процента)",5.8,08.04.2026,latest,True,
69,Тверская область,ТВЕ,Центральный федеральный округ,4,3,True,Тверская область,2.14.Я3.3,Младенческая смертность,data (32).xls,"Младенческая смертность на 1 тыс. родившихся живыми (оперативные данные) (промилле (0,1 процента))",2026.0,накопительно с января,январь-март,2026-03-31,"промилле (0,1 процента)",4.7,08.04.2026,latest,True,
70,Томская область,ТОМ,Сибирский федеральный округ,20,5,True,Томская область,2.14.Я3.3,Младенческая смертность,data (32).xls,"Младенческая смертность на 1 тыс. родившихся живыми (оперативные данные) (промилле (0,1 процента))",2026.0,накопительно с января,январь-март,2026-03-31,"промилле (0,1 процента)",1.1,08.04.2026,latest,True,
71,Тульская область,ТУЛ,Центральный федеральный округ,5,4,True,Тульская область,2.14.Я3.3,Младенческая смертность,data (32).xls,"Младенческая смертность на 1 тыс. родившихся живыми (оперативные данные) (промилле (0,1 процента))",2026.0,накопительно с января,январь-март,2026-03-31,"промилле (0,1 процента)",1.9,08.04.2026,latest,True,
72,Тюменская область,ТЮМ,Уральский федеральный округ,16,6,True,Тюменская область (кроме Ханты-Мансийского автономного округа-Югры и Ямало-Ненецкого автономного округа),2.14.Я3.3,Младенческая смертность,data (32).xls,"Младенческая смертность на 1 тыс. родившихся живыми (оперативные данные) (промилле (0,1 процента))",2026.0,накопительно с января,январь-март,2026-03-31,"промилле (0,1 процента)",3.2,08.04.2026,latest,True,
73,Ульяновская область,УЛЬ,Приволжский федеральный округ,14,6,True,Ульяновская область,2.14.Я3.3,Младенческая смертность,data (32).xls,"Младенческая смертность на 1 тыс. родившихся живыми (оперативные данные) (промилле (0,1 процента))",2026.0,накопительно с января,январь-март,2026-03-31,"промилле (0,1 процента)",5.3,08.04.2026,latest,True,
74,Челябинская область,ЧЕЛ,Уральский федеральный округ,17,6,True,Челябинская область,2.14.Я3.3,Младенческая смертность,data (32).xls,"Младенческая смертность на 1 тыс. родившихся живыми (оперативные данные) (промилле (0,1 процента))",2026.0,накопительно с января,январь-март,2026-03-31,"промилле (0,1 процента)",3.2,08.04.2026,latest,True,
75,Забайкальский край,ЗАБ,Дальневосточный федеральный округ,22,3,True,Забайкальский край,2.14.Я3.3,Младенческая смертность,data (32).xls,"Младенческая смертность на 1 тыс. родившихся живыми (оперативные данные) (промилле (0,1 процента))",2026.0,накопительно с января,январь-март,2026-03-31,"промилле (0,1 процента)",5.7,08.04.2026,latest,True,
76,Ярославская область,ЯРС,Центральный федеральный округ,5,3,True,Ярославская область,2.14.Я3.3,Младенческая смертность,data (32).xls,"Младенческая смертность на 1 тыс. родившихся живыми (оперативные данные) (промилле (0,1 процента))",2026.0,накопительно с января,январь-март,2026-03-31,"промилле (0,1 процента)",2.6,08.04.2026,latest,True,
77,Москва,МСК,Центральный федеральный округ,9,3,True,Город Москва столица Российской Федерации город федерального значения,2.14.Я3.3,Младенческая смертность,data (32).xls,"Младенческая смертность на 1 тыс. родившихся живыми (оперативные данные) (промилле (0,1 процента))",2026.0,накопительно с января,январь-март,2026-03-31,"промилле (0,1 процента)",2.9,08.04.2026,latest,True,
78,Санкт-Петербург,СПБ,Северо-Западный федеральный округ,1,1,True,Город Санкт-Петербург город федерального значения,2.14.Я3.3,Младенческая смертность,data (32).xls,"Младенческая смертность на 1 тыс. родившихся живыми (оперативные данные) (промилле (0,1 процента))",2026.0,накопительно с января,январь-март,2026-03-31,"промилле (0,1 процента)",3.6,08.04.2026,latest,True,
79,Еврейская автономная область,ЕАО,Дальневосточный федеральный округ,25,3,True,Еврейская автономная область,2.14.Я3.3,Младенческая смертность,data (32).xls,"Младенческая смертность на 1 тыс. родившихся живыми (оперативные данные) (промилле (0,1 процента))",2026.0,накопительно с января,январь-март,2026-03-31,"промилле (0,1 процента)",7.2,08.04.2026,latest,True,
83,Ненецкий автономный округ,НАО,Северо-Западный федеральный округ,3,0,True,Ненецкий автономный округ (Архангельская область),2.14.Я3.3,Младенческая смертность,data (32).xls,"Младенческая смертность на 1 тыс. родившихся живыми (оперативные данные) (промилле (0,1 процента))",2026.0,накопительно с января,январь-март,2026-03-31,"промилле (0,1 процента)",10.2,08.04.2026,latest,True,
86,Ханты-Мансийский автономный округ - Югра,ХМАО,Уральский федеральный округ,16,5,True,Ханты-Мансийский автономный округ - Югра (Тюменская область),2.14.Я3.3,Младенческая смертность,data (32).xls,"Младенческая смертность на 1 тыс. родившихся живыми (оперативные данные) (промилле (0,1 процента))",2026.0,накопительно с января,январь-март,2026-03-31,"промилле (0,1 процента)",1.4,08.04.2026,latest,True,
87,Чукотский автономный округ,ЧУК,Дальневосточный федеральный округ,23,2,True,Чукотский автономный округ,2.14.Я3.3,Младенческая смертность,data (32).xls,"Младенческая смертность на 1 тыс. родившихся живыми (оперативные данные) (промилле (0,1 процента))",2026.0,накопительно с января,январь-март,2026-03-31,"промилле (0,1 процента)",0.0,08.04.2026,latest,True,
89,Ямало-Ненецкий автономный округ,ЯНАО,Уральский федеральный округ,17,5,True,Ямало-Ненецкий автономный округ (Тюменская область),2.14.Я3.3,Младенческая смертность,data (32).xls,"Младенческая смертность на 1 тыс. родившихся живыми (оперативные данные) (промилле (0,1 процента))",2026.0,накопительно с января,январь-март,2026-03-31,"промилле (0,1 процента)",2.5,08.04.2026,latest,True,
90,Запорожская область,ЗАП,Новые регионы / Южный макрорегион,9,9,True,,,,,,,,,,,,,latest,False,Нет данных в переданной выгрузке ЕМИСС для выбранного периода/показателя
91,Республика Крым,КРЫ,Южный федеральный округ,5,9,True,Республика Крым,2.14.Я3.3,Младенческая смертность,data (32).xls,"Младенческая смертность на 1 тыс. родившихся живыми (оперативные данные) (промилле (0,1 процента))",2026.0,накопительно с января,январь-март,2026-03-31,"промилле (0,1 процента)",3.7,08.04.2026,latest,True,
92,Севастополь,СЕВ,Южный федеральный округ,6,9,True,Город федерального значения Севастополь,2.14.Я3.3,Младенческая смертность,data (32).xls,"Младенческая смертность на 1 тыс. родившихся живыми (оперативные данные) (промилле (0,1 процента))",2026.0,накопительно с января,январь-март,2026-03-31,"промилле (0,1 процента)",4.3,08.04.2026,latest,True,
93,Донецкая Народная Республика,ДНР,Новые регионы / Южный макрорегион,7,9,True,,,,,,,,,,,,,latest,False,Нет данных в переданной выгрузке ЕМИСС для выбранного периода/показателя
94,Луганская Народная Республика,ЛНР,Новые регионы / Южный макрорегион,8,9,True,,,,,,,,,,,,,latest,False,Нет данных в переданной выгрузке ЕМИСС для выбранного периода/показателя
95,Херсонская область,ХЕР,Новые регионы / Южный макрорегион,10,9,True,,,,,,,,,,,,,latest,False,Нет данных в переданной выгрузке ЕМИСС для выбранного периода/показателя
01,Республика Адыгея,АД,Южный федеральный округ,4,9,True,Республика Адыгея (Адыгея),2.14.Я3.4,"Доля взятых под диспансерное наблюдение детей в возрасте 0–17 лет с впервые в жизни установленными диагнозами, от общего проведения профилактических медицинских осмотров",data (33).xls,Доля взятых под диспансерное наблюдение детей в возрасте 0–17 лет с впервые в жизни установленными диагнозами по результатам проведения профилактических медицинских осмотров,2026.0,месяц,март,2026-03-31,процент,88.32,07.04.2026,latest,True,
02,Республика Башкортостан,БА,Приволжский федеральный округ,13,7,True,Республика Башкортостан,2.14.Я3.4,"Доля взятых под диспансерное наблюдение детей в возрасте 0–17 лет с впервые в жизни установленными диагнозами, от общего проведения профилактических медицинских осмотров",data (33).xls,Доля взятых под диспансерное наблюдение детей в возрасте 0–17 лет с впервые в жизни установленными диагнозами по результатам проведения профилактических медицинских осмотров,2026.0,месяц,март,2026-03-31,процент,85.22,07.04.2026,latest,True,
03,Республика Бурятия,БУР,Дальневосточный федеральный округ,23,3,True,Республика Бурятия,2.14.Я3.4,"Доля взятых под диспансерное наблюдение детей в возрасте 0–17 лет с впервые в жизни установленными диагнозами, от общего проведения профилактических медицинских осмотров",data (33).xls,Доля взятых под диспансерное наблюдение детей в возрасте 0–17 лет с впервые в жизни установленными диагнозами по результатам проведения профилактических медицинских осмотров,2026.0,месяц,март,2026-03-31,процент,85.22,07.04.2026,latest,True,
04,Республика Алтай,АЛР,Сибирский федеральный округ,19,6,True,Республика Алтай,2.14.Я3.4,"Доля взятых под диспансерное наблюдение детей в возрасте 0–17 лет с впервые в жизни установленными диагнозами, от общего проведения профилактических медицинских осмотров",data (33).xls,Доля взятых под диспансерное наблюдение детей в возрасте 0–17 лет с впервые в жизни установленными диагнозами по результатам проведения профилактических медицинских осмотров,2026.0,месяц,март,2026-03-31,процент,100.0,07.04.2026,latest,True,
05,Республика Дагестан,ДАГ,Северо-Кавказский федеральный округ,9,12,True,Республика Дагестан,2.14.Я3.4,"Доля взятых под диспансерное наблюдение детей в возрасте 0–17 лет с впервые в жизни установленными диагнозами, от общего проведения профилактических медицинских осмотров",data (33).xls,Доля взятых под диспансерное наблюдение детей в возрасте 0–17 лет с впервые в жизни установленными диагнозами по результатам проведения профилактических медицинских осмотров,2026.0,месяц,март,2026-03-31,процент,87.1,07.04.2026,latest,True,
06,Республика Ингушетия,ИНГ,Северо-Кавказский федеральный округ,7,12,True,Республика Ингушетия,2.14.Я3.4,"Доля взятых под диспансерное наблюдение детей в возрасте 0–17 лет с впервые в жизни установленными диагнозами, от общего проведения профилактических медицинских осмотров",data (33).xls,Доля взятых под диспансерное наблюдение детей в возрасте 0–17 лет с впервые в жизни установленными диагнозами по результатам проведения профилактических медицинских осмотров,2026.0,месяц,март,2026-03-31,процент,99.65,07.04.2026,latest,True,
07,Кабардино-Балкарская Республика,КБР,Северо-Кавказский федеральный округ,9,11,True,Кабардино-Балкарская Республика,2.14.Я3.4,"Доля взятых под диспансерное наблюдение детей в возрасте 0–17 лет с впервые в жизни установленными диагнозами, от общего проведения профилактических медицинских осмотров",data (33).xls,Доля взятых под диспансерное наблюдение детей в возрасте 0–17 лет с впервые в жизни установленными диагнозами по результатам проведения профилактических медицинских осмотров,2026.0,месяц,март,2026-03-31,процент,94.06,07.04.2026,latest,True,
08,Республика Калмыкия,КАЛ,Южный федеральный округ,6,8,True,Республика Калмыкия,2.14.Я3.4,"Доля взятых под диспансерное наблюдение детей в возрасте 0–17 лет с впервые в жизни установленными диагнозами, от общего проведения профилактических медицинских осмотров",data (33).xls,Доля взятых под диспансерное наблюдение детей в возрасте 0–17 лет с впервые в жизни установленными диагнозами по результатам проведения профилактических медицинских осмотров,2026.0,месяц,март,2026-03-31,процент,81.7,07.04.2026,latest,True,
09,Карачаево-Черкесская Республика,КЧР,Северо-Кавказский федеральный округ,8,11,True,Карачаево-Черкесская Республика,2.14.Я3.4,"Доля взятых под диспансерное наблюдение детей в возрасте 0–17 лет с впервые в жизни установленными диагнозами, от общего проведения профилактических медицинских осмотров",data (33).xls,Доля взятых под диспансерное наблюдение детей в возрасте 0–17 лет с впервые в жизни установленными диагнозами по результатам проведения профилактических медицинских осмотров,2026.0,месяц,март,2026-03-31,процент,88.38,07.04.2026,latest,True,
10,Республика Карелия,КАР,Северо-Западный федеральный округ,1,0,True,Республика Карелия,2.14.Я3.4,"Доля взятых под диспансерное наблюдение детей в возрасте 0–17 лет с впервые в жизни установленными диагнозами, от общего проведения профилактических медицинских осмотров",data (33).xls,Доля взятых под диспансерное наблюдение детей в возрасте 0–17 лет с впервые в жизни установленными диагнозами по результатам проведения профилактических медицинских осмотров,2026.0,месяц,март,2026-03-31,процент,81.04,07.04.2026,latest,True,
11,Республика Коми,КОМ,Северо-Западный федеральный округ,2,2,True,Республика Коми,2.14.Я3.4,"Доля взятых под диспансерное наблюдение детей в возрасте 0–17 лет с впервые в жизни установленными диагнозами, от общего проведения профилактических медицинских осмотров",data (33).xls,Доля взятых под диспансерное наблюдение детей в возрасте 0–17 лет с впервые в жизни установленными диагнозами по результатам проведения профилактических медицинских осмотров,2026.0,месяц,март,2026-03-31,процент,83.73,07.04.2026,latest,True,
12,Республика Марий Эл,МЭ,Приволжский федеральный округ,10,6,True,Республика Марий Эл,2.14.Я3.4,"Доля взятых под диспансерное наблюдение детей в возрасте 0–17 лет с впервые в жизни установленными диагнозами, от общего проведения профилактических медицинских осмотров",data (33).xls,Доля взятых под диспансерное наблюдение детей в возрасте 0–17 лет с впервые в жизни установленными диагнозами по результатам проведения профилактических медицинских осмотров,2026.0,месяц,март,2026-03-31,процент,75.38,07.04.2026,latest,True,
13,Республика Мордовия,МОР,Приволжский федеральный округ,12,6,True,Республика Мордовия,2.14.Я3.4,"Доля взятых под диспансерное наблюдение детей в возрасте 0–17 лет с впервые в жизни установленными диагнозами, от общего проведения профилактических медицинских осмотров",data (33).xls,Доля взятых под диспансерное наблюдение детей в возрасте 0–17 лет с впервые в жизни установленными диагнозами по результатам проведения профилактических медицинских осмотров,2026.0,месяц,март,2026-03-31,процент,83.89,07.04.2026,latest,True,
14,Республика Саха (Якутия),ЯКТ,Дальневосточный федеральный округ,22,2,True,Республика Саха (Якутия),2.14.Я3.4,"Доля взятых под диспансерное наблюдение детей в возрасте 0–17 лет с впервые в жизни установленными диагнозами, от общего проведения профилактических медицинских осмотров",data (33).xls,Доля взятых под диспансерное наблюдение детей в возрасте 0–17 лет с впервые в жизни установленными диагнозами по результатам проведения профилактических медицинских осмотров,2026.0,месяц,март,2026-03-31,процент,82.99,07.04.2026,latest,True,
15,Республика Северная Осетия - Алания,СОА,Северо-Кавказский федеральный округ,10,11,True,Республика Северная Осетия - Алания,2.14.Я3.4,"Доля взятых под диспансерное наблюдение детей в возрасте 0–17 лет с впервые в жизни установленными диагнозами, от общего проведения профилактических медицинских осмотров",data (33).xls,Доля взятых под диспансерное наблюдение детей в возрасте 0–17 лет с впервые в жизни установленными диагнозами по результатам проведения профилактических медицинских осмотров,2026.0,месяц,март,2026-03-31,процент,50.05,07.04.2026,latest,True,
16,Республика Татарстан,ТАТ,Приволжский федеральный округ,14,5,True,Республика Татарстан (Татарстан),2.14.Я3.4,"Доля взятых под диспансерное наблюдение детей в возрасте 0–17 лет с впервые в жизни установленными диагнозами, от общего проведения профилактических медицинских осмотров",data (33).xls,Доля взятых под диспансерное наблюдение детей в возрасте 0–17 лет с впервые в жизни установленными диагнозами по результатам проведения профилактических медицинских осмотров,2026.0,месяц,март,2026-03-31,процент,84.94,07.04.2026,latest,True,
17,Республика Тыва,ТЫВ,Сибирский федеральный округ,19,7,True,Республика Тыва,2.14.Я3.4,"Доля взятых под диспансерное наблюдение детей в возрасте 0–17 лет с впервые в жизни установленными диагнозами, от общего проведения профилактических медицинских осмотров",data (33).xls,Доля взятых под диспансерное наблюдение детей в возрасте 0–17 лет с впервые в жизни установленными диагнозами по результатам проведения профилактических медицинских осмотров,2026.0,месяц,март,2026-03-31,процент,80.05,07.04.2026,latest,True,
18,Удмуртская Республика,УДМ,Приволжский федеральный округ,13,5,True,Удмуртская Республика,2.14.Я3.4,"Доля взятых под диспансерное наблюдение детей в возрасте 0–17 лет с впервые в жизни установленными диагнозами, от общего проведения профилактических медицинских осмотров",data (33).xls,Доля взятых под диспансерное наблюдение детей в возрасте 0–17 лет с впервые в жизни установленными диагнозами по результатам проведения профилактических медицинских осмотров,2026.0,месяц,март,2026-03-31,процент,89.82,07.04.2026,latest,True,
19,Республика Хакасия,ХАК,Сибирский федеральный округ,20,6,True,Республика Хакасия,2.14.Я3.4,"Доля взятых под диспансерное наблюдение детей в возрасте 0–17 лет с впервые в жизни установленными диагнозами, от общего проведения профилактических медицинских осмотров",data (33).xls,Доля взятых под диспансерное наблюдение детей в возрасте 0–17 лет с впервые в жизни установленными диагнозами по результатам проведения профилактических медицинских осмотров,2026.0,месяц,март,2026-03-31,процент,89.13,07.04.2026,latest,True,
20,Чеченская Республика,ЧЕЧ,Северо-Кавказский федеральный округ,8,12,True,Чеченская Республика,2.14.Я3.4,"Доля взятых под диспансерное наблюдение детей в возрасте 0–17 лет с впервые в жизни установленными диагнозами, от общего проведения профилактических медицинских осмотров",data (33).xls,Доля взятых под диспансерное наблюдение детей в возрасте 0–17 лет с впервые в жизни установленными диагнозами по результатам проведения профилактических медицинских осмотров,2026.0,месяц,март,2026-03-31,процент,82.95,07.04.2026,latest,True,
21,Чувашская Республика - Чувашия,ЧУВ,Приволжский федеральный округ,11,6,True,Чувашская Республика - Чувашия,2.14.Я3.4,"Доля взятых под диспансерное наблюдение детей в возрасте 0–17 лет с впервые в жизни установленными диагнозами, от общего проведения профилактических медицинских осмотров",data (33).xls,Доля взятых под диспансерное наблюдение детей в возрасте 0–17 лет с впервые в жизни установленными диагнозами по результатам проведения профилактических медицинских осмотров,2026.0,месяц,март,2026-03-31,процент,100.0,07.04.2026,latest,True,
22,Алтайский край,АЛК,Сибирский федеральный округ,18,6,True,Алтайский край,2.14.Я3.4,"Доля взятых под диспансерное наблюдение детей в возрасте 0–17 лет с впервые в жизни установленными диагнозами, от общего проведения профилактических медицинских осмотров",data (33).xls,Доля взятых под диспансерное наблюдение детей в возрасте 0–17 лет с впервые в жизни установленными диагнозами по результатам проведения профилактических медицинских осмотров,2026.0,месяц,март,2026-03-31,процент,99.49,07.04.2026,latest,True,
23,Краснодарский край,КДР,Южный федеральный округ,3,9,True,Краснодарский край,2.14.Я3.4,"Доля взятых под диспансерное наблюдение детей в возрасте 0–17 лет с впервые в жизни установленными диагнозами, от общего проведения профилактических медицинских осмотров",data (33).xls,Доля взятых под диспансерное наблюдение детей в возрасте 0–17 лет с впервые в жизни установленными диагнозами по результатам проведения профилактических медицинских осмотров,2026.0,месяц,март,2026-03-31,процент,87.7,07.04.2026,latest,True,
24,Красноярский край,КРЯ,Сибирский федеральный округ,21,6,True,Красноярский край,2.14.Я3.4,"Доля взятых под диспансерное наблюдение детей в возрасте 0–17 лет с впервые в жизни установленными диагнозами, от общего проведения профилактических медицинских осмотров",data (33).xls,Доля взятых под диспансерное наблюдение детей в возрасте 0–17 лет с впервые в жизни установленными диагнозами по результатам проведения профилактических медицинских осмотров,2026.0,месяц,март,2026-03-31,процент,84.04,07.04.2026,latest,True,
25,Приморский край,ПРИ,Дальневосточный федеральный округ,23,4,True,Приморский край,2.14.Я3.4,"Доля взятых под диспансерное наблюдение детей в возрасте 0–17 лет с впервые в жизни установленными диагнозами, от общего проведения профилактических медицинских осмотров",data (33).xls,Доля взятых под диспансерное наблюдение детей в возрасте 0–17 лет с впервые в жизни установленными диагнозами по результатам проведения профилактических медицинских осмотров,2026.0,месяц,март,2026-03-31,процент,82.02,07.04.2026,latest,True,
26,Ставропольский край,СТА,Северо-Кавказский федеральный округ,7,11,True,Ставропольский край,2.14.Я3.4,"Доля взятых под диспансерное наблюдение детей в возрасте 0–17 лет с впервые в жизни установленными диагнозами, от общего проведения профилактических медицинских осмотров",data (33).xls,Доля взятых под диспансерное наблюдение детей в возрасте 0–17 лет с впервые в жизни установленными диагнозами по результатам проведения профилактических медицинских осмотров,2026.0,месяц,март,2026-03-31,процент,86.61,07.04.2026,latest,True,
27,Хабаровский край,ХАБ,Дальневосточный федеральный округ,22,4,True,Хабаровский край,2.14.Я3.4,"Доля взятых под диспансерное наблюдение детей в возрасте 0–17 лет с впервые в жизни установленными диагнозами, от общего проведения профилактических медицинских осмотров",data (33).xls,Доля взятых под диспансерное наблюдение детей в возрасте 0–17 лет с впервые в жизни установленными диагнозами по результатам проведения профилактических медицинских осмотров,2026.0,месяц,март,2026-03-31,процент,83.15,07.04.2026,latest,True,
28,Амурская область,АМУ,Дальневосточный федеральный округ,24,3,True,Амурская область,2.14.Я3.4,"Доля взятых под диспансерное наблюдение детей в возрасте 0–17 лет с впервые в жизни установленными диагнозами, от общего проведения профилактических медицинских осмотров",data (33).xls,Доля взятых под диспансерное наблюдение детей в возрасте 0–17 лет с впервые в жизни установленными диагнозами по результатам проведения профилактических медицинских осмотров,2026.0,месяц,март,2026-03-31,процент,91.21,07.04.2026,latest,True,
29,Архангельская область,АРХ,Северо-Западный федеральный округ,2,0,True,Архангельская область,2.14.Я3.4,"Доля взятых под диспансерное наблюдение детей в возрасте 0–17 лет с впервые в жизни установленными диагнозами, от общего проведения профилактических медицинских осмотров",data (33).xls,Доля взятых под диспансерное наблюдение детей в возрасте 0–17 лет с впервые в жизни установленными диагнозами по результатам проведения профилактических медицинских осмотров,2026.0,месяц,март,2026-03-31,процент,92.5,07.04.2026,latest,True,
30,Астраханская область,АСТ,Южный федеральный округ,5,8,True,Астраханская область,2.14.Я3.4,"Доля взятых под диспансерное наблюдение детей в возрасте 0–17 лет с впервые в жизни установленными диагнозами, от общего проведения профилактических медицинских осмотров",data (33).xls,Доля взятых под диспансерное наблюдение детей в возрасте 0–17 лет с впервые в жизни установленными диагнозами по результатам проведения профилактических медицинских осмотров,2026.0,месяц,март,2026-03-31,процент,91.79,07.04.2026,latest,True,
31,Белгородская область,БЕЛ,Центральный федеральный округ,8,5,True,Белгородская область,2.14.Я3.4,"Доля взятых под диспансерное наблюдение детей в возрасте 0–17 лет с впервые в жизни установленными диагнозами, от общего проведения профилактических медицинских осмотров",data (33).xls,Доля взятых под диспансерное наблюдение детей в возрасте 0–17 лет с впервые в жизни установленными диагнозами по результатам проведения профилактических медицинских осмотров,2026.0,месяц,март,2026-03-31,процент,85.28,07.04.2026,latest,True,
32,Брянская область,БРЯ,Центральный федеральный округ,8,4,True,Брянская область,2.14.Я3.4,"Доля взятых под диспансерное наблюдение детей в возрасте 0–17 лет с впервые в жизни установленными диагнозами, от общего проведения профилактических медицинских осмотров",data (33).xls,Доля взятых под диспансерное наблюдение детей в возрасте 0–17 лет с впервые в жизни установленными диагнозами по результатам проведения профилактических медицинских осмотров,2026.0,месяц,март,2026-03-31,процент,100.0,07.04.2026,latest,True,
33,Владимирская область,ВЛД,Центральный федеральный округ,6,4,True,Владимирская область,2.14.Я3.4,"Доля взятых под диспансерное наблюдение детей в возрасте 0–17 лет с впервые в жизни установленными диагнозами, от общего проведения профилактических медицинских осмотров",data (33).xls,Доля взятых под диспансерное наблюдение детей в возрасте 0–17 лет с впервые в жизни установленными диагнозами по результатам проведения профилактических медицинских осмотров,2026.0,месяц,март,2026-03-31,процент,94.89,07.04.2026,latest,True,
34,Волгоградская область,ВГГ,Южный федеральный округ,4,8,True,Волгоградская область,2.14.Я3.4,"Доля взятых под диспансерное наблюдение детей в возрасте 0–17 лет с впервые в жизни установленными диагнозами, от общего проведения профилактических медицинских осмотров",data (33).xls,Доля взятых под диспансерное наблюдение детей в возрасте 0–17 лет с впервые в жизни установленными диагнозами по результатам проведения профилактических медицинских осмотров,2026.0,месяц,март,2026-03-31,процент,92.89,07.04.2026,latest,True,
35,Вологодская область,ВОЛ,Северо-Западный федеральный округ,1,2,True,Вологодская область,2.14.Я3.4,"Доля взятых под диспансерное наблюдение детей в возрасте 0–17 лет с впервые в жизни установленными диагнозами, от общего проведения профилактических медицинских осмотров",data (33).xls,Доля взятых под диспансерное наблюдение детей в возрасте 0–17 лет с впервые в жизни установленными диагнозами по результатам проведения профилактических медицинских осмотров,2026.0,месяц,март,2026-03-31,процент,87.01,07.04.2026,latest,True,
36,Воронежская область,ВРН,Центральный федеральный округ,9,5,True,Воронежская область,2.14.Я3.4,"Доля взятых под диспансерное наблюдение детей в возрасте 0–17 лет с впервые в жизни установленными диагнозами, от общего проведения профилактических медицинских осмотров",data (33).xls,Доля взятых под диспансерное наблюдение детей в возрасте 0–17 лет с впервые в жизни установленными диагнозами по результатам проведения профилактических медицинских осмотров,2026.0,месяц,март,2026-03-31,процент,86.99,07.04.2026,latest,True,
37,Ивановская область,ИВН,Центральный федеральный округ,7,4,True,Ивановская область,2.14.Я3.4,"Доля взятых под диспансерное наблюдение детей в возрасте 0–17 лет с впервые в жизни установленными диагнозами, от общего проведения профилактических медицинских осмотров",data (33).xls,Доля взятых под диспансерное наблюдение детей в возрасте 0–17 лет с впервые в жизни установленными диагнозами по результатам проведения профилактических медицинских осмотров,2026.0,месяц,март,2026-03-31,процент,95.3,07.04.2026,latest,True,
38,Иркутская область,ИРК,Сибирский федеральный округ,18,7,True,Иркутская область,2.14.Я3.4,"Доля взятых под диспансерное наблюдение детей в возрасте 0–17 лет с впервые в жизни установленными диагнозами, от общего проведения профилактических медицинских осмотров",data (33).xls,Доля взятых под диспансерное наблюдение детей в возрасте 0–17 лет с впервые в жизни установленными диагнозами по результатам проведения профилактических медицинских осмотров,2026.0,месяц,март,2026-03-31,процент,90.95,07.04.2026,latest,True,
39,Калининградская область,КГД,Северо-Западный федеральный округ,0,1,True,Калининградская область,2.14.Я3.4,"Доля взятых под диспансерное наблюдение детей в возрасте 0–17 лет с впервые в жизни установленными диагнозами, от общего проведения профилактических медицинских осмотров",data (33).xls,Доля взятых под диспансерное наблюдение детей в возрасте 0–17 лет с впервые в жизни установленными диагнозами по результатам проведения профилактических медицинских осмотров,2026.0,месяц,март,2026-03-31,процент,93.57,07.04.2026,latest,True,
40,Калужская область,КЛЖ,Центральный федеральный округ,4,4,True,Калужская область,2.14.Я3.4,"Доля взятых под диспансерное наблюдение детей в возрасте 0–17 лет с впервые в жизни установленными диагнозами, от общего проведения профилактических медицинских осмотров",data (33).xls,Доля взятых под диспансерное наблюдение детей в возрасте 0–17 лет с впервые в жизни установленными диагнозами по результатам проведения профилактических медицинских осмотров,2026.0,месяц,март,2026-03-31,процент,80.52,07.04.2026,latest,True,
41,Камчатский край,КАМ,Дальневосточный федеральный округ,24,2,True,Камчатский край,2.14.Я3.4,"Доля взятых под диспансерное наблюдение детей в возрасте 0–17 лет с впервые в жизни установленными диагнозами, от общего проведения профилактических медицинских осмотров",data (33).xls,Доля взятых под диспансерное наблюдение детей в возрасте 0–17 лет с впервые в жизни установленными диагнозами по результатам проведения профилактических медицинских осмотров,2026.0,месяц,март,2026-03-31,процент,86.38,07.04.2026,latest,True,
42,Кемеровская область - Кузбасс,КЕМ,Сибирский федеральный округ,21,5,True,Кемеровская область - Кузбасс,2.14.Я3.4,"Доля взятых под диспансерное наблюдение детей в возрасте 0–17 лет с впервые в жизни установленными диагнозами, от общего проведения профилактических медицинских осмотров",data (33).xls,Доля взятых под диспансерное наблюдение детей в возрасте 0–17 лет с впервые в жизни установленными диагнозами по результатам проведения профилактических медицинских осмотров,2026.0,месяц,март,2026-03-31,процент,94.81,07.04.2026,latest,True,
43,Кировская область,КИР,Приволжский федеральный округ,11,5,True,Кировская область,2.14.Я3.4,"Доля взятых под диспансерное наблюдение детей в возрасте 0–17 лет с впервые в жизни установленными диагнозами, от общего проведения профилактических медицинских осмотров",data (33).xls,Доля взятых под диспансерное наблюдение детей в возрасте 0–17 лет с впервые в жизни установленными диагнозами по результатам проведения профилактических медицинских осмотров,2026.0,месяц,март,2026-03-31,процент,95.53,07.04.2026,latest,True,
44,Костромская область,КОС,Центральный федеральный округ,6,3,True,Костромская область,2.14.Я3.4,"Доля взятых под диспансерное наблюдение детей в возрасте 0–17 лет с впервые в жизни установленными диагнозами, от общего проведения профилактических медицинских осмотров",data (33).xls,Доля взятых под диспансерное наблюдение детей в возрасте 0–17 лет с впервые в жизни установленными диагнозами по результатам проведения профилактических медицинских осмотров,2026.0,месяц,март,2026-03-31,процент,72.12,07.04.2026,latest,True,
45,Курганская область,КУРГ,Уральский федеральный округ,15,6,True,Курганская область,2.14.Я3.4,"Доля взятых под диспансерное наблюдение детей в возрасте 0–17 лет с впервые в жизни установленными диагнозами, от общего проведения профилактических медицинских осмотров",data (33).xls,Доля взятых под диспансерное наблюдение детей в возрасте 0–17 лет с впервые в жизни установленными диагнозами по результатам проведения профилактических медицинских осмотров,2026.0,месяц,март,2026-03-31,процент,86.36,07.04.2026,latest,True,
46,Курская область,КУР,Центральный федеральный округ,5,5,True,Курская область,2.14.Я3.4,"Доля взятых под диспансерное наблюдение детей в возрасте 0–17 лет с впервые в жизни установленными диагнозами, от общего проведения профилактических медицинских осмотров",data (33).xls,Доля взятых под диспансерное наблюдение детей в возрасте 0–17 лет с впервые в жизни установленными диагнозами по результатам проведения профилактических медицинских осмотров,2026.0,месяц,март,2026-03-31,процент,97.55,07.04.2026,latest,True,
47,Ленинградская область,ЛЕН,Северо-Западный федеральный округ,2,1,True,Ленинградская область,2.14.Я3.4,"Доля взятых под диспансерное наблюдение детей в возрасте 0–17 лет с впервые в жизни установленными диагнозами, от общего проведения профилактических медицинских осмотров",data (33).xls,Доля взятых под диспансерное наблюдение детей в возрасте 0–17 лет с впервые в жизни установленными диагнозами по результатам проведения профилактических медицинских осмотров,2026.0,месяц,март,2026-03-31,процент,90.13,07.04.2026,latest,True,
48,Липецкая область,ЛИП,Центральный федеральный округ,6,5,True,Липецкая область,2.14.Я3.4,"Доля взятых под диспансерное наблюдение детей в возрасте 0–17 лет с впервые в жизни установленными диагнозами, от общего проведения профилактических медицинских осмотров",data (33).xls,Доля взятых под диспансерное наблюдение детей в возрасте 0–17 лет с впервые в жизни установленными диагнозами по результатам проведения профилактических медицинских осмотров,2026.0,месяц,март,2026-03-31,процент,86.23,07.04.2026,latest,True,
49,Магаданская область,МАГ,Дальневосточный федеральный округ,25,2,True,Магаданская область,2.14.Я3.4,"Доля взятых под диспансерное наблюдение детей в возрасте 0–17 лет с впервые в жизни установленными диагнозами, от общего проведения профилактических медицинских осмотров",data (33).xls,Доля взятых под диспансерное наблюдение детей в возрасте 0–17 лет с впервые в жизни установленными диагнозами по результатам проведения профилактических медицинских осмотров,2026.0,месяц,март,2026-03-31,процент,85.89,07.04.2026,latest,True,
50,Московская область,МОСО,Центральный федеральный округ,8,3,True,Московская область,2.14.Я3.4,"Доля взятых под диспансерное наблюдение детей в возрасте 0–17 лет с впервые в жизни установленными диагнозами, от общего проведения профилактических медицинских осмотров",data (33).xls,Доля взятых под диспансерное наблюдение детей в возрасте 0–17 лет с впервые в жизни установленными диагнозами по результатам проведения профилактических медицинских осмотров,2026.0,месяц,март,2026-03-31,процент,92.49,07.04.2026,latest,True,
51,Мурманская область,МУР,Северо-Западный федеральный округ,0,0,True,Мурманская область,2.14.Я3.4,"Доля взятых под диспансерное наблюдение детей в возрасте 0–17 лет с впервые в жизни установленными диагнозами, от общего проведения профилактических медицинских осмотров",data (33).xls,Доля взятых под диспансерное наблюдение детей в возрасте 0–17 лет с впервые в жизни установленными диагнозами по результатам проведения профилактических медицинских осмотров,2026.0,месяц,март,2026-03-31,процент,91.02,07.04.2026,latest,True,
52,Нижегородская область,НИЖ,Приволжский федеральный округ,10,5,True,Нижегородская область,2.14.Я3.4,"Доля взятых под диспансерное наблюдение детей в возрасте 0–17 лет с впервые в жизни установленными диагнозами, от общего проведения профилактических медицинских осмотров",data (33).xls,Доля взятых под диспансерное наблюдение детей в возрасте 0–17 лет с впервые в жизни установленными диагнозами по результатам проведения профилактических медицинских осмотров,2026.0,месяц,март,2026-03-31,процент,93.41,07.04.2026,latest,True,
53,Новгородская область,НВГ,Северо-Западный федеральный округ,3,1,True,Новгородская область,2.14.Я3.4,"Доля взятых под диспансерное наблюдение детей в возрасте 0–17 лет с впервые в жизни установленными диагнозами, от общего проведения профилактических медицинских осмотров",data (33).xls,Доля взятых под диспансерное наблюдение детей в возрасте 0–17 лет с впервые в жизни установленными диагнозами по результатам проведения профилактических медицинских осмотров,2026.0,месяц,март,2026-03-31,процент,89.37,07.04.2026,latest,True,
54,Новосибирская область,НСО,Сибирский федеральный округ,19,5,True,Новосибирская область,2.14.Я3.4,"Доля взятых под диспансерное наблюдение детей в возрасте 0–17 лет с впервые в жизни установленными диагнозами, от общего проведения профилактических медицинских осмотров",data (33).xls,Доля взятых под диспансерное наблюдение детей в возрасте 0–17 лет с впервые в жизни установленными диагнозами по результатам проведения профилактических медицинских осмотров,2026.0,месяц,март,2026-03-31,процент,87.75,07.04.2026,latest,True,
55,Омская область,ОМС,Сибирский федеральный округ,18,5,True,Омская область,2.14.Я3.4,"Доля взятых под диспансерное наблюдение детей в возрасте 0–17 лет с впервые в жизни установленными диагнозами, от общего проведения профилактических медицинских осмотров",data (33).xls,Доля взятых под диспансерное наблюдение детей в возрасте 0–17 лет с впервые в жизни установленными диагнозами по результатам проведения профилактических медицинских осмотров,2026.0,месяц,март,2026-03-31,процент,84.89,07.04.2026,latest,True,
56,Оренбургская область,ОРЕ,Приволжский федеральный округ,12,7,True,Оренбургская область,2.14.Я3.4,"Доля взятых под диспансерное наблюдение детей в возрасте 0–17 лет с впервые в жизни установленными диагнозами, от общего проведения профилактических медицинских осмотров",data (33).xls,Доля взятых под диспансерное наблюдение детей в возрасте 0–17 лет с впервые в жизни установленными диагнозами по результатам проведения профилактических медицинских осмотров,2026.0,месяц,март,2026-03-31,процент,91.48,07.04.2026,latest,True,
57,Орловская область,ОРЛ,Центральный федеральный округ,9,4,True,Орловская область,2.14.Я3.4,"Доля взятых под диспансерное наблюдение детей в возрасте 0–17 лет с впервые в жизни установленными диагнозами, от общего проведения профилактических медицинских осмотров",data (33).xls,Доля взятых под диспансерное наблюдение детей в возрасте 0–17 лет с впервые в жизни установленными диагнозами по результатам проведения профилактических медицинских осмотров,2026.0,месяц,март,2026-03-31,процент,78.41,07.04.2026,latest,True,
58,Пензенская область,ПЕН,Приволжский федеральный округ,13,6,True,Пензенская область,2.14.Я3.4,"Доля взятых под диспансерное наблюдение детей в возрасте 0–17 лет с впервые в жизни установленными диагнозами, от общего проведения профилактических медицинских осмотров",data (33).xls,Доля взятых под диспансерное наблюдение детей в возрасте 0–17 лет с впервые в жизни установленными диагнозами по результатам проведения профилактических медицинских осмотров,2026.0,месяц,март,2026-03-31,процент,98.01,07.04.2026,latest,True,
59,Пермский край,ПЕР,Приволжский федеральный округ,12,5,True,Пермский край,2.14.Я3.4,"Доля взятых под диспансерное наблюдение детей в возрасте 0–17 лет с впервые в жизни установленными диагнозами, от общего проведения профилактических медицинских осмотров",data (33).xls,Доля взятых под диспансерное наблюдение детей в возрасте 0–17 лет с впервые в жизни установленными диагнозами по результатам проведения профилактических медицинских осмотров,2026.0,месяц,март,2026-03-31,процент,90.13,07.04.2026,latest,True,
60,Псковская область,ПСК,Северо-Западный федеральный округ,0,2,True,Псковская область,2.14.Я3.4,"Доля взятых под диспансерное наблюдение детей в возрасте 0–17 лет с впервые в жизни установленными диагнозами, от общего проведения профилактических медицинских осмотров",data (33).xls,Доля взятых под диспансерное наблюдение детей в возрасте 0–17 лет с впервые в жизни установленными диагнозами по результатам проведения профилактических медицинских осмотров,2026.0,месяц,март,2026-03-31,процент,96.78,07.04.2026,latest,True,
61,Ростовская область,РОС,Южный федеральный округ,3,8,True,Ростовская область,2.14.Я3.4,"Доля взятых под диспансерное наблюдение детей в возрасте 0–17 лет с впервые в жизни установленными диагнозами, от общего проведения профилактических медицинских осмотров",data (33).xls,Доля взятых под диспансерное наблюдение детей в возрасте 0–17 лет с впервые в жизни установленными диагнозами по результатам проведения профилактических медицинских осмотров,2026.0,месяц,март,2026-03-31,процент,87.18,07.04.2026,latest,True,
62,Рязанская область,РЯЗ,Центральный федеральный округ,4,5,True,Рязанская область,2.14.Я3.4,"Доля взятых под диспансерное наблюдение детей в возрасте 0–17 лет с впервые в жизни установленными диагнозами, от общего проведения профилактических медицинских осмотров",data (33).xls,Доля взятых под диспансерное наблюдение детей в возрасте 0–17 лет с впервые в жизни установленными диагнозами по результатам проведения профилактических медицинских осмотров,2026.0,месяц,март,2026-03-31,процент,86.09,07.04.2026,latest,True,
63,Самарская область,САМ,Приволжский федеральный округ,10,7,True,Самарская область,2.14.Я3.4,"Доля взятых под диспансерное наблюдение детей в возрасте 0–17 лет с впервые в жизни установленными диагнозами, от общего проведения профилактических медицинских осмотров",data (33).xls,Доля взятых под диспансерное наблюдение детей в возрасте 0–17 лет с впервые в жизни установленными диагнозами по результатам проведения профилактических медицинских осмотров,2026.0,месяц,март,2026-03-31,процент,80.1,07.04.2026,latest,True,
64,Саратовская область,САР,Приволжский федеральный округ,11,7,True,Саратовская область,2.14.Я3.4,"Доля взятых под диспансерное наблюдение детей в возрасте 0–17 лет с впервые в жизни установленными диагнозами, от общего проведения профилактических медицинских осмотров",data (33).xls,Доля взятых под диспансерное наблюдение детей в возрасте 0–17 лет с впервые в жизни установленными диагнозами по результатам проведения профилактических медицинских осмотров,2026.0,месяц,март,2026-03-31,процент,84.0,07.04.2026,latest,True,
65,Сахалинская область,САХ,Дальневосточный федеральный округ,24,4,True,Сахалинская область,2.14.Я3.4,"Доля взятых под диспансерное наблюдение детей в возрасте 0–17 лет с впервые в жизни установленными диагнозами, от общего проведения профилактических медицинских осмотров",data (33).xls,Доля взятых под диспансерное наблюдение детей в возрасте 0–17 лет с впервые в жизни установленными диагнозами по результатам проведения профилактических медицинских осмотров,2026.0,месяц,март,2026-03-31,процент,77.82,07.04.2026,latest,True,
66,Свердловская область,СВР,Уральский федеральный округ,15,5,True,Свердловская область,2.14.Я3.4,"Доля взятых под диспансерное наблюдение детей в возрасте 0–17 лет с впервые в жизни установленными диагнозами, от общего проведения профилактических медицинских осмотров",data (33).xls,Доля взятых под диспансерное наблюдение детей в возрасте 0–17 лет с впервые в жизни установленными диагнозами по результатам проведения профилактических медицинских осмотров,2026.0,месяц,март,2026-03-31,процент,94.83,07.04.2026,latest,True,
67,Смоленская область,СМЛ,Центральный федеральный округ,7,3,True,Смоленская область,2.14.Я3.4,"Доля взятых под диспансерное наблюдение детей в возрасте 0–17 лет с впервые в жизни установленными диагнозами, от общего проведения профилактических медицинских осмотров",data (33).xls,Доля взятых под диспансерное наблюдение детей в возрасте 0–17 лет с впервые в жизни установленными диагнозами по результатам проведения профилактических медицинских осмотров,2026.0,месяц,март,2026-03-31,процент,85.06,07.04.2026,latest,True,
68,Тамбовская область,ТАМ,Центральный федеральный округ,7,5,True,Тамбовская область,2.14.Я3.4,"Доля взятых под диспансерное наблюдение детей в возрасте 0–17 лет с впервые в жизни установленными диагнозами, от общего проведения профилактических медицинских осмотров",data (33).xls,Доля взятых под диспансерное наблюдение детей в возрасте 0–17 лет с впервые в жизни установленными диагнозами по результатам проведения профилактических медицинских осмотров,2026.0,месяц,март,2026-03-31,процент,95.97,07.04.2026,latest,True,
69,Тверская область,ТВЕ,Центральный федеральный округ,4,3,True,Тверская область,2.14.Я3.4,"Доля взятых под диспансерное наблюдение детей в возрасте 0–17 лет с впервые в жизни установленными диагнозами, от общего проведения профилактических медицинских осмотров",data (33).xls,Доля взятых под диспансерное наблюдение детей в возрасте 0–17 лет с впервые в жизни установленными диагнозами по результатам проведения профилактических медицинских осмотров,2026.0,месяц,март,2026-03-31,процент,79.4,07.04.2026,latest,True,
70,Томская область,ТОМ,Сибирский федеральный округ,20,5,True,Томская область,2.14.Я3.4,"Доля взятых под диспансерное наблюдение детей в возрасте 0–17 лет с впервые в жизни установленными диагнозами, от общего проведения профилактических медицинских осмотров",data (33).xls,Доля взятых под диспансерное наблюдение детей в возрасте 0–17 лет с впервые в жизни установленными диагнозами по результатам проведения профилактических медицинских осмотров,2026.0,месяц,март,2026-03-31,процент,69.53,07.04.2026,latest,True,
71,Тульская область,ТУЛ,Центральный федеральный округ,5,4,True,Тульская область,2.14.Я3.4,"Доля взятых под диспансерное наблюдение детей в возрасте 0–17 лет с впервые в жизни установленными диагнозами, от общего проведения профилактических медицинских осмотров",data (33).xls,Доля взятых под диспансерное наблюдение детей в возрасте 0–17 лет с впервые в жизни установленными диагнозами по результатам проведения профилактических медицинских осмотров,2026.0,месяц,март,2026-03-31,процент,86.58,07.04.2026,latest,True,
72,Тюменская область,ТЮМ,Уральский федеральный округ,16,6,True,Тюменская область,2.14.Я3.4,"Доля взятых под диспансерное наблюдение детей в возрасте 0–17 лет с впервые в жизни установленными диагнозами, от общего проведения профилактических медицинских осмотров",data (33).xls,Доля взятых под диспансерное наблюдение детей в возрасте 0–17 лет с впервые в жизни установленными диагнозами по результатам проведения профилактических медицинских осмотров,2026.0,месяц,март,2026-03-31,процент,91.47,07.04.2026,latest,True,
73,Ульяновская область,УЛЬ,Приволжский федеральный округ,14,6,True,Ульяновская область,2.14.Я3.4,"Доля взятых под диспансерное наблюдение детей в возрасте 0–17 лет с впервые в жизни установленными диагнозами, от общего проведения профилактических медицинских осмотров",data (33).xls,Доля взятых под диспансерное наблюдение детей в возрасте 0–17 лет с впервые в жизни установленными диагнозами по результатам проведения профилактических медицинских осмотров,2026.0,месяц,март,2026-03-31,процент,97.78,07.04.2026,latest,True,
74,Челябинская область,ЧЕЛ,Уральский федеральный округ,17,6,True,Челябинская область,2.14.Я3.4,"Доля взятых под диспансерное наблюдение детей в возрасте 0–17 лет с впервые в жизни установленными диагнозами, от общего проведения профилактических медицинских осмотров",data (33).xls,Доля взятых под диспансерное наблюдение детей в возрасте 0–17 лет с впервые в жизни установленными диагнозами по результатам проведения профилактических медицинских осмотров,2026.0,месяц,март,2026-03-31,процент,64.33,07.04.2026,latest,True,
75,Забайкальский край,ЗАБ,Дальневосточный федеральный округ,22,3,True,Забайкальский край,2.14.Я3.4,"Доля взятых под диспансерное наблюдение детей в возрасте 0–17 лет с впервые в жизни установленными диагнозами, от общего проведения профилактических медицинских осмотров",data (33).xls,Доля взятых под диспансерное наблюдение детей в возрасте 0–17 лет с впервые в жизни установленными диагнозами по результатам проведения профилактических медицинских осмотров,2026.0,месяц,март,2026-03-31,процент,82.07,07.04.2026,latest,True,
76,Ярославская область,ЯРС,Центральный федеральный округ,5,3,True,Ярославская область,2.14.Я3.4,"Доля взятых под диспансерное наблюдение детей в возрасте 0–17 лет с впервые в жизни установленными диагнозами, от общего проведения профилактических медицинских осмотров",data (33).xls,Доля взятых под диспансерное наблюдение детей в возрасте 0–17 лет с впервые в жизни установленными диагнозами по результатам проведения профилактических медицинских осмотров,2026.0,месяц,март,2026-03-31,процент,86.29,07.04.2026,latest,True,
77,Москва,МСК,Центральный федеральный округ,9,3,True,Город Москва столица Российской Федерации город федерального значения,2.14.Я3.4,"Доля взятых под диспансерное наблюдение детей в возрасте 0–17 лет с впервые в жизни установленными диагнозами, от общего проведения профилактических медицинских осмотров",data (33).xls,Доля взятых под диспансерное наблюдение детей в возрасте 0–17 лет с впервые в жизни установленными диагнозами по результатам проведения профилактических медицинских осмотров,2026.0,месяц,март,2026-03-31,процент,100.0,07.04.2026,latest,True,
78,Санкт-Петербург,СПБ,Северо-Западный федеральный округ,1,1,True,Город Санкт-Петербург город федерального значения,2.14.Я3.4,"Доля взятых под диспансерное наблюдение детей в возрасте 0–17 лет с впервые в жизни установленными диагнозами, от общего проведения профилактических медицинских осмотров",data (33).xls,Доля взятых под диспансерное наблюдение детей в возрасте 0–17 лет с впервые в жизни установленными диагнозами по результатам проведения профилактических медицинских осмотров,2026.0,месяц,март,2026-03-31,процент,98.41,07.04.2026,latest,True,
79,Еврейская автономная область,ЕАО,Дальневосточный федеральный округ,25,3,True,Еврейская автономная область,2.14.Я3.4,"Доля взятых под диспансерное наблюдение детей в возрасте 0–17 лет с впервые в жизни установленными диагнозами, от общего проведения профилактических медицинских осмотров",data (33).xls,Доля взятых под диспансерное наблюдение детей в возрасте 0–17 лет с впервые в жизни установленными диагнозами по результатам проведения профилактических медицинских осмотров,2026.0,месяц,март,2026-03-31,процент,40.76,07.04.2026,latest,True,
83,Ненецкий автономный округ,НАО,Северо-Западный федеральный округ,3,0,True,Ненецкий автономный округ,2.14.Я3.4,"Доля взятых под диспансерное наблюдение детей в возрасте 0–17 лет с впервые в жизни установленными диагнозами, от общего проведения профилактических медицинских осмотров",data (33).xls,Доля взятых под диспансерное наблюдение детей в возрасте 0–17 лет с впервые в жизни установленными диагнозами по результатам проведения профилактических медицинских осмотров,2026.0,месяц,март,2026-03-31,процент,90.62,07.04.2026,latest,True,
86,Ханты-Мансийский автономный округ - Югра,ХМАО,Уральский федеральный округ,16,5,True,Ханты-Мансийский автономный округ - Югра,2.14.Я3.4,"Доля взятых под диспансерное наблюдение детей в возрасте 0–17 лет с впервые в жизни установленными диагнозами, от общего проведения профилактических медицинских осмотров",data (33).xls,Доля взятых под диспансерное наблюдение детей в возрасте 0–17 лет с впервые в жизни установленными диагнозами по результатам проведения профилактических медицинских осмотров,2026.0,месяц,март,2026-03-31,процент,82.23,07.04.2026,latest,True,
87,Чукотский автономный округ,ЧУК,Дальневосточный федеральный округ,23,2,True,Чукотский автономный округ,2.14.Я3.4,"Доля взятых под диспансерное наблюдение детей в возрасте 0–17 лет с впервые в жизни установленными диагнозами, от общего проведения профилактических медицинских осмотров",data (33).xls,Доля взятых под диспансерное наблюдение детей в возрасте 0–17 лет с впервые в жизни установленными диагнозами по результатам проведения профилактических медицинских осмотров,2026.0,месяц,март,2026-03-31,процент,55.21,07.04.2026,latest,True,
89,Ямало-Ненецкий автономный округ,ЯНАО,Уральский федеральный округ,17,5,True,Ямало-Ненецкий автономный округ,2.14.Я3.4,"Доля взятых под диспансерное наблюдение детей в возрасте 0–17 лет с впервые в жизни установленными диагнозами, от общего проведения профилактических медицинских осмотров",data (33).xls,Доля взятых под диспансерное наблюдение детей в возрасте 0–17 лет с впервые в жизни установленными диагнозами по результатам проведения профилактических медицинских осмотров,2026.0,месяц,март,2026-03-31,процент,86.79,07.04.2026,latest,True,
90,Запорожская область,ЗАП,Новые регионы / Южный макрорегион,9,9,True,,,,,,,,,,,,,latest,False,Нет данных в переданной выгрузке ЕМИСС для выбранного периода/показателя
91,Республика Крым,КРЫ,Южный федеральный округ,5,9,True,Республика Крым,2.14.Я3.4,"Доля взятых под диспансерное наблюдение детей в возрасте 0–17 лет с впервые в жизни установленными диагнозами, от общего проведения профилактических медицинских осмотров",data (33).xls,Доля взятых под диспансерное наблюдение детей в возрасте 0–17 лет с впервые в жизни установленными диагнозами по результатам проведения профилактических медицинских осмотров,2026.0,месяц,март,2026-03-31,процент,71.41,07.04.2026,latest,True,
92,Севастополь,СЕВ,Южный федеральный округ,6,9,True,Город федерального значения Севастополь,2.14.Я3.4,"Доля взятых под диспансерное наблюдение детей в возрасте 0–17 лет с впервые в жизни установленными диагнозами, от общего проведения профилактических медицинских осмотров",data (33).xls,Доля взятых под диспансерное наблюдение детей в возрасте 0–17 лет с впервые в жизни установленными диагнозами по результатам проведения профилактических медицинских осмотров,2026.0,месяц,март,2026-03-31,процент,74.58,07.04.2026,latest,True,
93,Донецкая Народная Республика,ДНР,Новые регионы / Южный макрорегион,7,9,True,,,,,,,,,,,,,latest,False,Нет данных в переданной выгрузке ЕМИСС для выбранного периода/показателя
94,Луганская Народная Республика,ЛНР,Новые регионы / Южный макрорегион,8,9,True,,,,,,,,,,,,,latest,False,Нет данных в переданной выгрузке ЕМИСС для выбранного периода/показателя
95,Херсонская область,ХЕР,Новые регионы / Южный макрорегион,10,9,True,,,,,,,,,,,,,latest,False,Нет данных в переданной выгрузке ЕМИСС для выбранного периода/показателя
01,Республика Адыгея,АД,Южный федеральный округ,4,9,True,Республика Адыгея (Адыгея),2.14.Я3.5,"Доля беременных женщин, обратившихся в медицинские организации в ситуации репродуктивного выбора, получивших услуги по оказанию правовой, психологической и медико-социальной помощи, и вставших на учет по беременности",data (34).xls,"Доля беременных женщин, обратившихся в медицинские организации в ситуации репродуктивного выбора, получивших, в том числе услуги по оказанию правовой, психологической и медико-социальной помощи, и вставших на учет по беременности",2026.0,месяц,март,2026-03-31,процент,35.49,07.04.2026,latest,True,
02,Республика Башкортостан,БА,Приволжский федеральный округ,13,7,True,Республика Башкортостан,2.14.Я3.5,"Доля беременных женщин, обратившихся в медицинские организации в ситуации репродуктивного выбора, получивших услуги по оказанию правовой, психологической и медико-социальной помощи, и вставших на учет по беременности",data (34).xls,"Доля беременных женщин, обратившихся в медицинские организации в ситуации репродуктивного выбора, получивших, в том числе услуги по оказанию правовой, психологической и медико-социальной помощи, и вставших на учет по беременности",2026.0,месяц,март,2026-03-31,процент,38.31,07.04.2026,latest,True,
03,Республика Бурятия,БУР,Дальневосточный федеральный округ,23,3,True,Республика Бурятия,2.14.Я3.5,"Доля беременных женщин, обратившихся в медицинские организации в ситуации репродуктивного выбора, получивших услуги по оказанию правовой, психологической и медико-социальной помощи, и вставших на учет по беременности",data (34).xls,"Доля беременных женщин, обратившихся в медицинские организации в ситуации репродуктивного выбора, получивших, в том числе услуги по оказанию правовой, психологической и медико-социальной помощи, и вставших на учет по беременности",2026.0,месяц,март,2026-03-31,процент,22.03,07.04.2026,latest,True,
04,Республика Алтай,АЛР,Сибирский федеральный округ,19,6,True,Республика Алтай,2.14.Я3.5,"Доля беременных женщин, обратившихся в медицинские организации в ситуации репродуктивного выбора, получивших услуги по оказанию правовой, психологической и медико-социальной помощи, и вставших на учет по беременности",data (34).xls,"Доля беременных женщин, обратившихся в медицинские организации в ситуации репродуктивного выбора, получивших, в том числе услуги по оказанию правовой, психологической и медико-социальной помощи, и вставших на учет по беременности",2026.0,месяц,март,2026-03-31,процент,34.72,07.04.2026,latest,True,
05,Республика Дагестан,ДАГ,Северо-Кавказский федеральный округ,9,12,True,Республика Дагестан,2.14.Я3.5,"Доля беременных женщин, обратившихся в медицинские организации в ситуации репродуктивного выбора, получивших услуги по оказанию правовой, психологической и медико-социальной помощи, и вставших на учет по беременности",data (34).xls,"Доля беременных женщин, обратившихся в медицинские организации в ситуации репродуктивного выбора, получивших, в том числе услуги по оказанию правовой, психологической и медико-социальной помощи, и вставших на учет по беременности",2026.0,месяц,март,2026-03-31,процент,18.97,07.04.2026,latest,True,
06,Республика Ингушетия,ИНГ,Северо-Кавказский федеральный округ,7,12,True,Республика Ингушетия,2.14.Я3.5,"Доля беременных женщин, обратившихся в медицинские организации в ситуации репродуктивного выбора, получивших услуги по оказанию правовой, психологической и медико-социальной помощи, и вставших на учет по беременности",data (34).xls,"Доля беременных женщин, обратившихся в медицинские организации в ситуации репродуктивного выбора, получивших, в том числе услуги по оказанию правовой, психологической и медико-социальной помощи, и вставших на учет по беременности",2026.0,месяц,март,2026-03-31,процент,100.0,07.04.2026,latest,True,
07,Кабардино-Балкарская Республика,КБР,Северо-Кавказский федеральный округ,9,11,True,Кабардино-Балкарская Республика,2.14.Я3.5,"Доля беременных женщин, обратившихся в медицинские организации в ситуации репродуктивного выбора, получивших услуги по оказанию правовой, психологической и медико-социальной помощи, и вставших на учет по беременности",data (34).xls,"Доля беременных женщин, обратившихся в медицинские организации в ситуации репродуктивного выбора, получивших, в том числе услуги по оказанию правовой, психологической и медико-социальной помощи, и вставших на учет по беременности",2026.0,месяц,март,2026-03-31,процент,100.0,07.04.2026,latest,True,
08,Республика Калмыкия,КАЛ,Южный федеральный округ,6,8,True,Республика Калмыкия,2.14.Я3.5,"Доля беременных женщин, обратившихся в медицинские организации в ситуации репродуктивного выбора, получивших услуги по оказанию правовой, психологической и медико-социальной помощи, и вставших на учет по беременности",data (34).xls,"Доля беременных женщин, обратившихся в медицинские организации в ситуации репродуктивного выбора, получивших, в том числе услуги по оказанию правовой, психологической и медико-социальной помощи, и вставших на учет по беременности",2026.0,месяц,март,2026-03-31,процент,20.0,07.04.2026,latest,True,
09,Карачаево-Черкесская Республика,КЧР,Северо-Кавказский федеральный округ,8,11,True,Карачаево-Черкесская Республика,2.14.Я3.5,"Доля беременных женщин, обратившихся в медицинские организации в ситуации репродуктивного выбора, получивших услуги по оказанию правовой, психологической и медико-социальной помощи, и вставших на учет по беременности",data (34).xls,"Доля беременных женщин, обратившихся в медицинские организации в ситуации репродуктивного выбора, получивших, в том числе услуги по оказанию правовой, психологической и медико-социальной помощи, и вставших на учет по беременности",2026.0,месяц,март,2026-03-31,процент,34.69,07.04.2026,latest,True,
10,Республика Карелия,КАР,Северо-Западный федеральный округ,1,0,True,Республика Карелия,2.14.Я3.5,"Доля беременных женщин, обратившихся в медицинские организации в ситуации репродуктивного выбора, получивших услуги по оказанию правовой, психологической и медико-социальной помощи, и вставших на учет по беременности",data (34).xls,"Доля беременных женщин, обратившихся в медицинские организации в ситуации репродуктивного выбора, получивших, в том числе услуги по оказанию правовой, психологической и медико-социальной помощи, и вставших на учет по беременности",2026.0,месяц,март,2026-03-31,процент,13.48,07.04.2026,latest,True,
11,Республика Коми,КОМ,Северо-Западный федеральный округ,2,2,True,Республика Коми,2.14.Я3.5,"Доля беременных женщин, обратившихся в медицинские организации в ситуации репродуктивного выбора, получивших услуги по оказанию правовой, психологической и медико-социальной помощи, и вставших на учет по беременности",data (34).xls,"Доля беременных женщин, обратившихся в медицинские организации в ситуации репродуктивного выбора, получивших, в том числе услуги по оказанию правовой, психологической и медико-социальной помощи, и вставших на учет по беременности",2026.0,месяц,март,2026-03-31,процент,15.56,07.04.2026,latest,True,
12,Республика Марий Эл,МЭ,Приволжский федеральный округ,10,6,True,Республика Марий Эл,2.14.Я3.5,"Доля беременных женщин, обратившихся в медицинские организации в ситуации репродуктивного выбора, получивших услуги по оказанию правовой, психологической и медико-социальной помощи, и вставших на учет по беременности",data (34).xls,"Доля беременных женщин, обратившихся в медицинские организации в ситуации репродуктивного выбора, получивших, в том числе услуги по оказанию правовой, психологической и медико-социальной помощи, и вставших на учет по беременности",2026.0,месяц,март,2026-03-31,процент,22.64,07.04.2026,latest,True,
13,Республика Мордовия,МОР,Приволжский федеральный округ,12,6,True,Республика Мордовия,2.14.Я3.5,"Доля беременных женщин, обратившихся в медицинские организации в ситуации репродуктивного выбора, получивших услуги по оказанию правовой, психологической и медико-социальной помощи, и вставших на учет по беременности",data (34).xls,"Доля беременных женщин, обратившихся в медицинские организации в ситуации репродуктивного выбора, получивших, в том числе услуги по оказанию правовой, психологической и медико-социальной помощи, и вставших на учет по беременности",2026.0,месяц,март,2026-03-31,процент,51.13,07.04.2026,latest,True,
14,Республика Саха (Якутия),ЯКТ,Дальневосточный федеральный округ,22,2,True,Республика Саха (Якутия),2.14.Я3.5,"Доля беременных женщин, обратившихся в медицинские организации в ситуации репродуктивного выбора, получивших услуги по оказанию правовой, психологической и медико-социальной помощи, и вставших на учет по беременности",data (34).xls,"Доля беременных женщин, обратившихся в медицинские организации в ситуации репродуктивного выбора, получивших, в том числе услуги по оказанию правовой, психологической и медико-социальной помощи, и вставших на учет по беременности",2026.0,месяц,март,2026-03-31,процент,16.28,07.04.2026,latest,True,
15,Республика Северная Осетия - Алания,СОА,Северо-Кавказский федеральный округ,10,11,True,Республика Северная Осетия - Алания,2.14.Я3.5,"Доля беременных женщин, обратившихся в медицинские организации в ситуации репродуктивного выбора, получивших услуги по оказанию правовой, психологической и медико-социальной помощи, и вставших на учет по беременности",data (34).xls,"Доля беременных женщин, обратившихся в медицинские организации в ситуации репродуктивного выбора, получивших, в том числе услуги по оказанию правовой, психологической и медико-социальной помощи, и вставших на учет по беременности",2026.0,месяц,март,2026-03-31,процент,13.66,07.04.2026,latest,True,
16,Республика Татарстан,ТАТ,Приволжский федеральный округ,14,5,True,Республика Татарстан (Татарстан),2.14.Я3.5,"Доля беременных женщин, обратившихся в медицинские организации в ситуации репродуктивного выбора, получивших услуги по оказанию правовой, психологической и медико-социальной помощи, и вставших на учет по беременности",data (34).xls,"Доля беременных женщин, обратившихся в медицинские организации в ситуации репродуктивного выбора, получивших, в том числе услуги по оказанию правовой, психологической и медико-социальной помощи, и вставших на учет по беременности",2026.0,месяц,март,2026-03-31,процент,46.03,07.04.2026,latest,True,
17,Республика Тыва,ТЫВ,Сибирский федеральный округ,19,7,True,Республика Тыва,2.14.Я3.5,"Доля беременных женщин, обратившихся в медицинские организации в ситуации репродуктивного выбора, получивших услуги по оказанию правовой, психологической и медико-социальной помощи, и вставших на учет по беременности",data (34).xls,"Доля беременных женщин, обратившихся в медицинские организации в ситуации репродуктивного выбора, получивших, в том числе услуги по оказанию правовой, психологической и медико-социальной помощи, и вставших на учет по беременности",2026.0,месяц,март,2026-03-31,процент,14.95,07.04.2026,latest,True,
18,Удмуртская Республика,УДМ,Приволжский федеральный округ,13,5,True,Удмуртская Республика,2.14.Я3.5,"Доля беременных женщин, обратившихся в медицинские организации в ситуации репродуктивного выбора, получивших услуги по оказанию правовой, психологической и медико-социальной помощи, и вставших на учет по беременности",data (34).xls,"Доля беременных женщин, обратившихся в медицинские организации в ситуации репродуктивного выбора, получивших, в том числе услуги по оказанию правовой, психологической и медико-социальной помощи, и вставших на учет по беременности",2026.0,месяц,март,2026-03-31,процент,38.12,07.04.2026,latest,True,
19,Республика Хакасия,ХАК,Сибирский федеральный округ,20,6,True,Республика Хакасия,2.14.Я3.5,"Доля беременных женщин, обратившихся в медицинские организации в ситуации репродуктивного выбора, получивших услуги по оказанию правовой, психологической и медико-социальной помощи, и вставших на учет по беременности",data (34).xls,"Доля беременных женщин, обратившихся в медицинские организации в ситуации репродуктивного выбора, получивших, в том числе услуги по оказанию правовой, психологической и медико-социальной помощи, и вставших на учет по беременности",2026.0,месяц,март,2026-03-31,процент,22.76,07.04.2026,latest,True,
20,Чеченская Республика,ЧЕЧ,Северо-Кавказский федеральный округ,8,12,True,Чеченская Республика,2.14.Я3.5,"Доля беременных женщин, обратившихся в медицинские организации в ситуации репродуктивного выбора, получивших услуги по оказанию правовой, психологической и медико-социальной помощи, и вставших на учет по беременности",data (34).xls,"Доля беременных женщин, обратившихся в медицинские организации в ситуации репродуктивного выбора, получивших, в том числе услуги по оказанию правовой, психологической и медико-социальной помощи, и вставших на учет по беременности",2026.0,месяц,март,2026-03-31,процент,0.0,07.04.2026,latest,True,
21,Чувашская Республика - Чувашия,ЧУВ,Приволжский федеральный округ,11,6,True,Чувашская Республика - Чувашия,2.14.Я3.5,"Доля беременных женщин, обратившихся в медицинские организации в ситуации репродуктивного выбора, получивших услуги по оказанию правовой, психологической и медико-социальной помощи, и вставших на учет по беременности",data (34).xls,"Доля беременных женщин, обратившихся в медицинские организации в ситуации репродуктивного выбора, получивших, в том числе услуги по оказанию правовой, психологической и медико-социальной помощи, и вставших на учет по беременности",2026.0,месяц,март,2026-03-31,процент,23.27,07.04.2026,latest,True,
22,Алтайский край,АЛК,Сибирский федеральный округ,18,6,True,Алтайский край,2.14.Я3.5,"Доля беременных женщин, обратившихся в медицинские организации в ситуации репродуктивного выбора, получивших услуги по оказанию правовой, психологической и медико-социальной помощи, и вставших на учет по беременности",data (34).xls,"Доля беременных женщин, обратившихся в медицинские организации в ситуации репродуктивного выбора, получивших, в том числе услуги по оказанию правовой, психологической и медико-социальной помощи, и вставших на учет по беременности",2026.0,месяц,март,2026-03-31,процент,34.01,07.04.2026,latest,True,
23,Краснодарский край,КДР,Южный федеральный округ,3,9,True,Краснодарский край,2.14.Я3.5,"Доля беременных женщин, обратившихся в медицинские организации в ситуации репродуктивного выбора, получивших услуги по оказанию правовой, психологической и медико-социальной помощи, и вставших на учет по беременности",data (34).xls,"Доля беременных женщин, обратившихся в медицинские организации в ситуации репродуктивного выбора, получивших, в том числе услуги по оказанию правовой, психологической и медико-социальной помощи, и вставших на учет по беременности",2026.0,месяц,март,2026-03-31,процент,51.39,07.04.2026,latest,True,
24,Красноярский край,КРЯ,Сибирский федеральный округ,21,6,True,Красноярский край,2.14.Я3.5,"Доля беременных женщин, обратившихся в медицинские организации в ситуации репродуктивного выбора, получивших услуги по оказанию правовой, психологической и медико-социальной помощи, и вставших на учет по беременности",data (34).xls,"Доля беременных женщин, обратившихся в медицинские организации в ситуации репродуктивного выбора, получивших, в том числе услуги по оказанию правовой, психологической и медико-социальной помощи, и вставших на учет по беременности",2026.0,месяц,март,2026-03-31,процент,25.55,07.04.2026,latest,True,
25,Приморский край,ПРИ,Дальневосточный федеральный округ,23,4,True,Приморский край,2.14.Я3.5,"Доля беременных женщин, обратившихся в медицинские организации в ситуации репродуктивного выбора, получивших услуги по оказанию правовой, психологической и медико-социальной помощи, и вставших на учет по беременности",data (34).xls,"Доля беременных женщин, обратившихся в медицинские организации в ситуации репродуктивного выбора, получивших, в том числе услуги по оказанию правовой, психологической и медико-социальной помощи, и вставших на учет по беременности",2026.0,месяц,март,2026-03-31,процент,33.95,07.04.2026,latest,True,
26,Ставропольский край,СТА,Северо-Кавказский федеральный округ,7,11,True,Ставропольский край,2.14.Я3.5,"Доля беременных женщин, обратившихся в медицинские организации в ситуации репродуктивного выбора, получивших услуги по оказанию правовой, психологической и медико-социальной помощи, и вставших на учет по беременности",data (34).xls,"Доля беременных женщин, обратившихся в медицинские организации в ситуации репродуктивного выбора, получивших, в том числе услуги по оказанию правовой, психологической и медико-социальной помощи, и вставших на учет по беременности",2026.0,месяц,март,2026-03-31,процент,27.0,07.04.2026,latest,True,
27,Хабаровский край,ХАБ,Дальневосточный федеральный округ,22,4,True,Хабаровский край,2.14.Я3.5,"Доля беременных женщин, обратившихся в медицинские организации в ситуации репродуктивного выбора, получивших услуги по оказанию правовой, психологической и медико-социальной помощи, и вставших на учет по беременности",data (34).xls,"Доля беременных женщин, обратившихся в медицинские организации в ситуации репродуктивного выбора, получивших, в том числе услуги по оказанию правовой, психологической и медико-социальной помощи, и вставших на учет по беременности",2026.0,месяц,март,2026-03-31,процент,24.35,07.04.2026,latest,True,
28,Амурская область,АМУ,Дальневосточный федеральный округ,24,3,True,Амурская область,2.14.Я3.5,"Доля беременных женщин, обратившихся в медицинские организации в ситуации репродуктивного выбора, получивших услуги по оказанию правовой, психологической и медико-социальной помощи, и вставших на учет по беременности",data (34).xls,"Доля беременных женщин, обратившихся в медицинские организации в ситуации репродуктивного выбора, получивших, в том числе услуги по оказанию правовой, психологической и медико-социальной помощи, и вставших на учет по беременности",2026.0,месяц,март,2026-03-31,процент,16.4,07.04.2026,latest,True,
29,Архангельская область,АРХ,Северо-Западный федеральный округ,2,0,True,Архангельская область,2.14.Я3.5,"Доля беременных женщин, обратившихся в медицинские организации в ситуации репродуктивного выбора, получивших услуги по оказанию правовой, психологической и медико-социальной помощи, и вставших на учет по беременности",data (34).xls,"Доля беременных женщин, обратившихся в медицинские организации в ситуации репродуктивного выбора, получивших, в том числе услуги по оказанию правовой, психологической и медико-социальной помощи, и вставших на учет по беременности",2026.0,месяц,март,2026-03-31,процент,24.49,07.04.2026,latest,True,
30,Астраханская область,АСТ,Южный федеральный округ,5,8,True,Астраханская область,2.14.Я3.5,"Доля беременных женщин, обратившихся в медицинские организации в ситуации репродуктивного выбора, получивших услуги по оказанию правовой, психологической и медико-социальной помощи, и вставших на учет по беременности",data (34).xls,"Доля беременных женщин, обратившихся в медицинские организации в ситуации репродуктивного выбора, получивших, в том числе услуги по оказанию правовой, психологической и медико-социальной помощи, и вставших на учет по беременности",2026.0,месяц,март,2026-03-31,процент,43.1,07.04.2026,latest,True,
31,Белгородская область,БЕЛ,Центральный федеральный округ,8,5,True,Белгородская область,2.14.Я3.5,"Доля беременных женщин, обратившихся в медицинские организации в ситуации репродуктивного выбора, получивших услуги по оказанию правовой, психологической и медико-социальной помощи, и вставших на учет по беременности",data (34).xls,"Доля беременных женщин, обратившихся в медицинские организации в ситуации репродуктивного выбора, получивших, в том числе услуги по оказанию правовой, психологической и медико-социальной помощи, и вставших на учет по беременности",2026.0,месяц,март,2026-03-31,процент,29.33,07.04.2026,latest,True,
32,Брянская область,БРЯ,Центральный федеральный округ,8,4,True,Брянская область,2.14.Я3.5,"Доля беременных женщин, обратившихся в медицинские организации в ситуации репродуктивного выбора, получивших услуги по оказанию правовой, психологической и медико-социальной помощи, и вставших на учет по беременности",data (34).xls,"Доля беременных женщин, обратившихся в медицинские организации в ситуации репродуктивного выбора, получивших, в том числе услуги по оказанию правовой, психологической и медико-социальной помощи, и вставших на учет по беременности",2026.0,месяц,март,2026-03-31,процент,24.86,07.04.2026,latest,True,
33,Владимирская область,ВЛД,Центральный федеральный округ,6,4,True,Владимирская область,2.14.Я3.5,"Доля беременных женщин, обратившихся в медицинские организации в ситуации репродуктивного выбора, получивших услуги по оказанию правовой, психологической и медико-социальной помощи, и вставших на учет по беременности",data (34).xls,"Доля беременных женщин, обратившихся в медицинские организации в ситуации репродуктивного выбора, получивших, в том числе услуги по оказанию правовой, психологической и медико-социальной помощи, и вставших на учет по беременности",2026.0,месяц,март,2026-03-31,процент,28.05,07.04.2026,latest,True,
34,Волгоградская область,ВГГ,Южный федеральный округ,4,8,True,Волгоградская область,2.14.Я3.5,"Доля беременных женщин, обратившихся в медицинские организации в ситуации репродуктивного выбора, получивших услуги по оказанию правовой, психологической и медико-социальной помощи, и вставших на учет по беременности",data (34).xls,"Доля беременных женщин, обратившихся в медицинские организации в ситуации репродуктивного выбора, получивших, в том числе услуги по оказанию правовой, психологической и медико-социальной помощи, и вставших на учет по беременности",2026.0,месяц,март,2026-03-31,процент,43.19,07.04.2026,latest,True,
35,Вологодская область,ВОЛ,Северо-Западный федеральный округ,1,2,True,Вологодская область,2.14.Я3.5,"Доля беременных женщин, обратившихся в медицинские организации в ситуации репродуктивного выбора, получивших услуги по оказанию правовой, психологической и медико-социальной помощи, и вставших на учет по беременности",data (34).xls,"Доля беременных женщин, обратившихся в медицинские организации в ситуации репродуктивного выбора, получивших, в том числе услуги по оказанию правовой, психологической и медико-социальной помощи, и вставших на учет по беременности",2026.0,месяц,март,2026-03-31,процент,92.24,07.04.2026,latest,True,
36,Воронежская область,ВРН,Центральный федеральный округ,9,5,True,Воронежская область,2.14.Я3.5,"Доля беременных женщин, обратившихся в медицинские организации в ситуации репродуктивного выбора, получивших услуги по оказанию правовой, психологической и медико-социальной помощи, и вставших на учет по беременности",data (34).xls,"Доля беременных женщин, обратившихся в медицинские организации в ситуации репродуктивного выбора, получивших, в том числе услуги по оказанию правовой, психологической и медико-социальной помощи, и вставших на учет по беременности",2026.0,месяц,март,2026-03-31,процент,40.9,07.04.2026,latest,True,
37,Ивановская область,ИВН,Центральный федеральный округ,7,4,True,Ивановская область,2.14.Я3.5,"Доля беременных женщин, обратившихся в медицинские организации в ситуации репродуктивного выбора, получивших услуги по оказанию правовой, психологической и медико-социальной помощи, и вставших на учет по беременности",data (34).xls,"Доля беременных женщин, обратившихся в медицинские организации в ситуации репродуктивного выбора, получивших, в том числе услуги по оказанию правовой, психологической и медико-социальной помощи, и вставших на учет по беременности",2026.0,месяц,март,2026-03-31,процент,16.03,07.04.2026,latest,True,
38,Иркутская область,ИРК,Сибирский федеральный округ,18,7,True,Иркутская область,2.14.Я3.5,"Доля беременных женщин, обратившихся в медицинские организации в ситуации репродуктивного выбора, получивших услуги по оказанию правовой, психологической и медико-социальной помощи, и вставших на учет по беременности",data (34).xls,"Доля беременных женщин, обратившихся в медицинские организации в ситуации репродуктивного выбора, получивших, в том числе услуги по оказанию правовой, психологической и медико-социальной помощи, и вставших на учет по беременности",2026.0,месяц,март,2026-03-31,процент,16.68,07.04.2026,latest,True,
39,Калининградская область,КГД,Северо-Западный федеральный округ,0,1,True,Калининградская область,2.14.Я3.5,"Доля беременных женщин, обратившихся в медицинские организации в ситуации репродуктивного выбора, получивших услуги по оказанию правовой, психологической и медико-социальной помощи, и вставших на учет по беременности",data (34).xls,"Доля беременных женщин, обратившихся в медицинские организации в ситуации репродуктивного выбора, получивших, в том числе услуги по оказанию правовой, психологической и медико-социальной помощи, и вставших на учет по беременности",2026.0,месяц,март,2026-03-31,процент,23.42,07.04.2026,latest,True,
40,Калужская область,КЛЖ,Центральный федеральный округ,4,4,True,Калужская область,2.14.Я3.5,"Доля беременных женщин, обратившихся в медицинские организации в ситуации репродуктивного выбора, получивших услуги по оказанию правовой, психологической и медико-социальной помощи, и вставших на учет по беременности",data (34).xls,"Доля беременных женщин, обратившихся в медицинские организации в ситуации репродуктивного выбора, получивших, в том числе услуги по оказанию правовой, психологической и медико-социальной помощи, и вставших на учет по беременности",2026.0,месяц,март,2026-03-31,процент,6.17,07.04.2026,latest,True,
41,Камчатский край,КАМ,Дальневосточный федеральный округ,24,2,True,Камчатский край,2.14.Я3.5,"Доля беременных женщин, обратившихся в медицинские организации в ситуации репродуктивного выбора, получивших услуги по оказанию правовой, психологической и медико-социальной помощи, и вставших на учет по беременности",data (34).xls,"Доля беременных женщин, обратившихся в медицинские организации в ситуации репродуктивного выбора, получивших, в том числе услуги по оказанию правовой, психологической и медико-социальной помощи, и вставших на учет по беременности",2026.0,месяц,март,2026-03-31,процент,20.75,07.04.2026,latest,True,
42,Кемеровская область - Кузбасс,КЕМ,Сибирский федеральный округ,21,5,True,Кемеровская область - Кузбасс,2.14.Я3.5,"Доля беременных женщин, обратившихся в медицинские организации в ситуации репродуктивного выбора, получивших услуги по оказанию правовой, психологической и медико-социальной помощи, и вставших на учет по беременности",data (34).xls,"Доля беременных женщин, обратившихся в медицинские организации в ситуации репродуктивного выбора, получивших, в том числе услуги по оказанию правовой, психологической и медико-социальной помощи, и вставших на учет по беременности",2026.0,месяц,март,2026-03-31,процент,17.47,07.04.2026,latest,True,
43,Кировская область,КИР,Приволжский федеральный округ,11,5,True,Кировская область,2.14.Я3.5,"Доля беременных женщин, обратившихся в медицинские организации в ситуации репродуктивного выбора, получивших услуги по оказанию правовой, психологической и медико-социальной помощи, и вставших на учет по беременности",data (34).xls,"Доля беременных женщин, обратившихся в медицинские организации в ситуации репродуктивного выбора, получивших, в том числе услуги по оказанию правовой, психологической и медико-социальной помощи, и вставших на учет по беременности",2026.0,месяц,март,2026-03-31,процент,20.03,07.04.2026,latest,True,
44,Костромская область,КОС,Центральный федеральный округ,6,3,True,Костромская область,2.14.Я3.5,"Доля беременных женщин, обратившихся в медицинские организации в ситуации репродуктивного выбора, получивших услуги по оказанию правовой, психологической и медико-социальной помощи, и вставших на учет по беременности",data (34).xls,"Доля беременных женщин, обратившихся в медицинские организации в ситуации репродуктивного выбора, получивших, в том числе услуги по оказанию правовой, психологической и медико-социальной помощи, и вставших на учет по беременности",2026.0,месяц,март,2026-03-31,процент,33.03,07.04.2026,latest,True,
45,Курганская область,КУРГ,Уральский федеральный округ,15,6,True,Курганская область,2.14.Я3.5,"Доля беременных женщин, обратившихся в медицинские организации в ситуации репродуктивного выбора, получивших услуги по оказанию правовой, психологической и медико-социальной помощи, и вставших на учет по беременности",data (34).xls,"Доля беременных женщин, обратившихся в медицинские организации в ситуации репродуктивного выбора, получивших, в том числе услуги по оказанию правовой, психологической и медико-социальной помощи, и вставших на учет по беременности",2026.0,месяц,март,2026-03-31,процент,38.73,07.04.2026,latest,True,
46,Курская область,КУР,Центральный федеральный округ,5,5,True,Курская область,2.14.Я3.5,"Доля беременных женщин, обратившихся в медицинские организации в ситуации репродуктивного выбора, получивших услуги по оказанию правовой, психологической и медико-социальной помощи, и вставших на учет по беременности",data (34).xls,"Доля беременных женщин, обратившихся в медицинские организации в ситуации репродуктивного выбора, получивших, в том числе услуги по оказанию правовой, психологической и медико-социальной помощи, и вставших на учет по беременности",2026.0,месяц,март,2026-03-31,процент,31.26,07.04.2026,latest,True,
47,Ленинградская область,ЛЕН,Северо-Западный федеральный округ,2,1,True,Ленинградская область,2.14.Я3.5,"Доля беременных женщин, обратившихся в медицинские организации в ситуации репродуктивного выбора, получивших услуги по оказанию правовой, психологической и медико-социальной помощи, и вставших на учет по беременности",data (34).xls,"Доля беременных женщин, обратившихся в медицинские организации в ситуации репродуктивного выбора, получивших, в том числе услуги по оказанию правовой, психологической и медико-социальной помощи, и вставших на учет по беременности",2026.0,месяц,март,2026-03-31,процент,29.25,07.04.2026,latest,True,
48,Липецкая область,ЛИП,Центральный федеральный округ,6,5,True,Липецкая область,2.14.Я3.5,"Доля беременных женщин, обратившихся в медицинские организации в ситуации репродуктивного выбора, получивших услуги по оказанию правовой, психологической и медико-социальной помощи, и вставших на учет по беременности",data (34).xls,"Доля беременных женщин, обратившихся в медицинские организации в ситуации репродуктивного выбора, получивших, в том числе услуги по оказанию правовой, психологической и медико-социальной помощи, и вставших на учет по беременности",2026.0,месяц,март,2026-03-31,процент,35.64,07.04.2026,latest,True,
49,Магаданская область,МАГ,Дальневосточный федеральный округ,25,2,True,Магаданская область,2.14.Я3.5,"Доля беременных женщин, обратившихся в медицинские организации в ситуации репродуктивного выбора, получивших услуги по оказанию правовой, психологической и медико-социальной помощи, и вставших на учет по беременности",data (34).xls,"Доля беременных женщин, обратившихся в медицинские организации в ситуации репродуктивного выбора, получивших, в том числе услуги по оказанию правовой, психологической и медико-социальной помощи, и вставших на учет по беременности",2026.0,месяц,март,2026-03-31,процент,11.11,07.04.2026,latest,True,
50,Московская область,МОСО,Центральный федеральный округ,8,3,True,Московская область,2.14.Я3.5,"Доля беременных женщин, обратившихся в медицинские организации в ситуации репродуктивного выбора, получивших услуги по оказанию правовой, психологической и медико-социальной помощи, и вставших на учет по беременности",data (34).xls,"Доля беременных женщин, обратившихся в медицинские организации в ситуации репродуктивного выбора, получивших, в том числе услуги по оказанию правовой, психологической и медико-социальной помощи, и вставших на учет по беременности",2026.0,месяц,март,2026-03-31,процент,60.28,07.04.2026,latest,True,
51,Мурманская область,МУР,Северо-Западный федеральный округ,0,0,True,Мурманская область,2.14.Я3.5,"Доля беременных женщин, обратившихся в медицинские организации в ситуации репродуктивного выбора, получивших услуги по оказанию правовой, психологической и медико-социальной помощи, и вставших на учет по беременности",data (34).xls,"Доля беременных женщин, обратившихся в медицинские организации в ситуации репродуктивного выбора, получивших, в том числе услуги по оказанию правовой, психологической и медико-социальной помощи, и вставших на учет по беременности",2026.0,месяц,март,2026-03-31,процент,12.66,07.04.2026,latest,True,
52,Нижегородская область,НИЖ,Приволжский федеральный округ,10,5,True,Нижегородская область,2.14.Я3.5,"Доля беременных женщин, обратившихся в медицинские организации в ситуации репродуктивного выбора, получивших услуги по оказанию правовой, психологической и медико-социальной помощи, и вставших на учет по беременности",data (34).xls,"Доля беременных женщин, обратившихся в медицинские организации в ситуации репродуктивного выбора, получивших, в том числе услуги по оказанию правовой, психологической и медико-социальной помощи, и вставших на учет по беременности",2026.0,месяц,март,2026-03-31,процент,28.72,07.04.2026,latest,True,
53,Новгородская область,НВГ,Северо-Западный федеральный округ,3,1,True,Новгородская область,2.14.Я3.5,"Доля беременных женщин, обратившихся в медицинские организации в ситуации репродуктивного выбора, получивших услуги по оказанию правовой, психологической и медико-социальной помощи, и вставших на учет по беременности",data (34).xls,"Доля беременных женщин, обратившихся в медицинские организации в ситуации репродуктивного выбора, получивших, в том числе услуги по оказанию правовой, психологической и медико-социальной помощи, и вставших на учет по беременности",2026.0,месяц,март,2026-03-31,процент,19.69,07.04.2026,latest,True,
54,Новосибирская область,НСО,Сибирский федеральный округ,19,5,True,Новосибирская область,2.14.Я3.5,"Доля беременных женщин, обратившихся в медицинские организации в ситуации репродуктивного выбора, получивших услуги по оказанию правовой, психологической и медико-социальной помощи, и вставших на учет по беременности",data (34).xls,"Доля беременных женщин, обратившихся в медицинские организации в ситуации репродуктивного выбора, получивших, в том числе услуги по оказанию правовой, психологической и медико-социальной помощи, и вставших на учет по беременности",2026.0,месяц,март,2026-03-31,процент,34.35,07.04.2026,latest,True,
55,Омская область,ОМС,Сибирский федеральный округ,18,5,True,Омская область,2.14.Я3.5,"Доля беременных женщин, обратившихся в медицинские организации в ситуации репродуктивного выбора, получивших услуги по оказанию правовой, психологической и медико-социальной помощи, и вставших на учет по беременности",data (34).xls,"Доля беременных женщин, обратившихся в медицинские организации в ситуации репродуктивного выбора, получивших, в том числе услуги по оказанию правовой, психологической и медико-социальной помощи, и вставших на учет по беременности",2026.0,месяц,март,2026-03-31,процент,52.55,07.04.2026,latest,True,
56,Оренбургская область,ОРЕ,Приволжский федеральный округ,12,7,True,Оренбургская область,2.14.Я3.5,"Доля беременных женщин, обратившихся в медицинские организации в ситуации репродуктивного выбора, получивших услуги по оказанию правовой, психологической и медико-социальной помощи, и вставших на учет по беременности",data (34).xls,"Доля беременных женщин, обратившихся в медицинские организации в ситуации репродуктивного выбора, получивших, в том числе услуги по оказанию правовой, психологической и медико-социальной помощи, и вставших на учет по беременности",2026.0,месяц,март,2026-03-31,процент,23.07,07.04.2026,latest,True,
57,Орловская область,ОРЛ,Центральный федеральный округ,9,4,True,Орловская область,2.14.Я3.5,"Доля беременных женщин, обратившихся в медицинские организации в ситуации репродуктивного выбора, получивших услуги по оказанию правовой, психологической и медико-социальной помощи, и вставших на учет по беременности",data (34).xls,"Доля беременных женщин, обратившихся в медицинские организации в ситуации репродуктивного выбора, получивших, в том числе услуги по оказанию правовой, психологической и медико-социальной помощи, и вставших на учет по беременности",2026.0,месяц,март,2026-03-31,процент,15.48,07.04.2026,latest,True,
58,Пензенская область,ПЕН,Приволжский федеральный округ,13,6,True,Пензенская область,2.14.Я3.5,"Доля беременных женщин, обратившихся в медицинские организации в ситуации репродуктивного выбора, получивших услуги по оказанию правовой, психологической и медико-социальной помощи, и вставших на учет по беременности",data (34).xls,"Доля беременных женщин, обратившихся в медицинские организации в ситуации репродуктивного выбора, получивших, в том числе услуги по оказанию правовой, психологической и медико-социальной помощи, и вставших на учет по беременности",2026.0,месяц,март,2026-03-31,процент,22.81,07.04.2026,latest,True,
59,Пермский край,ПЕР,Приволжский федеральный округ,12,5,True,Пермский край,2.14.Я3.5,"Доля беременных женщин, обратившихся в медицинские организации в ситуации репродуктивного выбора, получивших услуги по оказанию правовой, психологической и медико-социальной помощи, и вставших на учет по беременности",data (34).xls,"Доля беременных женщин, обратившихся в медицинские организации в ситуации репродуктивного выбора, получивших, в том числе услуги по оказанию правовой, психологической и медико-социальной помощи, и вставших на учет по беременности",2026.0,месяц,март,2026-03-31,процент,31.15,07.04.2026,latest,True,
60,Псковская область,ПСК,Северо-Западный федеральный округ,0,2,True,Псковская область,2.14.Я3.5,"Доля беременных женщин, обратившихся в медицинские организации в ситуации репродуктивного выбора, получивших услуги по оказанию правовой, психологической и медико-социальной помощи, и вставших на учет по беременности",data (34).xls,"Доля беременных женщин, обратившихся в медицинские организации в ситуации репродуктивного выбора, получивших, в том числе услуги по оказанию правовой, психологической и медико-социальной помощи, и вставших на учет по беременности",2026.0,месяц,март,2026-03-31,процент,21.1,07.04.2026,latest,True,
61,Ростовская область,РОС,Южный федеральный округ,3,8,True,Ростовская область,2.14.Я3.5,"Доля беременных женщин, обратившихся в медицинские организации в ситуации репродуктивного выбора, получивших услуги по оказанию правовой, психологической и медико-социальной помощи, и вставших на учет по беременности",data (34).xls,"Доля беременных женщин, обратившихся в медицинские организации в ситуации репродуктивного выбора, получивших, в том числе услуги по оказанию правовой, психологической и медико-социальной помощи, и вставших на учет по беременности",2026.0,месяц,март,2026-03-31,процент,42.37,07.04.2026,latest,True,
62,Рязанская область,РЯЗ,Центральный федеральный округ,4,5,True,Рязанская область,2.14.Я3.5,"Доля беременных женщин, обратившихся в медицинские организации в ситуации репродуктивного выбора, получивших услуги по оказанию правовой, психологической и медико-социальной помощи, и вставших на учет по беременности",data (34).xls,"Доля беременных женщин, обратившихся в медицинские организации в ситуации репродуктивного выбора, получивших, в том числе услуги по оказанию правовой, психологической и медико-социальной помощи, и вставших на учет по беременности",2026.0,месяц,март,2026-03-31,процент,38.46,07.04.2026,latest,True,
63,Самарская область,САМ,Приволжский федеральный округ,10,7,True,Самарская область,2.14.Я3.5,"Доля беременных женщин, обратившихся в медицинские организации в ситуации репродуктивного выбора, получивших услуги по оказанию правовой, психологической и медико-социальной помощи, и вставших на учет по беременности",data (34).xls,"Доля беременных женщин, обратившихся в медицинские организации в ситуации репродуктивного выбора, получивших, в том числе услуги по оказанию правовой, психологической и медико-социальной помощи, и вставших на учет по беременности",2026.0,месяц,март,2026-03-31,процент,27.39,07.04.2026,latest,True,
64,Саратовская область,САР,Приволжский федеральный округ,11,7,True,Саратовская область,2.14.Я3.5,"Доля беременных женщин, обратившихся в медицинские организации в ситуации репродуктивного выбора, получивших услуги по оказанию правовой, психологической и медико-социальной помощи, и вставших на учет по беременности",data (34).xls,"Доля беременных женщин, обратившихся в медицинские организации в ситуации репродуктивного выбора, получивших, в том числе услуги по оказанию правовой, психологической и медико-социальной помощи, и вставших на учет по беременности",2026.0,месяц,март,2026-03-31,процент,30.61,07.04.2026,latest,True,
65,Сахалинская область,САХ,Дальневосточный федеральный округ,24,4,True,Сахалинская область,2.14.Я3.5,"Доля беременных женщин, обратившихся в медицинские организации в ситуации репродуктивного выбора, получивших услуги по оказанию правовой, психологической и медико-социальной помощи, и вставших на учет по беременности",data (34).xls,"Доля беременных женщин, обратившихся в медицинские организации в ситуации репродуктивного выбора, получивших, в том числе услуги по оказанию правовой, психологической и медико-социальной помощи, и вставших на учет по беременности",2026.0,месяц,март,2026-03-31,процент,24.82,07.04.2026,latest,True,
66,Свердловская область,СВР,Уральский федеральный округ,15,5,True,Свердловская область,2.14.Я3.5,"Доля беременных женщин, обратившихся в медицинские организации в ситуации репродуктивного выбора, получивших услуги по оказанию правовой, психологической и медико-социальной помощи, и вставших на учет по беременности",data (34).xls,"Доля беременных женщин, обратившихся в медицинские организации в ситуации репродуктивного выбора, получивших, в том числе услуги по оказанию правовой, психологической и медико-социальной помощи, и вставших на учет по беременности",2026.0,месяц,март,2026-03-31,процент,24.46,07.04.2026,latest,True,
67,Смоленская область,СМЛ,Центральный федеральный округ,7,3,True,Смоленская область,2.14.Я3.5,"Доля беременных женщин, обратившихся в медицинские организации в ситуации репродуктивного выбора, получивших услуги по оказанию правовой, психологической и медико-социальной помощи, и вставших на учет по беременности",data (34).xls,"Доля беременных женщин, обратившихся в медицинские организации в ситуации репродуктивного выбора, получивших, в том числе услуги по оказанию правовой, психологической и медико-социальной помощи, и вставших на учет по беременности",2026.0,месяц,март,2026-03-31,процент,22.6,07.04.2026,latest,True,
68,Тамбовская область,ТАМ,Центральный федеральный округ,7,5,True,Тамбовская область,2.14.Я3.5,"Доля беременных женщин, обратившихся в медицинские организации в ситуации репродуктивного выбора, получивших услуги по оказанию правовой, психологической и медико-социальной помощи, и вставших на учет по беременности",data (34).xls,"Доля беременных женщин, обратившихся в медицинские организации в ситуации репродуктивного выбора, получивших, в том числе услуги по оказанию правовой, психологической и медико-социальной помощи, и вставших на учет по беременности",2026.0,месяц,март,2026-03-31,процент,55.55,07.04.2026,latest,True,
69,Тверская область,ТВЕ,Центральный федеральный округ,4,3,True,Тверская область,2.14.Я3.5,"Доля беременных женщин, обратившихся в медицинские организации в ситуации репродуктивного выбора, получивших услуги по оказанию правовой, психологической и медико-социальной помощи, и вставших на учет по беременности",data (34).xls,"Доля беременных женщин, обратившихся в медицинские организации в ситуации репродуктивного выбора, получивших, в том числе услуги по оказанию правовой, психологической и медико-социальной помощи, и вставших на учет по беременности",2026.0,месяц,март,2026-03-31,процент,39.45,07.04.2026,latest,True,
70,Томская область,ТОМ,Сибирский федеральный округ,20,5,True,Томская область,2.14.Я3.5,"Доля беременных женщин, обратившихся в медицинские организации в ситуации репродуктивного выбора, получивших услуги по оказанию правовой, психологической и медико-социальной помощи, и вставших на учет по беременности",data (34).xls,"Доля беременных женщин, обратившихся в медицинские организации в ситуации репродуктивного выбора, получивших, в том числе услуги по оказанию правовой, психологической и медико-социальной помощи, и вставших на учет по беременности",2026.0,месяц,март,2026-03-31,процент,26.09,07.04.2026,latest,True,
71,Тульская область,ТУЛ,Центральный федеральный округ,5,4,True,Тульская область,2.14.Я3.5,"Доля беременных женщин, обратившихся в медицинские организации в ситуации репродуктивного выбора, получивших услуги по оказанию правовой, психологической и медико-социальной помощи, и вставших на учет по беременности",data (34).xls,"Доля беременных женщин, обратившихся в медицинские организации в ситуации репродуктивного выбора, получивших, в том числе услуги по оказанию правовой, психологической и медико-социальной помощи, и вставших на учет по беременности",2026.0,месяц,март,2026-03-31,процент,42.19,07.04.2026,latest,True,
72,Тюменская область,ТЮМ,Уральский федеральный округ,16,6,True,Тюменская область,2.14.Я3.5,"Доля беременных женщин, обратившихся в медицинские организации в ситуации репродуктивного выбора, получивших услуги по оказанию правовой, психологической и медико-социальной помощи, и вставших на учет по беременности",data (34).xls,"Доля беременных женщин, обратившихся в медицинские организации в ситуации репродуктивного выбора, получивших, в том числе услуги по оказанию правовой, психологической и медико-социальной помощи, и вставших на учет по беременности",2026.0,месяц,март,2026-03-31,процент,32.91,07.04.2026,latest,True,
73,Ульяновская область,УЛЬ,Приволжский федеральный округ,14,6,True,Ульяновская область,2.14.Я3.5,"Доля беременных женщин, обратившихся в медицинские организации в ситуации репродуктивного выбора, получивших услуги по оказанию правовой, психологической и медико-социальной помощи, и вставших на учет по беременности",data (34).xls,"Доля беременных женщин, обратившихся в медицинские организации в ситуации репродуктивного выбора, получивших, в том числе услуги по оказанию правовой, психологической и медико-социальной помощи, и вставших на учет по беременности",2026.0,месяц,март,2026-03-31,процент,37.63,07.04.2026,latest,True,
74,Челябинская область,ЧЕЛ,Уральский федеральный округ,17,6,True,Челябинская область,2.14.Я3.5,"Доля беременных женщин, обратившихся в медицинские организации в ситуации репродуктивного выбора, получивших услуги по оказанию правовой, психологической и медико-социальной помощи, и вставших на учет по беременности",data (34).xls,"Доля беременных женщин, обратившихся в медицинские организации в ситуации репродуктивного выбора, получивших, в том числе услуги по оказанию правовой, психологической и медико-социальной помощи, и вставших на учет по беременности",2026.0,месяц,март,2026-03-31,процент,23.17,07.04.2026,latest,True,
75,Забайкальский край,ЗАБ,Дальневосточный федеральный округ,22,3,True,Забайкальский край,2.14.Я3.5,"Доля беременных женщин, обратившихся в медицинские организации в ситуации репродуктивного выбора, получивших услуги по оказанию правовой, психологической и медико-социальной помощи, и вставших на учет по беременности",data (34).xls,"Доля беременных женщин, обратившихся в медицинские организации в ситуации репродуктивного выбора, получивших, в том числе услуги по оказанию правовой, психологической и медико-социальной помощи, и вставших на учет по беременности",2026.0,месяц,март,2026-03-31,процент,17.04,07.04.2026,latest,True,
76,Ярославская область,ЯРС,Центральный федеральный округ,5,3,True,Ярославская область,2.14.Я3.5,"Доля беременных женщин, обратившихся в медицинские организации в ситуации репродуктивного выбора, получивших услуги по оказанию правовой, психологической и медико-социальной помощи, и вставших на учет по беременности",data (34).xls,"Доля беременных женщин, обратившихся в медицинские организации в ситуации репродуктивного выбора, получивших, в том числе услуги по оказанию правовой, психологической и медико-социальной помощи, и вставших на учет по беременности",2026.0,месяц,март,2026-03-31,процент,27.86,07.04.2026,latest,True,
77,Москва,МСК,Центральный федеральный округ,9,3,True,Город Москва столица Российской Федерации город федерального значения,2.14.Я3.5,"Доля беременных женщин, обратившихся в медицинские организации в ситуации репродуктивного выбора, получивших услуги по оказанию правовой, психологической и медико-социальной помощи, и вставших на учет по беременности",data (34).xls,"Доля беременных женщин, обратившихся в медицинские организации в ситуации репродуктивного выбора, получивших, в том числе услуги по оказанию правовой, психологической и медико-социальной помощи, и вставших на учет по беременности",2026.0,месяц,март,2026-03-31,процент,20.52,07.04.2026,latest,True,
78,Санкт-Петербург,СПБ,Северо-Западный федеральный округ,1,1,True,Город Санкт-Петербург город федерального значения,2.14.Я3.5,"Доля беременных женщин, обратившихся в медицинские организации в ситуации репродуктивного выбора, получивших услуги по оказанию правовой, психологической и медико-социальной помощи, и вставших на учет по беременности",data (34).xls,"Доля беременных женщин, обратившихся в медицинские организации в ситуации репродуктивного выбора, получивших, в том числе услуги по оказанию правовой, психологической и медико-социальной помощи, и вставших на учет по беременности",2026.0,месяц,март,2026-03-31,процент,29.93,07.04.2026,latest,True,
79,Еврейская автономная область,ЕАО,Дальневосточный федеральный округ,25,3,True,Еврейская автономная область,2.14.Я3.5,"Доля беременных женщин, обратившихся в медицинские организации в ситуации репродуктивного выбора, получивших услуги по оказанию правовой, психологической и медико-социальной помощи, и вставших на учет по беременности",data (34).xls,"Доля беременных женщин, обратившихся в медицинские организации в ситуации репродуктивного выбора, получивших, в том числе услуги по оказанию правовой, психологической и медико-социальной помощи, и вставших на учет по беременности",2026.0,месяц,март,2026-03-31,процент,23.07,07.04.2026,latest,True,
83,Ненецкий автономный округ,НАО,Северо-Западный федеральный округ,3,0,True,Ненецкий автономный округ,2.14.Я3.5,"Доля беременных женщин, обратившихся в медицинские организации в ситуации репродуктивного выбора, получивших услуги по оказанию правовой, психологической и медико-социальной помощи, и вставших на учет по беременности",data (34).xls,"Доля беременных женщин, обратившихся в медицинские организации в ситуации репродуктивного выбора, получивших, в том числе услуги по оказанию правовой, психологической и медико-социальной помощи, и вставших на учет по беременности",2026.0,месяц,март,2026-03-31,процент,24.24,07.04.2026,latest,True,
86,Ханты-Мансийский автономный округ - Югра,ХМАО,Уральский федеральный округ,16,5,True,Ханты-Мансийский автономный округ - Югра,2.14.Я3.5,"Доля беременных женщин, обратившихся в медицинские организации в ситуации репродуктивного выбора, получивших услуги по оказанию правовой, психологической и медико-социальной помощи, и вставших на учет по беременности",data (34).xls,"Доля беременных женщин, обратившихся в медицинские организации в ситуации репродуктивного выбора, получивших, в том числе услуги по оказанию правовой, психологической и медико-социальной помощи, и вставших на учет по беременности",2026.0,месяц,март,2026-03-31,процент,36.56,07.04.2026,latest,True,
87,Чукотский автономный округ,ЧУК,Дальневосточный федеральный округ,23,2,True,Чукотский автономный округ,2.14.Я3.5,"Доля беременных женщин, обратившихся в медицинские организации в ситуации репродуктивного выбора, получивших услуги по оказанию правовой, психологической и медико-социальной помощи, и вставших на учет по беременности",data (34).xls,"Доля беременных женщин, обратившихся в медицинские организации в ситуации репродуктивного выбора, получивших, в том числе услуги по оказанию правовой, психологической и медико-социальной помощи, и вставших на учет по беременности",2026.0,месяц,март,2026-03-31,процент,34.36,07.04.2026,latest,True,
89,Ямало-Ненецкий автономный округ,ЯНАО,Уральский федеральный округ,17,5,True,Ямало-Ненецкий автономный округ,2.14.Я3.5,"Доля беременных женщин, обратившихся в медицинские организации в ситуации репродуктивного выбора, получивших услуги по оказанию правовой, психологической и медико-социальной помощи, и вставших на учет по беременности",data (34).xls,"Доля беременных женщин, обратившихся в медицинские организации в ситуации репродуктивного выбора, получивших, в том числе услуги по оказанию правовой, психологической и медико-социальной помощи, и вставших на учет по беременности",2026.0,месяц,март,2026-03-31,процент,35.26,07.04.2026,latest,True,
90,Запорожская область,ЗАП,Новые регионы / Южный макрорегион,9,9,True,,,,,,,,,,,,,latest,False,Нет данных в переданной выгрузке ЕМИСС для выбранного периода/показателя
91,Республика Крым,КРЫ,Южный федеральный округ,5,9,True,Республика Крым,2.14.Я3.5,"Доля беременных женщин, обратившихся в медицинские организации в ситуации репродуктивного выбора, получивших услуги по оказанию правовой, психологической и медико-социальной помощи, и вставших на учет по беременности",data (34).xls,"Доля беременных женщин, обратившихся в медицинские организации в ситуации репродуктивного выбора, получивших, в том числе услуги по оказанию правовой, психологической и медико-социальной помощи, и вставших на учет по беременности",2026.0,месяц,март,2026-03-31,процент,36.44,07.04.2026,latest,True,
92,Севастополь,СЕВ,Южный федеральный округ,6,9,True,Город федерального значения Севастополь,2.14.Я3.5,"Доля беременных женщин, обратившихся в медицинские организации в ситуации репродуктивного выбора, получивших услуги по оказанию правовой, психологической и медико-социальной помощи, и вставших на учет по беременности",data (34).xls,"Доля беременных женщин, обратившихся в медицинские организации в ситуации репродуктивного выбора, получивших, в том числе услуги по оказанию правовой, психологической и медико-социальной помощи, и вставших на учет по беременности",2026.0,месяц,март,2026-03-31,процент,23.64,07.04.2026,latest,True,
93,Донецкая Народная Республика,ДНР,Новые регионы / Южный макрорегион,7,9,True,,,,,,,,,,,,,latest,False,Нет данных в переданной выгрузке ЕМИСС для выбранного периода/показателя
94,Луганская Народная Республика,ЛНР,Новые регионы / Южный макрорегион,8,9,True,,,,,,,,,,,,,latest,False,Нет данных в переданной выгрузке ЕМИСС для выбранного периода/показателя
95,Херсонская область,ХЕР,Новые регионы / Южный макрорегион,10,9,True,,,,,,,,,,,,,latest,False,Нет данных в переданной выгрузке ЕМИСС для выбранного периода/показателя
01,Республика Адыгея,АД,Южный федеральный округ,4,9,True,Республика Адыгея (Адыгея),2.14.Я5.2,Увеличение числа посещений организаций культуры по отношению к 2023 году,data (35).xls,Увеличение числа посещений организаций культуры по отношению к 2023 году,2026.0,месяц,март,2026-03-31,процент,24.7,02.04.2026,latest,True,
02,Республика Башкортостан,БА,Приволжский федеральный округ,13,7,True,Республика Башкортостан,2.14.Я5.2,Увеличение числа посещений организаций культуры по отношению к 2023 году,data (35).xls,Увеличение числа посещений организаций культуры по отношению к 2023 году,2026.0,месяц,март,2026-03-31,процент,35.6,02.04.2026,latest,True,
03,Республика Бурятия,БУР,Дальневосточный федеральный округ,23,3,True,Республика Бурятия,2.14.Я5.2,Увеличение числа посещений организаций культуры по отношению к 2023 году,data (35).xls,Увеличение числа посещений организаций культуры по отношению к 2023 году,2026.0,месяц,март,2026-03-31,процент,27.0,02.04.2026,latest,True,
04,Республика Алтай,АЛР,Сибирский федеральный округ,19,6,True,Республика Алтай,2.14.Я5.2,Увеличение числа посещений организаций культуры по отношению к 2023 году,data (35).xls,Увеличение числа посещений организаций культуры по отношению к 2023 году,2026.0,месяц,март,2026-03-31,процент,27.0,02.04.2026,latest,True,
05,Республика Дагестан,ДАГ,Северо-Кавказский федеральный округ,9,12,True,Республика Дагестан,2.14.Я5.2,Увеличение числа посещений организаций культуры по отношению к 2023 году,data (35).xls,Увеличение числа посещений организаций культуры по отношению к 2023 году,2026.0,месяц,март,2026-03-31,процент,28.1,02.04.2026,latest,True,
06,Республика Ингушетия,ИНГ,Северо-Кавказский федеральный округ,7,12,True,Республика Ингушетия,2.14.Я5.2,Увеличение числа посещений организаций культуры по отношению к 2023 году,data (35).xls,Увеличение числа посещений организаций культуры по отношению к 2023 году,2026.0,месяц,март,2026-03-31,процент,22.2,02.04.2026,latest,True,
07,Кабардино-Балкарская Республика,КБР,Северо-Кавказский федеральный округ,9,11,True,Кабардино-Балкарская Республика,2.14.Я5.2,Увеличение числа посещений организаций культуры по отношению к 2023 году,data (35).xls,Увеличение числа посещений организаций культуры по отношению к 2023 году,2026.0,месяц,март,2026-03-31,процент,32.4,02.04.2026,latest,True,
08,Республика Калмыкия,КАЛ,Южный федеральный округ,6,8,True,Республика Калмыкия,2.14.Я5.2,Увеличение числа посещений организаций культуры по отношению к 2023 году,data (35).xls,Увеличение числа посещений организаций культуры по отношению к 2023 году,2026.0,месяц,март,2026-03-31,процент,26.2,02.04.2026,latest,True,
09,Карачаево-Черкесская Республика,КЧР,Северо-Кавказский федеральный округ,8,11,True,Карачаево-Черкесская Республика,2.14.Я5.2,Увеличение числа посещений организаций культуры по отношению к 2023 году,data (35).xls,Увеличение числа посещений организаций культуры по отношению к 2023 году,2026.0,месяц,март,2026-03-31,процент,30.9,02.04.2026,latest,True,
10,Республика Карелия,КАР,Северо-Западный федеральный округ,1,0,True,Республика Карелия,2.14.Я5.2,Увеличение числа посещений организаций культуры по отношению к 2023 году,data (35).xls,Увеличение числа посещений организаций культуры по отношению к 2023 году,2026.0,месяц,март,2026-03-31,процент,28.1,02.04.2026,latest,True,
11,Республика Коми,КОМ,Северо-Западный федеральный округ,2,2,True,Республика Коми,2.14.Я5.2,Увеличение числа посещений организаций культуры по отношению к 2023 году,data (35).xls,Увеличение числа посещений организаций культуры по отношению к 2023 году,2026.0,месяц,март,2026-03-31,процент,26.4,02.04.2026,latest,True,
12,Республика Марий Эл,МЭ,Приволжский федеральный округ,10,6,True,Республика Марий Эл,2.14.Я5.2,Увеличение числа посещений организаций культуры по отношению к 2023 году,data (35).xls,Увеличение числа посещений организаций культуры по отношению к 2023 году,2026.0,месяц,март,2026-03-31,процент,28.2,02.04.2026,latest,True,
13,Республика Мордовия,МОР,Приволжский федеральный округ,12,6,True,Республика Мордовия,2.14.Я5.2,Увеличение числа посещений организаций культуры по отношению к 2023 году,data (35).xls,Увеличение числа посещений организаций культуры по отношению к 2023 году,2026.0,месяц,март,2026-03-31,процент,29.2,02.04.2026,latest,True,
14,Республика Саха (Якутия),ЯКТ,Дальневосточный федеральный округ,22,2,True,Республика Саха (Якутия),2.14.Я5.2,Увеличение числа посещений организаций культуры по отношению к 2023 году,data (35).xls,Увеличение числа посещений организаций культуры по отношению к 2023 году,2026.0,месяц,март,2026-03-31,процент,25.9,02.04.2026,latest,True,
15,Республика Северная Осетия - Алания,СОА,Северо-Кавказский федеральный округ,10,11,True,Республика Северная Осетия - Алания,2.14.Я5.2,Увеличение числа посещений организаций культуры по отношению к 2023 году,data (35).xls,Увеличение числа посещений организаций культуры по отношению к 2023 году,2026.0,месяц,март,2026-03-31,процент,31.8,02.04.2026,latest,True,
16,Республика Татарстан,ТАТ,Приволжский федеральный округ,14,5,True,Республика Татарстан (Татарстан),2.14.Я5.2,Увеличение числа посещений организаций культуры по отношению к 2023 году,data (35).xls,Увеличение числа посещений организаций культуры по отношению к 2023 году,2026.0,месяц,март,2026-03-31,процент,26.3,02.04.2026,latest,True,
17,Республика Тыва,ТЫВ,Сибирский федеральный округ,19,7,True,Республика Тыва,2.14.Я5.2,Увеличение числа посещений организаций культуры по отношению к 2023 году,data (35).xls,Увеличение числа посещений организаций культуры по отношению к 2023 году,2026.0,месяц,март,2026-03-31,процент,31.5,02.04.2026,latest,True,
18,Удмуртская Республика,УДМ,Приволжский федеральный округ,13,5,True,Удмуртская Республика,2.14.Я5.2,Увеличение числа посещений организаций культуры по отношению к 2023 году,data (35).xls,Увеличение числа посещений организаций культуры по отношению к 2023 году,2026.0,месяц,март,2026-03-31,процент,30.8,02.04.2026,latest,True,
19,Республика Хакасия,ХАК,Сибирский федеральный округ,20,6,True,Республика Хакасия,2.14.Я5.2,Увеличение числа посещений организаций культуры по отношению к 2023 году,data (35).xls,Увеличение числа посещений организаций культуры по отношению к 2023 году,2026.0,месяц,март,2026-03-31,процент,28.6,02.04.2026,latest,True,
20,Чеченская Республика,ЧЕЧ,Северо-Кавказский федеральный округ,8,12,True,Чеченская Республика,2.14.Я5.2,Увеличение числа посещений организаций культуры по отношению к 2023 году,data (35).xls,Увеличение числа посещений организаций культуры по отношению к 2023 году,2026.0,месяц,март,2026-03-31,процент,39.3,02.04.2026,latest,True,
21,Чувашская Республика - Чувашия,ЧУВ,Приволжский федеральный округ,11,6,True,Чувашская Республика - Чувашия,2.14.Я5.2,Увеличение числа посещений организаций культуры по отношению к 2023 году,data (35).xls,Увеличение числа посещений организаций культуры по отношению к 2023 году,2026.0,месяц,март,2026-03-31,процент,31.7,02.04.2026,latest,True,
22,Алтайский край,АЛК,Сибирский федеральный округ,18,6,True,Алтайский край,2.14.Я5.2,Увеличение числа посещений организаций культуры по отношению к 2023 году,data (35).xls,Увеличение числа посещений организаций культуры по отношению к 2023 году,2026.0,месяц,март,2026-03-31,процент,27.2,02.04.2026,latest,True,
23,Краснодарский край,КДР,Южный федеральный округ,3,9,True,Краснодарский край,2.14.Я5.2,Увеличение числа посещений организаций культуры по отношению к 2023 году,data (35).xls,Увеличение числа посещений организаций культуры по отношению к 2023 году,2026.0,месяц,март,2026-03-31,процент,29.3,02.04.2026,latest,True,
24,Красноярский край,КРЯ,Сибирский федеральный округ,21,6,True,Красноярский край,2.14.Я5.2,Увеличение числа посещений организаций культуры по отношению к 2023 году,data (35).xls,Увеличение числа посещений организаций культуры по отношению к 2023 году,2026.0,месяц,март,2026-03-31,процент,31.4,02.04.2026,latest,True,
25,Приморский край,ПРИ,Дальневосточный федеральный округ,23,4,True,Приморский край,2.14.Я5.2,Увеличение числа посещений организаций культуры по отношению к 2023 году,data (35).xls,Увеличение числа посещений организаций культуры по отношению к 2023 году,2026.0,месяц,март,2026-03-31,процент,33.8,02.04.2026,latest,True,
26,Ставропольский край,СТА,Северо-Кавказский федеральный округ,7,11,True,Ставропольский край,2.14.Я5.2,Увеличение числа посещений организаций культуры по отношению к 2023 году,data (35).xls,Увеличение числа посещений организаций культуры по отношению к 2023 году,2026.0,месяц,март,2026-03-31,процент,28.9,02.04.2026,latest,True,
27,Хабаровский край,ХАБ,Дальневосточный федеральный округ,22,4,True,Хабаровский край,2.14.Я5.2,Увеличение числа посещений организаций культуры по отношению к 2023 году,data (35).xls,Увеличение числа посещений организаций культуры по отношению к 2023 году,2026.0,месяц,март,2026-03-31,процент,25.7,02.04.2026,latest,True,
28,Амурская область,АМУ,Дальневосточный федеральный округ,24,3,True,Амурская область,2.14.Я5.2,Увеличение числа посещений организаций культуры по отношению к 2023 году,data (35).xls,Увеличение числа посещений организаций культуры по отношению к 2023 году,2026.0,месяц,март,2026-03-31,процент,28.0,02.04.2026,latest,True,
29,Архангельская область,АРХ,Северо-Западный федеральный округ,2,0,True,Архангельская область,2.14.Я5.2,Увеличение числа посещений организаций культуры по отношению к 2023 году,data (35).xls,Увеличение числа посещений организаций культуры по отношению к 2023 году,2026.0,месяц,март,2026-03-31,процент,27.8,02.04.2026,latest,True,
30,Астраханская область,АСТ,Южный федеральный округ,5,8,True,Астраханская область,2.14.Я5.2,Увеличение числа посещений организаций культуры по отношению к 2023 году,data (35).xls,Увеличение числа посещений организаций культуры по отношению к 2023 году,2026.0,месяц,март,2026-03-31,процент,25.6,02.04.2026,latest,True,
31,Белгородская область,БЕЛ,Центральный федеральный округ,8,5,True,Белгородская область,2.14.Я5.2,Увеличение числа посещений организаций культуры по отношению к 2023 году,data (35).xls,Увеличение числа посещений организаций культуры по отношению к 2023 году,2026.0,месяц,март,2026-03-31,процент,27.5,02.04.2026,latest,True,
32,Брянская область,БРЯ,Центральный федеральный округ,8,4,True,Брянская область,2.14.Я5.2,Увеличение числа посещений организаций культуры по отношению к 2023 году,data (35).xls,Увеличение числа посещений организаций культуры по отношению к 2023 году,2026.0,месяц,март,2026-03-31,процент,29.8,02.04.2026,latest,True,
33,Владимирская область,ВЛД,Центральный федеральный округ,6,4,True,Владимирская область,2.14.Я5.2,Увеличение числа посещений организаций культуры по отношению к 2023 году,data (35).xls,Увеличение числа посещений организаций культуры по отношению к 2023 году,2026.0,месяц,март,2026-03-31,процент,28.2,02.04.2026,latest,True,
34,Волгоградская область,ВГГ,Южный федеральный округ,4,8,True,Волгоградская область,2.14.Я5.2,Увеличение числа посещений организаций культуры по отношению к 2023 году,data (35).xls,Увеличение числа посещений организаций культуры по отношению к 2023 году,2026.0,месяц,март,2026-03-31,процент,26.2,02.04.2026,latest,True,
35,Вологодская область,ВОЛ,Северо-Западный федеральный округ,1,2,True,Вологодская область,2.14.Я5.2,Увеличение числа посещений организаций культуры по отношению к 2023 году,data (35).xls,Увеличение числа посещений организаций культуры по отношению к 2023 году,2026.0,месяц,март,2026-03-31,процент,26.0,02.04.2026,latest,True,
36,Воронежская область,ВРН,Центральный федеральный округ,9,5,True,Воронежская область,2.14.Я5.2,Увеличение числа посещений организаций культуры по отношению к 2023 году,data (35).xls,Увеличение числа посещений организаций культуры по отношению к 2023 году,2026.0,месяц,март,2026-03-31,процент,32.6,02.04.2026,latest,True,
37,Ивановская область,ИВН,Центральный федеральный округ,7,4,True,Ивановская область,2.14.Я5.2,Увеличение числа посещений организаций культуры по отношению к 2023 году,data (35).xls,Увеличение числа посещений организаций культуры по отношению к 2023 году,2026.0,месяц,март,2026-03-31,процент,30.4,02.04.2026,latest,True,
38,Иркутская область,ИРК,Сибирский федеральный округ,18,7,True,Иркутская область,2.14.Я5.2,Увеличение числа посещений организаций культуры по отношению к 2023 году,data (35).xls,Увеличение числа посещений организаций культуры по отношению к 2023 году,2026.0,месяц,март,2026-03-31,процент,29.4,02.04.2026,latest,True,
39,Калининградская область,КГД,Северо-Западный федеральный округ,0,1,True,Калининградская область,2.14.Я5.2,Увеличение числа посещений организаций культуры по отношению к 2023 году,data (35).xls,Увеличение числа посещений организаций культуры по отношению к 2023 году,2026.0,месяц,март,2026-03-31,процент,21.1,02.04.2026,latest,True,
40,Калужская область,КЛЖ,Центральный федеральный округ,4,4,True,Калужская область,2.14.Я5.2,Увеличение числа посещений организаций культуры по отношению к 2023 году,data (35).xls,Увеличение числа посещений организаций культуры по отношению к 2023 году,2026.0,месяц,март,2026-03-31,процент,27.7,02.04.2026,latest,True,
41,Камчатский край,КАМ,Дальневосточный федеральный округ,24,2,True,Камчатский край,2.14.Я5.2,Увеличение числа посещений организаций культуры по отношению к 2023 году,data (35).xls,Увеличение числа посещений организаций культуры по отношению к 2023 году,2026.0,месяц,март,2026-03-31,процент,27.7,02.04.2026,latest,True,
42,Кемеровская область - Кузбасс,КЕМ,Сибирский федеральный округ,21,5,True,Кемеровская область - Кузбасс,2.14.Я5.2,Увеличение числа посещений организаций культуры по отношению к 2023 году,data (35).xls,Увеличение числа посещений организаций культуры по отношению к 2023 году,2026.0,месяц,март,2026-03-31,процент,30.4,02.04.2026,latest,True,
43,Кировская область,КИР,Приволжский федеральный округ,11,5,True,Кировская область,2.14.Я5.2,Увеличение числа посещений организаций культуры по отношению к 2023 году,data (35).xls,Увеличение числа посещений организаций культуры по отношению к 2023 году,2026.0,месяц,март,2026-03-31,процент,34.3,02.04.2026,latest,True,
44,Костромская область,КОС,Центральный федеральный округ,6,3,True,Костромская область,2.14.Я5.2,Увеличение числа посещений организаций культуры по отношению к 2023 году,data (35).xls,Увеличение числа посещений организаций культуры по отношению к 2023 году,2026.0,месяц,март,2026-03-31,процент,29.7,02.04.2026,latest,True,
45,Курганская область,КУРГ,Уральский федеральный округ,15,6,True,Курганская область,2.14.Я5.2,Увеличение числа посещений организаций культуры по отношению к 2023 году,data (35).xls,Увеличение числа посещений организаций культуры по отношению к 2023 году,2026.0,месяц,март,2026-03-31,процент,28.2,02.04.2026,latest,True,
46,Курская область,КУР,Центральный федеральный округ,5,5,True,Курская область,2.14.Я5.2,Увеличение числа посещений организаций культуры по отношению к 2023 году,data (35).xls,Увеличение числа посещений организаций культуры по отношению к 2023 году,2026.0,месяц,март,2026-03-31,процент,25.8,02.04.2026,latest,True,
47,Ленинградская область,ЛЕН,Северо-Западный федеральный округ,2,1,True,Ленинградская область,2.14.Я5.2,Увеличение числа посещений организаций культуры по отношению к 2023 году,data (35).xls,Увеличение числа посещений организаций культуры по отношению к 2023 году,2026.0,месяц,март,2026-03-31,процент,25.4,02.04.2026,latest,True,
48,Липецкая область,ЛИП,Центральный федеральный округ,6,5,True,Липецкая область,2.14.Я5.2,Увеличение числа посещений организаций культуры по отношению к 2023 году,data (35).xls,Увеличение числа посещений организаций культуры по отношению к 2023 году,2026.0,месяц,март,2026-03-31,процент,29.8,02.04.2026,latest,True,
49,Магаданская область,МАГ,Дальневосточный федеральный округ,25,2,True,Магаданская область,2.14.Я5.2,Увеличение числа посещений организаций культуры по отношению к 2023 году,data (35).xls,Увеличение числа посещений организаций культуры по отношению к 2023 году,2026.0,месяц,март,2026-03-31,процент,24.4,02.04.2026,latest,True,
50,Московская область,МОСО,Центральный федеральный округ,8,3,True,Московская область,2.14.Я5.2,Увеличение числа посещений организаций культуры по отношению к 2023 году,data (35).xls,Увеличение числа посещений организаций культуры по отношению к 2023 году,2026.0,месяц,март,2026-03-31,процент,30.0,02.04.2026,latest,True,
51,Мурманская область,МУР,Северо-Западный федеральный округ,0,0,True,Мурманская область,2.14.Я5.2,Увеличение числа посещений организаций культуры по отношению к 2023 году,data (35).xls,Увеличение числа посещений организаций культуры по отношению к 2023 году,2026.0,месяц,март,2026-03-31,процент,32.4,02.04.2026,latest,True,
52,Нижегородская область,НИЖ,Приволжский федеральный округ,10,5,True,Нижегородская область,2.14.Я5.2,Увеличение числа посещений организаций культуры по отношению к 2023 году,data (35).xls,Увеличение числа посещений организаций культуры по отношению к 2023 году,2026.0,месяц,март,2026-03-31,процент,31.3,02.04.2026,latest,True,
53,Новгородская область,НВГ,Северо-Западный федеральный округ,3,1,True,Новгородская область,2.14.Я5.2,Увеличение числа посещений организаций культуры по отношению к 2023 году,data (35).xls,Увеличение числа посещений организаций культуры по отношению к 2023 году,2026.0,месяц,март,2026-03-31,процент,27.8,02.04.2026,latest,True,
54,Новосибирская область,НСО,Сибирский федеральный округ,19,5,True,Новосибирская область,2.14.Я5.2,Увеличение числа посещений организаций культуры по отношению к 2023 году,data (35).xls,Увеличение числа посещений организаций культуры по отношению к 2023 году,2026.0,месяц,март,2026-03-31,процент,32.1,02.04.2026,latest,True,
55,Омская область,ОМС,Сибирский федеральный округ,18,5,True,Омская область,2.14.Я5.2,Увеличение числа посещений организаций культуры по отношению к 2023 году,data (35).xls,Увеличение числа посещений организаций культуры по отношению к 2023 году,2026.0,месяц,март,2026-03-31,процент,26.9,02.04.2026,latest,True,
56,Оренбургская область,ОРЕ,Приволжский федеральный округ,12,7,True,Оренбургская область,2.14.Я5.2,Увеличение числа посещений организаций культуры по отношению к 2023 году,data (35).xls,Увеличение числа посещений организаций культуры по отношению к 2023 году,2026.0,месяц,март,2026-03-31,процент,29.7,02.04.2026,latest,True,
57,Орловская область,ОРЛ,Центральный федеральный округ,9,4,True,Орловская область,2.14.Я5.2,Увеличение числа посещений организаций культуры по отношению к 2023 году,data (35).xls,Увеличение числа посещений организаций культуры по отношению к 2023 году,2026.0,месяц,март,2026-03-31,процент,28.9,02.04.2026,latest,True,
58,Пензенская область,ПЕН,Приволжский федеральный округ,13,6,True,Пензенская область,2.14.Я5.2,Увеличение числа посещений организаций культуры по отношению к 2023 году,data (35).xls,Увеличение числа посещений организаций культуры по отношению к 2023 году,2026.0,месяц,март,2026-03-31,процент,29.1,02.04.2026,latest,True,
59,Пермский край,ПЕР,Приволжский федеральный округ,12,5,True,Пермский край,2.14.Я5.2,Увеличение числа посещений организаций культуры по отношению к 2023 году,data (35).xls,Увеличение числа посещений организаций культуры по отношению к 2023 году,2026.0,месяц,март,2026-03-31,процент,31.4,02.04.2026,latest,True,
60,Псковская область,ПСК,Северо-Западный федеральный округ,0,2,True,Псковская область,2.14.Я5.2,Увеличение числа посещений организаций культуры по отношению к 2023 году,data (35).xls,Увеличение числа посещений организаций культуры по отношению к 2023 году,2026.0,месяц,март,2026-03-31,процент,21.0,02.04.2026,latest,True,
61,Ростовская область,РОС,Южный федеральный округ,3,8,True,Ростовская область,2.14.Я5.2,Увеличение числа посещений организаций культуры по отношению к 2023 году,data (35).xls,Увеличение числа посещений организаций культуры по отношению к 2023 году,2026.0,месяц,март,2026-03-31,процент,30.7,02.04.2026,latest,True,
62,Рязанская область,РЯЗ,Центральный федеральный округ,4,5,True,Рязанская область,2.14.Я5.2,Увеличение числа посещений организаций культуры по отношению к 2023 году,data (35).xls,Увеличение числа посещений организаций культуры по отношению к 2023 году,2026.0,месяц,март,2026-03-31,процент,28.7,02.04.2026,latest,True,
63,Самарская область,САМ,Приволжский федеральный округ,10,7,True,Самарская область,2.14.Я5.2,Увеличение числа посещений организаций культуры по отношению к 2023 году,data (35).xls,Увеличение числа посещений организаций культуры по отношению к 2023 году,2026.0,месяц,март,2026-03-31,процент,29.8,02.04.2026,latest,True,
64,Саратовская область,САР,Приволжский федеральный округ,11,7,True,Саратовская область,2.14.Я5.2,Увеличение числа посещений организаций культуры по отношению к 2023 году,data (35).xls,Увеличение числа посещений организаций культуры по отношению к 2023 году,2026.0,месяц,март,2026-03-31,процент,33.1,02.04.2026,latest,True,
65,Сахалинская область,САХ,Дальневосточный федеральный округ,24,4,True,Сахалинская область,2.14.Я5.2,Увеличение числа посещений организаций культуры по отношению к 2023 году,data (35).xls,Увеличение числа посещений организаций культуры по отношению к 2023 году,2026.0,месяц,март,2026-03-31,процент,26.9,02.04.2026,latest,True,
66,Свердловская область,СВР,Уральский федеральный округ,15,5,True,Свердловская область,2.14.Я5.2,Увеличение числа посещений организаций культуры по отношению к 2023 году,data (35).xls,Увеличение числа посещений организаций культуры по отношению к 2023 году,2026.0,месяц,март,2026-03-31,процент,27.4,02.04.2026,latest,True,
67,Смоленская область,СМЛ,Центральный федеральный округ,7,3,True,Смоленская область,2.14.Я5.2,Увеличение числа посещений организаций культуры по отношению к 2023 году,data (35).xls,Увеличение числа посещений организаций культуры по отношению к 2023 году,2026.0,месяц,март,2026-03-31,процент,35.1,02.04.2026,latest,True,
68,Тамбовская область,ТАМ,Центральный федеральный округ,7,5,True,Тамбовская область,2.14.Я5.2,Увеличение числа посещений организаций культуры по отношению к 2023 году,data (35).xls,Увеличение числа посещений организаций культуры по отношению к 2023 году,2026.0,месяц,март,2026-03-31,процент,30.1,02.04.2026,latest,True,
69,Тверская область,ТВЕ,Центральный федеральный округ,4,3,True,Тверская область,2.14.Я5.2,Увеличение числа посещений организаций культуры по отношению к 2023 году,data (35).xls,Увеличение числа посещений организаций культуры по отношению к 2023 году,2026.0,месяц,март,2026-03-31,процент,28.2,02.04.2026,latest,True,
70,Томская область,ТОМ,Сибирский федеральный округ,20,5,True,Томская область,2.14.Я5.2,Увеличение числа посещений организаций культуры по отношению к 2023 году,data (35).xls,Увеличение числа посещений организаций культуры по отношению к 2023 году,2026.0,месяц,март,2026-03-31,процент,31.4,02.04.2026,latest,True,
71,Тульская область,ТУЛ,Центральный федеральный округ,5,4,True,Тульская область,2.14.Я5.2,Увеличение числа посещений организаций культуры по отношению к 2023 году,data (35).xls,Увеличение числа посещений организаций культуры по отношению к 2023 году,2026.0,месяц,март,2026-03-31,процент,33.3,02.04.2026,latest,True,
72,Тюменская область,ТЮМ,Уральский федеральный округ,16,6,True,Тюменская область,2.14.Я5.2,Увеличение числа посещений организаций культуры по отношению к 2023 году,data (35).xls,Увеличение числа посещений организаций культуры по отношению к 2023 году,2026.0,месяц,март,2026-03-31,процент,30.4,02.04.2026,latest,True,
73,Ульяновская область,УЛЬ,Приволжский федеральный округ,14,6,True,Ульяновская область,2.14.Я5.2,Увеличение числа посещений организаций культуры по отношению к 2023 году,data (35).xls,Увеличение числа посещений организаций культуры по отношению к 2023 году,2026.0,месяц,март,2026-03-31,процент,25.3,02.04.2026,latest,True,
74,Челябинская область,ЧЕЛ,Уральский федеральный округ,17,6,True,Челябинская область,2.14.Я5.2,Увеличение числа посещений организаций культуры по отношению к 2023 году,data (35).xls,Увеличение числа посещений организаций культуры по отношению к 2023 году,2026.0,месяц,март,2026-03-31,процент,29.6,02.04.2026,latest,True,
75,Забайкальский край,ЗАБ,Дальневосточный федеральный округ,22,3,True,Забайкальский край,2.14.Я5.2,Увеличение числа посещений организаций культуры по отношению к 2023 году,data (35).xls,Увеличение числа посещений организаций культуры по отношению к 2023 году,2026.0,месяц,март,2026-03-31,процент,27.0,02.04.2026,latest,True,
76,Ярославская область,ЯРС,Центральный федеральный округ,5,3,True,Ярославская область,2.14.Я5.2,Увеличение числа посещений организаций культуры по отношению к 2023 году,data (35).xls,Увеличение числа посещений организаций культуры по отношению к 2023 году,2026.0,месяц,март,2026-03-31,процент,25.2,02.04.2026,latest,True,
77,Москва,МСК,Центральный федеральный округ,9,3,True,Город Москва столица Российской Федерации город федерального значения,2.14.Я5.2,Увеличение числа посещений организаций культуры по отношению к 2023 году,data (35).xls,Увеличение числа посещений организаций культуры по отношению к 2023 году,2026.0,месяц,март,2026-03-31,процент,27.2,02.04.2026,latest,True,
78,Санкт-Петербург,СПБ,Северо-Западный федеральный округ,1,1,True,Город Санкт-Петербург город федерального значения,2.14.Я5.2,Увеличение числа посещений организаций культуры по отношению к 2023 году,data (35).xls,Увеличение числа посещений организаций культуры по отношению к 2023 году,2026.0,месяц,март,2026-03-31,процент,27.6,02.04.2026,latest,True,
79,Еврейская автономная область,ЕАО,Дальневосточный федеральный округ,25,3,True,Еврейская автономная область,2.14.Я5.2,Увеличение числа посещений организаций культуры по отношению к 2023 году,data (35).xls,Увеличение числа посещений организаций культуры по отношению к 2023 году,2026.0,месяц,март,2026-03-31,процент,25.0,02.04.2026,latest,True,
83,Ненецкий автономный округ,НАО,Северо-Западный федеральный округ,3,0,True,Ненецкий автономный округ,2.14.Я5.2,Увеличение числа посещений организаций культуры по отношению к 2023 году,data (35).xls,Увеличение числа посещений организаций культуры по отношению к 2023 году,2026.0,месяц,март,2026-03-31,процент,31.3,02.04.2026,latest,True,
86,Ханты-Мансийский автономный округ - Югра,ХМАО,Уральский федеральный округ,16,5,True,Ханты-Мансийский автономный округ - Югра,2.14.Я5.2,Увеличение числа посещений организаций культуры по отношению к 2023 году,data (35).xls,Увеличение числа посещений организаций культуры по отношению к 2023 году,2026.0,месяц,март,2026-03-31,процент,29.6,02.04.2026,latest,True,
87,Чукотский автономный округ,ЧУК,Дальневосточный федеральный округ,23,2,True,Чукотский автономный округ,2.14.Я5.2,Увеличение числа посещений организаций культуры по отношению к 2023 году,data (35).xls,Увеличение числа посещений организаций культуры по отношению к 2023 году,2026.0,месяц,март,2026-03-31,процент,40.4,02.04.2026,latest,True,
89,Ямало-Ненецкий автономный округ,ЯНАО,Уральский федеральный округ,17,5,True,Ямало-Ненецкий автономный округ,2.14.Я5.2,Увеличение числа посещений организаций культуры по отношению к 2023 году,data (35).xls,Увеличение числа посещений организаций культуры по отношению к 2023 году,2026.0,месяц,март,2026-03-31,процент,27.9,02.04.2026,latest,True,
90,Запорожская область,ЗАП,Новые регионы / Южный макрорегион,9,9,True,,,,,,,,,,,,,latest,False,Нет данных в переданной выгрузке ЕМИСС для выбранного периода/показателя
91,Республика Крым,КРЫ,Южный федеральный округ,5,9,True,Республика Крым,2.14.Я5.2,Увеличение числа посещений организаций культуры по отношению к 2023 году,data (35).xls,Увеличение числа посещений организаций культуры по отношению к 2023 году,2026.0,месяц,март,2026-03-31,процент,32.1,02.04.2026,latest,True,
92,Севастополь,СЕВ,Южный федеральный округ,6,9,True,Город федерального значения Севастополь,2.14.Я5.2,Увеличение числа посещений организаций культуры по отношению к 2023 году,data (35).xls,Увеличение числа посещений организаций культуры по отношению к 2023 году,2026.0,месяц,март,2026-03-31,процент,34.2,02.04.2026,latest,True,
93,Донецкая Народная Республика,ДНР,Новые регионы / Южный макрорегион,7,9,True,,,,,,,,,,,,,latest,False,Нет данных в переданной выгрузке ЕМИСС для выбранного периода/показателя
94,Луганская Народная Республика,ЛНР,Новые регионы / Южный макрорегион,8,9,True,,,,,,,,,,,,,latest,False,Нет данных в переданной выгрузке ЕМИСС для выбранного периода/показателя
95,Херсонская область,ХЕР,Новые регионы / Южный макрорегион,10,9,True,,,,,,,,,,,,,latest,False,Нет данных в переданной выгрузке ЕМИСС для выбранного периода/показателя
