region_code,region_name,tile_label,federal_district,tile_x,tile_y,has_tile_polygon,territory_name,indicator_code,indicator_name,source_file,source_title,year,period_type,period_label,period_end,unit,value,last_update,data_mode,has_value,missing_reason
01,Республика Адыгея,АД,Южный федеральный округ,4,9,True,Республика Адыгея (Адыгея),2.14.Я.1,Уровень бедности среди многодетных семей,data (20).xls,"Уровень бедности среди многодетных семей (процент, значение показателя за год)",2024.0,год,значение показателя за год,2024-12-31,процент,12.9,30.12.2025,complete_year,True,
02,Республика Башкортостан,БА,Приволжский федеральный округ,13,7,True,Республика Башкортостан,2.14.Я.1,Уровень бедности среди многодетных семей,data (20).xls,"Уровень бедности среди многодетных семей (процент, значение показателя за год)",2024.0,год,значение показателя за год,2024-12-31,процент,14.4,30.12.2025,complete_year,True,
03,Республика Бурятия,БУР,Дальневосточный федеральный округ,23,3,True,Республика Бурятия,2.14.Я.1,Уровень бедности среди многодетных семей,data (20).xls,"Уровень бедности среди многодетных семей (процент, значение показателя за год)",2024.0,год,значение показателя за год,2024-12-31,процент,33.8,30.12.2025,complete_year,True,
04,Республика Алтай,АЛР,Сибирский федеральный округ,19,6,True,Республика Алтай,2.14.Я.1,Уровень бедности среди многодетных семей,data (20).xls,"Уровень бедности среди многодетных семей (процент, значение показателя за год)",2024.0,год,значение показателя за год,2024-12-31,процент,25.9,30.12.2025,complete_year,True,
05,Республика Дагестан,ДАГ,Северо-Кавказский федеральный округ,9,12,True,Республика Дагестан,2.14.Я.1,Уровень бедности среди многодетных семей,data (20).xls,"Уровень бедности среди многодетных семей (процент, значение показателя за год)",2024.0,год,значение показателя за год,2024-12-31,процент,51.4,30.12.2025,complete_year,True,
06,Республика Ингушетия,ИНГ,Северо-Кавказский федеральный округ,7,12,True,Республика Ингушетия,2.14.Я.1,Уровень бедности среди многодетных семей,data (20).xls,"Уровень бедности среди многодетных семей (процент, значение показателя за год)",2024.0,год,значение показателя за год,2024-12-31,процент,37.4,30.12.2025,complete_year,True,
07,Кабардино-Балкарская Республика,КБР,Северо-Кавказский федеральный округ,9,11,True,Кабардино-Балкарская Республика,2.14.Я.1,Уровень бедности среди многодетных семей,data (20).xls,"Уровень бедности среди многодетных семей (процент, значение показателя за год)",2024.0,год,значение показателя за год,2024-12-31,процент,18.1,30.12.2025,complete_year,True,
08,Республика Калмыкия,КАЛ,Южный федеральный округ,6,8,True,Республика Калмыкия,2.14.Я.1,Уровень бедности среди многодетных семей,data (20).xls,"Уровень бедности среди многодетных семей (процент, значение показателя за год)",2024.0,год,значение показателя за год,2024-12-31,процент,18.1,30.12.2025,complete_year,True,
09,Карачаево-Черкесская Республика,КЧР,Северо-Кавказский федеральный округ,8,11,True,Карачаево-Черкесская Республика,2.14.Я.1,Уровень бедности среди многодетных семей,data (20).xls,"Уровень бедности среди многодетных семей (процент, значение показателя за год)",2024.0,год,значение показателя за год,2024-12-31,процент,20.1,30.12.2025,complete_year,True,
10,Республика Карелия,КАР,Северо-Западный федеральный округ,1,0,True,Республика Карелия,2.14.Я.1,Уровень бедности среди многодетных семей,data (20).xls,"Уровень бедности среди многодетных семей (процент, значение показателя за год)",2024.0,год,значение показателя за год,2024-12-31,процент,16.5,30.12.2025,complete_year,True,
11,Республика Коми,КОМ,Северо-Западный федеральный округ,2,2,True,Республика Коми,2.14.Я.1,Уровень бедности среди многодетных семей,data (20).xls,"Уровень бедности среди многодетных семей (процент, значение показателя за год)",2024.0,год,значение показателя за год,2024-12-31,процент,21.1,30.12.2025,complete_year,True,
12,Республика Марий Эл,МЭ,Приволжский федеральный округ,10,6,True,Республика Марий Эл,2.14.Я.1,Уровень бедности среди многодетных семей,data (20).xls,"Уровень бедности среди многодетных семей (процент, значение показателя за год)",2024.0,год,значение показателя за год,2024-12-31,процент,20.3,30.12.2025,complete_year,True,
13,Республика Мордовия,МОР,Приволжский федеральный округ,12,6,True,Республика Мордовия,2.14.Я.1,Уровень бедности среди многодетных семей,data (20).xls,"Уровень бедности среди многодетных семей (процент, значение показателя за год)",2024.0,год,значение показателя за год,2024-12-31,процент,11.0,30.12.2025,complete_year,True,
14,Республика Саха (Якутия),ЯКТ,Дальневосточный федеральный округ,22,2,True,Республика Саха (Якутия),2.14.Я.1,Уровень бедности среди многодетных семей,data (20).xls,"Уровень бедности среди многодетных семей (процент, значение показателя за год)",2024.0,год,значение показателя за год,2024-12-31,процент,30.9,30.12.2025,complete_year,True,
15,Республика Северная Осетия - Алания,СОА,Северо-Кавказский федеральный округ,10,11,True,Республика Северная Осетия-Алания,2.14.Я.1,Уровень бедности среди многодетных семей,data (20).xls,"Уровень бедности среди многодетных семей (процент, значение показателя за год)",2024.0,год,значение показателя за год,2024-12-31,процент,15.9,30.12.2025,complete_year,True,
16,Республика Татарстан,ТАТ,Приволжский федеральный округ,14,5,True,Республика Татарстан (Татарстан),2.14.Я.1,Уровень бедности среди многодетных семей,data (20).xls,"Уровень бедности среди многодетных семей (процент, значение показателя за год)",2024.0,год,значение показателя за год,2024-12-31,процент,8.6,30.12.2025,complete_year,True,
17,Республика Тыва,ТЫВ,Сибирский федеральный округ,19,7,True,Республика Тыва,2.14.Я.1,Уровень бедности среди многодетных семей,data (20).xls,"Уровень бедности среди многодетных семей (процент, значение показателя за год)",2024.0,год,значение показателя за год,2024-12-31,процент,26.7,30.12.2025,complete_year,True,
18,Удмуртская Республика,УДМ,Приволжский федеральный округ,13,5,True,Удмуртская Республика,2.14.Я.1,Уровень бедности среди многодетных семей,data (20).xls,"Уровень бедности среди многодетных семей (процент, значение показателя за год)",2024.0,год,значение показателя за год,2024-12-31,процент,12.7,30.12.2025,complete_year,True,
19,Республика Хакасия,ХАК,Сибирский федеральный округ,20,6,True,Республика Хакасия,2.14.Я.1,Уровень бедности среди многодетных семей,data (20).xls,"Уровень бедности среди многодетных семей (процент, значение показателя за год)",2024.0,год,значение показателя за год,2024-12-31,процент,19.7,30.12.2025,complete_year,True,
20,Чеченская Республика,ЧЕЧ,Северо-Кавказский федеральный округ,8,12,True,Чеченская Республика,2.14.Я.1,Уровень бедности среди многодетных семей,data (20).xls,"Уровень бедности среди многодетных семей (процент, значение показателя за год)",2024.0,год,значение показателя за год,2024-12-31,процент,27.9,30.12.2025,complete_year,True,
21,Чувашская Республика - Чувашия,ЧУВ,Приволжский федеральный округ,11,6,True,Чувашская Республика - Чувашия,2.14.Я.1,Уровень бедности среди многодетных семей,data (20).xls,"Уровень бедности среди многодетных семей (процент, значение показателя за год)",2024.0,год,значение показателя за год,2024-12-31,процент,18.1,30.12.2025,complete_year,True,
22,Алтайский край,АЛК,Сибирский федеральный округ,18,6,True,Алтайский край,2.14.Я.1,Уровень бедности среди многодетных семей,data (20).xls,"Уровень бедности среди многодетных семей (процент, значение показателя за год)",2024.0,год,значение показателя за год,2024-12-31,процент,24.1,30.12.2025,complete_year,True,
23,Краснодарский край,КДР,Южный федеральный округ,3,9,True,Краснодарский край,2.14.Я.1,Уровень бедности среди многодетных семей,data (20).xls,"Уровень бедности среди многодетных семей (процент, значение показателя за год)",2024.0,год,значение показателя за год,2024-12-31,процент,24.0,30.12.2025,complete_year,True,
24,Красноярский край,КРЯ,Сибирский федеральный округ,21,6,True,Красноярский край,2.14.Я.1,Уровень бедности среди многодетных семей,data (20).xls,"Уровень бедности среди многодетных семей (процент, значение показателя за год)",2024.0,год,значение показателя за год,2024-12-31,процент,18.8,30.12.2025,complete_year,True,
25,Приморский край,ПРИ,Дальневосточный федеральный округ,23,4,True,Приморский край,2.14.Я.1,Уровень бедности среди многодетных семей,data (20).xls,"Уровень бедности среди многодетных семей (процент, значение показателя за год)",2024.0,год,значение показателя за год,2024-12-31,процент,18.7,30.12.2025,complete_year,True,
26,Ставропольский край,СТА,Северо-Кавказский федеральный округ,7,11,True,Ставропольский край,2.14.Я.1,Уровень бедности среди многодетных семей,data (20).xls,"Уровень бедности среди многодетных семей (процент, значение показателя за год)",2024.0,год,значение показателя за год,2024-12-31,процент,20.9,30.12.2025,complete_year,True,
27,Хабаровский край,ХАБ,Дальневосточный федеральный округ,22,4,True,Хабаровский край,2.14.Я.1,Уровень бедности среди многодетных семей,data (20).xls,"Уровень бедности среди многодетных семей (процент, значение показателя за год)",2024.0,год,значение показателя за год,2024-12-31,процент,13.8,30.12.2025,complete_year,True,
28,Амурская область,АМУ,Дальневосточный федеральный округ,24,3,True,Амурская область,2.14.Я.1,Уровень бедности среди многодетных семей,data (20).xls,"Уровень бедности среди многодетных семей (процент, значение показателя за год)",2024.0,год,значение показателя за год,2024-12-31,процент,24.7,30.12.2025,complete_year,True,
29,Архангельская область,АРХ,Северо-Западный федеральный округ,2,0,True,Архангельская область (кроме Ненецкого автономного округа),2.14.Я.1,Уровень бедности среди многодетных семей,data (20).xls,"Уровень бедности среди многодетных семей (процент, значение показателя за год)",2024.0,год,значение показателя за год,2024-12-31,процент,13.6,30.12.2025,complete_year,True,
30,Астраханская область,АСТ,Южный федеральный округ,5,8,True,Астраханская область,2.14.Я.1,Уровень бедности среди многодетных семей,data (20).xls,"Уровень бедности среди многодетных семей (процент, значение показателя за год)",2024.0,год,значение показателя за год,2024-12-31,процент,13.6,30.12.2025,complete_year,True,
31,Белгородская область,БЕЛ,Центральный федеральный округ,8,5,True,Белгородская область,2.14.Я.1,Уровень бедности среди многодетных семей,data (20).xls,"Уровень бедности среди многодетных семей (процент, значение показателя за год)",2024.0,год,значение показателя за год,2024-12-31,процент,12.8,30.12.2025,complete_year,True,
32,Брянская область,БРЯ,Центральный федеральный округ,8,4,True,Брянская область,2.14.Я.1,Уровень бедности среди многодетных семей,data (20).xls,"Уровень бедности среди многодетных семей (процент, значение показателя за год)",2024.0,год,значение показателя за год,2024-12-31,процент,21.9,30.12.2025,complete_year,True,
33,Владимирская область,ВЛД,Центральный федеральный округ,6,4,True,Владимирская область,2.14.Я.1,Уровень бедности среди многодетных семей,data (20).xls,"Уровень бедности среди многодетных семей (процент, значение показателя за год)",2024.0,год,значение показателя за год,2024-12-31,процент,16.3,30.12.2025,complete_year,True,
34,Волгоградская область,ВГГ,Южный федеральный округ,4,8,True,Волгоградская область,2.14.Я.1,Уровень бедности среди многодетных семей,data (20).xls,"Уровень бедности среди многодетных семей (процент, значение показателя за год)",2024.0,год,значение показателя за год,2024-12-31,процент,19.1,30.12.2025,complete_year,True,
35,Вологодская область,ВОЛ,Северо-Западный федеральный округ,1,2,True,Вологодская область,2.14.Я.1,Уровень бедности среди многодетных семей,data (20).xls,"Уровень бедности среди многодетных семей (процент, значение показателя за год)",2024.0,год,значение показателя за год,2024-12-31,процент,11.4,30.12.2025,complete_year,True,
36,Воронежская область,ВРН,Центральный федеральный округ,9,5,True,Воронежская область,2.14.Я.1,Уровень бедности среди многодетных семей,data (20).xls,"Уровень бедности среди многодетных семей (процент, значение показателя за год)",2024.0,год,значение показателя за год,2024-12-31,процент,7.9,30.12.2025,complete_year,True,
37,Ивановская область,ИВН,Центральный федеральный округ,7,4,True,Ивановская область,2.14.Я.1,Уровень бедности среди многодетных семей,data (20).xls,"Уровень бедности среди многодетных семей (процент, значение показателя за год)",2024.0,год,значение показателя за год,2024-12-31,процент,12.5,30.12.2025,complete_year,True,
38,Иркутская область,ИРК,Сибирский федеральный округ,18,7,True,Иркутская область,2.14.Я.1,Уровень бедности среди многодетных семей,data (20).xls,"Уровень бедности среди многодетных семей (процент, значение показателя за год)",2024.0,год,значение показателя за год,2024-12-31,процент,37.6,30.12.2025,complete_year,True,
39,Калининградская область,КГД,Северо-Западный федеральный округ,0,1,True,Калининградская область,2.14.Я.1,Уровень бедности среди многодетных семей,data (20).xls,"Уровень бедности среди многодетных семей (процент, значение показателя за год)",2024.0,год,значение показателя за год,2024-12-31,процент,13.9,30.12.2025,complete_year,True,
40,Калужская область,КЛЖ,Центральный федеральный округ,4,4,True,Калужская область,2.14.Я.1,Уровень бедности среди многодетных семей,data (20).xls,"Уровень бедности среди многодетных семей (процент, значение показателя за год)",2024.0,год,значение показателя за год,2024-12-31,процент,17.1,30.12.2025,complete_year,True,
41,Камчатский край,КАМ,Дальневосточный федеральный округ,24,2,True,Камчатский край,2.14.Я.1,Уровень бедности среди многодетных семей,data (20).xls,"Уровень бедности среди многодетных семей (процент, значение показателя за год)",2024.0,год,значение показателя за год,2024-12-31,процент,21.7,30.12.2025,complete_year,True,
42,Кемеровская область - Кузбасс,КЕМ,Сибирский федеральный округ,21,5,True,Кемеровская область - Кузбасс,2.14.Я.1,Уровень бедности среди многодетных семей,data (20).xls,"Уровень бедности среди многодетных семей (процент, значение показателя за год)",2024.0,год,значение показателя за год,2024-12-31,процент,14.3,30.12.2025,complete_year,True,
43,Кировская область,КИР,Приволжский федеральный округ,11,5,True,Кировская область,2.14.Я.1,Уровень бедности среди многодетных семей,data (20).xls,"Уровень бедности среди многодетных семей (процент, значение показателя за год)",2024.0,год,значение показателя за год,2024-12-31,процент,18.7,30.12.2025,complete_year,True,
44,Костромская область,КОС,Центральный федеральный округ,6,3,True,Костромская область,2.14.Я.1,Уровень бедности среди многодетных семей,data (20).xls,"Уровень бедности среди многодетных семей (процент, значение показателя за год)",2024.0,год,значение показателя за год,2024-12-31,процент,21.4,30.12.2025,complete_year,True,
45,Курганская область,КУРГ,Уральский федеральный округ,15,6,True,Курганская область,2.14.Я.1,Уровень бедности среди многодетных семей,data (20).xls,"Уровень бедности среди многодетных семей (процент, значение показателя за год)",2024.0,год,значение показателя за год,2024-12-31,процент,14.8,30.12.2025,complete_year,True,
46,Курская область,КУР,Центральный федеральный округ,5,5,True,Курская область,2.14.Я.1,Уровень бедности среди многодетных семей,data (20).xls,"Уровень бедности среди многодетных семей (процент, значение показателя за год)",2024.0,год,значение показателя за год,2024-12-31,процент,10.5,30.12.2025,complete_year,True,
47,Ленинградская область,ЛЕН,Северо-Западный федеральный округ,2,1,True,Ленинградская область,2.14.Я.1,Уровень бедности среди многодетных семей,data (20).xls,"Уровень бедности среди многодетных семей (процент, значение показателя за год)",2024.0,год,значение показателя за год,2024-12-31,процент,10.7,30.12.2025,complete_year,True,
48,Липецкая область,ЛИП,Центральный федеральный округ,6,5,True,Липецкая область,2.14.Я.1,Уровень бедности среди многодетных семей,data (20).xls,"Уровень бедности среди многодетных семей (процент, значение показателя за год)",2024.0,год,значение показателя за год,2024-12-31,процент,14.8,30.12.2025,complete_year,True,
49,Магаданская область,МАГ,Дальневосточный федеральный округ,25,2,True,Магаданская область,2.14.Я.1,Уровень бедности среди многодетных семей,data (20).xls,"Уровень бедности среди многодетных семей (процент, значение показателя за год)",2024.0,год,значение показателя за год,2024-12-31,процент,15.6,30.12.2025,complete_year,True,
50,Московская область,МОСО,Центральный федеральный округ,8,3,True,Московская область,2.14.Я.1,Уровень бедности среди многодетных семей,data (20).xls,"Уровень бедности среди многодетных семей (процент, значение показателя за год)",2024.0,год,значение показателя за год,2024-12-31,процент,18.9,30.12.2025,complete_year,True,
51,Мурманская область,МУР,Северо-Западный федеральный округ,0,0,True,Мурманская область,2.14.Я.1,Уровень бедности среди многодетных семей,data (20).xls,"Уровень бедности среди многодетных семей (процент, значение показателя за год)",2024.0,год,значение показателя за год,2024-12-31,процент,12.0,30.12.2025,complete_year,True,
52,Нижегородская область,НИЖ,Приволжский федеральный округ,10,5,True,Нижегородская область,2.14.Я.1,Уровень бедности среди многодетных семей,data (20).xls,"Уровень бедности среди многодетных семей (процент, значение показателя за год)",2024.0,год,значение показателя за год,2024-12-31,процент,9.8,30.12.2025,complete_year,True,
53,Новгородская область,НВГ,Северо-Западный федеральный округ,3,1,True,Новгородская область,2.14.Я.1,Уровень бедности среди многодетных семей,data (20).xls,"Уровень бедности среди многодетных семей (процент, значение показателя за год)",2024.0,год,значение показателя за год,2024-12-31,процент,18.6,30.12.2025,complete_year,True,
54,Новосибирская область,НСО,Сибирский федеральный округ,19,5,True,Новосибирская область,2.14.Я.1,Уровень бедности среди многодетных семей,data (20).xls,"Уровень бедности среди многодетных семей (процент, значение показателя за год)",2024.0,год,значение показателя за год,2024-12-31,процент,21.6,30.12.2025,complete_year,True,
55,Омская область,ОМС,Сибирский федеральный округ,18,5,True,Омская область,2.14.Я.1,Уровень бедности среди многодетных семей,data (20).xls,"Уровень бедности среди многодетных семей (процент, значение показателя за год)",2024.0,год,значение показателя за год,2024-12-31,процент,23.1,30.12.2025,complete_year,True,
56,Оренбургская область,ОРЕ,Приволжский федеральный округ,12,7,True,Оренбургская область,2.14.Я.1,Уровень бедности среди многодетных семей,data (20).xls,"Уровень бедности среди многодетных семей (процент, значение показателя за год)",2024.0,год,значение показателя за год,2024-12-31,процент,14.1,30.12.2025,complete_year,True,
57,Орловская область,ОРЛ,Центральный федеральный округ,9,4,True,Орловская область,2.14.Я.1,Уровень бедности среди многодетных семей,data (20).xls,"Уровень бедности среди многодетных семей (процент, значение показателя за год)",2024.0,год,значение показателя за год,2024-12-31,процент,14.5,30.12.2025,complete_year,True,
58,Пензенская область,ПЕН,Приволжский федеральный округ,13,6,True,Пензенская область,2.14.Я.1,Уровень бедности среди многодетных семей,data (20).xls,"Уровень бедности среди многодетных семей (процент, значение показателя за год)",2024.0,год,значение показателя за год,2024-12-31,процент,23.0,30.12.2025,complete_year,True,
59,Пермский край,ПЕР,Приволжский федеральный округ,12,5,True,Пермский край,2.14.Я.1,Уровень бедности среди многодетных семей,data (20).xls,"Уровень бедности среди многодетных семей (процент, значение показателя за год)",2024.0,год,значение показателя за год,2024-12-31,процент,16.8,30.12.2025,complete_year,True,
60,Псковская область,ПСК,Северо-Западный федеральный округ,0,2,True,Псковская область,2.14.Я.1,Уровень бедности среди многодетных семей,data (20).xls,"Уровень бедности среди многодетных семей (процент, значение показателя за год)",2024.0,год,значение показателя за год,2024-12-31,процент,24.5,30.12.2025,complete_year,True,
61,Ростовская область,РОС,Южный федеральный округ,3,8,True,Ростовская область,2.14.Я.1,Уровень бедности среди многодетных семей,data (20).xls,"Уровень бедности среди многодетных семей (процент, значение показателя за год)",2024.0,год,значение показателя за год,2024-12-31,процент,17.5,30.12.2025,complete_year,True,
62,Рязанская область,РЯЗ,Центральный федеральный округ,4,5,True,Рязанская область,2.14.Я.1,Уровень бедности среди многодетных семей,data (20).xls,"Уровень бедности среди многодетных семей (процент, значение показателя за год)",2024.0,год,значение показателя за год,2024-12-31,процент,20.9,30.12.2025,complete_year,True,
63,Самарская область,САМ,Приволжский федеральный округ,10,7,True,Самарская область,2.14.Я.1,Уровень бедности среди многодетных семей,data (20).xls,"Уровень бедности среди многодетных семей (процент, значение показателя за год)",2024.0,год,значение показателя за год,2024-12-31,процент,19.4,30.12.2025,complete_year,True,
64,Саратовская область,САР,Приволжский федеральный округ,11,7,True,Саратовская область,2.14.Я.1,Уровень бедности среди многодетных семей,data (20).xls,"Уровень бедности среди многодетных семей (процент, значение показателя за год)",2024.0,год,значение показателя за год,2024-12-31,процент,17.7,30.12.2025,complete_year,True,
65,Сахалинская область,САХ,Дальневосточный федеральный округ,24,4,True,Сахалинская область,2.14.Я.1,Уровень бедности среди многодетных семей,data (20).xls,"Уровень бедности среди многодетных семей (процент, значение показателя за год)",2024.0,год,значение показателя за год,2024-12-31,процент,25.1,30.12.2025,complete_year,True,
66,Свердловская область,СВР,Уральский федеральный округ,15,5,True,Свердловская область,2.14.Я.1,Уровень бедности среди многодетных семей,data (20).xls,"Уровень бедности среди многодетных семей (процент, значение показателя за год)",2024.0,год,значение показателя за год,2024-12-31,процент,15.5,30.12.2025,complete_year,True,
67,Смоленская область,СМЛ,Центральный федеральный округ,7,3,True,Смоленская область,2.14.Я.1,Уровень бедности среди многодетных семей,data (20).xls,"Уровень бедности среди многодетных семей (процент, значение показателя за год)",2024.0,год,значение показателя за год,2024-12-31,процент,17.5,30.12.2025,complete_year,True,
68,Тамбовская область,ТАМ,Центральный федеральный округ,7,5,True,Тамбовская область,2.14.Я.1,Уровень бедности среди многодетных семей,data (20).xls,"Уровень бедности среди многодетных семей (процент, значение показателя за год)",2024.0,год,значение показателя за год,2024-12-31,процент,23.4,30.12.2025,complete_year,True,
69,Тверская область,ТВЕ,Центральный федеральный округ,4,3,True,Тверская область,2.14.Я.1,Уровень бедности среди многодетных семей,data (20).xls,"Уровень бедности среди многодетных семей (процент, значение показателя за год)",2024.0,год,значение показателя за год,2024-12-31,процент,25.7,30.12.2025,complete_year,True,
70,Томская область,ТОМ,Сибирский федеральный округ,20,5,True,Томская область,2.14.Я.1,Уровень бедности среди многодетных семей,data (20).xls,"Уровень бедности среди многодетных семей (процент, значение показателя за год)",2024.0,год,значение показателя за год,2024-12-31,процент,23.4,30.12.2025,complete_year,True,
71,Тульская область,ТУЛ,Центральный федеральный округ,5,4,True,Тульская область,2.14.Я.1,Уровень бедности среди многодетных семей,data (20).xls,"Уровень бедности среди многодетных семей (процент, значение показателя за год)",2024.0,год,значение показателя за год,2024-12-31,процент,12.0,30.12.2025,complete_year,True,
72,Тюменская область,ТЮМ,Уральский федеральный округ,16,6,True,Тюменская область (кроме Ханты-Мансийского автономного округа-Югры и Ямало-Ненецкого автономного округа),2.14.Я.1,Уровень бедности среди многодетных семей,data (20).xls,"Уровень бедности среди многодетных семей (процент, значение показателя за год)",2024.0,год,значение показателя за год,2024-12-31,процент,15.9,30.12.2025,complete_year,True,
73,Ульяновская область,УЛЬ,Приволжский федеральный округ,14,6,True,Ульяновская область,2.14.Я.1,Уровень бедности среди многодетных семей,data (20).xls,"Уровень бедности среди многодетных семей (процент, значение показателя за год)",2024.0,год,значение показателя за год,2024-12-31,процент,15.3,30.12.2025,complete_year,True,
74,Челябинская область,ЧЕЛ,Уральский федеральный округ,17,6,True,Челябинская область,2.14.Я.1,Уровень бедности среди многодетных семей,data (20).xls,"Уровень бедности среди многодетных семей (процент, значение показателя за год)",2024.0,год,значение показателя за год,2024-12-31,процент,17.0,30.12.2025,complete_year,True,
75,Забайкальский край,ЗАБ,Дальневосточный федеральный округ,22,3,True,Забайкальский край,2.14.Я.1,Уровень бедности среди многодетных семей,data (20).xls,"Уровень бедности среди многодетных семей (процент, значение показателя за год)",2024.0,год,значение показателя за год,2024-12-31,процент,22.5,30.12.2025,complete_year,True,
76,Ярославская область,ЯРС,Центральный федеральный округ,5,3,True,Ярославская область,2.14.Я.1,Уровень бедности среди многодетных семей,data (20).xls,"Уровень бедности среди многодетных семей (процент, значение показателя за год)",2024.0,год,значение показателя за год,2024-12-31,процент,15.0,30.12.2025,complete_year,True,
77,Москва,МСК,Центральный федеральный округ,9,3,True,Город Москва столица Российской Федерации город федерального значения,2.14.Я.1,Уровень бедности среди многодетных семей,data (20).xls,"Уровень бедности среди многодетных семей (процент, значение показателя за год)",2024.0,год,значение показателя за год,2024-12-31,процент,7.7,30.12.2025,complete_year,True,
78,Санкт-Петербург,СПБ,Северо-Западный федеральный округ,1,1,True,Город Санкт-Петербург город федерального значения,2.14.Я.1,Уровень бедности среди многодетных семей,data (20).xls,"Уровень бедности среди многодетных семей (процент, значение показателя за год)",2024.0,год,значение показателя за год,2024-12-31,процент,10.1,30.12.2025,complete_year,True,
79,Еврейская автономная область,ЕАО,Дальневосточный федеральный округ,25,3,True,Еврейская автономная область,2.14.Я.1,Уровень бедности среди многодетных семей,data (20).xls,"Уровень бедности среди многодетных семей (процент, значение показателя за год)",2024.0,год,значение показателя за год,2024-12-31,процент,33.5,30.12.2025,complete_year,True,
83,Ненецкий автономный округ,НАО,Северо-Западный федеральный округ,3,0,True,Ненецкий автономный округ (Архангельская область),2.14.Я.1,Уровень бедности среди многодетных семей,data (20).xls,"Уровень бедности среди многодетных семей (процент, значение показателя за год)",2024.0,год,значение показателя за год,2024-12-31,процент,30.7,30.12.2025,complete_year,True,
86,Ханты-Мансийский автономный округ - Югра,ХМАО,Уральский федеральный округ,16,5,True,Ханты-Мансийский автономный округ - Югра (Тюменская область),2.14.Я.1,Уровень бедности среди многодетных семей,data (20).xls,"Уровень бедности среди многодетных семей (процент, значение показателя за год)",2024.0,год,значение показателя за год,2024-12-31,процент,7.6,30.12.2025,complete_year,True,
87,Чукотский автономный округ,ЧУК,Дальневосточный федеральный округ,23,2,True,Чукотский автономный округ,2.14.Я.1,Уровень бедности среди многодетных семей,data (20).xls,"Уровень бедности среди многодетных семей (процент, значение показателя за год)",2024.0,год,значение показателя за год,2024-12-31,процент,11.3,30.12.2025,complete_year,True,
89,Ямало-Ненецкий автономный округ,ЯНАО,Уральский федеральный округ,17,5,True,Ямало-Ненецкий автономный округ (Тюменская область),2.14.Я.1,Уровень бедности среди многодетных семей,data (20).xls,"Уровень бедности среди многодетных семей (процент, значение показателя за год)",2024.0,год,значение показателя за год,2024-12-31,процент,7.3,30.12.2025,complete_year,True,
90,Запорожская область,ЗАП,Новые регионы / Южный макрорегион,9,9,True,,,,,,,,,,,,,complete_year,False,Нет данных в переданной выгрузке ЕМИСС для выбранного периода/показателя
91,Республика Крым,КРЫ,Южный федеральный округ,5,9,True,Республика Крым,2.14.Я.1,Уровень бедности среди многодетных семей,data (20).xls,"Уровень бедности среди многодетных семей (процент, значение показателя за год)",2024.0,год,значение показателя за год,2024-12-31,процент,11.3,30.12.2025,complete_year,True,
92,Севастополь,СЕВ,Южный федеральный округ,6,9,True,Город федерального значения Севастополь,2.14.Я.1,Уровень бедности среди многодетных семей,data (20).xls,"Уровень бедности среди многодетных семей (процент, значение показателя за год)",2024.0,год,значение показателя за год,2024-12-31,процент,30.2,30.12.2025,complete_year,True,
93,Донецкая Народная Республика,ДНР,Новые регионы / Южный макрорегион,7,9,True,,,,,,,,,,,,,complete_year,False,Нет данных в переданной выгрузке ЕМИСС для выбранного периода/показателя
94,Луганская Народная Республика,ЛНР,Новые регионы / Южный макрорегион,8,9,True,,,,,,,,,,,,,complete_year,False,Нет данных в переданной выгрузке ЕМИСС для выбранного периода/показателя
95,Херсонская область,ХЕР,Новые регионы / Южный макрорегион,10,9,True,,,,,,,,,,,,,complete_year,False,Нет данных в переданной выгрузке ЕМИСС для выбранного периода/показателя
01,Республика Адыгея,АД,Южный федеральный округ,4,9,True,Республика Адыгея (Адыгея),2.14.Я.2,Суммарный коэффициент рождаемости (Я1),data (21).xls,Суммарный коэффициент рождаемости (Я1),2025.0,год,значение показателя за год,2025-12-31,единица,1.367,22.04.2026,complete_year,True,
02,Республика Башкортостан,БА,Приволжский федеральный округ,13,7,True,Республика Башкортостан,2.14.Я.2,Суммарный коэффициент рождаемости (Я1),data (21).xls,Суммарный коэффициент рождаемости (Я1),2025.0,год,значение показателя за год,2025-12-31,единица,1.299,22.04.2026,complete_year,True,
03,Республика Бурятия,БУР,Дальневосточный федеральный округ,23,3,True,Республика Бурятия,2.14.Я.2,Суммарный коэффициент рождаемости (Я1),data (21).xls,Суммарный коэффициент рождаемости (Я1),2025.0,год,значение показателя за год,2025-12-31,единица,1.449,22.04.2026,complete_year,True,
04,Республика Алтай,АЛР,Сибирский федеральный округ,19,6,True,Республика Алтай,2.14.Я.2,Суммарный коэффициент рождаемости (Я1),data (21).xls,Суммарный коэффициент рождаемости (Я1),2025.0,год,значение показателя за год,2025-12-31,единица,1.762,22.04.2026,complete_year,True,
05,Республика Дагестан,ДАГ,Северо-Кавказский федеральный округ,9,12,True,Республика Дагестан,2.14.Я.2,Суммарный коэффициент рождаемости (Я1),data (21).xls,Суммарный коэффициент рождаемости (Я1),2025.0,год,значение показателя за год,2025-12-31,единица,1.76,22.04.2026,complete_year,True,
06,Республика Ингушетия,ИНГ,Северо-Кавказский федеральный округ,7,12,True,Республика Ингушетия,2.14.Я.2,Суммарный коэффициент рождаемости (Я1),data (21).xls,Суммарный коэффициент рождаемости (Я1),2025.0,год,значение показателя за год,2025-12-31,единица,1.719,22.04.2026,complete_year,True,
07,Кабардино-Балкарская Республика,КБР,Северо-Кавказский федеральный округ,9,11,True,Кабардино-Балкарская Республика,2.14.Я.2,Суммарный коэффициент рождаемости (Я1),data (21).xls,Суммарный коэффициент рождаемости (Я1),2025.0,год,значение показателя за год,2025-12-31,единица,1.563,22.04.2026,complete_year,True,
08,Республика Калмыкия,КАЛ,Южный федеральный округ,6,8,True,Республика Калмыкия,2.14.Я.2,Суммарный коэффициент рождаемости (Я1),data (21).xls,Суммарный коэффициент рождаемости (Я1),2025.0,год,значение показателя за год,2025-12-31,единица,1.182,22.04.2026,complete_year,True,
09,Карачаево-Черкесская Республика,КЧР,Северо-Кавказский федеральный округ,8,11,True,Карачаево-Черкесская Республика,2.14.Я.2,Суммарный коэффициент рождаемости (Я1),data (21).xls,Суммарный коэффициент рождаемости (Я1),2025.0,год,значение показателя за год,2025-12-31,единица,1.351,22.04.2026,complete_year,True,
10,Республика Карелия,КАР,Северо-Западный федеральный округ,1,0,True,Республика Карелия,2.14.Я.2,Суммарный коэффициент рождаемости (Я1),data (21).xls,Суммарный коэффициент рождаемости (Я1),2025.0,год,значение показателя за год,2025-12-31,единица,1.51,22.04.2026,complete_year,True,
11,Республика Коми,КОМ,Северо-Западный федеральный округ,2,2,True,Республика Коми,2.14.Я.2,Суммарный коэффициент рождаемости (Я1),data (21).xls,Суммарный коэффициент рождаемости (Я1),2025.0,год,значение показателя за год,2025-12-31,единица,1.492,22.04.2026,complete_year,True,
12,Республика Марий Эл,МЭ,Приволжский федеральный округ,10,6,True,Республика Марий Эл,2.14.Я.2,Суммарный коэффициент рождаемости (Я1),data (21).xls,Суммарный коэффициент рождаемости (Я1),2025.0,год,значение показателя за год,2025-12-31,единица,1.34,22.04.2026,complete_year,True,
13,Республика Мордовия,МОР,Приволжский федеральный округ,12,6,True,Республика Мордовия,2.14.Я.2,Суммарный коэффициент рождаемости (Я1),data (21).xls,Суммарный коэффициент рождаемости (Я1),2025.0,год,значение показателя за год,2025-12-31,единица,1.001,22.04.2026,complete_year,True,
14,Республика Саха (Якутия),ЯКТ,Дальневосточный федеральный округ,22,2,True,Республика Саха (Якутия),2.14.Я.2,Суммарный коэффициент рождаемости (Я1),data (21).xls,Суммарный коэффициент рождаемости (Я1),2025.0,год,значение показателя за год,2025-12-31,единица,1.481,22.04.2026,complete_year,True,
15,Республика Северная Осетия - Алания,СОА,Северо-Кавказский федеральный округ,10,11,True,Республика Северная Осетия-Алания,2.14.Я.2,Суммарный коэффициент рождаемости (Я1),data (21).xls,Суммарный коэффициент рождаемости (Я1),2025.0,год,значение показателя за год,2025-12-31,единица,1.533,22.04.2026,complete_year,True,
16,Республика Татарстан,ТАТ,Приволжский федеральный округ,14,5,True,Республика Татарстан (Татарстан),2.14.Я.2,Суммарный коэффициент рождаемости (Я1),data (21).xls,Суммарный коэффициент рождаемости (Я1),2025.0,год,значение показателя за год,2025-12-31,единица,1.434,22.04.2026,complete_year,True,
17,Республика Тыва,ТЫВ,Сибирский федеральный округ,19,7,True,Республика Тыва,2.14.Я.2,Суммарный коэффициент рождаемости (Я1),data (21).xls,Суммарный коэффициент рождаемости (Я1),2025.0,год,значение показателя за год,2025-12-31,единица,2.198,22.04.2026,complete_year,True,
18,Удмуртская Республика,УДМ,Приволжский федеральный округ,13,5,True,Удмуртская Республика,2.14.Я.2,Суммарный коэффициент рождаемости (Я1),data (21).xls,Суммарный коэффициент рождаемости (Я1),2025.0,год,значение показателя за год,2025-12-31,единица,1.302,22.04.2026,complete_year,True,
19,Республика Хакасия,ХАК,Сибирский федеральный округ,20,6,True,Республика Хакасия,2.14.Я.2,Суммарный коэффициент рождаемости (Я1),data (21).xls,Суммарный коэффициент рождаемости (Я1),2025.0,год,значение показателя за год,2025-12-31,единица,1.426,22.04.2026,complete_year,True,
20,Чеченская Республика,ЧЕЧ,Северо-Кавказский федеральный округ,8,12,True,Чеченская Республика,2.14.Я.2,Суммарный коэффициент рождаемости (Я1),data (21).xls,Суммарный коэффициент рождаемости (Я1),2025.0,год,значение показателя за год,2025-12-31,единица,2.537,22.04.2026,complete_year,True,
21,Чувашская Республика - Чувашия,ЧУВ,Приволжский федеральный округ,11,6,True,Чувашская Республика - Чувашия,2.14.Я.2,Суммарный коэффициент рождаемости (Я1),data (21).xls,Суммарный коэффициент рождаемости (Я1),2025.0,год,значение показателя за год,2025-12-31,единица,1.318,22.04.2026,complete_year,True,
22,Алтайский край,АЛК,Сибирский федеральный округ,18,6,True,Алтайский край,2.14.Я.2,Суммарный коэффициент рождаемости (Я1),data (21).xls,Суммарный коэффициент рождаемости (Я1),2025.0,год,значение показателя за год,2025-12-31,единица,1.175,22.04.2026,complete_year,True,
23,Краснодарский край,КДР,Южный федеральный округ,3,9,True,Краснодарский край,2.14.Я.2,Суммарный коэффициент рождаемости (Я1),data (21).xls,Суммарный коэффициент рождаемости (Я1),2025.0,год,значение показателя за год,2025-12-31,единица,1.495,22.04.2026,complete_year,True,
24,Красноярский край,КРЯ,Сибирский федеральный округ,21,6,True,Красноярский край,2.14.Я.2,Суммарный коэффициент рождаемости (Я1),data (21).xls,Суммарный коэффициент рождаемости (Я1),2025.0,год,значение показателя за год,2025-12-31,единица,1.362,22.04.2026,complete_year,True,
25,Приморский край,ПРИ,Дальневосточный федеральный округ,23,4,True,Приморский край,2.14.Я.2,Суммарный коэффициент рождаемости (Я1),data (21).xls,Суммарный коэффициент рождаемости (Я1),2025.0,год,значение показателя за год,2025-12-31,единица,1.385,22.04.2026,complete_year,True,
26,Ставропольский край,СТА,Северо-Кавказский федеральный округ,7,11,True,Ставропольский край,2.14.Я.2,Суммарный коэффициент рождаемости (Я1),data (21).xls,Суммарный коэффициент рождаемости (Я1),2025.0,год,значение показателя за год,2025-12-31,единица,1.232,22.04.2026,complete_year,True,
27,Хабаровский край,ХАБ,Дальневосточный федеральный округ,22,4,True,Хабаровский край,2.14.Я.2,Суммарный коэффициент рождаемости (Я1),data (21).xls,Суммарный коэффициент рождаемости (Я1),2025.0,год,значение показателя за год,2025-12-31,единица,1.38,22.04.2026,complete_year,True,
28,Амурская область,АМУ,Дальневосточный федеральный округ,24,3,True,Амурская область,2.14.Я.2,Суммарный коэффициент рождаемости (Я1),data (21).xls,Суммарный коэффициент рождаемости (Я1),2025.0,год,значение показателя за год,2025-12-31,единица,1.339,22.04.2026,complete_year,True,
29,Архангельская область,АРХ,Северо-Западный федеральный округ,2,0,True,Архангельская область (кроме Ненецкого автономного округа),2.14.Я.2,Суммарный коэффициент рождаемости (Я1),data (21).xls,Суммарный коэффициент рождаемости (Я1),2025.0,год,значение показателя за год,2025-12-31,единица,1.342,22.04.2026,complete_year,True,
30,Астраханская область,АСТ,Южный федеральный округ,5,8,True,Астраханская область,2.14.Я.2,Суммарный коэффициент рождаемости (Я1),data (21).xls,Суммарный коэффициент рождаемости (Я1),2025.0,год,значение показателя за год,2025-12-31,единица,1.574,22.04.2026,complete_year,True,
31,Белгородская область,БЕЛ,Центральный федеральный округ,8,5,True,Белгородская область,2.14.Я.2,Суммарный коэффициент рождаемости (Я1),data (21).xls,Суммарный коэффициент рождаемости (Я1),2025.0,год,значение показателя за год,2025-12-31,единица,1.075,22.04.2026,complete_year,True,
32,Брянская область,БРЯ,Центральный федеральный округ,8,4,True,Брянская область,2.14.Я.2,Суммарный коэффициент рождаемости (Я1),data (21).xls,Суммарный коэффициент рождаемости (Я1),2025.0,год,значение показателя за год,2025-12-31,единица,1.108,22.04.2026,complete_year,True,
33,Владимирская область,ВЛД,Центральный федеральный округ,6,4,True,Владимирская область,2.14.Я.2,Суммарный коэффициент рождаемости (Я1),data (21).xls,Суммарный коэффициент рождаемости (Я1),2025.0,год,значение показателя за год,2025-12-31,единица,1.051,22.04.2026,complete_year,True,
34,Волгоградская область,ВГГ,Южный федеральный округ,4,8,True,Волгоградская область,2.14.Я.2,Суммарный коэффициент рождаемости (Я1),data (21).xls,Суммарный коэффициент рождаемости (Я1),2025.0,год,значение показателя за год,2025-12-31,единица,1.081,22.04.2026,complete_year,True,
35,Вологодская область,ВОЛ,Северо-Западный федеральный округ,1,2,True,Вологодская область,2.14.Я.2,Суммарный коэффициент рождаемости (Я1),data (21).xls,Суммарный коэффициент рождаемости (Я1),2025.0,год,значение показателя за год,2025-12-31,единица,1.348,22.04.2026,complete_year,True,
36,Воронежская область,ВРН,Центральный федеральный округ,9,5,True,Воронежская область,2.14.Я.2,Суммарный коэффициент рождаемости (Я1),data (21).xls,Суммарный коэффициент рождаемости (Я1),2025.0,год,значение показателя за год,2025-12-31,единица,1.202,22.04.2026,complete_year,True,
37,Ивановская область,ИВН,Центральный федеральный округ,7,4,True,Ивановская область,2.14.Я.2,Суммарный коэффициент рождаемости (Я1),data (21).xls,Суммарный коэффициент рождаемости (Я1),2025.0,год,значение показателя за год,2025-12-31,единица,1.235,22.04.2026,complete_year,True,
38,Иркутская область,ИРК,Сибирский федеральный округ,18,7,True,Иркутская область,2.14.Я.2,Суммарный коэффициент рождаемости (Я1),data (21).xls,Суммарный коэффициент рождаемости (Я1),2025.0,год,значение показателя за год,2025-12-31,единица,1.57,22.04.2026,complete_year,True,
39,Калининградская область,КГД,Северо-Западный федеральный округ,0,1,True,Калининградская область,2.14.Я.2,Суммарный коэффициент рождаемости (Я1),data (21).xls,Суммарный коэффициент рождаемости (Я1),2025.0,год,значение показателя за год,2025-12-31,единица,1.198,22.04.2026,complete_year,True,
40,Калужская область,КЛЖ,Центральный федеральный округ,4,4,True,Калужская область,2.14.Я.2,Суммарный коэффициент рождаемости (Я1),data (21).xls,Суммарный коэффициент рождаемости (Я1),2025.0,год,значение показателя за год,2025-12-31,единица,1.255,22.04.2026,complete_year,True,
41,Камчатский край,КАМ,Дальневосточный федеральный округ,24,2,True,Камчатский край,2.14.Я.2,Суммарный коэффициент рождаемости (Я1),data (21).xls,Суммарный коэффициент рождаемости (Я1),2025.0,год,значение показателя за год,2025-12-31,единица,1.569,22.04.2026,complete_year,True,
42,Кемеровская область - Кузбасс,КЕМ,Сибирский федеральный округ,21,5,True,Кемеровская область - Кузбасс,2.14.Я.2,Суммарный коэффициент рождаемости (Я1),data (21).xls,Суммарный коэффициент рождаемости (Я1),2025.0,год,значение показателя за год,2025-12-31,единица,1.109,22.04.2026,complete_year,True,
43,Кировская область,КИР,Приволжский федеральный округ,11,5,True,Кировская область,2.14.Я.2,Суммарный коэффициент рождаемости (Я1),data (21).xls,Суммарный коэффициент рождаемости (Я1),2025.0,год,значение показателя за год,2025-12-31,единица,1.418,22.04.2026,complete_year,True,
44,Костромская область,КОС,Центральный федеральный округ,6,3,True,Костромская область,2.14.Я.2,Суммарный коэффициент рождаемости (Я1),data (21).xls,Суммарный коэффициент рождаемости (Я1),2025.0,год,значение показателя за год,2025-12-31,единица,1.402,22.04.2026,complete_year,True,
45,Курганская область,КУРГ,Уральский федеральный округ,15,6,True,Курганская область,2.14.Я.2,Суммарный коэффициент рождаемости (Я1),data (21).xls,Суммарный коэффициент рождаемости (Я1),2025.0,год,значение показателя за год,2025-12-31,единица,1.501,22.04.2026,complete_year,True,
46,Курская область,КУР,Центральный федеральный округ,5,5,True,Курская область,2.14.Я.2,Суммарный коэффициент рождаемости (Я1),data (21).xls,Суммарный коэффициент рождаемости (Я1),2025.0,год,значение показателя за год,2025-12-31,единица,1.181,22.04.2026,complete_year,True,
47,Ленинградская область,ЛЕН,Северо-Западный федеральный округ,2,1,True,Ленинградская область,2.14.Я.2,Суммарный коэффициент рождаемости (Я1),data (21).xls,Суммарный коэффициент рождаемости (Я1),2025.0,год,значение показателя за год,2025-12-31,единица,0.903,22.04.2026,complete_year,True,
48,Липецкая область,ЛИП,Центральный федеральный округ,6,5,True,Липецкая область,2.14.Я.2,Суммарный коэффициент рождаемости (Я1),data (21).xls,Суммарный коэффициент рождаемости (Я1),2025.0,год,значение показателя за год,2025-12-31,единица,1.157,22.04.2026,complete_year,True,
49,Магаданская область,МАГ,Дальневосточный федеральный округ,25,2,True,Магаданская область,2.14.Я.2,Суммарный коэффициент рождаемости (Я1),data (21).xls,Суммарный коэффициент рождаемости (Я1),2025.0,год,значение показателя за год,2025-12-31,единица,1.21,22.04.2026,complete_year,True,
50,Московская область,МОСО,Центральный федеральный округ,8,3,True,Московская область,2.14.Я.2,Суммарный коэффициент рождаемости (Я1),data (21).xls,Суммарный коэффициент рождаемости (Я1),2025.0,год,значение показателя за год,2025-12-31,единица,1.318,22.04.2026,complete_year,True,
51,Мурманская область,МУР,Северо-Западный федеральный округ,0,0,True,Мурманская область,2.14.Я.2,Суммарный коэффициент рождаемости (Я1),data (21).xls,Суммарный коэффициент рождаемости (Я1),2025.0,год,значение показателя за год,2025-12-31,единица,1.291,22.04.2026,complete_year,True,
52,Нижегородская область,НИЖ,Приволжский федеральный округ,10,5,True,Нижегородская область,2.14.Я.2,Суммарный коэффициент рождаемости (Я1),data (21).xls,Суммарный коэффициент рождаемости (Я1),2025.0,год,значение показателя за год,2025-12-31,единица,1.287,22.04.2026,complete_year,True,
53,Новгородская область,НВГ,Северо-Западный федеральный округ,3,1,True,Новгородская область,2.14.Я.2,Суммарный коэффициент рождаемости (Я1),data (21).xls,Суммарный коэффициент рождаемости (Я1),2025.0,год,значение показателя за год,2025-12-31,единица,1.187,22.04.2026,complete_year,True,
54,Новосибирская область,НСО,Сибирский федеральный округ,19,5,True,Новосибирская область,2.14.Я.2,Суммарный коэффициент рождаемости (Я1),data (21).xls,Суммарный коэффициент рождаемости (Я1),2025.0,год,значение показателя за год,2025-12-31,единица,1.413,22.04.2026,complete_year,True,
55,Омская область,ОМС,Сибирский федеральный округ,18,5,True,Омская область,2.14.Я.2,Суммарный коэффициент рождаемости (Я1),data (21).xls,Суммарный коэффициент рождаемости (Я1),2025.0,год,значение показателя за год,2025-12-31,единица,1.406,22.04.2026,complete_year,True,
56,Оренбургская область,ОРЕ,Приволжский федеральный округ,12,7,True,Оренбургская область,2.14.Я.2,Суммарный коэффициент рождаемости (Я1),data (21).xls,Суммарный коэффициент рождаемости (Я1),2025.0,год,значение показателя за год,2025-12-31,единица,1.372,22.04.2026,complete_year,True,
57,Орловская область,ОРЛ,Центральный федеральный округ,9,4,True,Орловская область,2.14.Я.2,Суммарный коэффициент рождаемости (Я1),data (21).xls,Суммарный коэффициент рождаемости (Я1),2025.0,год,значение показателя за год,2025-12-31,единица,1.111,22.04.2026,complete_year,True,
58,Пензенская область,ПЕН,Приволжский федеральный округ,13,6,True,Пензенская область,2.14.Я.2,Суммарный коэффициент рождаемости (Я1),data (21).xls,Суммарный коэффициент рождаемости (Я1),2025.0,год,значение показателя за год,2025-12-31,единица,1.113,22.04.2026,complete_year,True,
59,Пермский край,ПЕР,Приволжский федеральный округ,12,5,True,Пермский край,2.14.Я.2,Суммарный коэффициент рождаемости (Я1),data (21).xls,Суммарный коэффициент рождаемости (Я1),2025.0,год,значение показателя за год,2025-12-31,единица,1.435,22.04.2026,complete_year,True,
60,Псковская область,ПСК,Северо-Западный федеральный округ,0,2,True,Псковская область,2.14.Я.2,Суммарный коэффициент рождаемости (Я1),data (21).xls,Суммарный коэффициент рождаемости (Я1),2025.0,год,значение показателя за год,2025-12-31,единица,1.257,22.04.2026,complete_year,True,
61,Ростовская область,РОС,Южный федеральный округ,3,8,True,Ростовская область,2.14.Я.2,Суммарный коэффициент рождаемости (Я1),data (21).xls,Суммарный коэффициент рождаемости (Я1),2025.0,год,значение показателя за год,2025-12-31,единица,1.255,22.04.2026,complete_year,True,
62,Рязанская область,РЯЗ,Центральный федеральный округ,4,5,True,Рязанская область,2.14.Я.2,Суммарный коэффициент рождаемости (Я1),data (21).xls,Суммарный коэффициент рождаемости (Я1),2025.0,год,значение показателя за год,2025-12-31,единица,1.119,22.04.2026,complete_year,True,
63,Самарская область,САМ,Приволжский федеральный округ,10,7,True,Самарская область,2.14.Я.2,Суммарный коэффициент рождаемости (Я1),data (21).xls,Суммарный коэффициент рождаемости (Я1),2025.0,год,значение показателя за год,2025-12-31,единица,1.291,22.04.2026,complete_year,True,
64,Саратовская область,САР,Приволжский федеральный округ,11,7,True,Саратовская область,2.14.Я.2,Суммарный коэффициент рождаемости (Я1),data (21).xls,Суммарный коэффициент рождаемости (Я1),2025.0,год,значение показателя за год,2025-12-31,единица,1.064,22.04.2026,complete_year,True,
65,Сахалинская область,САХ,Дальневосточный федеральный округ,24,4,True,Сахалинская область,2.14.Я.2,Суммарный коэффициент рождаемости (Я1),data (21).xls,Суммарный коэффициент рождаемости (Я1),2025.0,год,значение показателя за год,2025-12-31,единица,1.66,22.04.2026,complete_year,True,
66,Свердловская область,СВР,Уральский федеральный округ,15,5,True,Свердловская область,2.14.Я.2,Суммарный коэффициент рождаемости (Я1),data (21).xls,Суммарный коэффициент рождаемости (Я1),2025.0,год,значение показателя за год,2025-12-31,единица,1.464,22.04.2026,complete_year,True,
67,Смоленская область,СМЛ,Центральный федеральный округ,7,3,True,Смоленская область,2.14.Я.2,Суммарный коэффициент рождаемости (Я1),data (21).xls,Суммарный коэффициент рождаемости (Я1),2025.0,год,значение показателя за год,2025-12-31,единица,1.0,22.04.2026,complete_year,True,
68,Тамбовская область,ТАМ,Центральный федеральный округ,7,5,True,Тамбовская область,2.14.Я.2,Суммарный коэффициент рождаемости (Я1),data (21).xls,Суммарный коэффициент рождаемости (Я1),2025.0,год,значение показателя за год,2025-12-31,единица,1.138,22.04.2026,complete_year,True,
69,Тверская область,ТВЕ,Центральный федеральный округ,4,3,True,Тверская область,2.14.Я.2,Суммарный коэффициент рождаемости (Я1),data (21).xls,Суммарный коэффициент рождаемости (Я1),2025.0,год,значение показателя за год,2025-12-31,единица,1.229,22.04.2026,complete_year,True,
70,Томская область,ТОМ,Сибирский федеральный округ,20,5,True,Томская область,2.14.Я.2,Суммарный коэффициент рождаемости (Я1),data (21).xls,Суммарный коэффициент рождаемости (Я1),2025.0,год,значение показателя за год,2025-12-31,единица,1.129,22.04.2026,complete_year,True,
71,Тульская область,ТУЛ,Центральный федеральный округ,5,4,True,Тульская область,2.14.Я.2,Суммарный коэффициент рождаемости (Я1),data (21).xls,Суммарный коэффициент рождаемости (Я1),2025.0,год,значение показателя за год,2025-12-31,единица,1.132,22.04.2026,complete_year,True,
72,Тюменская область,ТЮМ,Уральский федеральный округ,16,6,True,Тюменская область (кроме Ханты-Мансийского автономного округа-Югры и Ямало-Ненецкого автономного округа),2.14.Я.2,Суммарный коэффициент рождаемости (Я1),data (21).xls,Суммарный коэффициент рождаемости (Я1),2025.0,год,значение показателя за год,2025-12-31,единица,1.695,22.04.2026,complete_year,True,
73,Ульяновская область,УЛЬ,Приволжский федеральный округ,14,6,True,Ульяновская область,2.14.Я.2,Суммарный коэффициент рождаемости (Я1),data (21).xls,Суммарный коэффициент рождаемости (Я1),2025.0,год,значение показателя за год,2025-12-31,единица,1.223,22.04.2026,complete_year,True,
74,Челябинская область,ЧЕЛ,Уральский федеральный округ,17,6,True,Челябинская область,2.14.Я.2,Суммарный коэффициент рождаемости (Я1),data (21).xls,Суммарный коэффициент рождаемости (Я1),2025.0,год,значение показателя за год,2025-12-31,единица,1.371,22.04.2026,complete_year,True,
75,Забайкальский край,ЗАБ,Дальневосточный федеральный округ,22,3,True,Забайкальский край,2.14.Я.2,Суммарный коэффициент рождаемости (Я1),data (21).xls,Суммарный коэффициент рождаемости (Я1),2025.0,год,значение показателя за год,2025-12-31,единица,1.483,22.04.2026,complete_year,True,
76,Ярославская область,ЯРС,Центральный федеральный округ,5,3,True,Ярославская область,2.14.Я.2,Суммарный коэффициент рождаемости (Я1),data (21).xls,Суммарный коэффициент рождаемости (Я1),2025.0,год,значение показателя за год,2025-12-31,единица,1.211,22.04.2026,complete_year,True,
77,Москва,МСК,Центральный федеральный округ,9,3,True,Город Москва столица Российской Федерации город федерального значения,2.14.Я.2,Суммарный коэффициент рождаемости (Я1),data (21).xls,Суммарный коэффициент рождаемости (Я1),2025.0,год,значение показателя за год,2025-12-31,единица,1.434,22.04.2026,complete_year,True,
78,Санкт-Петербург,СПБ,Северо-Западный федеральный округ,1,1,True,Город Санкт-Петербург город федерального значения,2.14.Я.2,Суммарный коэффициент рождаемости (Я1),data (21).xls,Суммарный коэффициент рождаемости (Я1),2025.0,год,значение показателя за год,2025-12-31,единица,1.235,22.04.2026,complete_year,True,
79,Еврейская автономная область,ЕАО,Дальневосточный федеральный округ,25,3,True,Еврейская автономная область,2.14.Я.2,Суммарный коэффициент рождаемости (Я1),data (21).xls,Суммарный коэффициент рождаемости (Я1),2025.0,год,значение показателя за год,2025-12-31,единица,1.383,22.04.2026,complete_year,True,
83,Ненецкий автономный округ,НАО,Северо-Западный федеральный округ,3,0,True,Ненецкий автономный округ (Архангельская область),2.14.Я.2,Суммарный коэффициент рождаемости (Я1),data (21).xls,Суммарный коэффициент рождаемости (Я1),2025.0,год,значение показателя за год,2025-12-31,единица,1.631,22.04.2026,complete_year,True,
86,Ханты-Мансийский автономный округ - Югра,ХМАО,Уральский федеральный округ,16,5,True,Ханты-Мансийский автономный округ - Югра (Тюменская область),2.14.Я.2,Суммарный коэффициент рождаемости (Я1),data (21).xls,Суммарный коэффициент рождаемости (Я1),2025.0,год,значение показателя за год,2025-12-31,единица,1.569,22.04.2026,complete_year,True,
87,Чукотский автономный округ,ЧУК,Дальневосточный федеральный округ,23,2,True,Чукотский автономный округ,2.14.Я.2,Суммарный коэффициент рождаемости (Я1),data (21).xls,Суммарный коэффициент рождаемости (Я1),2025.0,год,значение показателя за год,2025-12-31,единица,1.746,22.04.2026,complete_year,True,
89,Ямало-Ненецкий автономный округ,ЯНАО,Уральский федеральный округ,17,5,True,Ямало-Ненецкий автономный округ (Тюменская область),2.14.Я.2,Суммарный коэффициент рождаемости (Я1),data (21).xls,Суммарный коэффициент рождаемости (Я1),2025.0,год,значение показателя за год,2025-12-31,единица,1.998,22.04.2026,complete_year,True,
90,Запорожская область,ЗАП,Новые регионы / Южный макрорегион,9,9,True,,,,,,,,,,,,,complete_year,False,Нет данных в переданной выгрузке ЕМИСС для выбранного периода/показателя
91,Республика Крым,КРЫ,Южный федеральный округ,5,9,True,Республика Крым,2.14.Я.2,Суммарный коэффициент рождаемости (Я1),data (21).xls,Суммарный коэффициент рождаемости (Я1),2025.0,год,значение показателя за год,2025-12-31,единица,1.464,22.04.2026,complete_year,True,
92,Севастополь,СЕВ,Южный федеральный округ,6,9,True,Город федерального значения Севастополь,2.14.Я.2,Суммарный коэффициент рождаемости (Я1),data (21).xls,Суммарный коэффициент рождаемости (Я1),2025.0,год,значение показателя за год,2025-12-31,единица,1.069,22.04.2026,complete_year,True,
93,Донецкая Народная Республика,ДНР,Новые регионы / Южный макрорегион,7,9,True,,,,,,,,,,,,,complete_year,False,Нет данных в переданной выгрузке ЕМИСС для выбранного периода/показателя
94,Луганская Народная Республика,ЛНР,Новые регионы / Южный макрорегион,8,9,True,,,,,,,,,,,,,complete_year,False,Нет данных в переданной выгрузке ЕМИСС для выбранного периода/показателя
95,Херсонская область,ХЕР,Новые регионы / Южный макрорегион,10,9,True,,,,,,,,,,,,,complete_year,False,Нет данных в переданной выгрузке ЕМИСС для выбранного периода/показателя
01,Республика Адыгея,АД,Южный федеральный округ,4,9,True,Республика Адыгея (Адыгея),2.14.Я.3,Суммарный коэффициент рождаемости третьих и последующих детей (Я2),data (22).xls,Суммарный коэффициент рождаемости третьих и последующих детей (Я2),2025.0,год,значение показателя за год,2025-12-31,единица,0.402,22.04.2026,complete_year,True,
02,Республика Башкортостан,БА,Приволжский федеральный округ,13,7,True,Республика Башкортостан,2.14.Я.3,Суммарный коэффициент рождаемости третьих и последующих детей (Я2),data (22).xls,Суммарный коэффициент рождаемости третьих и последующих детей (Я2),2025.0,год,значение показателя за год,2025-12-31,единица,0.357,22.04.2026,complete_year,True,
03,Республика Бурятия,БУР,Дальневосточный федеральный округ,23,3,True,Республика Бурятия,2.14.Я.3,Суммарный коэффициент рождаемости третьих и последующих детей (Я2),data (22).xls,Суммарный коэффициент рождаемости третьих и последующих детей (Я2),2025.0,год,значение показателя за год,2025-12-31,единица,0.559,22.04.2026,complete_year,True,
04,Республика Алтай,АЛР,Сибирский федеральный округ,19,6,True,Республика Алтай,2.14.Я.3,Суммарный коэффициент рождаемости третьих и последующих детей (Я2),data (22).xls,Суммарный коэффициент рождаемости третьих и последующих детей (Я2),2025.0,год,значение показателя за год,2025-12-31,единица,0.695,22.04.2026,complete_year,True,
05,Республика Дагестан,ДАГ,Северо-Кавказский федеральный округ,9,12,True,Республика Дагестан,2.14.Я.3,Суммарный коэффициент рождаемости третьих и последующих детей (Я2),data (22).xls,Суммарный коэффициент рождаемости третьих и последующих детей (Я2),2025.0,год,значение показателя за год,2025-12-31,единица,0.713,22.04.2026,complete_year,True,
06,Республика Ингушетия,ИНГ,Северо-Кавказский федеральный округ,7,12,True,Республика Ингушетия,2.14.Я.3,Суммарный коэффициент рождаемости третьих и последующих детей (Я2),data (22).xls,Суммарный коэффициент рождаемости третьих и последующих детей (Я2),2025.0,год,значение показателя за год,2025-12-31,единица,0.931,22.04.2026,complete_year,True,
07,Кабардино-Балкарская Республика,КБР,Северо-Кавказский федеральный округ,9,11,True,Кабардино-Балкарская Республика,2.14.Я.3,Суммарный коэффициент рождаемости третьих и последующих детей (Я2),data (22).xls,Суммарный коэффициент рождаемости третьих и последующих детей (Я2),2025.0,год,значение показателя за год,2025-12-31,единица,0.603,22.04.2026,complete_year,True,
08,Республика Калмыкия,КАЛ,Южный федеральный округ,6,8,True,Республика Калмыкия,2.14.Я.3,Суммарный коэффициент рождаемости третьих и последующих детей (Я2),data (22).xls,Суммарный коэффициент рождаемости третьих и последующих детей (Я2),2025.0,год,значение показателя за год,2025-12-31,единица,0.507,22.04.2026,complete_year,True,
09,Карачаево-Черкесская Республика,КЧР,Северо-Кавказский федеральный округ,8,11,True,Карачаево-Черкесская Республика,2.14.Я.3,Суммарный коэффициент рождаемости третьих и последующих детей (Я2),data (22).xls,Суммарный коэффициент рождаемости третьих и последующих детей (Я2),2025.0,год,значение показателя за год,2025-12-31,единица,0.522,22.04.2026,complete_year,True,
10,Республика Карелия,КАР,Северо-Западный федеральный округ,1,0,True,Республика Карелия,2.14.Я.3,Суммарный коэффициент рождаемости третьих и последующих детей (Я2),data (22).xls,Суммарный коэффициент рождаемости третьих и последующих детей (Я2),2025.0,год,значение показателя за год,2025-12-31,единица,0.368,22.04.2026,complete_year,True,
11,Республика Коми,КОМ,Северо-Западный федеральный округ,2,2,True,Республика Коми,2.14.Я.3,Суммарный коэффициент рождаемости третьих и последующих детей (Я2),data (22).xls,Суммарный коэффициент рождаемости третьих и последующих детей (Я2),2025.0,год,значение показателя за год,2025-12-31,единица,0.419,22.04.2026,complete_year,True,
12,Республика Марий Эл,МЭ,Приволжский федеральный округ,10,6,True,Республика Марий Эл,2.14.Я.3,Суммарный коэффициент рождаемости третьих и последующих детей (Я2),data (22).xls,Суммарный коэффициент рождаемости третьих и последующих детей (Я2),2025.0,год,значение показателя за год,2025-12-31,единица,0.386,22.04.2026,complete_year,True,
13,Республика Мордовия,МОР,Приволжский федеральный округ,12,6,True,Республика Мордовия,2.14.Я.3,Суммарный коэффициент рождаемости третьих и последующих детей (Я2),data (22).xls,Суммарный коэффициент рождаемости третьих и последующих детей (Я2),2025.0,год,значение показателя за год,2025-12-31,единица,0.24,22.04.2026,complete_year,True,
14,Республика Саха (Якутия),ЯКТ,Дальневосточный федеральный округ,22,2,True,Республика Саха (Якутия),2.14.Я.3,Суммарный коэффициент рождаемости третьих и последующих детей (Я2),data (22).xls,Суммарный коэффициент рождаемости третьих и последующих детей (Я2),2025.0,год,значение показателя за год,2025-12-31,единица,0.588,22.04.2026,complete_year,True,
15,Республика Северная Осетия - Алания,СОА,Северо-Кавказский федеральный округ,10,11,True,Республика Северная Осетия-Алания,2.14.Я.3,Суммарный коэффициент рождаемости третьих и последующих детей (Я2),data (22).xls,Суммарный коэффициент рождаемости третьих и последующих детей (Я2),2025.0,год,значение показателя за год,2025-12-31,единица,0.511,22.04.2026,complete_year,True,
16,Республика Татарстан,ТАТ,Приволжский федеральный округ,14,5,True,Республика Татарстан (Татарстан),2.14.Я.3,Суммарный коэффициент рождаемости третьих и последующих детей (Я2),data (22).xls,Суммарный коэффициент рождаемости третьих и последующих детей (Я2),2025.0,год,значение показателя за год,2025-12-31,единица,0.315,22.04.2026,complete_year,True,
17,Республика Тыва,ТЫВ,Сибирский федеральный округ,19,7,True,Республика Тыва,2.14.Я.3,Суммарный коэффициент рождаемости третьих и последующих детей (Я2),data (22).xls,Суммарный коэффициент рождаемости третьих и последующих детей (Я2),2025.0,год,значение показателя за год,2025-12-31,единица,0.987,22.04.2026,complete_year,True,
18,Удмуртская Республика,УДМ,Приволжский федеральный округ,13,5,True,Удмуртская Республика,2.14.Я.3,Суммарный коэффициент рождаемости третьих и последующих детей (Я2),data (22).xls,Суммарный коэффициент рождаемости третьих и последующих детей (Я2),2025.0,год,значение показателя за год,2025-12-31,единица,0.35,22.04.2026,complete_year,True,
19,Республика Хакасия,ХАК,Сибирский федеральный округ,20,6,True,Республика Хакасия,2.14.Я.3,Суммарный коэффициент рождаемости третьих и последующих детей (Я2),data (22).xls,Суммарный коэффициент рождаемости третьих и последующих детей (Я2),2025.0,год,значение показателя за год,2025-12-31,единица,0.429,22.04.2026,complete_year,True,
20,Чеченская Республика,ЧЕЧ,Северо-Кавказский федеральный округ,8,12,True,Чеченская Республика,2.14.Я.3,Суммарный коэффициент рождаемости третьих и последующих детей (Я2),data (22).xls,Суммарный коэффициент рождаемости третьих и последующих детей (Я2),2025.0,год,значение показателя за год,2025-12-31,единица,1.323,22.04.2026,complete_year,True,
21,Чувашская Республика - Чувашия,ЧУВ,Приволжский федеральный округ,11,6,True,Чувашская Республика - Чувашия,2.14.Я.3,Суммарный коэффициент рождаемости третьих и последующих детей (Я2),data (22).xls,Суммарный коэффициент рождаемости третьих и последующих детей (Я2),2025.0,год,значение показателя за год,2025-12-31,единица,0.364,22.04.2026,complete_year,True,
22,Алтайский край,АЛК,Сибирский федеральный округ,18,6,True,Алтайский край,2.14.Я.3,Суммарный коэффициент рождаемости третьих и последующих детей (Я2),data (22).xls,Суммарный коэффициент рождаемости третьих и последующих детей (Я2),2025.0,год,значение показателя за год,2025-12-31,единица,0.32,22.04.2026,complete_year,True,
23,Краснодарский край,КДР,Южный федеральный округ,3,9,True,Краснодарский край,2.14.Я.3,Суммарный коэффициент рождаемости третьих и последующих детей (Я2),data (22).xls,Суммарный коэффициент рождаемости третьих и последующих детей (Я2),2025.0,год,значение показателя за год,2025-12-31,единица,0.343,22.04.2026,complete_year,True,
24,Красноярский край,КРЯ,Сибирский федеральный округ,21,6,True,Красноярский край,2.14.Я.3,Суммарный коэффициент рождаемости третьих и последующих детей (Я2),data (22).xls,Суммарный коэффициент рождаемости третьих и последующих детей (Я2),2025.0,год,значение показателя за год,2025-12-31,единица,0.356,22.04.2026,complete_year,True,
25,Приморский край,ПРИ,Дальневосточный федеральный округ,23,4,True,Приморский край,2.14.Я.3,Суммарный коэффициент рождаемости третьих и последующих детей (Я2),data (22).xls,Суммарный коэффициент рождаемости третьих и последующих детей (Я2),2025.0,год,значение показателя за год,2025-12-31,единица,0.345,22.04.2026,complete_year,True,
26,Ставропольский край,СТА,Северо-Кавказский федеральный округ,7,11,True,Ставропольский край,2.14.Я.3,Суммарный коэффициент рождаемости третьих и последующих детей (Я2),data (22).xls,Суммарный коэффициент рождаемости третьих и последующих детей (Я2),2025.0,год,значение показателя за год,2025-12-31,единица,0.359,22.04.2026,complete_year,True,
27,Хабаровский край,ХАБ,Дальневосточный федеральный округ,22,4,True,Хабаровский край,2.14.Я.3,Суммарный коэффициент рождаемости третьих и последующих детей (Я2),data (22).xls,Суммарный коэффициент рождаемости третьих и последующих детей (Я2),2025.0,год,значение показателя за год,2025-12-31,единица,0.382,22.04.2026,complete_year,True,
28,Амурская область,АМУ,Дальневосточный федеральный округ,24,3,True,Амурская область,2.14.Я.3,Суммарный коэффициент рождаемости третьих и последующих детей (Я2),data (22).xls,Суммарный коэффициент рождаемости третьих и последующих детей (Я2),2025.0,год,значение показателя за год,2025-12-31,единица,0.338,22.04.2026,complete_year,True,
29,Архангельская область,АРХ,Северо-Западный федеральный округ,2,0,True,Архангельская область (кроме Ненецкого автономного округа),2.14.Я.3,Суммарный коэффициент рождаемости третьих и последующих детей (Я2),data (22).xls,Суммарный коэффициент рождаемости третьих и последующих детей (Я2),2025.0,год,значение показателя за год,2025-12-31,единица,0.321,22.04.2026,complete_year,True,
30,Астраханская область,АСТ,Южный федеральный округ,5,8,True,Астраханская область,2.14.Я.3,Суммарный коэффициент рождаемости третьих и последующих детей (Я2),data (22).xls,Суммарный коэффициент рождаемости третьих и последующих детей (Я2),2025.0,год,значение показателя за год,2025-12-31,единица,0.518,22.04.2026,complete_year,True,
31,Белгородская область,БЕЛ,Центральный федеральный округ,8,5,True,Белгородская область,2.14.Я.3,Суммарный коэффициент рождаемости третьих и последующих детей (Я2),data (22).xls,Суммарный коэффициент рождаемости третьих и последующих детей (Я2),2025.0,год,значение показателя за год,2025-12-31,единица,0.203,22.04.2026,complete_year,True,
32,Брянская область,БРЯ,Центральный федеральный округ,8,4,True,Брянская область,2.14.Я.3,Суммарный коэффициент рождаемости третьих и последующих детей (Я2),data (22).xls,Суммарный коэффициент рождаемости третьих и последующих детей (Я2),2025.0,год,значение показателя за год,2025-12-31,единица,0.242,22.04.2026,complete_year,True,
33,Владимирская область,ВЛД,Центральный федеральный округ,6,4,True,Владимирская область,2.14.Я.3,Суммарный коэффициент рождаемости третьих и последующих детей (Я2),data (22).xls,Суммарный коэффициент рождаемости третьих и последующих детей (Я2),2025.0,год,значение показателя за год,2025-12-31,единица,0.274,22.04.2026,complete_year,True,
34,Волгоградская область,ВГГ,Южный федеральный округ,4,8,True,Волгоградская область,2.14.Я.3,Суммарный коэффициент рождаемости третьих и последующих детей (Я2),data (22).xls,Суммарный коэффициент рождаемости третьих и последующих детей (Я2),2025.0,год,значение показателя за год,2025-12-31,единица,0.271,22.04.2026,complete_year,True,
35,Вологодская область,ВОЛ,Северо-Западный федеральный округ,1,2,True,Вологодская область,2.14.Я.3,Суммарный коэффициент рождаемости третьих и последующих детей (Я2),data (22).xls,Суммарный коэффициент рождаемости третьих и последующих детей (Я2),2025.0,год,значение показателя за год,2025-12-31,единица,0.352,22.04.2026,complete_year,True,
36,Воронежская область,ВРН,Центральный федеральный округ,9,5,True,Воронежская область,2.14.Я.3,Суммарный коэффициент рождаемости третьих и последующих детей (Я2),data (22).xls,Суммарный коэффициент рождаемости третьих и последующих детей (Я2),2025.0,год,значение показателя за год,2025-12-31,единица,0.233,22.04.2026,complete_year,True,
37,Ивановская область,ИВН,Центральный федеральный округ,7,4,True,Ивановская область,2.14.Я.3,Суммарный коэффициент рождаемости третьих и последующих детей (Я2),data (22).xls,Суммарный коэффициент рождаемости третьих и последующих детей (Я2),2025.0,год,значение показателя за год,2025-12-31,единица,0.294,22.04.2026,complete_year,True,
38,Иркутская область,ИРК,Сибирский федеральный округ,18,7,True,Иркутская область,2.14.Я.3,Суммарный коэффициент рождаемости третьих и последующих детей (Я2),data (22).xls,Суммарный коэффициент рождаемости третьих и последующих детей (Я2),2025.0,год,значение показателя за год,2025-12-31,единица,0.474,22.04.2026,complete_year,True,
39,Калининградская область,КГД,Северо-Западный федеральный округ,0,1,True,Калининградская область,2.14.Я.3,Суммарный коэффициент рождаемости третьих и последующих детей (Я2),data (22).xls,Суммарный коэффициент рождаемости третьих и последующих детей (Я2),2025.0,год,значение показателя за год,2025-12-31,единица,0.27,22.04.2026,complete_year,True,
40,Калужская область,КЛЖ,Центральный федеральный округ,4,4,True,Калужская область,2.14.Я.3,Суммарный коэффициент рождаемости третьих и последующих детей (Я2),data (22).xls,Суммарный коэффициент рождаемости третьих и последующих детей (Я2),2025.0,год,значение показателя за год,2025-12-31,единица,0.404,22.04.2026,complete_year,True,
41,Камчатский край,КАМ,Дальневосточный федеральный округ,24,2,True,Камчатский край,2.14.Я.3,Суммарный коэффициент рождаемости третьих и последующих детей (Я2),data (22).xls,Суммарный коэффициент рождаемости третьих и последующих детей (Я2),2025.0,год,значение показателя за год,2025-12-31,единица,0.399,22.04.2026,complete_year,True,
42,Кемеровская область - Кузбасс,КЕМ,Сибирский федеральный округ,21,5,True,Кемеровская область - Кузбасс,2.14.Я.3,Суммарный коэффициент рождаемости третьих и последующих детей (Я2),data (22).xls,Суммарный коэффициент рождаемости третьих и последующих детей (Я2),2025.0,год,значение показателя за год,2025-12-31,единица,0.292,22.04.2026,complete_year,True,
43,Кировская область,КИР,Приволжский федеральный округ,11,5,True,Кировская область,2.14.Я.3,Суммарный коэффициент рождаемости третьих и последующих детей (Я2),data (22).xls,Суммарный коэффициент рождаемости третьих и последующих детей (Я2),2025.0,год,значение показателя за год,2025-12-31,единица,0.32,22.04.2026,complete_year,True,
44,Костромская область,КОС,Центральный федеральный округ,6,3,True,Костромская область,2.14.Я.3,Суммарный коэффициент рождаемости третьих и последующих детей (Я2),data (22).xls,Суммарный коэффициент рождаемости третьих и последующих детей (Я2),2025.0,год,значение показателя за год,2025-12-31,единица,0.363,22.04.2026,complete_year,True,
45,Курганская область,КУРГ,Уральский федеральный округ,15,6,True,Курганская область,2.14.Я.3,Суммарный коэффициент рождаемости третьих и последующих детей (Я2),data (22).xls,Суммарный коэффициент рождаемости третьих и последующих детей (Я2),2025.0,год,значение показателя за год,2025-12-31,единица,0.49,22.04.2026,complete_year,True,
46,Курская область,КУР,Центральный федеральный округ,5,5,True,Курская область,2.14.Я.3,Суммарный коэффициент рождаемости третьих и последующих детей (Я2),data (22).xls,Суммарный коэффициент рождаемости третьих и последующих детей (Я2),2025.0,год,значение показателя за год,2025-12-31,единица,0.249,22.04.2026,complete_year,True,
47,Ленинградская область,ЛЕН,Северо-Западный федеральный округ,2,1,True,Ленинградская область,2.14.Я.3,Суммарный коэффициент рождаемости третьих и последующих детей (Я2),data (22).xls,Суммарный коэффициент рождаемости третьих и последующих детей (Я2),2025.0,год,значение показателя за год,2025-12-31,единица,0.231,22.04.2026,complete_year,True,
48,Липецкая область,ЛИП,Центральный федеральный округ,6,5,True,Липецкая область,2.14.Я.3,Суммарный коэффициент рождаемости третьих и последующих детей (Я2),data (22).xls,Суммарный коэффициент рождаемости третьих и последующих детей (Я2),2025.0,год,значение показателя за год,2025-12-31,единица,0.283,22.04.2026,complete_year,True,
49,Магаданская область,МАГ,Дальневосточный федеральный округ,25,2,True,Магаданская область,2.14.Я.3,Суммарный коэффициент рождаемости третьих и последующих детей (Я2),data (22).xls,Суммарный коэффициент рождаемости третьих и последующих детей (Я2),2025.0,год,значение показателя за год,2025-12-31,единица,0.361,22.04.2026,complete_year,True,
50,Московская область,МОСО,Центральный федеральный округ,8,3,True,Московская область,2.14.Я.3,Суммарный коэффициент рождаемости третьих и последующих детей (Я2),data (22).xls,Суммарный коэффициент рождаемости третьих и последующих детей (Я2),2025.0,год,значение показателя за год,2025-12-31,единица,0.316,22.04.2026,complete_year,True,
51,Мурманская область,МУР,Северо-Западный федеральный округ,0,0,True,Мурманская область,2.14.Я.3,Суммарный коэффициент рождаемости третьих и последующих детей (Я2),data (22).xls,Суммарный коэффициент рождаемости третьих и последующих детей (Я2),2025.0,год,значение показателя за год,2025-12-31,единица,0.274,22.04.2026,complete_year,True,
52,Нижегородская область,НИЖ,Приволжский федеральный округ,10,5,True,Нижегородская область,2.14.Я.3,Суммарный коэффициент рождаемости третьих и последующих детей (Я2),data (22).xls,Суммарный коэффициент рождаемости третьих и последующих детей (Я2),2025.0,год,значение показателя за год,2025-12-31,единица,0.266,22.04.2026,complete_year,True,
53,Новгородская область,НВГ,Северо-Западный федеральный округ,3,1,True,Новгородская область,2.14.Я.3,Суммарный коэффициент рождаемости третьих и последующих детей (Я2),data (22).xls,Суммарный коэффициент рождаемости третьих и последующих детей (Я2),2025.0,год,значение показателя за год,2025-12-31,единица,0.341,22.04.2026,complete_year,True,
54,Новосибирская область,НСО,Сибирский федеральный округ,19,5,True,Новосибирская область,2.14.Я.3,Суммарный коэффициент рождаемости третьих и последующих детей (Я2),data (22).xls,Суммарный коэффициент рождаемости третьих и последующих детей (Я2),2025.0,год,значение показателя за год,2025-12-31,единица,0.356,22.04.2026,complete_year,True,
55,Омская область,ОМС,Сибирский федеральный округ,18,5,True,Омская область,2.14.Я.3,Суммарный коэффициент рождаемости третьих и последующих детей (Я2),data (22).xls,Суммарный коэффициент рождаемости третьих и последующих детей (Я2),2025.0,год,значение показателя за год,2025-12-31,единица,0.382,22.04.2026,complete_year,True,
56,Оренбургская область,ОРЕ,Приволжский федеральный округ,12,7,True,Оренбургская область,2.14.Я.3,Суммарный коэффициент рождаемости третьих и последующих детей (Я2),data (22).xls,Суммарный коэффициент рождаемости третьих и последующих детей (Я2),2025.0,год,значение показателя за год,2025-12-31,единица,0.374,22.04.2026,complete_year,True,
57,Орловская область,ОРЛ,Центральный федеральный округ,9,4,True,Орловская область,2.14.Я.3,Суммарный коэффициент рождаемости третьих и последующих детей (Я2),data (22).xls,Суммарный коэффициент рождаемости третьих и последующих детей (Я2),2025.0,год,значение показателя за год,2025-12-31,единица,0.248,22.04.2026,complete_year,True,
58,Пензенская область,ПЕН,Приволжский федеральный округ,13,6,True,Пензенская область,2.14.Я.3,Суммарный коэффициент рождаемости третьих и последующих детей (Я2),data (22).xls,Суммарный коэффициент рождаемости третьих и последующих детей (Я2),2025.0,год,значение показателя за год,2025-12-31,единица,0.23,22.04.2026,complete_year,True,
59,Пермский край,ПЕР,Приволжский федеральный округ,12,5,True,Пермский край,2.14.Я.3,Суммарный коэффициент рождаемости третьих и последующих детей (Я2),data (22).xls,Суммарный коэффициент рождаемости третьих и последующих детей (Я2),2025.0,год,значение показателя за год,2025-12-31,единица,0.421,22.04.2026,complete_year,True,
60,Псковская область,ПСК,Северо-Западный федеральный округ,0,2,True,Псковская область,2.14.Я.3,Суммарный коэффициент рождаемости третьих и последующих детей (Я2),data (22).xls,Суммарный коэффициент рождаемости третьих и последующих детей (Я2),2025.0,год,значение показателя за год,2025-12-31,единица,0.324,22.04.2026,complete_year,True,
61,Ростовская область,РОС,Южный федеральный округ,3,8,True,Ростовская область,2.14.Я.3,Суммарный коэффициент рождаемости третьих и последующих детей (Я2),data (22).xls,Суммарный коэффициент рождаемости третьих и последующих детей (Я2),2025.0,год,значение показателя за год,2025-12-31,единица,0.285,22.04.2026,complete_year,True,
62,Рязанская область,РЯЗ,Центральный федеральный округ,4,5,True,Рязанская область,2.14.Я.3,Суммарный коэффициент рождаемости третьих и последующих детей (Я2),data (22).xls,Суммарный коэффициент рождаемости третьих и последующих детей (Я2),2025.0,год,значение показателя за год,2025-12-31,единица,0.279,22.04.2026,complete_year,True,
63,Самарская область,САМ,Приволжский федеральный округ,10,7,True,Самарская область,2.14.Я.3,Суммарный коэффициент рождаемости третьих и последующих детей (Я2),data (22).xls,Суммарный коэффициент рождаемости третьих и последующих детей (Я2),2025.0,год,значение показателя за год,2025-12-31,единица,0.305,22.04.2026,complete_year,True,
64,Саратовская область,САР,Приволжский федеральный округ,11,7,True,Саратовская область,2.14.Я.3,Суммарный коэффициент рождаемости третьих и последующих детей (Я2),data (22).xls,Суммарный коэффициент рождаемости третьих и последующих детей (Я2),2025.0,год,значение показателя за год,2025-12-31,единица,0.247,22.04.2026,complete_year,True,
65,Сахалинская область,САХ,Дальневосточный федеральный округ,24,4,True,Сахалинская область,2.14.Я.3,Суммарный коэффициент рождаемости третьих и последующих детей (Я2),data (22).xls,Суммарный коэффициент рождаемости третьих и последующих детей (Я2),2025.0,год,значение показателя за год,2025-12-31,единица,0.464,22.04.2026,complete_year,True,
66,Свердловская область,СВР,Уральский федеральный округ,15,5,True,Свердловская область,2.14.Я.3,Суммарный коэффициент рождаемости третьих и последующих детей (Я2),data (22).xls,Суммарный коэффициент рождаемости третьих и последующих детей (Я2),2025.0,год,значение показателя за год,2025-12-31,единица,0.38,22.04.2026,complete_year,True,
67,Смоленская область,СМЛ,Центральный федеральный округ,7,3,True,Смоленская область,2.14.Я.3,Суммарный коэффициент рождаемости третьих и последующих детей (Я2),data (22).xls,Суммарный коэффициент рождаемости третьих и последующих детей (Я2),2025.0,год,значение показателя за год,2025-12-31,единица,0.227,22.04.2026,complete_year,True,
68,Тамбовская область,ТАМ,Центральный федеральный округ,7,5,True,Тамбовская область,2.14.Я.3,Суммарный коэффициент рождаемости третьих и последующих детей (Я2),data (22).xls,Суммарный коэффициент рождаемости третьих и последующих детей (Я2),2025.0,год,значение показателя за год,2025-12-31,единица,0.277,22.04.2026,complete_year,True,
69,Тверская область,ТВЕ,Центральный федеральный округ,4,3,True,Тверская область,2.14.Я.3,Суммарный коэффициент рождаемости третьих и последующих детей (Я2),data (22).xls,Суммарный коэффициент рождаемости третьих и последующих детей (Я2),2025.0,год,значение показателя за год,2025-12-31,единица,0.337,22.04.2026,complete_year,True,
70,Томская область,ТОМ,Сибирский федеральный округ,20,5,True,Томская область,2.14.Я.3,Суммарный коэффициент рождаемости третьих и последующих детей (Я2),data (22).xls,Суммарный коэффициент рождаемости третьих и последующих детей (Я2),2025.0,год,значение показателя за год,2025-12-31,единица,0.28,22.04.2026,complete_year,True,
71,Тульская область,ТУЛ,Центральный федеральный округ,5,4,True,Тульская область,2.14.Я.3,Суммарный коэффициент рождаемости третьих и последующих детей (Я2),data (22).xls,Суммарный коэффициент рождаемости третьих и последующих детей (Я2),2025.0,год,значение показателя за год,2025-12-31,единица,0.267,22.04.2026,complete_year,True,
72,Тюменская область,ТЮМ,Уральский федеральный округ,16,6,True,Тюменская область (кроме Ханты-Мансийского автономного округа-Югры и Ямало-Ненецкого автономного округа),2.14.Я.3,Суммарный коэффициент рождаемости третьих и последующих детей (Я2),data (22).xls,Суммарный коэффициент рождаемости третьих и последующих детей (Я2),2025.0,год,значение показателя за год,2025-12-31,единица,0.492,22.04.2026,complete_year,True,
73,Ульяновская область,УЛЬ,Приволжский федеральный округ,14,6,True,Ульяновская область,2.14.Я.3,Суммарный коэффициент рождаемости третьих и последующих детей (Я2),data (22).xls,Суммарный коэффициент рождаемости третьих и последующих детей (Я2),2025.0,год,значение показателя за год,2025-12-31,единица,0.293,22.04.2026,complete_year,True,
74,Челябинская область,ЧЕЛ,Уральский федеральный округ,17,6,True,Челябинская область,2.14.Я.3,Суммарный коэффициент рождаемости третьих и последующих детей (Я2),data (22).xls,Суммарный коэффициент рождаемости третьих и последующих детей (Я2),2025.0,год,значение показателя за год,2025-12-31,единица,0.366,22.04.2026,complete_year,True,
75,Забайкальский край,ЗАБ,Дальневосточный федеральный округ,22,3,True,Забайкальский край,2.14.Я.3,Суммарный коэффициент рождаемости третьих и последующих детей (Я2),data (22).xls,Суммарный коэффициент рождаемости третьих и последующих детей (Я2),2025.0,год,значение показателя за год,2025-12-31,единица,0.491,22.04.2026,complete_year,True,
76,Ярославская область,ЯРС,Центральный федеральный округ,5,3,True,Ярославская область,2.14.Я.3,Суммарный коэффициент рождаемости третьих и последующих детей (Я2),data (22).xls,Суммарный коэффициент рождаемости третьих и последующих детей (Я2),2025.0,год,значение показателя за год,2025-12-31,единица,0.259,22.04.2026,complete_year,True,
77,Москва,МСК,Центральный федеральный округ,9,3,True,Город Москва столица Российской Федерации город федерального значения,2.14.Я.3,Суммарный коэффициент рождаемости третьих и последующих детей (Я2),data (22).xls,Суммарный коэффициент рождаемости третьих и последующих детей (Я2),2025.0,год,значение показателя за год,2025-12-31,единица,0.255,22.04.2026,complete_year,True,
78,Санкт-Петербург,СПБ,Северо-Западный федеральный округ,1,1,True,Город Санкт-Петербург город федерального значения,2.14.Я.3,Суммарный коэффициент рождаемости третьих и последующих детей (Я2),data (22).xls,Суммарный коэффициент рождаемости третьих и последующих детей (Я2),2025.0,год,значение показателя за год,2025-12-31,единица,0.214,22.04.2026,complete_year,True,
79,Еврейская автономная область,ЕАО,Дальневосточный федеральный округ,25,3,True,Еврейская автономная область,2.14.Я.3,Суммарный коэффициент рождаемости третьих и последующих детей (Я2),data (22).xls,Суммарный коэффициент рождаемости третьих и последующих детей (Я2),2025.0,год,значение показателя за год,2025-12-31,единица,0.452,22.04.2026,complete_year,True,
83,Ненецкий автономный округ,НАО,Северо-Западный федеральный округ,3,0,True,Ненецкий автономный округ (Архангельская область),2.14.Я.3,Суммарный коэффициент рождаемости третьих и последующих детей (Я2),data (22).xls,Суммарный коэффициент рождаемости третьих и последующих детей (Я2),2025.0,год,значение показателя за год,2025-12-31,единица,0.648,22.04.2026,complete_year,True,
86,Ханты-Мансийский автономный округ - Югра,ХМАО,Уральский федеральный округ,16,5,True,Ханты-Мансийский автономный округ - Югра (Тюменская область),2.14.Я.3,Суммарный коэффициент рождаемости третьих и последующих детей (Я2),data (22).xls,Суммарный коэффициент рождаемости третьих и последующих детей (Я2),2025.0,год,значение показателя за год,2025-12-31,единица,0.534,22.04.2026,complete_year,True,
87,Чукотский автономный округ,ЧУК,Дальневосточный федеральный округ,23,2,True,Чукотский автономный округ,2.14.Я.3,Суммарный коэффициент рождаемости третьих и последующих детей (Я2),data (22).xls,Суммарный коэффициент рождаемости третьих и последующих детей (Я2),2025.0,год,значение показателя за год,2025-12-31,единица,0.647,22.04.2026,complete_year,True,
89,Ямало-Ненецкий автономный округ,ЯНАО,Уральский федеральный округ,17,5,True,Ямало-Ненецкий автономный округ (Тюменская область),2.14.Я.3,Суммарный коэффициент рождаемости третьих и последующих детей (Я2),data (22).xls,Суммарный коэффициент рождаемости третьих и последующих детей (Я2),2025.0,год,значение показателя за год,2025-12-31,единица,0.656,22.04.2026,complete_year,True,
90,Запорожская область,ЗАП,Новые регионы / Южный макрорегион,9,9,True,,,,,,,,,,,,,complete_year,False,Нет данных в переданной выгрузке ЕМИСС для выбранного периода/показателя
91,Республика Крым,КРЫ,Южный федеральный округ,5,9,True,Республика Крым,2.14.Я.3,Суммарный коэффициент рождаемости третьих и последующих детей (Я2),data (22).xls,Суммарный коэффициент рождаемости третьих и последующих детей (Я2),2025.0,год,значение показателя за год,2025-12-31,единица,0.387,22.04.2026,complete_year,True,
92,Севастополь,СЕВ,Южный федеральный округ,6,9,True,Город федерального значения Севастополь,2.14.Я.3,Суммарный коэффициент рождаемости третьих и последующих детей (Я2),data (22).xls,Суммарный коэффициент рождаемости третьих и последующих детей (Я2),2025.0,год,значение показателя за год,2025-12-31,единица,0.19,22.04.2026,complete_year,True,
93,Донецкая Народная Республика,ДНР,Новые регионы / Южный макрорегион,7,9,True,,,,,,,,,,,,,complete_year,False,Нет данных в переданной выгрузке ЕМИСС для выбранного периода/показателя
94,Луганская Народная Республика,ЛНР,Новые регионы / Южный макрорегион,8,9,True,,,,,,,,,,,,,complete_year,False,Нет данных в переданной выгрузке ЕМИСС для выбранного периода/показателя
95,Херсонская область,ХЕР,Новые регионы / Южный макрорегион,10,9,True,,,,,,,,,,,,,complete_year,False,Нет данных в переданной выгрузке ЕМИСС для выбранного периода/показателя
01,Республика Адыгея,АД,Южный федеральный округ,4,9,True,Республика Адыгея (Адыгея),2.14.Я.4,"Доля пожилых граждан и инвалидов, получающих долговременный уход, от общего числа нуждающихся в таком уходе граждан (Я4)",data (23).xls,"Доля пожилых граждан и инвалидов, получающих долговременный уход, от общего числа нуждающихся в таком уходе граждан (Я4)",2025.0,месяц,декабрь,2025-12-31,процент,4.5,09.04.2026,complete_year,True,
02,Республика Башкортостан,БА,Приволжский федеральный округ,13,7,True,Республика Башкортостан,2.14.Я.4,"Доля пожилых граждан и инвалидов, получающих долговременный уход, от общего числа нуждающихся в таком уходе граждан (Я4)",data (23).xls,"Доля пожилых граждан и инвалидов, получающих долговременный уход, от общего числа нуждающихся в таком уходе граждан (Я4)",2025.0,месяц,декабрь,2025-12-31,процент,2.22,09.04.2026,complete_year,True,
03,Республика Бурятия,БУР,Дальневосточный федеральный округ,23,3,True,Республика Бурятия,2.14.Я.4,"Доля пожилых граждан и инвалидов, получающих долговременный уход, от общего числа нуждающихся в таком уходе граждан (Я4)",data (23).xls,"Доля пожилых граждан и инвалидов, получающих долговременный уход, от общего числа нуждающихся в таком уходе граждан (Я4)",2025.0,месяц,декабрь,2025-12-31,процент,10.81,09.04.2026,complete_year,True,
04,Республика Алтай,АЛР,Сибирский федеральный округ,19,6,True,Республика Алтай,2.14.Я.4,"Доля пожилых граждан и инвалидов, получающих долговременный уход, от общего числа нуждающихся в таком уходе граждан (Я4)",data (23).xls,"Доля пожилых граждан и инвалидов, получающих долговременный уход, от общего числа нуждающихся в таком уходе граждан (Я4)",2025.0,месяц,декабрь,2025-12-31,процент,12.34,09.04.2026,complete_year,True,
05,Республика Дагестан,ДАГ,Северо-Кавказский федеральный округ,9,12,True,Республика Дагестан,2.14.Я.4,"Доля пожилых граждан и инвалидов, получающих долговременный уход, от общего числа нуждающихся в таком уходе граждан (Я4)",data (23).xls,"Доля пожилых граждан и инвалидов, получающих долговременный уход, от общего числа нуждающихся в таком уходе граждан (Я4)",2025.0,месяц,декабрь,2025-12-31,процент,0.9,09.04.2026,complete_year,True,
06,Республика Ингушетия,ИНГ,Северо-Кавказский федеральный округ,7,12,True,Республика Ингушетия,2.14.Я.4,"Доля пожилых граждан и инвалидов, получающих долговременный уход, от общего числа нуждающихся в таком уходе граждан (Я4)",data (23).xls,"Доля пожилых граждан и инвалидов, получающих долговременный уход, от общего числа нуждающихся в таком уходе граждан (Я4)",2025.0,месяц,декабрь,2025-12-31,процент,4.54,09.04.2026,complete_year,True,
07,Кабардино-Балкарская Республика,КБР,Северо-Кавказский федеральный округ,9,11,True,Кабардино-Балкарская Республика,2.14.Я.4,"Доля пожилых граждан и инвалидов, получающих долговременный уход, от общего числа нуждающихся в таком уходе граждан (Я4)",data (23).xls,"Доля пожилых граждан и инвалидов, получающих долговременный уход, от общего числа нуждающихся в таком уходе граждан (Я4)",2025.0,месяц,декабрь,2025-12-31,процент,2.9,09.04.2026,complete_year,True,
08,Республика Калмыкия,КАЛ,Южный федеральный округ,6,8,True,Республика Калмыкия,2.14.Я.4,"Доля пожилых граждан и инвалидов, получающих долговременный уход, от общего числа нуждающихся в таком уходе граждан (Я4)",data (23).xls,"Доля пожилых граждан и инвалидов, получающих долговременный уход, от общего числа нуждающихся в таком уходе граждан (Я4)",2025.0,месяц,декабрь,2025-12-31,процент,8.51,09.04.2026,complete_year,True,
09,Карачаево-Черкесская Республика,КЧР,Северо-Кавказский федеральный округ,8,11,True,Карачаево-Черкесская Республика,2.14.Я.4,"Доля пожилых граждан и инвалидов, получающих долговременный уход, от общего числа нуждающихся в таком уходе граждан (Я4)",data (23).xls,"Доля пожилых граждан и инвалидов, получающих долговременный уход, от общего числа нуждающихся в таком уходе граждан (Я4)",2025.0,месяц,декабрь,2025-12-31,процент,4.2,09.04.2026,complete_year,True,
10,Республика Карелия,КАР,Северо-Западный федеральный округ,1,0,True,Республика Карелия,2.14.Я.4,"Доля пожилых граждан и инвалидов, получающих долговременный уход, от общего числа нуждающихся в таком уходе граждан (Я4)",data (23).xls,"Доля пожилых граждан и инвалидов, получающих долговременный уход, от общего числа нуждающихся в таком уходе граждан (Я4)",2025.0,месяц,декабрь,2025-12-31,процент,4.0,09.04.2026,complete_year,True,
11,Республика Коми,КОМ,Северо-Западный федеральный округ,2,2,True,Республика Коми,2.14.Я.4,"Доля пожилых граждан и инвалидов, получающих долговременный уход, от общего числа нуждающихся в таком уходе граждан (Я4)",data (23).xls,"Доля пожилых граждан и инвалидов, получающих долговременный уход, от общего числа нуждающихся в таком уходе граждан (Я4)",2025.0,месяц,декабрь,2025-12-31,процент,3.6,09.04.2026,complete_year,True,
12,Республика Марий Эл,МЭ,Приволжский федеральный округ,10,6,True,Республика Марий Эл,2.14.Я.4,"Доля пожилых граждан и инвалидов, получающих долговременный уход, от общего числа нуждающихся в таком уходе граждан (Я4)",data (23).xls,"Доля пожилых граждан и инвалидов, получающих долговременный уход, от общего числа нуждающихся в таком уходе граждан (Я4)",2025.0,месяц,декабрь,2025-12-31,процент,26.03,09.04.2026,complete_year,True,
13,Республика Мордовия,МОР,Приволжский федеральный округ,12,6,True,Республика Мордовия,2.14.Я.4,"Доля пожилых граждан и инвалидов, получающих долговременный уход, от общего числа нуждающихся в таком уходе граждан (Я4)",data (23).xls,"Доля пожилых граждан и инвалидов, получающих долговременный уход, от общего числа нуждающихся в таком уходе граждан (Я4)",2025.0,месяц,декабрь,2025-12-31,процент,47.44,09.04.2026,complete_year,True,
14,Республика Саха (Якутия),ЯКТ,Дальневосточный федеральный округ,22,2,True,Республика Саха (Якутия),2.14.Я.4,"Доля пожилых граждан и инвалидов, получающих долговременный уход, от общего числа нуждающихся в таком уходе граждан (Я4)",data (23).xls,"Доля пожилых граждан и инвалидов, получающих долговременный уход, от общего числа нуждающихся в таком уходе граждан (Я4)",2025.0,месяц,декабрь,2025-12-31,процент,3.21,09.04.2026,complete_year,True,
15,Республика Северная Осетия - Алания,СОА,Северо-Кавказский федеральный округ,10,11,True,Республика Северная Осетия - Алания,2.14.Я.4,"Доля пожилых граждан и инвалидов, получающих долговременный уход, от общего числа нуждающихся в таком уходе граждан (Я4)",data (23).xls,"Доля пожилых граждан и инвалидов, получающих долговременный уход, от общего числа нуждающихся в таком уходе граждан (Я4)",2025.0,месяц,декабрь,2025-12-31,процент,3.9,09.04.2026,complete_year,True,
16,Республика Татарстан,ТАТ,Приволжский федеральный округ,14,5,True,Республика Татарстан (Татарстан),2.14.Я.4,"Доля пожилых граждан и инвалидов, получающих долговременный уход, от общего числа нуждающихся в таком уходе граждан (Я4)",data (23).xls,"Доля пожилых граждан и инвалидов, получающих долговременный уход, от общего числа нуждающихся в таком уходе граждан (Я4)",2025.0,месяц,декабрь,2025-12-31,процент,14.72,09.04.2026,complete_year,True,
17,Республика Тыва,ТЫВ,Сибирский федеральный округ,19,7,True,Республика Тыва,2.14.Я.4,"Доля пожилых граждан и инвалидов, получающих долговременный уход, от общего числа нуждающихся в таком уходе граждан (Я4)",data (23).xls,"Доля пожилых граждан и инвалидов, получающих долговременный уход, от общего числа нуждающихся в таком уходе граждан (Я4)",2025.0,месяц,декабрь,2025-12-31,процент,12.0,09.04.2026,complete_year,True,
18,Удмуртская Республика,УДМ,Приволжский федеральный округ,13,5,True,Удмуртская Республика,2.14.Я.4,"Доля пожилых граждан и инвалидов, получающих долговременный уход, от общего числа нуждающихся в таком уходе граждан (Я4)",data (23).xls,"Доля пожилых граждан и инвалидов, получающих долговременный уход, от общего числа нуждающихся в таком уходе граждан (Я4)",2025.0,месяц,декабрь,2025-12-31,процент,3.85,09.04.2026,complete_year,True,
19,Республика Хакасия,ХАК,Сибирский федеральный округ,20,6,True,Республика Хакасия,2.14.Я.4,"Доля пожилых граждан и инвалидов, получающих долговременный уход, от общего числа нуждающихся в таком уходе граждан (Я4)",data (23).xls,"Доля пожилых граждан и инвалидов, получающих долговременный уход, от общего числа нуждающихся в таком уходе граждан (Я4)",2025.0,месяц,декабрь,2025-12-31,процент,4.51,09.04.2026,complete_year,True,
20,Чеченская Республика,ЧЕЧ,Северо-Кавказский федеральный округ,8,12,True,Чеченская Республика,2.14.Я.4,"Доля пожилых граждан и инвалидов, получающих долговременный уход, от общего числа нуждающихся в таком уходе граждан (Я4)",data (23).xls,"Доля пожилых граждан и инвалидов, получающих долговременный уход, от общего числа нуждающихся в таком уходе граждан (Я4)",2025.0,месяц,декабрь,2025-12-31,процент,1.71,09.04.2026,complete_year,True,
21,Чувашская Республика - Чувашия,ЧУВ,Приволжский федеральный округ,11,6,True,Чувашская Республика - Чувашия,2.14.Я.4,"Доля пожилых граждан и инвалидов, получающих долговременный уход, от общего числа нуждающихся в таком уходе граждан (Я4)",data (23).xls,"Доля пожилых граждан и инвалидов, получающих долговременный уход, от общего числа нуждающихся в таком уходе граждан (Я4)",2025.0,месяц,декабрь,2025-12-31,процент,1.9,09.04.2026,complete_year,True,
22,Алтайский край,АЛК,Сибирский федеральный округ,18,6,True,Алтайский край,2.14.Я.4,"Доля пожилых граждан и инвалидов, получающих долговременный уход, от общего числа нуждающихся в таком уходе граждан (Я4)",data (23).xls,"Доля пожилых граждан и инвалидов, получающих долговременный уход, от общего числа нуждающихся в таком уходе граждан (Я4)",2025.0,месяц,декабрь,2025-12-31,процент,10.4,09.04.2026,complete_year,True,
23,Краснодарский край,КДР,Южный федеральный округ,3,9,True,Краснодарский край,2.14.Я.4,"Доля пожилых граждан и инвалидов, получающих долговременный уход, от общего числа нуждающихся в таком уходе граждан (Я4)",data (23).xls,"Доля пожилых граждан и инвалидов, получающих долговременный уход, от общего числа нуждающихся в таком уходе граждан (Я4)",2025.0,месяц,декабрь,2025-12-31,процент,1.6,09.04.2026,complete_year,True,
24,Красноярский край,КРЯ,Сибирский федеральный округ,21,6,True,Красноярский край,2.14.Я.4,"Доля пожилых граждан и инвалидов, получающих долговременный уход, от общего числа нуждающихся в таком уходе граждан (Я4)",data (23).xls,"Доля пожилых граждан и инвалидов, получающих долговременный уход, от общего числа нуждающихся в таком уходе граждан (Я4)",2025.0,месяц,декабрь,2025-12-31,процент,1.92,09.04.2026,complete_year,True,
25,Приморский край,ПРИ,Дальневосточный федеральный округ,23,4,True,Приморский край,2.14.Я.4,"Доля пожилых граждан и инвалидов, получающих долговременный уход, от общего числа нуждающихся в таком уходе граждан (Я4)",data (23).xls,"Доля пожилых граждан и инвалидов, получающих долговременный уход, от общего числа нуждающихся в таком уходе граждан (Я4)",2025.0,месяц,декабрь,2025-12-31,процент,3.84,09.04.2026,complete_year,True,
26,Ставропольский край,СТА,Северо-Кавказский федеральный округ,7,11,True,Ставропольский край,2.14.Я.4,"Доля пожилых граждан и инвалидов, получающих долговременный уход, от общего числа нуждающихся в таком уходе граждан (Я4)",data (23).xls,"Доля пожилых граждан и инвалидов, получающих долговременный уход, от общего числа нуждающихся в таком уходе граждан (Я4)",2025.0,месяц,декабрь,2025-12-31,процент,24.12,09.04.2026,complete_year,True,
27,Хабаровский край,ХАБ,Дальневосточный федеральный округ,22,4,True,Хабаровский край,2.14.Я.4,"Доля пожилых граждан и инвалидов, получающих долговременный уход, от общего числа нуждающихся в таком уходе граждан (Я4)",data (23).xls,"Доля пожилых граждан и инвалидов, получающих долговременный уход, от общего числа нуждающихся в таком уходе граждан (Я4)",2025.0,месяц,декабрь,2025-12-31,процент,2.44,09.04.2026,complete_year,True,
28,Амурская область,АМУ,Дальневосточный федеральный округ,24,3,True,Амурская область,2.14.Я.4,"Доля пожилых граждан и инвалидов, получающих долговременный уход, от общего числа нуждающихся в таком уходе граждан (Я4)",data (23).xls,"Доля пожилых граждан и инвалидов, получающих долговременный уход, от общего числа нуждающихся в таком уходе граждан (Я4)",2025.0,месяц,декабрь,2025-12-31,процент,15.52,09.04.2026,complete_year,True,
29,Архангельская область,АРХ,Северо-Западный федеральный округ,2,0,True,Архангельская область,2.14.Я.4,"Доля пожилых граждан и инвалидов, получающих долговременный уход, от общего числа нуждающихся в таком уходе граждан (Я4)",data (23).xls,"Доля пожилых граждан и инвалидов, получающих долговременный уход, от общего числа нуждающихся в таком уходе граждан (Я4)",2025.0,месяц,декабрь,2025-12-31,процент,2.31,09.04.2026,complete_year,True,
30,Астраханская область,АСТ,Южный федеральный округ,5,8,True,Астраханская область,2.14.Я.4,"Доля пожилых граждан и инвалидов, получающих долговременный уход, от общего числа нуждающихся в таком уходе граждан (Я4)",data (23).xls,"Доля пожилых граждан и инвалидов, получающих долговременный уход, от общего числа нуждающихся в таком уходе граждан (Я4)",2025.0,месяц,декабрь,2025-12-31,процент,2.82,09.04.2026,complete_year,True,
31,Белгородская область,БЕЛ,Центральный федеральный округ,8,5,True,Белгородская область,2.14.Я.4,"Доля пожилых граждан и инвалидов, получающих долговременный уход, от общего числа нуждающихся в таком уходе граждан (Я4)",data (23).xls,"Доля пожилых граждан и инвалидов, получающих долговременный уход, от общего числа нуждающихся в таком уходе граждан (Я4)",2025.0,месяц,декабрь,2025-12-31,процент,3.32,09.04.2026,complete_year,True,
32,Брянская область,БРЯ,Центральный федеральный округ,8,4,True,Брянская область,2.14.Я.4,"Доля пожилых граждан и инвалидов, получающих долговременный уход, от общего числа нуждающихся в таком уходе граждан (Я4)",data (23).xls,"Доля пожилых граждан и инвалидов, получающих долговременный уход, от общего числа нуждающихся в таком уходе граждан (Я4)",2025.0,месяц,декабрь,2025-12-31,процент,5.3,09.04.2026,complete_year,True,
33,Владимирская область,ВЛД,Центральный федеральный округ,6,4,True,Владимирская область,2.14.Я.4,"Доля пожилых граждан и инвалидов, получающих долговременный уход, от общего числа нуждающихся в таком уходе граждан (Я4)",data (23).xls,"Доля пожилых граждан и инвалидов, получающих долговременный уход, от общего числа нуждающихся в таком уходе граждан (Я4)",2025.0,месяц,декабрь,2025-12-31,процент,2.5,09.04.2026,complete_year,True,
34,Волгоградская область,ВГГ,Южный федеральный округ,4,8,True,Волгоградская область,2.14.Я.4,"Доля пожилых граждан и инвалидов, получающих долговременный уход, от общего числа нуждающихся в таком уходе граждан (Я4)",data (23).xls,"Доля пожилых граждан и инвалидов, получающих долговременный уход, от общего числа нуждающихся в таком уходе граждан (Я4)",2025.0,месяц,декабрь,2025-12-31,процент,17.7,09.04.2026,complete_year,True,
35,Вологодская область,ВОЛ,Северо-Западный федеральный округ,1,2,True,Вологодская область,2.14.Я.4,"Доля пожилых граждан и инвалидов, получающих долговременный уход, от общего числа нуждающихся в таком уходе граждан (Я4)",data (23).xls,"Доля пожилых граждан и инвалидов, получающих долговременный уход, от общего числа нуждающихся в таком уходе граждан (Я4)",2025.0,месяц,декабрь,2025-12-31,процент,2.21,09.04.2026,complete_year,True,
36,Воронежская область,ВРН,Центральный федеральный округ,9,5,True,Воронежская область,2.14.Я.4,"Доля пожилых граждан и инвалидов, получающих долговременный уход, от общего числа нуждающихся в таком уходе граждан (Я4)",data (23).xls,"Доля пожилых граждан и инвалидов, получающих долговременный уход, от общего числа нуждающихся в таком уходе граждан (Я4)",2025.0,месяц,декабрь,2025-12-31,процент,13.12,09.04.2026,complete_year,True,
37,Ивановская область,ИВН,Центральный федеральный округ,7,4,True,Ивановская область,2.14.Я.4,"Доля пожилых граждан и инвалидов, получающих долговременный уход, от общего числа нуждающихся в таком уходе граждан (Я4)",data (23).xls,"Доля пожилых граждан и инвалидов, получающих долговременный уход, от общего числа нуждающихся в таком уходе граждан (Я4)",2025.0,месяц,декабрь,2025-12-31,процент,2.33,09.04.2026,complete_year,True,
38,Иркутская область,ИРК,Сибирский федеральный округ,18,7,True,Иркутская область,2.14.Я.4,"Доля пожилых граждан и инвалидов, получающих долговременный уход, от общего числа нуждающихся в таком уходе граждан (Я4)",data (23).xls,"Доля пожилых граждан и инвалидов, получающих долговременный уход, от общего числа нуждающихся в таком уходе граждан (Я4)",2025.0,месяц,декабрь,2025-12-31,процент,1.2,09.04.2026,complete_year,True,
39,Калининградская область,КГД,Северо-Западный федеральный округ,0,1,True,Калининградская область,2.14.Я.4,"Доля пожилых граждан и инвалидов, получающих долговременный уход, от общего числа нуждающихся в таком уходе граждан (Я4)",data (23).xls,"Доля пожилых граждан и инвалидов, получающих долговременный уход, от общего числа нуждающихся в таком уходе граждан (Я4)",2025.0,месяц,декабрь,2025-12-31,процент,2.15,09.04.2026,complete_year,True,
40,Калужская область,КЛЖ,Центральный федеральный округ,4,4,True,Калужская область,2.14.Я.4,"Доля пожилых граждан и инвалидов, получающих долговременный уход, от общего числа нуждающихся в таком уходе граждан (Я4)",data (23).xls,"Доля пожилых граждан и инвалидов, получающих долговременный уход, от общего числа нуждающихся в таком уходе граждан (Я4)",2025.0,месяц,декабрь,2025-12-31,процент,4.9,09.04.2026,complete_year,True,
41,Камчатский край,КАМ,Дальневосточный федеральный округ,24,2,True,Камчатский край,2.14.Я.4,"Доля пожилых граждан и инвалидов, получающих долговременный уход, от общего числа нуждающихся в таком уходе граждан (Я4)",data (23).xls,"Доля пожилых граждан и инвалидов, получающих долговременный уход, от общего числа нуждающихся в таком уходе граждан (Я4)",2025.0,месяц,декабрь,2025-12-31,процент,8.61,09.04.2026,complete_year,True,
42,Кемеровская область - Кузбасс,КЕМ,Сибирский федеральный округ,21,5,True,Кемеровская область - Кузбасс,2.14.Я.4,"Доля пожилых граждан и инвалидов, получающих долговременный уход, от общего числа нуждающихся в таком уходе граждан (Я4)",data (23).xls,"Доля пожилых граждан и инвалидов, получающих долговременный уход, от общего числа нуждающихся в таком уходе граждан (Я4)",2025.0,месяц,декабрь,2025-12-31,процент,7.83,09.04.2026,complete_year,True,
43,Кировская область,КИР,Приволжский федеральный округ,11,5,True,Кировская область,2.14.Я.4,"Доля пожилых граждан и инвалидов, получающих долговременный уход, от общего числа нуждающихся в таком уходе граждан (Я4)",data (23).xls,"Доля пожилых граждан и инвалидов, получающих долговременный уход, от общего числа нуждающихся в таком уходе граждан (Я4)",2025.0,месяц,декабрь,2025-12-31,процент,25.0,09.04.2026,complete_year,True,
44,Костромская область,КОС,Центральный федеральный округ,6,3,True,Костромская область,2.14.Я.4,"Доля пожилых граждан и инвалидов, получающих долговременный уход, от общего числа нуждающихся в таком уходе граждан (Я4)",data (23).xls,"Доля пожилых граждан и инвалидов, получающих долговременный уход, от общего числа нуждающихся в таком уходе граждан (Я4)",2025.0,месяц,декабрь,2025-12-31,процент,45.75,09.04.2026,complete_year,True,
45,Курганская область,КУРГ,Уральский федеральный округ,15,6,True,Курганская область,2.14.Я.4,"Доля пожилых граждан и инвалидов, получающих долговременный уход, от общего числа нуждающихся в таком уходе граждан (Я4)",data (23).xls,"Доля пожилых граждан и инвалидов, получающих долговременный уход, от общего числа нуждающихся в таком уходе граждан (Я4)",2025.0,месяц,декабрь,2025-12-31,процент,2.71,09.04.2026,complete_year,True,
46,Курская область,КУР,Центральный федеральный округ,5,5,True,Курская область,2.14.Я.4,"Доля пожилых граждан и инвалидов, получающих долговременный уход, от общего числа нуждающихся в таком уходе граждан (Я4)",data (23).xls,"Доля пожилых граждан и инвалидов, получающих долговременный уход, от общего числа нуждающихся в таком уходе граждан (Я4)",2025.0,месяц,декабрь,2025-12-31,процент,5.9,09.04.2026,complete_year,True,
47,Ленинградская область,ЛЕН,Северо-Западный федеральный округ,2,1,True,Ленинградская область,2.14.Я.4,"Доля пожилых граждан и инвалидов, получающих долговременный уход, от общего числа нуждающихся в таком уходе граждан (Я4)",data (23).xls,"Доля пожилых граждан и инвалидов, получающих долговременный уход, от общего числа нуждающихся в таком уходе граждан (Я4)",2025.0,месяц,декабрь,2025-12-31,процент,4.0,09.04.2026,complete_year,True,
48,Липецкая область,ЛИП,Центральный федеральный округ,6,5,True,Липецкая область,2.14.Я.4,"Доля пожилых граждан и инвалидов, получающих долговременный уход, от общего числа нуждающихся в таком уходе граждан (Я4)",data (23).xls,"Доля пожилых граждан и инвалидов, получающих долговременный уход, от общего числа нуждающихся в таком уходе граждан (Я4)",2025.0,месяц,декабрь,2025-12-31,процент,2.8,09.04.2026,complete_year,True,
49,Магаданская область,МАГ,Дальневосточный федеральный округ,25,2,True,Магаданская область,2.14.Я.4,"Доля пожилых граждан и инвалидов, получающих долговременный уход, от общего числа нуждающихся в таком уходе граждан (Я4)",data (23).xls,"Доля пожилых граждан и инвалидов, получающих долговременный уход, от общего числа нуждающихся в таком уходе граждан (Я4)",2025.0,месяц,декабрь,2025-12-31,процент,20.0,09.04.2026,complete_year,True,
50,Московская область,МОСО,Центральный федеральный округ,8,3,True,Московская область,2.14.Я.4,"Доля пожилых граждан и инвалидов, получающих долговременный уход, от общего числа нуждающихся в таком уходе граждан (Я4)",data (23).xls,"Доля пожилых граждан и инвалидов, получающих долговременный уход, от общего числа нуждающихся в таком уходе граждан (Я4)",2025.0,месяц,декабрь,2025-12-31,процент,1.14,09.04.2026,complete_year,True,
51,Мурманская область,МУР,Северо-Западный федеральный округ,0,0,True,Мурманская область,2.14.Я.4,"Доля пожилых граждан и инвалидов, получающих долговременный уход, от общего числа нуждающихся в таком уходе граждан (Я4)",data (23).xls,"Доля пожилых граждан и инвалидов, получающих долговременный уход, от общего числа нуждающихся в таком уходе граждан (Я4)",2025.0,месяц,декабрь,2025-12-31,процент,4.6,09.04.2026,complete_year,True,
52,Нижегородская область,НИЖ,Приволжский федеральный округ,10,5,True,Нижегородская область,2.14.Я.4,"Доля пожилых граждан и инвалидов, получающих долговременный уход, от общего числа нуждающихся в таком уходе граждан (Я4)",data (23).xls,"Доля пожилых граждан и инвалидов, получающих долговременный уход, от общего числа нуждающихся в таком уходе граждан (Я4)",2025.0,месяц,декабрь,2025-12-31,процент,2.0,09.04.2026,complete_year,True,
53,Новгородская область,НВГ,Северо-Западный федеральный округ,3,1,True,Новгородская область,2.14.Я.4,"Доля пожилых граждан и инвалидов, получающих долговременный уход, от общего числа нуждающихся в таком уходе граждан (Я4)",data (23).xls,"Доля пожилых граждан и инвалидов, получающих долговременный уход, от общего числа нуждающихся в таком уходе граждан (Я4)",2025.0,месяц,декабрь,2025-12-31,процент,25.42,09.04.2026,complete_year,True,
54,Новосибирская область,НСО,Сибирский федеральный округ,19,5,True,Новосибирская область,2.14.Я.4,"Доля пожилых граждан и инвалидов, получающих долговременный уход, от общего числа нуждающихся в таком уходе граждан (Я4)",data (23).xls,"Доля пожилых граждан и инвалидов, получающих долговременный уход, от общего числа нуждающихся в таком уходе граждан (Я4)",2025.0,месяц,декабрь,2025-12-31,процент,9.03,09.04.2026,complete_year,True,
55,Омская область,ОМС,Сибирский федеральный округ,18,5,True,Омская область,2.14.Я.4,"Доля пожилых граждан и инвалидов, получающих долговременный уход, от общего числа нуждающихся в таком уходе граждан (Я4)",data (23).xls,"Доля пожилых граждан и инвалидов, получающих долговременный уход, от общего числа нуждающихся в таком уходе граждан (Я4)",2025.0,месяц,декабрь,2025-12-31,процент,1.5,09.04.2026,complete_year,True,
56,Оренбургская область,ОРЕ,Приволжский федеральный округ,12,7,True,Оренбургская область,2.14.Я.4,"Доля пожилых граждан и инвалидов, получающих долговременный уход, от общего числа нуждающихся в таком уходе граждан (Я4)",data (23).xls,"Доля пожилых граждан и инвалидов, получающих долговременный уход, от общего числа нуждающихся в таком уходе граждан (Я4)",2025.0,месяц,декабрь,2025-12-31,процент,1.41,09.04.2026,complete_year,True,
57,Орловская область,ОРЛ,Центральный федеральный округ,9,4,True,Орловская область,2.14.Я.4,"Доля пожилых граждан и инвалидов, получающих долговременный уход, от общего числа нуждающихся в таком уходе граждан (Я4)",data (23).xls,"Доля пожилых граждан и инвалидов, получающих долговременный уход, от общего числа нуждающихся в таком уходе граждан (Я4)",2025.0,месяц,декабрь,2025-12-31,процент,2.6,09.04.2026,complete_year,True,
58,Пензенская область,ПЕН,Приволжский федеральный округ,13,6,True,Пензенская область,2.14.Я.4,"Доля пожилых граждан и инвалидов, получающих долговременный уход, от общего числа нуждающихся в таком уходе граждан (Я4)",data (23).xls,"Доля пожилых граждан и инвалидов, получающих долговременный уход, от общего числа нуждающихся в таком уходе граждан (Я4)",2025.0,месяц,декабрь,2025-12-31,процент,4.31,09.04.2026,complete_year,True,
59,Пермский край,ПЕР,Приволжский федеральный округ,12,5,True,Пермский край,2.14.Я.4,"Доля пожилых граждан и инвалидов, получающих долговременный уход, от общего числа нуждающихся в таком уходе граждан (Я4)",data (23).xls,"Доля пожилых граждан и инвалидов, получающих долговременный уход, от общего числа нуждающихся в таком уходе граждан (Я4)",2025.0,месяц,декабрь,2025-12-31,процент,1.1,09.04.2026,complete_year,True,
60,Псковская область,ПСК,Северо-Западный федеральный округ,0,2,True,Псковская область,2.14.Я.4,"Доля пожилых граждан и инвалидов, получающих долговременный уход, от общего числа нуждающихся в таком уходе граждан (Я4)",data (23).xls,"Доля пожилых граждан и инвалидов, получающих долговременный уход, от общего числа нуждающихся в таком уходе граждан (Я4)",2025.0,месяц,декабрь,2025-12-31,процент,3.64,09.04.2026,complete_year,True,
61,Ростовская область,РОС,Южный федеральный округ,3,8,True,Ростовская область,2.14.Я.4,"Доля пожилых граждан и инвалидов, получающих долговременный уход, от общего числа нуждающихся в таком уходе граждан (Я4)",data (23).xls,"Доля пожилых граждан и инвалидов, получающих долговременный уход, от общего числа нуждающихся в таком уходе граждан (Я4)",2025.0,месяц,декабрь,2025-12-31,процент,2.93,09.04.2026,complete_year,True,
62,Рязанская область,РЯЗ,Центральный федеральный округ,4,5,True,Рязанская область,2.14.Я.4,"Доля пожилых граждан и инвалидов, получающих долговременный уход, от общего числа нуждающихся в таком уходе граждан (Я4)",data (23).xls,"Доля пожилых граждан и инвалидов, получающих долговременный уход, от общего числа нуждающихся в таком уходе граждан (Я4)",2025.0,месяц,декабрь,2025-12-31,процент,26.04,09.04.2026,complete_year,True,
63,Самарская область,САМ,Приволжский федеральный округ,10,7,True,Самарская область,2.14.Я.4,"Доля пожилых граждан и инвалидов, получающих долговременный уход, от общего числа нуждающихся в таком уходе граждан (Я4)",data (23).xls,"Доля пожилых граждан и инвалидов, получающих долговременный уход, от общего числа нуждающихся в таком уходе граждан (Я4)",2025.0,месяц,декабрь,2025-12-31,процент,4.05,09.04.2026,complete_year,True,
64,Саратовская область,САР,Приволжский федеральный округ,11,7,True,Саратовская область,2.14.Я.4,"Доля пожилых граждан и инвалидов, получающих долговременный уход, от общего числа нуждающихся в таком уходе граждан (Я4)",data (23).xls,"Доля пожилых граждан и инвалидов, получающих долговременный уход, от общего числа нуждающихся в таком уходе граждан (Я4)",2025.0,месяц,декабрь,2025-12-31,процент,1.1,09.04.2026,complete_year,True,
65,Сахалинская область,САХ,Дальневосточный федеральный округ,24,4,True,Сахалинская область,2.14.Я.4,"Доля пожилых граждан и инвалидов, получающих долговременный уход, от общего числа нуждающихся в таком уходе граждан (Я4)",data (23).xls,"Доля пожилых граждан и инвалидов, получающих долговременный уход, от общего числа нуждающихся в таком уходе граждан (Я4)",2025.0,месяц,декабрь,2025-12-31,процент,8.32,09.04.2026,complete_year,True,
66,Свердловская область,СВР,Уральский федеральный округ,15,5,True,Свердловская область,2.14.Я.4,"Доля пожилых граждан и инвалидов, получающих долговременный уход, от общего числа нуждающихся в таком уходе граждан (Я4)",data (23).xls,"Доля пожилых граждан и инвалидов, получающих долговременный уход, от общего числа нуждающихся в таком уходе граждан (Я4)",2025.0,месяц,декабрь,2025-12-31,процент,0.7,09.04.2026,complete_year,True,
67,Смоленская область,СМЛ,Центральный федеральный округ,7,3,True,Смоленская область,2.14.Я.4,"Доля пожилых граждан и инвалидов, получающих долговременный уход, от общего числа нуждающихся в таком уходе граждан (Я4)",data (23).xls,"Доля пожилых граждан и инвалидов, получающих долговременный уход, от общего числа нуждающихся в таком уходе граждан (Я4)",2025.0,месяц,декабрь,2025-12-31,процент,2.51,09.04.2026,complete_year,True,
68,Тамбовская область,ТАМ,Центральный федеральный округ,7,5,True,Тамбовская область,2.14.Я.4,"Доля пожилых граждан и инвалидов, получающих долговременный уход, от общего числа нуждающихся в таком уходе граждан (Я4)",data (23).xls,"Доля пожилых граждан и инвалидов, получающих долговременный уход, от общего числа нуждающихся в таком уходе граждан (Я4)",2025.0,месяц,декабрь,2025-12-31,процент,24.2,09.04.2026,complete_year,True,
69,Тверская область,ТВЕ,Центральный федеральный округ,4,3,True,Тверская область,2.14.Я.4,"Доля пожилых граждан и инвалидов, получающих долговременный уход, от общего числа нуждающихся в таком уходе граждан (Я4)",data (23).xls,"Доля пожилых граждан и инвалидов, получающих долговременный уход, от общего числа нуждающихся в таком уходе граждан (Я4)",2025.0,месяц,декабрь,2025-12-31,процент,1.84,09.04.2026,complete_year,True,
70,Томская область,ТОМ,Сибирский федеральный округ,20,5,True,Томская область,2.14.Я.4,"Доля пожилых граждан и инвалидов, получающих долговременный уход, от общего числа нуждающихся в таком уходе граждан (Я4)",data (23).xls,"Доля пожилых граждан и инвалидов, получающих долговременный уход, от общего числа нуждающихся в таком уходе граждан (Я4)",2025.0,месяц,декабрь,2025-12-31,процент,2.64,09.04.2026,complete_year,True,
71,Тульская область,ТУЛ,Центральный федеральный округ,5,4,True,Тульская область,2.14.Я.4,"Доля пожилых граждан и инвалидов, получающих долговременный уход, от общего числа нуждающихся в таком уходе граждан (Я4)",data (23).xls,"Доля пожилых граждан и инвалидов, получающих долговременный уход, от общего числа нуждающихся в таком уходе граждан (Я4)",2025.0,месяц,декабрь,2025-12-31,процент,29.05,09.04.2026,complete_year,True,
72,Тюменская область,ТЮМ,Уральский федеральный округ,16,6,True,Тюменская область,2.14.Я.4,"Доля пожилых граждан и инвалидов, получающих долговременный уход, от общего числа нуждающихся в таком уходе граждан (Я4)",data (23).xls,"Доля пожилых граждан и инвалидов, получающих долговременный уход, от общего числа нуждающихся в таком уходе граждан (Я4)",2025.0,месяц,декабрь,2025-12-31,процент,7.53,09.04.2026,complete_year,True,
73,Ульяновская область,УЛЬ,Приволжский федеральный округ,14,6,True,Ульяновская область,2.14.Я.4,"Доля пожилых граждан и инвалидов, получающих долговременный уход, от общего числа нуждающихся в таком уходе граждан (Я4)",data (23).xls,"Доля пожилых граждан и инвалидов, получающих долговременный уход, от общего числа нуждающихся в таком уходе граждан (Я4)",2025.0,месяц,декабрь,2025-12-31,процент,8.21,09.04.2026,complete_year,True,
74,Челябинская область,ЧЕЛ,Уральский федеральный округ,17,6,True,Челябинская область,2.14.Я.4,"Доля пожилых граждан и инвалидов, получающих долговременный уход, от общего числа нуждающихся в таком уходе граждан (Я4)",data (23).xls,"Доля пожилых граждан и инвалидов, получающих долговременный уход, от общего числа нуждающихся в таком уходе граждан (Я4)",2025.0,месяц,декабрь,2025-12-31,процент,1.6,09.04.2026,complete_year,True,
75,Забайкальский край,ЗАБ,Дальневосточный федеральный округ,22,3,True,Забайкальский край,2.14.Я.4,"Доля пожилых граждан и инвалидов, получающих долговременный уход, от общего числа нуждающихся в таком уходе граждан (Я4)",data (23).xls,"Доля пожилых граждан и инвалидов, получающих долговременный уход, от общего числа нуждающихся в таком уходе граждан (Я4)",2025.0,месяц,декабрь,2025-12-31,процент,4.81,09.04.2026,complete_year,True,
76,Ярославская область,ЯРС,Центральный федеральный округ,5,3,True,Ярославская область,2.14.Я.4,"Доля пожилых граждан и инвалидов, получающих долговременный уход, от общего числа нуждающихся в таком уходе граждан (Я4)",data (23).xls,"Доля пожилых граждан и инвалидов, получающих долговременный уход, от общего числа нуждающихся в таком уходе граждан (Я4)",2025.0,месяц,декабрь,2025-12-31,процент,1.9,09.04.2026,complete_year,True,
77,Москва,МСК,Центральный федеральный округ,9,3,True,Город Москва столица Российской Федерации город федерального значения,2.14.Я.4,"Доля пожилых граждан и инвалидов, получающих долговременный уход, от общего числа нуждающихся в таком уходе граждан (Я4)",data (23).xls,"Доля пожилых граждан и инвалидов, получающих долговременный уход, от общего числа нуждающихся в таком уходе граждан (Я4)",2025.0,месяц,декабрь,2025-12-31,процент,97.93,09.04.2026,complete_year,True,
78,Санкт-Петербург,СПБ,Северо-Западный федеральный округ,1,1,True,Город Санкт-Петербург город федерального значения,2.14.Я.4,"Доля пожилых граждан и инвалидов, получающих долговременный уход, от общего числа нуждающихся в таком уходе граждан (Я4)",data (23).xls,"Доля пожилых граждан и инвалидов, получающих долговременный уход, от общего числа нуждающихся в таком уходе граждан (Я4)",2025.0,месяц,декабрь,2025-12-31,процент,0.73,09.04.2026,complete_year,True,
79,Еврейская автономная область,ЕАО,Дальневосточный федеральный округ,25,3,True,Еврейская автономная область,2.14.Я.4,"Доля пожилых граждан и инвалидов, получающих долговременный уход, от общего числа нуждающихся в таком уходе граждан (Я4)",data (23).xls,"Доля пожилых граждан и инвалидов, получающих долговременный уход, от общего числа нуждающихся в таком уходе граждан (Я4)",2025.0,месяц,декабрь,2025-12-31,процент,14.6,09.04.2026,complete_year,True,
83,Ненецкий автономный округ,НАО,Северо-Западный федеральный округ,3,0,True,Ненецкий автономный округ,2.14.Я.4,"Доля пожилых граждан и инвалидов, получающих долговременный уход, от общего числа нуждающихся в таком уходе граждан (Я4)",data (23).xls,"Доля пожилых граждан и инвалидов, получающих долговременный уход, от общего числа нуждающихся в таком уходе граждан (Я4)",2025.0,месяц,декабрь,2025-12-31,процент,22.32,09.04.2026,complete_year,True,
86,Ханты-Мансийский автономный округ - Югра,ХМАО,Уральский федеральный округ,16,5,True,Ханты-Мансийский автономный округ - Югра,2.14.Я.4,"Доля пожилых граждан и инвалидов, получающих долговременный уход, от общего числа нуждающихся в таком уходе граждан (Я4)",data (23).xls,"Доля пожилых граждан и инвалидов, получающих долговременный уход, от общего числа нуждающихся в таком уходе граждан (Я4)",2025.0,месяц,декабрь,2025-12-31,процент,2.32,09.04.2026,complete_year,True,
87,Чукотский автономный округ,ЧУК,Дальневосточный федеральный округ,23,2,True,Чукотский автономный округ,2.14.Я.4,"Доля пожилых граждан и инвалидов, получающих долговременный уход, от общего числа нуждающихся в таком уходе граждан (Я4)",data (23).xls,"Доля пожилых граждан и инвалидов, получающих долговременный уход, от общего числа нуждающихся в таком уходе граждан (Я4)",2025.0,месяц,декабрь,2025-12-31,процент,43.91,09.04.2026,complete_year,True,
89,Ямало-Ненецкий автономный округ,ЯНАО,Уральский федеральный округ,17,5,True,Ямало-Ненецкий автономный округ,2.14.Я.4,"Доля пожилых граждан и инвалидов, получающих долговременный уход, от общего числа нуждающихся в таком уходе граждан (Я4)",data (23).xls,"Доля пожилых граждан и инвалидов, получающих долговременный уход, от общего числа нуждающихся в таком уходе граждан (Я4)",2025.0,месяц,декабрь,2025-12-31,процент,10.81,09.04.2026,complete_year,True,
90,Запорожская область,ЗАП,Новые регионы / Южный макрорегион,9,9,True,Запорожская область,2.14.Я.4,"Доля пожилых граждан и инвалидов, получающих долговременный уход, от общего числа нуждающихся в таком уходе граждан (Я4)",data (23).xls,"Доля пожилых граждан и инвалидов, получающих долговременный уход, от общего числа нуждающихся в таком уходе граждан (Я4)",2025.0,месяц,декабрь,2025-12-31,процент,1.4,09.04.2026,complete_year,True,
91,Республика Крым,КРЫ,Южный федеральный округ,5,9,True,Республика Крым,2.14.Я.4,"Доля пожилых граждан и инвалидов, получающих долговременный уход, от общего числа нуждающихся в таком уходе граждан (Я4)",data (23).xls,"Доля пожилых граждан и инвалидов, получающих долговременный уход, от общего числа нуждающихся в таком уходе граждан (Я4)",2025.0,месяц,декабрь,2025-12-31,процент,4.1,09.04.2026,complete_year,True,
92,Севастополь,СЕВ,Южный федеральный округ,6,9,True,Город федерального значения Севастополь,2.14.Я.4,"Доля пожилых граждан и инвалидов, получающих долговременный уход, от общего числа нуждающихся в таком уходе граждан (Я4)",data (23).xls,"Доля пожилых граждан и инвалидов, получающих долговременный уход, от общего числа нуждающихся в таком уходе граждан (Я4)",2025.0,месяц,декабрь,2025-12-31,процент,4.3,09.04.2026,complete_year,True,
93,Донецкая Народная Республика,ДНР,Новые регионы / Южный макрорегион,7,9,True,Донецкая Народная Республика,2.14.Я.4,"Доля пожилых граждан и инвалидов, получающих долговременный уход, от общего числа нуждающихся в таком уходе граждан (Я4)",data (23).xls,"Доля пожилых граждан и инвалидов, получающих долговременный уход, от общего числа нуждающихся в таком уходе граждан (Я4)",2025.0,месяц,декабрь,2025-12-31,процент,2.9,09.04.2026,complete_year,True,
94,Луганская Народная Республика,ЛНР,Новые регионы / Южный макрорегион,8,9,True,Луганская Народная Республика,2.14.Я.4,"Доля пожилых граждан и инвалидов, получающих долговременный уход, от общего числа нуждающихся в таком уходе граждан (Я4)",data (23).xls,"Доля пожилых граждан и инвалидов, получающих долговременный уход, от общего числа нуждающихся в таком уходе граждан (Я4)",2025.0,месяц,декабрь,2025-12-31,процент,1.3,09.04.2026,complete_year,True,
95,Херсонская область,ХЕР,Новые регионы / Южный макрорегион,10,9,True,Херсонская область,2.14.Я.4,"Доля пожилых граждан и инвалидов, получающих долговременный уход, от общего числа нуждающихся в таком уходе граждан (Я4)",data (23).xls,"Доля пожилых граждан и инвалидов, получающих долговременный уход, от общего числа нуждающихся в таком уходе граждан (Я4)",2025.0,месяц,декабрь,2025-12-31,процент,1.4,09.04.2026,complete_year,True,
01,Республика Адыгея,АД,Южный федеральный округ,4,9,True,Республика Адыгея (Адыгея),2.14.Я.6,"Уровень удовлетворенности граждан работой государственных и муниципальных организаций культуры, искусства и народного творчества (Я5)",data (25).xls,"Уровень удовлетворенности граждан работой государственных и муниципальных организаций культуры, искусства и народного творчества (Я5)",2025.0,год,значение показателя за год,2025-12-31,процент,96.2,02.04.2026,complete_year,True,
02,Республика Башкортостан,БА,Приволжский федеральный округ,13,7,True,Республика Башкортостан,2.14.Я.6,"Уровень удовлетворенности граждан работой государственных и муниципальных организаций культуры, искусства и народного творчества (Я5)",data (25).xls,"Уровень удовлетворенности граждан работой государственных и муниципальных организаций культуры, искусства и народного творчества (Я5)",2025.0,год,значение показателя за год,2025-12-31,процент,95.0,02.04.2026,complete_year,True,
03,Республика Бурятия,БУР,Дальневосточный федеральный округ,23,3,True,Республика Бурятия,2.14.Я.6,"Уровень удовлетворенности граждан работой государственных и муниципальных организаций культуры, искусства и народного творчества (Я5)",data (25).xls,"Уровень удовлетворенности граждан работой государственных и муниципальных организаций культуры, искусства и народного творчества (Я5)",2025.0,год,значение показателя за год,2025-12-31,процент,90.3,02.04.2026,complete_year,True,
04,Республика Алтай,АЛР,Сибирский федеральный округ,19,6,True,Республика Алтай,2.14.Я.6,"Уровень удовлетворенности граждан работой государственных и муниципальных организаций культуры, искусства и народного творчества (Я5)",data (25).xls,"Уровень удовлетворенности граждан работой государственных и муниципальных организаций культуры, искусства и народного творчества (Я5)",2025.0,год,значение показателя за год,2025-12-31,процент,88.1,02.04.2026,complete_year,True,
05,Республика Дагестан,ДАГ,Северо-Кавказский федеральный округ,9,12,True,Республика Дагестан,2.14.Я.6,"Уровень удовлетворенности граждан работой государственных и муниципальных организаций культуры, искусства и народного творчества (Я5)",data (25).xls,"Уровень удовлетворенности граждан работой государственных и муниципальных организаций культуры, искусства и народного творчества (Я5)",2025.0,год,значение показателя за год,2025-12-31,процент,83.6,02.04.2026,complete_year,True,
06,Республика Ингушетия,ИНГ,Северо-Кавказский федеральный округ,7,12,True,Республика Ингушетия,2.14.Я.6,"Уровень удовлетворенности граждан работой государственных и муниципальных организаций культуры, искусства и народного творчества (Я5)",data (25).xls,"Уровень удовлетворенности граждан работой государственных и муниципальных организаций культуры, искусства и народного творчества (Я5)",2025.0,год,значение показателя за год,2025-12-31,процент,80.2,02.04.2026,complete_year,True,
07,Кабардино-Балкарская Республика,КБР,Северо-Кавказский федеральный округ,9,11,True,Кабардино-Балкарская Республика,2.14.Я.6,"Уровень удовлетворенности граждан работой государственных и муниципальных организаций культуры, искусства и народного творчества (Я5)",data (25).xls,"Уровень удовлетворенности граждан работой государственных и муниципальных организаций культуры, искусства и народного творчества (Я5)",2025.0,год,значение показателя за год,2025-12-31,процент,92.1,02.04.2026,complete_year,True,
08,Республика Калмыкия,КАЛ,Южный федеральный округ,6,8,True,Республика Калмыкия,2.14.Я.6,"Уровень удовлетворенности граждан работой государственных и муниципальных организаций культуры, искусства и народного творчества (Я5)",data (25).xls,"Уровень удовлетворенности граждан работой государственных и муниципальных организаций культуры, искусства и народного творчества (Я5)",2025.0,год,значение показателя за год,2025-12-31,процент,92.6,02.04.2026,complete_year,True,
09,Карачаево-Черкесская Республика,КЧР,Северо-Кавказский федеральный округ,8,11,True,Карачаево-Черкесская Республика,2.14.Я.6,"Уровень удовлетворенности граждан работой государственных и муниципальных организаций культуры, искусства и народного творчества (Я5)",data (25).xls,"Уровень удовлетворенности граждан работой государственных и муниципальных организаций культуры, искусства и народного творчества (Я5)",2025.0,год,значение показателя за год,2025-12-31,процент,75.7,02.04.2026,complete_year,True,
10,Республика Карелия,КАР,Северо-Западный федеральный округ,1,0,True,Республика Карелия,2.14.Я.6,"Уровень удовлетворенности граждан работой государственных и муниципальных организаций культуры, искусства и народного творчества (Я5)",data (25).xls,"Уровень удовлетворенности граждан работой государственных и муниципальных организаций культуры, искусства и народного творчества (Я5)",2025.0,год,значение показателя за год,2025-12-31,процент,96.2,02.04.2026,complete_year,True,
11,Республика Коми,КОМ,Северо-Западный федеральный округ,2,2,True,Республика Коми,2.14.Я.6,"Уровень удовлетворенности граждан работой государственных и муниципальных организаций культуры, искусства и народного творчества (Я5)",data (25).xls,"Уровень удовлетворенности граждан работой государственных и муниципальных организаций культуры, искусства и народного творчества (Я5)",2025.0,год,значение показателя за год,2025-12-31,процент,91.7,02.04.2026,complete_year,True,
12,Республика Марий Эл,МЭ,Приволжский федеральный округ,10,6,True,Республика Марий Эл,2.14.Я.6,"Уровень удовлетворенности граждан работой государственных и муниципальных организаций культуры, искусства и народного творчества (Я5)",data (25).xls,"Уровень удовлетворенности граждан работой государственных и муниципальных организаций культуры, искусства и народного творчества (Я5)",2025.0,год,значение показателя за год,2025-12-31,процент,91.2,02.04.2026,complete_year,True,
13,Республика Мордовия,МОР,Приволжский федеральный округ,12,6,True,Республика Мордовия,2.14.Я.6,"Уровень удовлетворенности граждан работой государственных и муниципальных организаций культуры, искусства и народного творчества (Я5)",data (25).xls,"Уровень удовлетворенности граждан работой государственных и муниципальных организаций культуры, искусства и народного творчества (Я5)",2025.0,год,значение показателя за год,2025-12-31,процент,96.1,02.04.2026,complete_year,True,
14,Республика Саха (Якутия),ЯКТ,Дальневосточный федеральный округ,22,2,True,Республика Саха (Якутия),2.14.Я.6,"Уровень удовлетворенности граждан работой государственных и муниципальных организаций культуры, искусства и народного творчества (Я5)",data (25).xls,"Уровень удовлетворенности граждан работой государственных и муниципальных организаций культуры, искусства и народного творчества (Я5)",2025.0,год,значение показателя за год,2025-12-31,процент,91.5,02.04.2026,complete_year,True,
15,Республика Северная Осетия - Алания,СОА,Северо-Кавказский федеральный округ,10,11,True,Республика Северная Осетия - Алания,2.14.Я.6,"Уровень удовлетворенности граждан работой государственных и муниципальных организаций культуры, искусства и народного творчества (Я5)",data (25).xls,"Уровень удовлетворенности граждан работой государственных и муниципальных организаций культуры, искусства и народного творчества (Я5)",2025.0,год,значение показателя за год,2025-12-31,процент,86.9,02.04.2026,complete_year,True,
16,Республика Татарстан,ТАТ,Приволжский федеральный округ,14,5,True,Республика Татарстан (Татарстан),2.14.Я.6,"Уровень удовлетворенности граждан работой государственных и муниципальных организаций культуры, искусства и народного творчества (Я5)",data (25).xls,"Уровень удовлетворенности граждан работой государственных и муниципальных организаций культуры, искусства и народного творчества (Я5)",2025.0,год,значение показателя за год,2025-12-31,процент,89.5,02.04.2026,complete_year,True,
17,Республика Тыва,ТЫВ,Сибирский федеральный округ,19,7,True,Республика Тыва,2.14.Я.6,"Уровень удовлетворенности граждан работой государственных и муниципальных организаций культуры, искусства и народного творчества (Я5)",data (25).xls,"Уровень удовлетворенности граждан работой государственных и муниципальных организаций культуры, искусства и народного творчества (Я5)",2025.0,год,значение показателя за год,2025-12-31,процент,91.1,02.04.2026,complete_year,True,
18,Удмуртская Республика,УДМ,Приволжский федеральный округ,13,5,True,Удмуртская Республика,2.14.Я.6,"Уровень удовлетворенности граждан работой государственных и муниципальных организаций культуры, искусства и народного творчества (Я5)",data (25).xls,"Уровень удовлетворенности граждан работой государственных и муниципальных организаций культуры, искусства и народного творчества (Я5)",2025.0,год,значение показателя за год,2025-12-31,процент,97.0,02.04.2026,complete_year,True,
19,Республика Хакасия,ХАК,Сибирский федеральный округ,20,6,True,Республика Хакасия,2.14.Я.6,"Уровень удовлетворенности граждан работой государственных и муниципальных организаций культуры, искусства и народного творчества (Я5)",data (25).xls,"Уровень удовлетворенности граждан работой государственных и муниципальных организаций культуры, искусства и народного творчества (Я5)",2025.0,год,значение показателя за год,2025-12-31,процент,96.0,02.04.2026,complete_year,True,
20,Чеченская Республика,ЧЕЧ,Северо-Кавказский федеральный округ,8,12,True,Чеченская Республика,2.14.Я.6,"Уровень удовлетворенности граждан работой государственных и муниципальных организаций культуры, искусства и народного творчества (Я5)",data (25).xls,"Уровень удовлетворенности граждан работой государственных и муниципальных организаций культуры, искусства и народного творчества (Я5)",2025.0,год,значение показателя за год,2025-12-31,процент,96.5,02.04.2026,complete_year,True,
21,Чувашская Республика - Чувашия,ЧУВ,Приволжский федеральный округ,11,6,True,Чувашская Республика - Чувашия,2.14.Я.6,"Уровень удовлетворенности граждан работой государственных и муниципальных организаций культуры, искусства и народного творчества (Я5)",data (25).xls,"Уровень удовлетворенности граждан работой государственных и муниципальных организаций культуры, искусства и народного творчества (Я5)",2025.0,год,значение показателя за год,2025-12-31,процент,96.3,02.04.2026,complete_year,True,
22,Алтайский край,АЛК,Сибирский федеральный округ,18,6,True,Алтайский край,2.14.Я.6,"Уровень удовлетворенности граждан работой государственных и муниципальных организаций культуры, искусства и народного творчества (Я5)",data (25).xls,"Уровень удовлетворенности граждан работой государственных и муниципальных организаций культуры, искусства и народного творчества (Я5)",2025.0,год,значение показателя за год,2025-12-31,процент,97.1,02.04.2026,complete_year,True,
23,Краснодарский край,КДР,Южный федеральный округ,3,9,True,Краснодарский край,2.14.Я.6,"Уровень удовлетворенности граждан работой государственных и муниципальных организаций культуры, искусства и народного творчества (Я5)",data (25).xls,"Уровень удовлетворенности граждан работой государственных и муниципальных организаций культуры, искусства и народного творчества (Я5)",2025.0,год,значение показателя за год,2025-12-31,процент,95.1,02.04.2026,complete_year,True,
24,Красноярский край,КРЯ,Сибирский федеральный округ,21,6,True,Красноярский край,2.14.Я.6,"Уровень удовлетворенности граждан работой государственных и муниципальных организаций культуры, искусства и народного творчества (Я5)",data (25).xls,"Уровень удовлетворенности граждан работой государственных и муниципальных организаций культуры, искусства и народного творчества (Я5)",2025.0,год,значение показателя за год,2025-12-31,процент,96.1,02.04.2026,complete_year,True,
25,Приморский край,ПРИ,Дальневосточный федеральный округ,23,4,True,Приморский край,2.14.Я.6,"Уровень удовлетворенности граждан работой государственных и муниципальных организаций культуры, искусства и народного творчества (Я5)",data (25).xls,"Уровень удовлетворенности граждан работой государственных и муниципальных организаций культуры, искусства и народного творчества (Я5)",2025.0,год,значение показателя за год,2025-12-31,процент,94.7,02.04.2026,complete_year,True,
26,Ставропольский край,СТА,Северо-Кавказский федеральный округ,7,11,True,Ставропольский край,2.14.Я.6,"Уровень удовлетворенности граждан работой государственных и муниципальных организаций культуры, искусства и народного творчества (Я5)",data (25).xls,"Уровень удовлетворенности граждан работой государственных и муниципальных организаций культуры, искусства и народного творчества (Я5)",2025.0,год,значение показателя за год,2025-12-31,процент,92.0,02.04.2026,complete_year,True,
27,Хабаровский край,ХАБ,Дальневосточный федеральный округ,22,4,True,Хабаровский край,2.14.Я.6,"Уровень удовлетворенности граждан работой государственных и муниципальных организаций культуры, искусства и народного творчества (Я5)",data (25).xls,"Уровень удовлетворенности граждан работой государственных и муниципальных организаций культуры, искусства и народного творчества (Я5)",2025.0,год,значение показателя за год,2025-12-31,процент,94.1,02.04.2026,complete_year,True,
28,Амурская область,АМУ,Дальневосточный федеральный округ,24,3,True,Амурская область,2.14.Я.6,"Уровень удовлетворенности граждан работой государственных и муниципальных организаций культуры, искусства и народного творчества (Я5)",data (25).xls,"Уровень удовлетворенности граждан работой государственных и муниципальных организаций культуры, искусства и народного творчества (Я5)",2025.0,год,значение показателя за год,2025-12-31,процент,95.8,02.04.2026,complete_year,True,
29,Архангельская область,АРХ,Северо-Западный федеральный округ,2,0,True,Архангельская область,2.14.Я.6,"Уровень удовлетворенности граждан работой государственных и муниципальных организаций культуры, искусства и народного творчества (Я5)",data (25).xls,"Уровень удовлетворенности граждан работой государственных и муниципальных организаций культуры, искусства и народного творчества (Я5)",2025.0,год,значение показателя за год,2025-12-31,процент,95.5,02.04.2026,complete_year,True,
30,Астраханская область,АСТ,Южный федеральный округ,5,8,True,Астраханская область,2.14.Я.6,"Уровень удовлетворенности граждан работой государственных и муниципальных организаций культуры, искусства и народного творчества (Я5)",data (25).xls,"Уровень удовлетворенности граждан работой государственных и муниципальных организаций культуры, искусства и народного творчества (Я5)",2025.0,год,значение показателя за год,2025-12-31,процент,95.7,02.04.2026,complete_year,True,
31,Белгородская область,БЕЛ,Центральный федеральный округ,8,5,True,Белгородская область,2.14.Я.6,"Уровень удовлетворенности граждан работой государственных и муниципальных организаций культуры, искусства и народного творчества (Я5)",data (25).xls,"Уровень удовлетворенности граждан работой государственных и муниципальных организаций культуры, искусства и народного творчества (Я5)",2025.0,год,значение показателя за год,2025-12-31,процент,97.8,02.04.2026,complete_year,True,
32,Брянская область,БРЯ,Центральный федеральный округ,8,4,True,Брянская область,2.14.Я.6,"Уровень удовлетворенности граждан работой государственных и муниципальных организаций культуры, искусства и народного творчества (Я5)",data (25).xls,"Уровень удовлетворенности граждан работой государственных и муниципальных организаций культуры, искусства и народного творчества (Я5)",2025.0,год,значение показателя за год,2025-12-31,процент,96.0,02.04.2026,complete_year,True,
33,Владимирская область,ВЛД,Центральный федеральный округ,6,4,True,Владимирская область,2.14.Я.6,"Уровень удовлетворенности граждан работой государственных и муниципальных организаций культуры, искусства и народного творчества (Я5)",data (25).xls,"Уровень удовлетворенности граждан работой государственных и муниципальных организаций культуры, искусства и народного творчества (Я5)",2025.0,год,значение показателя за год,2025-12-31,процент,96.8,02.04.2026,complete_year,True,
34,Волгоградская область,ВГГ,Южный федеральный округ,4,8,True,Волгоградская область,2.14.Я.6,"Уровень удовлетворенности граждан работой государственных и муниципальных организаций культуры, искусства и народного творчества (Я5)",data (25).xls,"Уровень удовлетворенности граждан работой государственных и муниципальных организаций культуры, искусства и народного творчества (Я5)",2025.0,год,значение показателя за год,2025-12-31,процент,89.9,02.04.2026,complete_year,True,
35,Вологодская область,ВОЛ,Северо-Западный федеральный округ,1,2,True,Вологодская область,2.14.Я.6,"Уровень удовлетворенности граждан работой государственных и муниципальных организаций культуры, искусства и народного творчества (Я5)",data (25).xls,"Уровень удовлетворенности граждан работой государственных и муниципальных организаций культуры, искусства и народного творчества (Я5)",2025.0,год,значение показателя за год,2025-12-31,процент,97.1,02.04.2026,complete_year,True,
36,Воронежская область,ВРН,Центральный федеральный округ,9,5,True,Воронежская область,2.14.Я.6,"Уровень удовлетворенности граждан работой государственных и муниципальных организаций культуры, искусства и народного творчества (Я5)",data (25).xls,"Уровень удовлетворенности граждан работой государственных и муниципальных организаций культуры, искусства и народного творчества (Я5)",2025.0,год,значение показателя за год,2025-12-31,процент,92.7,02.04.2026,complete_year,True,
37,Ивановская область,ИВН,Центральный федеральный округ,7,4,True,Ивановская область,2.14.Я.6,"Уровень удовлетворенности граждан работой государственных и муниципальных организаций культуры, искусства и народного творчества (Я5)",data (25).xls,"Уровень удовлетворенности граждан работой государственных и муниципальных организаций культуры, искусства и народного творчества (Я5)",2025.0,год,значение показателя за год,2025-12-31,процент,96.0,02.04.2026,complete_year,True,
38,Иркутская область,ИРК,Сибирский федеральный округ,18,7,True,Иркутская область,2.14.Я.6,"Уровень удовлетворенности граждан работой государственных и муниципальных организаций культуры, искусства и народного творчества (Я5)",data (25).xls,"Уровень удовлетворенности граждан работой государственных и муниципальных организаций культуры, искусства и народного творчества (Я5)",2025.0,год,значение показателя за год,2025-12-31,процент,94.9,02.04.2026,complete_year,True,
39,Калининградская область,КГД,Северо-Западный федеральный округ,0,1,True,Калининградская область,2.14.Я.6,"Уровень удовлетворенности граждан работой государственных и муниципальных организаций культуры, искусства и народного творчества (Я5)",data (25).xls,"Уровень удовлетворенности граждан работой государственных и муниципальных организаций культуры, искусства и народного творчества (Я5)",2025.0,год,значение показателя за год,2025-12-31,процент,89.4,02.04.2026,complete_year,True,
40,Калужская область,КЛЖ,Центральный федеральный округ,4,4,True,Калужская область,2.14.Я.6,"Уровень удовлетворенности граждан работой государственных и муниципальных организаций культуры, искусства и народного творчества (Я5)",data (25).xls,"Уровень удовлетворенности граждан работой государственных и муниципальных организаций культуры, искусства и народного творчества (Я5)",2025.0,год,значение показателя за год,2025-12-31,процент,96.8,02.04.2026,complete_year,True,
41,Камчатский край,КАМ,Дальневосточный федеральный округ,24,2,True,Камчатский край,2.14.Я.6,"Уровень удовлетворенности граждан работой государственных и муниципальных организаций культуры, искусства и народного творчества (Я5)",data (25).xls,"Уровень удовлетворенности граждан работой государственных и муниципальных организаций культуры, искусства и народного творчества (Я5)",2025.0,год,значение показателя за год,2025-12-31,процент,95.2,02.04.2026,complete_year,True,
42,Кемеровская область - Кузбасс,КЕМ,Сибирский федеральный округ,21,5,True,Кемеровская область - Кузбасс,2.14.Я.6,"Уровень удовлетворенности граждан работой государственных и муниципальных организаций культуры, искусства и народного творчества (Я5)",data (25).xls,"Уровень удовлетворенности граждан работой государственных и муниципальных организаций культуры, искусства и народного творчества (Я5)",2025.0,год,значение показателя за год,2025-12-31,процент,96.2,02.04.2026,complete_year,True,
43,Кировская область,КИР,Приволжский федеральный округ,11,5,True,Кировская область,2.14.Я.6,"Уровень удовлетворенности граждан работой государственных и муниципальных организаций культуры, искусства и народного творчества (Я5)",data (25).xls,"Уровень удовлетворенности граждан работой государственных и муниципальных организаций культуры, искусства и народного творчества (Я5)",2025.0,год,значение показателя за год,2025-12-31,процент,90.6,02.04.2026,complete_year,True,
44,Костромская область,КОС,Центральный федеральный округ,6,3,True,Костромская область,2.14.Я.6,"Уровень удовлетворенности граждан работой государственных и муниципальных организаций культуры, искусства и народного творчества (Я5)",data (25).xls,"Уровень удовлетворенности граждан работой государственных и муниципальных организаций культуры, искусства и народного творчества (Я5)",2025.0,год,значение показателя за год,2025-12-31,процент,87.7,02.04.2026,complete_year,True,
45,Курганская область,КУРГ,Уральский федеральный округ,15,6,True,Курганская область,2.14.Я.6,"Уровень удовлетворенности граждан работой государственных и муниципальных организаций культуры, искусства и народного творчества (Я5)",data (25).xls,"Уровень удовлетворенности граждан работой государственных и муниципальных организаций культуры, искусства и народного творчества (Я5)",2025.0,год,значение показателя за год,2025-12-31,процент,90.9,02.04.2026,complete_year,True,
46,Курская область,КУР,Центральный федеральный округ,5,5,True,Курская область,2.14.Я.6,"Уровень удовлетворенности граждан работой государственных и муниципальных организаций культуры, искусства и народного творчества (Я5)",data (25).xls,"Уровень удовлетворенности граждан работой государственных и муниципальных организаций культуры, искусства и народного творчества (Я5)",2025.0,год,значение показателя за год,2025-12-31,процент,69.6,02.04.2026,complete_year,True,
47,Ленинградская область,ЛЕН,Северо-Западный федеральный округ,2,1,True,Ленинградская область,2.14.Я.6,"Уровень удовлетворенности граждан работой государственных и муниципальных организаций культуры, искусства и народного творчества (Я5)",data (25).xls,"Уровень удовлетворенности граждан работой государственных и муниципальных организаций культуры, искусства и народного творчества (Я5)",2025.0,год,значение показателя за год,2025-12-31,процент,96.1,02.04.2026,complete_year,True,
48,Липецкая область,ЛИП,Центральный федеральный округ,6,5,True,Липецкая область,2.14.Я.6,"Уровень удовлетворенности граждан работой государственных и муниципальных организаций культуры, искусства и народного творчества (Я5)",data (25).xls,"Уровень удовлетворенности граждан работой государственных и муниципальных организаций культуры, искусства и народного творчества (Я5)",2025.0,год,значение показателя за год,2025-12-31,процент,96.9,02.04.2026,complete_year,True,
49,Магаданская область,МАГ,Дальневосточный федеральный округ,25,2,True,Магаданская область,2.14.Я.6,"Уровень удовлетворенности граждан работой государственных и муниципальных организаций культуры, искусства и народного творчества (Я5)",data (25).xls,"Уровень удовлетворенности граждан работой государственных и муниципальных организаций культуры, искусства и народного творчества (Я5)",2025.0,год,значение показателя за год,2025-12-31,процент,89.4,02.04.2026,complete_year,True,
50,Московская область,МОСО,Центральный федеральный округ,8,3,True,Московская область,2.14.Я.6,"Уровень удовлетворенности граждан работой государственных и муниципальных организаций культуры, искусства и народного творчества (Я5)",data (25).xls,"Уровень удовлетворенности граждан работой государственных и муниципальных организаций культуры, искусства и народного творчества (Я5)",2025.0,год,значение показателя за год,2025-12-31,процент,97.5,02.04.2026,complete_year,True,
51,Мурманская область,МУР,Северо-Западный федеральный округ,0,0,True,Мурманская область,2.14.Я.6,"Уровень удовлетворенности граждан работой государственных и муниципальных организаций культуры, искусства и народного творчества (Я5)",data (25).xls,"Уровень удовлетворенности граждан работой государственных и муниципальных организаций культуры, искусства и народного творчества (Я5)",2025.0,год,значение показателя за год,2025-12-31,процент,97.7,02.04.2026,complete_year,True,
52,Нижегородская область,НИЖ,Приволжский федеральный округ,10,5,True,Нижегородская область,2.14.Я.6,"Уровень удовлетворенности граждан работой государственных и муниципальных организаций культуры, искусства и народного творчества (Я5)",data (25).xls,"Уровень удовлетворенности граждан работой государственных и муниципальных организаций культуры, искусства и народного творчества (Я5)",2025.0,год,значение показателя за год,2025-12-31,процент,97.1,02.04.2026,complete_year,True,
53,Новгородская область,НВГ,Северо-Западный федеральный округ,3,1,True,Новгородская область,2.14.Я.6,"Уровень удовлетворенности граждан работой государственных и муниципальных организаций культуры, искусства и народного творчества (Я5)",data (25).xls,"Уровень удовлетворенности граждан работой государственных и муниципальных организаций культуры, искусства и народного творчества (Я5)",2025.0,год,значение показателя за год,2025-12-31,процент,92.4,02.04.2026,complete_year,True,
54,Новосибирская область,НСО,Сибирский федеральный округ,19,5,True,Новосибирская область,2.14.Я.6,"Уровень удовлетворенности граждан работой государственных и муниципальных организаций культуры, искусства и народного творчества (Я5)",data (25).xls,"Уровень удовлетворенности граждан работой государственных и муниципальных организаций культуры, искусства и народного творчества (Я5)",2025.0,год,значение показателя за год,2025-12-31,процент,94.2,02.04.2026,complete_year,True,
55,Омская область,ОМС,Сибирский федеральный округ,18,5,True,Омская область,2.14.Я.6,"Уровень удовлетворенности граждан работой государственных и муниципальных организаций культуры, искусства и народного творчества (Я5)",data (25).xls,"Уровень удовлетворенности граждан работой государственных и муниципальных организаций культуры, искусства и народного творчества (Я5)",2025.0,год,значение показателя за год,2025-12-31,процент,96.9,02.04.2026,complete_year,True,
56,Оренбургская область,ОРЕ,Приволжский федеральный округ,12,7,True,Оренбургская область,2.14.Я.6,"Уровень удовлетворенности граждан работой государственных и муниципальных организаций культуры, искусства и народного творчества (Я5)",data (25).xls,"Уровень удовлетворенности граждан работой государственных и муниципальных организаций культуры, искусства и народного творчества (Я5)",2025.0,год,значение показателя за год,2025-12-31,процент,96.4,02.04.2026,complete_year,True,
57,Орловская область,ОРЛ,Центральный федеральный округ,9,4,True,Орловская область,2.14.Я.6,"Уровень удовлетворенности граждан работой государственных и муниципальных организаций культуры, искусства и народного творчества (Я5)",data (25).xls,"Уровень удовлетворенности граждан работой государственных и муниципальных организаций культуры, искусства и народного творчества (Я5)",2025.0,год,значение показателя за год,2025-12-31,процент,94.7,02.04.2026,complete_year,True,
58,Пензенская область,ПЕН,Приволжский федеральный округ,13,6,True,Пензенская область,2.14.Я.6,"Уровень удовлетворенности граждан работой государственных и муниципальных организаций культуры, искусства и народного творчества (Я5)",data (25).xls,"Уровень удовлетворенности граждан работой государственных и муниципальных организаций культуры, искусства и народного творчества (Я5)",2025.0,год,значение показателя за год,2025-12-31,процент,96.4,02.04.2026,complete_year,True,
59,Пермский край,ПЕР,Приволжский федеральный округ,12,5,True,Пермский край,2.14.Я.6,"Уровень удовлетворенности граждан работой государственных и муниципальных организаций культуры, искусства и народного творчества (Я5)",data (25).xls,"Уровень удовлетворенности граждан работой государственных и муниципальных организаций культуры, искусства и народного творчества (Я5)",2025.0,год,значение показателя за год,2025-12-31,процент,93.2,02.04.2026,complete_year,True,
60,Псковская область,ПСК,Северо-Западный федеральный округ,0,2,True,Псковская область,2.14.Я.6,"Уровень удовлетворенности граждан работой государственных и муниципальных организаций культуры, искусства и народного творчества (Я5)",data (25).xls,"Уровень удовлетворенности граждан работой государственных и муниципальных организаций культуры, искусства и народного творчества (Я5)",2025.0,год,значение показателя за год,2025-12-31,процент,83.0,02.04.2026,complete_year,True,
61,Ростовская область,РОС,Южный федеральный округ,3,8,True,Ростовская область,2.14.Я.6,"Уровень удовлетворенности граждан работой государственных и муниципальных организаций культуры, искусства и народного творчества (Я5)",data (25).xls,"Уровень удовлетворенности граждан работой государственных и муниципальных организаций культуры, искусства и народного творчества (Я5)",2025.0,год,значение показателя за год,2025-12-31,процент,96.0,02.04.2026,complete_year,True,
62,Рязанская область,РЯЗ,Центральный федеральный округ,4,5,True,Рязанская область,2.14.Я.6,"Уровень удовлетворенности граждан работой государственных и муниципальных организаций культуры, искусства и народного творчества (Я5)",data (25).xls,"Уровень удовлетворенности граждан работой государственных и муниципальных организаций культуры, искусства и народного творчества (Я5)",2025.0,год,значение показателя за год,2025-12-31,процент,97.3,02.04.2026,complete_year,True,
63,Самарская область,САМ,Приволжский федеральный округ,10,7,True,Самарская область,2.14.Я.6,"Уровень удовлетворенности граждан работой государственных и муниципальных организаций культуры, искусства и народного творчества (Я5)",data (25).xls,"Уровень удовлетворенности граждан работой государственных и муниципальных организаций культуры, искусства и народного творчества (Я5)",2025.0,год,значение показателя за год,2025-12-31,процент,96.3,02.04.2026,complete_year,True,
64,Саратовская область,САР,Приволжский федеральный округ,11,7,True,Саратовская область,2.14.Я.6,"Уровень удовлетворенности граждан работой государственных и муниципальных организаций культуры, искусства и народного творчества (Я5)",data (25).xls,"Уровень удовлетворенности граждан работой государственных и муниципальных организаций культуры, искусства и народного творчества (Я5)",2025.0,год,значение показателя за год,2025-12-31,процент,95.8,02.04.2026,complete_year,True,
65,Сахалинская область,САХ,Дальневосточный федеральный округ,24,4,True,Сахалинская область,2.14.Я.6,"Уровень удовлетворенности граждан работой государственных и муниципальных организаций культуры, искусства и народного творчества (Я5)",data (25).xls,"Уровень удовлетворенности граждан работой государственных и муниципальных организаций культуры, искусства и народного творчества (Я5)",2025.0,год,значение показателя за год,2025-12-31,процент,93.3,02.04.2026,complete_year,True,
66,Свердловская область,СВР,Уральский федеральный округ,15,5,True,Свердловская область,2.14.Я.6,"Уровень удовлетворенности граждан работой государственных и муниципальных организаций культуры, искусства и народного творчества (Я5)",data (25).xls,"Уровень удовлетворенности граждан работой государственных и муниципальных организаций культуры, искусства и народного творчества (Я5)",2025.0,год,значение показателя за год,2025-12-31,процент,96.7,02.04.2026,complete_year,True,
67,Смоленская область,СМЛ,Центральный федеральный округ,7,3,True,Смоленская область,2.14.Я.6,"Уровень удовлетворенности граждан работой государственных и муниципальных организаций культуры, искусства и народного творчества (Я5)",data (25).xls,"Уровень удовлетворенности граждан работой государственных и муниципальных организаций культуры, искусства и народного творчества (Я5)",2025.0,год,значение показателя за год,2025-12-31,процент,86.0,02.04.2026,complete_year,True,
68,Тамбовская область,ТАМ,Центральный федеральный округ,7,5,True,Тамбовская область,2.14.Я.6,"Уровень удовлетворенности граждан работой государственных и муниципальных организаций культуры, искусства и народного творчества (Я5)",data (25).xls,"Уровень удовлетворенности граждан работой государственных и муниципальных организаций культуры, искусства и народного творчества (Я5)",2025.0,год,значение показателя за год,2025-12-31,процент,96.6,02.04.2026,complete_year,True,
69,Тверская область,ТВЕ,Центральный федеральный округ,4,3,True,Тверская область,2.14.Я.6,"Уровень удовлетворенности граждан работой государственных и муниципальных организаций культуры, искусства и народного творчества (Я5)",data (25).xls,"Уровень удовлетворенности граждан работой государственных и муниципальных организаций культуры, искусства и народного творчества (Я5)",2025.0,год,значение показателя за год,2025-12-31,процент,88.3,02.04.2026,complete_year,True,
70,Томская область,ТОМ,Сибирский федеральный округ,20,5,True,Томская область,2.14.Я.6,"Уровень удовлетворенности граждан работой государственных и муниципальных организаций культуры, искусства и народного творчества (Я5)",data (25).xls,"Уровень удовлетворенности граждан работой государственных и муниципальных организаций культуры, искусства и народного творчества (Я5)",2025.0,год,значение показателя за год,2025-12-31,процент,96.1,02.04.2026,complete_year,True,
71,Тульская область,ТУЛ,Центральный федеральный округ,5,4,True,Тульская область,2.14.Я.6,"Уровень удовлетворенности граждан работой государственных и муниципальных организаций культуры, искусства и народного творчества (Я5)",data (25).xls,"Уровень удовлетворенности граждан работой государственных и муниципальных организаций культуры, искусства и народного творчества (Я5)",2025.0,год,значение показателя за год,2025-12-31,процент,97.7,02.04.2026,complete_year,True,
72,Тюменская область,ТЮМ,Уральский федеральный округ,16,6,True,Тюменская область,2.14.Я.6,"Уровень удовлетворенности граждан работой государственных и муниципальных организаций культуры, искусства и народного творчества (Я5)",data (25).xls,"Уровень удовлетворенности граждан работой государственных и муниципальных организаций культуры, искусства и народного творчества (Я5)",2025.0,год,значение показателя за год,2025-12-31,процент,94.3,02.04.2026,complete_year,True,
73,Ульяновская область,УЛЬ,Приволжский федеральный округ,14,6,True,Ульяновская область,2.14.Я.6,"Уровень удовлетворенности граждан работой государственных и муниципальных организаций культуры, искусства и народного творчества (Я5)",data (25).xls,"Уровень удовлетворенности граждан работой государственных и муниципальных организаций культуры, искусства и народного творчества (Я5)",2025.0,год,значение показателя за год,2025-12-31,процент,96.7,02.04.2026,complete_year,True,
74,Челябинская область,ЧЕЛ,Уральский федеральный округ,17,6,True,Челябинская область,2.14.Я.6,"Уровень удовлетворенности граждан работой государственных и муниципальных организаций культуры, искусства и народного творчества (Я5)",data (25).xls,"Уровень удовлетворенности граждан работой государственных и муниципальных организаций культуры, искусства и народного творчества (Я5)",2025.0,год,значение показателя за год,2025-12-31,процент,93.5,02.04.2026,complete_year,True,
75,Забайкальский край,ЗАБ,Дальневосточный федеральный округ,22,3,True,Забайкальский край,2.14.Я.6,"Уровень удовлетворенности граждан работой государственных и муниципальных организаций культуры, искусства и народного творчества (Я5)",data (25).xls,"Уровень удовлетворенности граждан работой государственных и муниципальных организаций культуры, искусства и народного творчества (Я5)",2025.0,год,значение показателя за год,2025-12-31,процент,83.6,02.04.2026,complete_year,True,
76,Ярославская область,ЯРС,Центральный федеральный округ,5,3,True,Ярославская область,2.14.Я.6,"Уровень удовлетворенности граждан работой государственных и муниципальных организаций культуры, искусства и народного творчества (Я5)",data (25).xls,"Уровень удовлетворенности граждан работой государственных и муниципальных организаций культуры, искусства и народного творчества (Я5)",2025.0,год,значение показателя за год,2025-12-31,процент,93.9,02.04.2026,complete_year,True,
77,Москва,МСК,Центральный федеральный округ,9,3,True,Город Москва столица Российской Федерации город федерального значения,2.14.Я.6,"Уровень удовлетворенности граждан работой государственных и муниципальных организаций культуры, искусства и народного творчества (Я5)",data (25).xls,"Уровень удовлетворенности граждан работой государственных и муниципальных организаций культуры, искусства и народного творчества (Я5)",2025.0,год,значение показателя за год,2025-12-31,процент,94.0,02.04.2026,complete_year,True,
78,Санкт-Петербург,СПБ,Северо-Западный федеральный округ,1,1,True,Город Санкт-Петербург город федерального значения,2.14.Я.6,"Уровень удовлетворенности граждан работой государственных и муниципальных организаций культуры, искусства и народного творчества (Я5)",data (25).xls,"Уровень удовлетворенности граждан работой государственных и муниципальных организаций культуры, искусства и народного творчества (Я5)",2025.0,год,значение показателя за год,2025-12-31,процент,87.9,02.04.2026,complete_year,True,
79,Еврейская автономная область,ЕАО,Дальневосточный федеральный округ,25,3,True,Еврейская автономная область,2.14.Я.6,"Уровень удовлетворенности граждан работой государственных и муниципальных организаций культуры, искусства и народного творчества (Я5)",data (25).xls,"Уровень удовлетворенности граждан работой государственных и муниципальных организаций культуры, искусства и народного творчества (Я5)",2025.0,год,значение показателя за год,2025-12-31,процент,86.2,02.04.2026,complete_year,True,
83,Ненецкий автономный округ,НАО,Северо-Западный федеральный округ,3,0,True,Ненецкий автономный округ,2.14.Я.6,"Уровень удовлетворенности граждан работой государственных и муниципальных организаций культуры, искусства и народного творчества (Я5)",data (25).xls,"Уровень удовлетворенности граждан работой государственных и муниципальных организаций культуры, искусства и народного творчества (Я5)",2025.0,год,значение показателя за год,2025-12-31,процент,97.0,02.04.2026,complete_year,True,
86,Ханты-Мансийский автономный округ - Югра,ХМАО,Уральский федеральный округ,16,5,True,Ханты-Мансийский автономный округ - Югра,2.14.Я.6,"Уровень удовлетворенности граждан работой государственных и муниципальных организаций культуры, искусства и народного творчества (Я5)",data (25).xls,"Уровень удовлетворенности граждан работой государственных и муниципальных организаций культуры, искусства и народного творчества (Я5)",2025.0,год,значение показателя за год,2025-12-31,процент,91.8,02.04.2026,complete_year,True,
87,Чукотский автономный округ,ЧУК,Дальневосточный федеральный округ,23,2,True,Чукотский автономный округ,2.14.Я.6,"Уровень удовлетворенности граждан работой государственных и муниципальных организаций культуры, искусства и народного творчества (Я5)",data (25).xls,"Уровень удовлетворенности граждан работой государственных и муниципальных организаций культуры, искусства и народного творчества (Я5)",2025.0,год,значение показателя за год,2025-12-31,процент,86.4,02.04.2026,complete_year,True,
89,Ямало-Ненецкий автономный округ,ЯНАО,Уральский федеральный округ,17,5,True,Ямало-Ненецкий автономный округ,2.14.Я.6,"Уровень удовлетворенности граждан работой государственных и муниципальных организаций культуры, искусства и народного творчества (Я5)",data (25).xls,"Уровень удовлетворенности граждан работой государственных и муниципальных организаций культуры, искусства и народного творчества (Я5)",2025.0,год,значение показателя за год,2025-12-31,процент,96.6,02.04.2026,complete_year,True,
90,Запорожская область,ЗАП,Новые регионы / Южный макрорегион,9,9,True,,,,,,,,,,,,,complete_year,False,Нет данных в переданной выгрузке ЕМИСС для выбранного периода/показателя
91,Республика Крым,КРЫ,Южный федеральный округ,5,9,True,Республика Крым,2.14.Я.6,"Уровень удовлетворенности граждан работой государственных и муниципальных организаций культуры, искусства и народного творчества (Я5)",data (25).xls,"Уровень удовлетворенности граждан работой государственных и муниципальных организаций культуры, искусства и народного творчества (Я5)",2025.0,год,значение показателя за год,2025-12-31,процент,93.2,02.04.2026,complete_year,True,
92,Севастополь,СЕВ,Южный федеральный округ,6,9,True,Город федерального значения Севастополь,2.14.Я.6,"Уровень удовлетворенности граждан работой государственных и муниципальных организаций культуры, искусства и народного творчества (Я5)",data (25).xls,"Уровень удовлетворенности граждан работой государственных и муниципальных организаций культуры, искусства и народного творчества (Я5)",2025.0,год,значение показателя за год,2025-12-31,процент,97.1,02.04.2026,complete_year,True,
93,Донецкая Народная Республика,ДНР,Новые регионы / Южный макрорегион,7,9,True,,,,,,,,,,,,,complete_year,False,Нет данных в переданной выгрузке ЕМИСС для выбранного периода/показателя
94,Луганская Народная Республика,ЛНР,Новые регионы / Южный макрорегион,8,9,True,,,,,,,,,,,,,complete_year,False,Нет данных в переданной выгрузке ЕМИСС для выбранного периода/показателя
95,Херсонская область,ХЕР,Новые регионы / Южный макрорегион,10,9,True,,,,,,,,,,,,,complete_year,False,Нет данных в переданной выгрузке ЕМИСС для выбранного периода/показателя
01,Республика Адыгея,АД,Южный федеральный округ,4,9,True,Республика Адыгея (Адыгея),2.14.Я3.1,Охват граждан репродуктивного возраста (18–49 лет) диспансеризацией с целью оценки репродуктивного здоровья,data (29).xls,Охват граждан репродуктивного возраста (18–49 лет) диспансеризацией с целью оценки репродуктивного здоровья,2025.0,месяц,декабрь,2025-12-31,процент,43.88,07.04.2026,complete_year,True,
02,Республика Башкортостан,БА,Приволжский федеральный округ,13,7,True,Республика Башкортостан,2.14.Я3.1,Охват граждан репродуктивного возраста (18–49 лет) диспансеризацией с целью оценки репродуктивного здоровья,data (29).xls,Охват граждан репродуктивного возраста (18–49 лет) диспансеризацией с целью оценки репродуктивного здоровья,2025.0,месяц,декабрь,2025-12-31,процент,51.35,07.04.2026,complete_year,True,
03,Республика Бурятия,БУР,Дальневосточный федеральный округ,23,3,True,Республика Бурятия,2.14.Я3.1,Охват граждан репродуктивного возраста (18–49 лет) диспансеризацией с целью оценки репродуктивного здоровья,data (29).xls,Охват граждан репродуктивного возраста (18–49 лет) диспансеризацией с целью оценки репродуктивного здоровья,2025.0,месяц,декабрь,2025-12-31,процент,29.4,07.04.2026,complete_year,True,
04,Республика Алтай,АЛР,Сибирский федеральный округ,19,6,True,Республика Алтай,2.14.Я3.1,Охват граждан репродуктивного возраста (18–49 лет) диспансеризацией с целью оценки репродуктивного здоровья,data (29).xls,Охват граждан репродуктивного возраста (18–49 лет) диспансеризацией с целью оценки репродуктивного здоровья,2025.0,месяц,декабрь,2025-12-31,процент,34.7,07.04.2026,complete_year,True,
05,Республика Дагестан,ДАГ,Северо-Кавказский федеральный округ,9,12,True,Республика Дагестан,2.14.Я3.1,Охват граждан репродуктивного возраста (18–49 лет) диспансеризацией с целью оценки репродуктивного здоровья,data (29).xls,Охват граждан репродуктивного возраста (18–49 лет) диспансеризацией с целью оценки репродуктивного здоровья,2025.0,месяц,декабрь,2025-12-31,процент,31.72,07.04.2026,complete_year,True,
06,Республика Ингушетия,ИНГ,Северо-Кавказский федеральный округ,7,12,True,Республика Ингушетия,2.14.Я3.1,Охват граждан репродуктивного возраста (18–49 лет) диспансеризацией с целью оценки репродуктивного здоровья,data (29).xls,Охват граждан репродуктивного возраста (18–49 лет) диспансеризацией с целью оценки репродуктивного здоровья,2025.0,месяц,декабрь,2025-12-31,процент,32.12,07.04.2026,complete_year,True,
07,Кабардино-Балкарская Республика,КБР,Северо-Кавказский федеральный округ,9,11,True,Кабардино-Балкарская Республика,2.14.Я3.1,Охват граждан репродуктивного возраста (18–49 лет) диспансеризацией с целью оценки репродуктивного здоровья,data (29).xls,Охват граждан репродуктивного возраста (18–49 лет) диспансеризацией с целью оценки репродуктивного здоровья,2025.0,месяц,декабрь,2025-12-31,процент,35.22,07.04.2026,complete_year,True,
08,Республика Калмыкия,КАЛ,Южный федеральный округ,6,8,True,Республика Калмыкия,2.14.Я3.1,Охват граждан репродуктивного возраста (18–49 лет) диспансеризацией с целью оценки репродуктивного здоровья,data (29).xls,Охват граждан репродуктивного возраста (18–49 лет) диспансеризацией с целью оценки репродуктивного здоровья,2025.0,месяц,декабрь,2025-12-31,процент,26.82,07.04.2026,complete_year,True,
09,Карачаево-Черкесская Республика,КЧР,Северо-Кавказский федеральный округ,8,11,True,Карачаево-Черкесская Республика,2.14.Я3.1,Охват граждан репродуктивного возраста (18–49 лет) диспансеризацией с целью оценки репродуктивного здоровья,data (29).xls,Охват граждан репродуктивного возраста (18–49 лет) диспансеризацией с целью оценки репродуктивного здоровья,2025.0,месяц,декабрь,2025-12-31,процент,32.13,07.04.2026,complete_year,True,
10,Республика Карелия,КАР,Северо-Западный федеральный округ,1,0,True,Республика Карелия,2.14.Я3.1,Охват граждан репродуктивного возраста (18–49 лет) диспансеризацией с целью оценки репродуктивного здоровья,data (29).xls,Охват граждан репродуктивного возраста (18–49 лет) диспансеризацией с целью оценки репродуктивного здоровья,2025.0,месяц,декабрь,2025-12-31,процент,32.03,07.04.2026,complete_year,True,
11,Республика Коми,КОМ,Северо-Западный федеральный округ,2,2,True,Республика Коми,2.14.Я3.1,Охват граждан репродуктивного возраста (18–49 лет) диспансеризацией с целью оценки репродуктивного здоровья,data (29).xls,Охват граждан репродуктивного возраста (18–49 лет) диспансеризацией с целью оценки репродуктивного здоровья,2025.0,месяц,декабрь,2025-12-31,процент,30.99,07.04.2026,complete_year,True,
12,Республика Марий Эл,МЭ,Приволжский федеральный округ,10,6,True,Республика Марий Эл,2.14.Я3.1,Охват граждан репродуктивного возраста (18–49 лет) диспансеризацией с целью оценки репродуктивного здоровья,data (29).xls,Охват граждан репродуктивного возраста (18–49 лет) диспансеризацией с целью оценки репродуктивного здоровья,2025.0,месяц,декабрь,2025-12-31,процент,32.73,07.04.2026,complete_year,True,
13,Республика Мордовия,МОР,Приволжский федеральный округ,12,6,True,Республика Мордовия,2.14.Я3.1,Охват граждан репродуктивного возраста (18–49 лет) диспансеризацией с целью оценки репродуктивного здоровья,data (29).xls,Охват граждан репродуктивного возраста (18–49 лет) диспансеризацией с целью оценки репродуктивного здоровья,2025.0,месяц,декабрь,2025-12-31,процент,34.81,07.04.2026,complete_year,True,
14,Республика Саха (Якутия),ЯКТ,Дальневосточный федеральный округ,22,2,True,Республика Саха (Якутия),2.14.Я3.1,Охват граждан репродуктивного возраста (18–49 лет) диспансеризацией с целью оценки репродуктивного здоровья,data (29).xls,Охват граждан репродуктивного возраста (18–49 лет) диспансеризацией с целью оценки репродуктивного здоровья,2025.0,месяц,декабрь,2025-12-31,процент,32.19,07.04.2026,complete_year,True,
15,Республика Северная Осетия - Алания,СОА,Северо-Кавказский федеральный округ,10,11,True,Республика Северная Осетия - Алания,2.14.Я3.1,Охват граждан репродуктивного возраста (18–49 лет) диспансеризацией с целью оценки репродуктивного здоровья,data (29).xls,Охват граждан репродуктивного возраста (18–49 лет) диспансеризацией с целью оценки репродуктивного здоровья,2025.0,месяц,декабрь,2025-12-31,процент,18.65,07.04.2026,complete_year,True,
16,Республика Татарстан,ТАТ,Приволжский федеральный округ,14,5,True,Республика Татарстан (Татарстан),2.14.Я3.1,Охват граждан репродуктивного возраста (18–49 лет) диспансеризацией с целью оценки репродуктивного здоровья,data (29).xls,Охват граждан репродуктивного возраста (18–49 лет) диспансеризацией с целью оценки репродуктивного здоровья,2025.0,месяц,декабрь,2025-12-31,процент,41.99,07.04.2026,complete_year,True,
17,Республика Тыва,ТЫВ,Сибирский федеральный округ,19,7,True,Республика Тыва,2.14.Я3.1,Охват граждан репродуктивного возраста (18–49 лет) диспансеризацией с целью оценки репродуктивного здоровья,data (29).xls,Охват граждан репродуктивного возраста (18–49 лет) диспансеризацией с целью оценки репродуктивного здоровья,2025.0,месяц,декабрь,2025-12-31,процент,32.63,07.04.2026,complete_year,True,
18,Удмуртская Республика,УДМ,Приволжский федеральный округ,13,5,True,Удмуртская Республика,2.14.Я3.1,Охват граждан репродуктивного возраста (18–49 лет) диспансеризацией с целью оценки репродуктивного здоровья,data (29).xls,Охват граждан репродуктивного возраста (18–49 лет) диспансеризацией с целью оценки репродуктивного здоровья,2025.0,месяц,декабрь,2025-12-31,процент,26.89,07.04.2026,complete_year,True,
19,Республика Хакасия,ХАК,Сибирский федеральный округ,20,6,True,Республика Хакасия,2.14.Я3.1,Охват граждан репродуктивного возраста (18–49 лет) диспансеризацией с целью оценки репродуктивного здоровья,data (29).xls,Охват граждан репродуктивного возраста (18–49 лет) диспансеризацией с целью оценки репродуктивного здоровья,2025.0,месяц,декабрь,2025-12-31,процент,23.57,07.04.2026,complete_year,True,
20,Чеченская Республика,ЧЕЧ,Северо-Кавказский федеральный округ,8,12,True,Чеченская Республика,2.14.Я3.1,Охват граждан репродуктивного возраста (18–49 лет) диспансеризацией с целью оценки репродуктивного здоровья,data (29).xls,Охват граждан репродуктивного возраста (18–49 лет) диспансеризацией с целью оценки репродуктивного здоровья,2025.0,месяц,декабрь,2025-12-31,процент,33.7,07.04.2026,complete_year,True,
21,Чувашская Республика - Чувашия,ЧУВ,Приволжский федеральный округ,11,6,True,Чувашская Республика - Чувашия,2.14.Я3.1,Охват граждан репродуктивного возраста (18–49 лет) диспансеризацией с целью оценки репродуктивного здоровья,data (29).xls,Охват граждан репродуктивного возраста (18–49 лет) диспансеризацией с целью оценки репродуктивного здоровья,2025.0,месяц,декабрь,2025-12-31,процент,32.02,07.04.2026,complete_year,True,
22,Алтайский край,АЛК,Сибирский федеральный округ,18,6,True,Алтайский край,2.14.Я3.1,Охват граждан репродуктивного возраста (18–49 лет) диспансеризацией с целью оценки репродуктивного здоровья,data (29).xls,Охват граждан репродуктивного возраста (18–49 лет) диспансеризацией с целью оценки репродуктивного здоровья,2025.0,месяц,декабрь,2025-12-31,процент,32.0,07.04.2026,complete_year,True,
23,Краснодарский край,КДР,Южный федеральный округ,3,9,True,Краснодарский край,2.14.Я3.1,Охват граждан репродуктивного возраста (18–49 лет) диспансеризацией с целью оценки репродуктивного здоровья,data (29).xls,Охват граждан репродуктивного возраста (18–49 лет) диспансеризацией с целью оценки репродуктивного здоровья,2025.0,месяц,декабрь,2025-12-31,процент,25.98,07.04.2026,complete_year,True,
24,Красноярский край,КРЯ,Сибирский федеральный округ,21,6,True,Красноярский край,2.14.Я3.1,Охват граждан репродуктивного возраста (18–49 лет) диспансеризацией с целью оценки репродуктивного здоровья,data (29).xls,Охват граждан репродуктивного возраста (18–49 лет) диспансеризацией с целью оценки репродуктивного здоровья,2025.0,месяц,декабрь,2025-12-31,процент,32.02,07.04.2026,complete_year,True,
25,Приморский край,ПРИ,Дальневосточный федеральный округ,23,4,True,Приморский край,2.14.Я3.1,Охват граждан репродуктивного возраста (18–49 лет) диспансеризацией с целью оценки репродуктивного здоровья,data (29).xls,Охват граждан репродуктивного возраста (18–49 лет) диспансеризацией с целью оценки репродуктивного здоровья,2025.0,месяц,декабрь,2025-12-31,процент,31.37,07.04.2026,complete_year,True,
26,Ставропольский край,СТА,Северо-Кавказский федеральный округ,7,11,True,Ставропольский край,2.14.Я3.1,Охват граждан репродуктивного возраста (18–49 лет) диспансеризацией с целью оценки репродуктивного здоровья,data (29).xls,Охват граждан репродуктивного возраста (18–49 лет) диспансеризацией с целью оценки репродуктивного здоровья,2025.0,месяц,декабрь,2025-12-31,процент,28.91,07.04.2026,complete_year,True,
27,Хабаровский край,ХАБ,Дальневосточный федеральный округ,22,4,True,Хабаровский край,2.14.Я3.1,Охват граждан репродуктивного возраста (18–49 лет) диспансеризацией с целью оценки репродуктивного здоровья,data (29).xls,Охват граждан репродуктивного возраста (18–49 лет) диспансеризацией с целью оценки репродуктивного здоровья,2025.0,месяц,декабрь,2025-12-31,процент,24.1,07.04.2026,complete_year,True,
28,Амурская область,АМУ,Дальневосточный федеральный округ,24,3,True,Амурская область,2.14.Я3.1,Охват граждан репродуктивного возраста (18–49 лет) диспансеризацией с целью оценки репродуктивного здоровья,data (29).xls,Охват граждан репродуктивного возраста (18–49 лет) диспансеризацией с целью оценки репродуктивного здоровья,2025.0,месяц,декабрь,2025-12-31,процент,32.01,07.04.2026,complete_year,True,
29,Архангельская область,АРХ,Северо-Западный федеральный округ,2,0,True,Архангельская область,2.14.Я3.1,Охват граждан репродуктивного возраста (18–49 лет) диспансеризацией с целью оценки репродуктивного здоровья,data (29).xls,Охват граждан репродуктивного возраста (18–49 лет) диспансеризацией с целью оценки репродуктивного здоровья,2025.0,месяц,декабрь,2025-12-31,процент,23.38,07.04.2026,complete_year,True,
30,Астраханская область,АСТ,Южный федеральный округ,5,8,True,Астраханская область,2.14.Я3.1,Охват граждан репродуктивного возраста (18–49 лет) диспансеризацией с целью оценки репродуктивного здоровья,data (29).xls,Охват граждан репродуктивного возраста (18–49 лет) диспансеризацией с целью оценки репродуктивного здоровья,2025.0,месяц,декабрь,2025-12-31,процент,32.0,07.04.2026,complete_year,True,
31,Белгородская область,БЕЛ,Центральный федеральный округ,8,5,True,Белгородская область,2.14.Я3.1,Охват граждан репродуктивного возраста (18–49 лет) диспансеризацией с целью оценки репродуктивного здоровья,data (29).xls,Охват граждан репродуктивного возраста (18–49 лет) диспансеризацией с целью оценки репродуктивного здоровья,2025.0,месяц,декабрь,2025-12-31,процент,31.48,07.04.2026,complete_year,True,
32,Брянская область,БРЯ,Центральный федеральный округ,8,4,True,Брянская область,2.14.Я3.1,Охват граждан репродуктивного возраста (18–49 лет) диспансеризацией с целью оценки репродуктивного здоровья,data (29).xls,Охват граждан репродуктивного возраста (18–49 лет) диспансеризацией с целью оценки репродуктивного здоровья,2025.0,месяц,декабрь,2025-12-31,процент,32.0,07.04.2026,complete_year,True,
33,Владимирская область,ВЛД,Центральный федеральный округ,6,4,True,Владимирская область,2.14.Я3.1,Охват граждан репродуктивного возраста (18–49 лет) диспансеризацией с целью оценки репродуктивного здоровья,data (29).xls,Охват граждан репродуктивного возраста (18–49 лет) диспансеризацией с целью оценки репродуктивного здоровья,2025.0,месяц,декабрь,2025-12-31,процент,30.65,07.04.2026,complete_year,True,
34,Волгоградская область,ВГГ,Южный федеральный округ,4,8,True,Волгоградская область,2.14.Я3.1,Охват граждан репродуктивного возраста (18–49 лет) диспансеризацией с целью оценки репродуктивного здоровья,data (29).xls,Охват граждан репродуктивного возраста (18–49 лет) диспансеризацией с целью оценки репродуктивного здоровья,2025.0,месяц,декабрь,2025-12-31,процент,34.19,07.04.2026,complete_year,True,
35,Вологодская область,ВОЛ,Северо-Западный федеральный округ,1,2,True,Вологодская область,2.14.Я3.1,Охват граждан репродуктивного возраста (18–49 лет) диспансеризацией с целью оценки репродуктивного здоровья,data (29).xls,Охват граждан репродуктивного возраста (18–49 лет) диспансеризацией с целью оценки репродуктивного здоровья,2025.0,месяц,декабрь,2025-12-31,процент,34.3,07.04.2026,complete_year,True,
36,Воронежская область,ВРН,Центральный федеральный округ,9,5,True,Воронежская область,2.14.Я3.1,Охват граждан репродуктивного возраста (18–49 лет) диспансеризацией с целью оценки репродуктивного здоровья,data (29).xls,Охват граждан репродуктивного возраста (18–49 лет) диспансеризацией с целью оценки репродуктивного здоровья,2025.0,месяц,декабрь,2025-12-31,процент,48.17,07.04.2026,complete_year,True,
37,Ивановская область,ИВН,Центральный федеральный округ,7,4,True,Ивановская область,2.14.Я3.1,Охват граждан репродуктивного возраста (18–49 лет) диспансеризацией с целью оценки репродуктивного здоровья,data (29).xls,Охват граждан репродуктивного возраста (18–49 лет) диспансеризацией с целью оценки репродуктивного здоровья,2025.0,месяц,декабрь,2025-12-31,процент,22.35,07.04.2026,complete_year,True,
38,Иркутская область,ИРК,Сибирский федеральный округ,18,7,True,Иркутская область,2.14.Я3.1,Охват граждан репродуктивного возраста (18–49 лет) диспансеризацией с целью оценки репродуктивного здоровья,data (29).xls,Охват граждан репродуктивного возраста (18–49 лет) диспансеризацией с целью оценки репродуктивного здоровья,2025.0,месяц,декабрь,2025-12-31,процент,32.56,07.04.2026,complete_year,True,
39,Калининградская область,КГД,Северо-Западный федеральный округ,0,1,True,Калининградская область,2.14.Я3.1,Охват граждан репродуктивного возраста (18–49 лет) диспансеризацией с целью оценки репродуктивного здоровья,data (29).xls,Охват граждан репродуктивного возраста (18–49 лет) диспансеризацией с целью оценки репродуктивного здоровья,2025.0,месяц,декабрь,2025-12-31,процент,32.0,07.04.2026,complete_year,True,
40,Калужская область,КЛЖ,Центральный федеральный округ,4,4,True,Калужская область,2.14.Я3.1,Охват граждан репродуктивного возраста (18–49 лет) диспансеризацией с целью оценки репродуктивного здоровья,data (29).xls,Охват граждан репродуктивного возраста (18–49 лет) диспансеризацией с целью оценки репродуктивного здоровья,2025.0,месяц,декабрь,2025-12-31,процент,32.0,07.04.2026,complete_year,True,
41,Камчатский край,КАМ,Дальневосточный федеральный округ,24,2,True,Камчатский край,2.14.Я3.1,Охват граждан репродуктивного возраста (18–49 лет) диспансеризацией с целью оценки репродуктивного здоровья,data (29).xls,Охват граждан репродуктивного возраста (18–49 лет) диспансеризацией с целью оценки репродуктивного здоровья,2025.0,месяц,декабрь,2025-12-31,процент,14.28,07.04.2026,complete_year,True,
42,Кемеровская область - Кузбасс,КЕМ,Сибирский федеральный округ,21,5,True,Кемеровская область - Кузбасс,2.14.Я3.1,Охват граждан репродуктивного возраста (18–49 лет) диспансеризацией с целью оценки репродуктивного здоровья,data (29).xls,Охват граждан репродуктивного возраста (18–49 лет) диспансеризацией с целью оценки репродуктивного здоровья,2025.0,месяц,декабрь,2025-12-31,процент,30.54,07.04.2026,complete_year,True,
43,Кировская область,КИР,Приволжский федеральный округ,11,5,True,Кировская область,2.14.Я3.1,Охват граждан репродуктивного возраста (18–49 лет) диспансеризацией с целью оценки репродуктивного здоровья,data (29).xls,Охват граждан репродуктивного возраста (18–49 лет) диспансеризацией с целью оценки репродуктивного здоровья,2025.0,месяц,декабрь,2025-12-31,процент,35.05,07.04.2026,complete_year,True,
44,Костромская область,КОС,Центральный федеральный округ,6,3,True,Костромская область,2.14.Я3.1,Охват граждан репродуктивного возраста (18–49 лет) диспансеризацией с целью оценки репродуктивного здоровья,data (29).xls,Охват граждан репродуктивного возраста (18–49 лет) диспансеризацией с целью оценки репродуктивного здоровья,2025.0,месяц,декабрь,2025-12-31,процент,32.2,07.04.2026,complete_year,True,
45,Курганская область,КУРГ,Уральский федеральный округ,15,6,True,Курганская область,2.14.Я3.1,Охват граждан репродуктивного возраста (18–49 лет) диспансеризацией с целью оценки репродуктивного здоровья,data (29).xls,Охват граждан репродуктивного возраста (18–49 лет) диспансеризацией с целью оценки репродуктивного здоровья,2025.0,месяц,декабрь,2025-12-31,процент,32.29,07.04.2026,complete_year,True,
46,Курская область,КУР,Центральный федеральный округ,5,5,True,Курская область,2.14.Я3.1,Охват граждан репродуктивного возраста (18–49 лет) диспансеризацией с целью оценки репродуктивного здоровья,data (29).xls,Охват граждан репродуктивного возраста (18–49 лет) диспансеризацией с целью оценки репродуктивного здоровья,2025.0,месяц,декабрь,2025-12-31,процент,30.04,07.04.2026,complete_year,True,
47,Ленинградская область,ЛЕН,Северо-Западный федеральный округ,2,1,True,Ленинградская область,2.14.Я3.1,Охват граждан репродуктивного возраста (18–49 лет) диспансеризацией с целью оценки репродуктивного здоровья,data (29).xls,Охват граждан репродуктивного возраста (18–49 лет) диспансеризацией с целью оценки репродуктивного здоровья,2025.0,месяц,декабрь,2025-12-31,процент,37.17,07.04.2026,complete_year,True,
48,Липецкая область,ЛИП,Центральный федеральный округ,6,5,True,Липецкая область,2.14.Я3.1,Охват граждан репродуктивного возраста (18–49 лет) диспансеризацией с целью оценки репродуктивного здоровья,data (29).xls,Охват граждан репродуктивного возраста (18–49 лет) диспансеризацией с целью оценки репродуктивного здоровья,2025.0,месяц,декабрь,2025-12-31,процент,36.69,07.04.2026,complete_year,True,
49,Магаданская область,МАГ,Дальневосточный федеральный округ,25,2,True,Магаданская область,2.14.Я3.1,Охват граждан репродуктивного возраста (18–49 лет) диспансеризацией с целью оценки репродуктивного здоровья,data (29).xls,Охват граждан репродуктивного возраста (18–49 лет) диспансеризацией с целью оценки репродуктивного здоровья,2025.0,месяц,декабрь,2025-12-31,процент,24.16,07.04.2026,complete_year,True,
50,Московская область,МОСО,Центральный федеральный округ,8,3,True,Московская область,2.14.Я3.1,Охват граждан репродуктивного возраста (18–49 лет) диспансеризацией с целью оценки репродуктивного здоровья,data (29).xls,Охват граждан репродуктивного возраста (18–49 лет) диспансеризацией с целью оценки репродуктивного здоровья,2025.0,месяц,декабрь,2025-12-31,процент,32.1,07.04.2026,complete_year,True,
51,Мурманская область,МУР,Северо-Западный федеральный округ,0,0,True,Мурманская область,2.14.Я3.1,Охват граждан репродуктивного возраста (18–49 лет) диспансеризацией с целью оценки репродуктивного здоровья,data (29).xls,Охват граждан репродуктивного возраста (18–49 лет) диспансеризацией с целью оценки репродуктивного здоровья,2025.0,месяц,декабрь,2025-12-31,процент,25.01,07.04.2026,complete_year,True,
52,Нижегородская область,НИЖ,Приволжский федеральный округ,10,5,True,Нижегородская область,2.14.Я3.1,Охват граждан репродуктивного возраста (18–49 лет) диспансеризацией с целью оценки репродуктивного здоровья,data (29).xls,Охват граждан репродуктивного возраста (18–49 лет) диспансеризацией с целью оценки репродуктивного здоровья,2025.0,месяц,декабрь,2025-12-31,процент,44.0,07.04.2026,complete_year,True,
53,Новгородская область,НВГ,Северо-Западный федеральный округ,3,1,True,Новгородская область,2.14.Я3.1,Охват граждан репродуктивного возраста (18–49 лет) диспансеризацией с целью оценки репродуктивного здоровья,data (29).xls,Охват граждан репродуктивного возраста (18–49 лет) диспансеризацией с целью оценки репродуктивного здоровья,2025.0,месяц,декабрь,2025-12-31,процент,12.72,07.04.2026,complete_year,True,
54,Новосибирская область,НСО,Сибирский федеральный округ,19,5,True,Новосибирская область,2.14.Я3.1,Охват граждан репродуктивного возраста (18–49 лет) диспансеризацией с целью оценки репродуктивного здоровья,data (29).xls,Охват граждан репродуктивного возраста (18–49 лет) диспансеризацией с целью оценки репродуктивного здоровья,2025.0,месяц,декабрь,2025-12-31,процент,25.51,07.04.2026,complete_year,True,
55,Омская область,ОМС,Сибирский федеральный округ,18,5,True,Омская область,2.14.Я3.1,Охват граждан репродуктивного возраста (18–49 лет) диспансеризацией с целью оценки репродуктивного здоровья,data (29).xls,Охват граждан репродуктивного возраста (18–49 лет) диспансеризацией с целью оценки репродуктивного здоровья,2025.0,месяц,декабрь,2025-12-31,процент,32.09,07.04.2026,complete_year,True,
56,Оренбургская область,ОРЕ,Приволжский федеральный округ,12,7,True,Оренбургская область,2.14.Я3.1,Охват граждан репродуктивного возраста (18–49 лет) диспансеризацией с целью оценки репродуктивного здоровья,data (29).xls,Охват граждан репродуктивного возраста (18–49 лет) диспансеризацией с целью оценки репродуктивного здоровья,2025.0,месяц,декабрь,2025-12-31,процент,23.57,07.04.2026,complete_year,True,
57,Орловская область,ОРЛ,Центральный федеральный округ,9,4,True,Орловская область,2.14.Я3.1,Охват граждан репродуктивного возраста (18–49 лет) диспансеризацией с целью оценки репродуктивного здоровья,data (29).xls,Охват граждан репродуктивного возраста (18–49 лет) диспансеризацией с целью оценки репродуктивного здоровья,2025.0,месяц,декабрь,2025-12-31,процент,19.35,07.04.2026,complete_year,True,
58,Пензенская область,ПЕН,Приволжский федеральный округ,13,6,True,Пензенская область,2.14.Я3.1,Охват граждан репродуктивного возраста (18–49 лет) диспансеризацией с целью оценки репродуктивного здоровья,data (29).xls,Охват граждан репродуктивного возраста (18–49 лет) диспансеризацией с целью оценки репродуктивного здоровья,2025.0,месяц,декабрь,2025-12-31,процент,35.72,07.04.2026,complete_year,True,
59,Пермский край,ПЕР,Приволжский федеральный округ,12,5,True,Пермский край,2.14.Я3.1,Охват граждан репродуктивного возраста (18–49 лет) диспансеризацией с целью оценки репродуктивного здоровья,data (29).xls,Охват граждан репродуктивного возраста (18–49 лет) диспансеризацией с целью оценки репродуктивного здоровья,2025.0,месяц,декабрь,2025-12-31,процент,29.5,07.04.2026,complete_year,True,
60,Псковская область,ПСК,Северо-Западный федеральный округ,0,2,True,Псковская область,2.14.Я3.1,Охват граждан репродуктивного возраста (18–49 лет) диспансеризацией с целью оценки репродуктивного здоровья,data (29).xls,Охват граждан репродуктивного возраста (18–49 лет) диспансеризацией с целью оценки репродуктивного здоровья,2025.0,месяц,декабрь,2025-12-31,процент,32.73,07.04.2026,complete_year,True,
61,Ростовская область,РОС,Южный федеральный округ,3,8,True,Ростовская область,2.14.Я3.1,Охват граждан репродуктивного возраста (18–49 лет) диспансеризацией с целью оценки репродуктивного здоровья,data (29).xls,Охват граждан репродуктивного возраста (18–49 лет) диспансеризацией с целью оценки репродуктивного здоровья,2025.0,месяц,декабрь,2025-12-31,процент,36.47,07.04.2026,complete_year,True,
62,Рязанская область,РЯЗ,Центральный федеральный округ,4,5,True,Рязанская область,2.14.Я3.1,Охват граждан репродуктивного возраста (18–49 лет) диспансеризацией с целью оценки репродуктивного здоровья,data (29).xls,Охват граждан репродуктивного возраста (18–49 лет) диспансеризацией с целью оценки репродуктивного здоровья,2025.0,месяц,декабрь,2025-12-31,процент,36.06,07.04.2026,complete_year,True,
63,Самарская область,САМ,Приволжский федеральный округ,10,7,True,Самарская область,2.14.Я3.1,Охват граждан репродуктивного возраста (18–49 лет) диспансеризацией с целью оценки репродуктивного здоровья,data (29).xls,Охват граждан репродуктивного возраста (18–49 лет) диспансеризацией с целью оценки репродуктивного здоровья,2025.0,месяц,декабрь,2025-12-31,процент,32.88,07.04.2026,complete_year,True,
64,Саратовская область,САР,Приволжский федеральный округ,11,7,True,Саратовская область,2.14.Я3.1,Охват граждан репродуктивного возраста (18–49 лет) диспансеризацией с целью оценки репродуктивного здоровья,data (29).xls,Охват граждан репродуктивного возраста (18–49 лет) диспансеризацией с целью оценки репродуктивного здоровья,2025.0,месяц,декабрь,2025-12-31,процент,33.36,07.04.2026,complete_year,True,
65,Сахалинская область,САХ,Дальневосточный федеральный округ,24,4,True,Сахалинская область,2.14.Я3.1,Охват граждан репродуктивного возраста (18–49 лет) диспансеризацией с целью оценки репродуктивного здоровья,data (29).xls,Охват граждан репродуктивного возраста (18–49 лет) диспансеризацией с целью оценки репродуктивного здоровья,2025.0,месяц,декабрь,2025-12-31,процент,32.2,07.04.2026,complete_year,True,
66,Свердловская область,СВР,Уральский федеральный округ,15,5,True,Свердловская область,2.14.Я3.1,Охват граждан репродуктивного возраста (18–49 лет) диспансеризацией с целью оценки репродуктивного здоровья,data (29).xls,Охват граждан репродуктивного возраста (18–49 лет) диспансеризацией с целью оценки репродуктивного здоровья,2025.0,месяц,декабрь,2025-12-31,процент,30.74,07.04.2026,complete_year,True,
67,Смоленская область,СМЛ,Центральный федеральный округ,7,3,True,Смоленская область,2.14.Я3.1,Охват граждан репродуктивного возраста (18–49 лет) диспансеризацией с целью оценки репродуктивного здоровья,data (29).xls,Охват граждан репродуктивного возраста (18–49 лет) диспансеризацией с целью оценки репродуктивного здоровья,2025.0,месяц,декабрь,2025-12-31,процент,33.5,07.04.2026,complete_year,True,
68,Тамбовская область,ТАМ,Центральный федеральный округ,7,5,True,Тамбовская область,2.14.Я3.1,Охват граждан репродуктивного возраста (18–49 лет) диспансеризацией с целью оценки репродуктивного здоровья,data (29).xls,Охват граждан репродуктивного возраста (18–49 лет) диспансеризацией с целью оценки репродуктивного здоровья,2025.0,месяц,декабрь,2025-12-31,процент,31.64,07.04.2026,complete_year,True,
69,Тверская область,ТВЕ,Центральный федеральный округ,4,3,True,Тверская область,2.14.Я3.1,Охват граждан репродуктивного возраста (18–49 лет) диспансеризацией с целью оценки репродуктивного здоровья,data (29).xls,Охват граждан репродуктивного возраста (18–49 лет) диспансеризацией с целью оценки репродуктивного здоровья,2025.0,месяц,декабрь,2025-12-31,процент,20.3,07.04.2026,complete_year,True,
70,Томская область,ТОМ,Сибирский федеральный округ,20,5,True,Томская область,2.14.Я3.1,Охват граждан репродуктивного возраста (18–49 лет) диспансеризацией с целью оценки репродуктивного здоровья,data (29).xls,Охват граждан репродуктивного возраста (18–49 лет) диспансеризацией с целью оценки репродуктивного здоровья,2025.0,месяц,декабрь,2025-12-31,процент,20.6,07.04.2026,complete_year,True,
71,Тульская область,ТУЛ,Центральный федеральный округ,5,4,True,Тульская область,2.14.Я3.1,Охват граждан репродуктивного возраста (18–49 лет) диспансеризацией с целью оценки репродуктивного здоровья,data (29).xls,Охват граждан репродуктивного возраста (18–49 лет) диспансеризацией с целью оценки репродуктивного здоровья,2025.0,месяц,декабрь,2025-12-31,процент,33.41,07.04.2026,complete_year,True,
72,Тюменская область,ТЮМ,Уральский федеральный округ,16,6,True,Тюменская область,2.14.Я3.1,Охват граждан репродуктивного возраста (18–49 лет) диспансеризацией с целью оценки репродуктивного здоровья,data (29).xls,Охват граждан репродуктивного возраста (18–49 лет) диспансеризацией с целью оценки репродуктивного здоровья,2025.0,месяц,декабрь,2025-12-31,процент,31.65,07.04.2026,complete_year,True,
73,Ульяновская область,УЛЬ,Приволжский федеральный округ,14,6,True,Ульяновская область,2.14.Я3.1,Охват граждан репродуктивного возраста (18–49 лет) диспансеризацией с целью оценки репродуктивного здоровья,data (29).xls,Охват граждан репродуктивного возраста (18–49 лет) диспансеризацией с целью оценки репродуктивного здоровья,2025.0,месяц,декабрь,2025-12-31,процент,32.18,07.04.2026,complete_year,True,
74,Челябинская область,ЧЕЛ,Уральский федеральный округ,17,6,True,Челябинская область,2.14.Я3.1,Охват граждан репродуктивного возраста (18–49 лет) диспансеризацией с целью оценки репродуктивного здоровья,data (29).xls,Охват граждан репродуктивного возраста (18–49 лет) диспансеризацией с целью оценки репродуктивного здоровья,2025.0,месяц,декабрь,2025-12-31,процент,26.82,07.04.2026,complete_year,True,
75,Забайкальский край,ЗАБ,Дальневосточный федеральный округ,22,3,True,Забайкальский край,2.14.Я3.1,Охват граждан репродуктивного возраста (18–49 лет) диспансеризацией с целью оценки репродуктивного здоровья,data (29).xls,Охват граждан репродуктивного возраста (18–49 лет) диспансеризацией с целью оценки репродуктивного здоровья,2025.0,месяц,декабрь,2025-12-31,процент,32.02,07.04.2026,complete_year,True,
76,Ярославская область,ЯРС,Центральный федеральный округ,5,3,True,Ярославская область,2.14.Я3.1,Охват граждан репродуктивного возраста (18–49 лет) диспансеризацией с целью оценки репродуктивного здоровья,data (29).xls,Охват граждан репродуктивного возраста (18–49 лет) диспансеризацией с целью оценки репродуктивного здоровья,2025.0,месяц,декабрь,2025-12-31,процент,25.5,07.04.2026,complete_year,True,
77,Москва,МСК,Центральный федеральный округ,9,3,True,Город Москва столица Российской Федерации город федерального значения,2.14.Я3.1,Охват граждан репродуктивного возраста (18–49 лет) диспансеризацией с целью оценки репродуктивного здоровья,data (29).xls,Охват граждан репродуктивного возраста (18–49 лет) диспансеризацией с целью оценки репродуктивного здоровья,2025.0,месяц,декабрь,2025-12-31,процент,71.8,07.04.2026,complete_year,True,
78,Санкт-Петербург,СПБ,Северо-Западный федеральный округ,1,1,True,Город Санкт-Петербург город федерального значения,2.14.Я3.1,Охват граждан репродуктивного возраста (18–49 лет) диспансеризацией с целью оценки репродуктивного здоровья,data (29).xls,Охват граждан репродуктивного возраста (18–49 лет) диспансеризацией с целью оценки репродуктивного здоровья,2025.0,месяц,декабрь,2025-12-31,процент,31.03,07.04.2026,complete_year,True,
79,Еврейская автономная область,ЕАО,Дальневосточный федеральный округ,25,3,True,Еврейская автономная область,2.14.Я3.1,Охват граждан репродуктивного возраста (18–49 лет) диспансеризацией с целью оценки репродуктивного здоровья,data (29).xls,Охват граждан репродуктивного возраста (18–49 лет) диспансеризацией с целью оценки репродуктивного здоровья,2025.0,месяц,декабрь,2025-12-31,процент,11.08,07.04.2026,complete_year,True,
83,Ненецкий автономный округ,НАО,Северо-Западный федеральный округ,3,0,True,Ненецкий автономный округ,2.14.Я3.1,Охват граждан репродуктивного возраста (18–49 лет) диспансеризацией с целью оценки репродуктивного здоровья,data (29).xls,Охват граждан репродуктивного возраста (18–49 лет) диспансеризацией с целью оценки репродуктивного здоровья,2025.0,месяц,декабрь,2025-12-31,процент,24.34,07.04.2026,complete_year,True,
86,Ханты-Мансийский автономный округ - Югра,ХМАО,Уральский федеральный округ,16,5,True,Ханты-Мансийский автономный округ - Югра,2.14.Я3.1,Охват граждан репродуктивного возраста (18–49 лет) диспансеризацией с целью оценки репродуктивного здоровья,data (29).xls,Охват граждан репродуктивного возраста (18–49 лет) диспансеризацией с целью оценки репродуктивного здоровья,2025.0,месяц,декабрь,2025-12-31,процент,32.13,07.04.2026,complete_year,True,
87,Чукотский автономный округ,ЧУК,Дальневосточный федеральный округ,23,2,True,Чукотский автономный округ,2.14.Я3.1,Охват граждан репродуктивного возраста (18–49 лет) диспансеризацией с целью оценки репродуктивного здоровья,data (29).xls,Охват граждан репродуктивного возраста (18–49 лет) диспансеризацией с целью оценки репродуктивного здоровья,2025.0,месяц,декабрь,2025-12-31,процент,32.3,07.04.2026,complete_year,True,
89,Ямало-Ненецкий автономный округ,ЯНАО,Уральский федеральный округ,17,5,True,Ямало-Ненецкий автономный округ,2.14.Я3.1,Охват граждан репродуктивного возраста (18–49 лет) диспансеризацией с целью оценки репродуктивного здоровья,data (29).xls,Охват граждан репродуктивного возраста (18–49 лет) диспансеризацией с целью оценки репродуктивного здоровья,2025.0,месяц,декабрь,2025-12-31,процент,32.0,07.04.2026,complete_year,True,
90,Запорожская область,ЗАП,Новые регионы / Южный макрорегион,9,9,True,,,,,,,,,,,,,complete_year,False,Нет данных в переданной выгрузке ЕМИСС для выбранного периода/показателя
91,Республика Крым,КРЫ,Южный федеральный округ,5,9,True,Республика Крым,2.14.Я3.1,Охват граждан репродуктивного возраста (18–49 лет) диспансеризацией с целью оценки репродуктивного здоровья,data (29).xls,Охват граждан репродуктивного возраста (18–49 лет) диспансеризацией с целью оценки репродуктивного здоровья,2025.0,месяц,декабрь,2025-12-31,процент,32.05,07.04.2026,complete_year,True,
92,Севастополь,СЕВ,Южный федеральный округ,6,9,True,Город федерального значения Севастополь,2.14.Я3.1,Охват граждан репродуктивного возраста (18–49 лет) диспансеризацией с целью оценки репродуктивного здоровья,data (29).xls,Охват граждан репродуктивного возраста (18–49 лет) диспансеризацией с целью оценки репродуктивного здоровья,2025.0,месяц,декабрь,2025-12-31,процент,32.74,07.04.2026,complete_year,True,
93,Донецкая Народная Республика,ДНР,Новые регионы / Южный макрорегион,7,9,True,,,,,,,,,,,,,complete_year,False,Нет данных в переданной выгрузке ЕМИСС для выбранного периода/показателя
94,Луганская Народная Республика,ЛНР,Новые регионы / Южный макрорегион,8,9,True,,,,,,,,,,,,,complete_year,False,Нет данных в переданной выгрузке ЕМИСС для выбранного периода/показателя
95,Херсонская область,ХЕР,Новые регионы / Южный макрорегион,10,9,True,,,,,,,,,,,,,complete_year,False,Нет данных в переданной выгрузке ЕМИСС для выбранного периода/показателя
01,Республика Адыгея,АД,Южный федеральный округ,4,9,True,Республика Адыгея (Адыгея),2.14.Я3.2,"Доля женщин, проживающих в сельской местности, поселках городского типа и малых городах, получивших медицинскую помощь в женских консультациях, расположенных в сельской местности, поселках городского типа и малых городах",data (30).xls,"Доля женщин, проживающих в сельской местности, поселках городского типа и малых городах, получивших медицинскую помощь в женских консультациях, расположенных в сельской местности, поселках городского типа и малых городах",2025.0,месяц,декабрь,2025-12-31,процент,22.32,07.04.2026,complete_year,True,
02,Республика Башкортостан,БА,Приволжский федеральный округ,13,7,True,Республика Башкортостан,2.14.Я3.2,"Доля женщин, проживающих в сельской местности, поселках городского типа и малых городах, получивших медицинскую помощь в женских консультациях, расположенных в сельской местности, поселках городского типа и малых городах",data (30).xls,"Доля женщин, проживающих в сельской местности, поселках городского типа и малых городах, получивших медицинскую помощь в женских консультациях, расположенных в сельской местности, поселках городского типа и малых городах",2025.0,месяц,декабрь,2025-12-31,процент,37.54,07.04.2026,complete_year,True,
03,Республика Бурятия,БУР,Дальневосточный федеральный округ,23,3,True,Республика Бурятия,2.14.Я3.2,"Доля женщин, проживающих в сельской местности, поселках городского типа и малых городах, получивших медицинскую помощь в женских консультациях, расположенных в сельской местности, поселках городского типа и малых городах",data (30).xls,"Доля женщин, проживающих в сельской местности, поселках городского типа и малых городах, получивших медицинскую помощь в женских консультациях, расположенных в сельской местности, поселках городского типа и малых городах",2025.0,месяц,декабрь,2025-12-31,процент,67.29,07.04.2026,complete_year,True,
04,Республика Алтай,АЛР,Сибирский федеральный округ,19,6,True,Республика Алтай,2.14.Я3.2,"Доля женщин, проживающих в сельской местности, поселках городского типа и малых городах, получивших медицинскую помощь в женских консультациях, расположенных в сельской местности, поселках городского типа и малых городах",data (30).xls,"Доля женщин, проживающих в сельской местности, поселках городского типа и малых городах, получивших медицинскую помощь в женских консультациях, расположенных в сельской местности, поселках городского типа и малых городах",2025.0,месяц,декабрь,2025-12-31,процент,56.83,07.04.2026,complete_year,True,
05,Республика Дагестан,ДАГ,Северо-Кавказский федеральный округ,9,12,True,Республика Дагестан,2.14.Я3.2,"Доля женщин, проживающих в сельской местности, поселках городского типа и малых городах, получивших медицинскую помощь в женских консультациях, расположенных в сельской местности, поселках городского типа и малых городах",data (30).xls,"Доля женщин, проживающих в сельской местности, поселках городского типа и малых городах, получивших медицинскую помощь в женских консультациях, расположенных в сельской местности, поселках городского типа и малых городах",2025.0,месяц,декабрь,2025-12-31,процент,61.6,07.04.2026,complete_year,True,
06,Республика Ингушетия,ИНГ,Северо-Кавказский федеральный округ,7,12,True,Республика Ингушетия,2.14.Я3.2,"Доля женщин, проживающих в сельской местности, поселках городского типа и малых городах, получивших медицинскую помощь в женских консультациях, расположенных в сельской местности, поселках городского типа и малых городах",data (30).xls,"Доля женщин, проживающих в сельской местности, поселках городского типа и малых городах, получивших медицинскую помощь в женских консультациях, расположенных в сельской местности, поселках городского типа и малых городах",2025.0,месяц,декабрь,2025-12-31,процент,61.98,07.04.2026,complete_year,True,
07,Кабардино-Балкарская Республика,КБР,Северо-Кавказский федеральный округ,9,11,True,Кабардино-Балкарская Республика,2.14.Я3.2,"Доля женщин, проживающих в сельской местности, поселках городского типа и малых городах, получивших медицинскую помощь в женских консультациях, расположенных в сельской местности, поселках городского типа и малых городах",data (30).xls,"Доля женщин, проживающих в сельской местности, поселках городского типа и малых городах, получивших медицинскую помощь в женских консультациях, расположенных в сельской местности, поселках городского типа и малых городах",2025.0,месяц,декабрь,2025-12-31,процент,65.0,07.04.2026,complete_year,True,
08,Республика Калмыкия,КАЛ,Южный федеральный округ,6,8,True,Республика Калмыкия,2.14.Я3.2,"Доля женщин, проживающих в сельской местности, поселках городского типа и малых городах, получивших медицинскую помощь в женских консультациях, расположенных в сельской местности, поселках городского типа и малых городах",data (30).xls,"Доля женщин, проживающих в сельской местности, поселках городского типа и малых городах, получивших медицинскую помощь в женских консультациях, расположенных в сельской местности, поселках городского типа и малых городах",2025.0,месяц,декабрь,2025-12-31,процент,51.99,07.04.2026,complete_year,True,
09,Карачаево-Черкесская Республика,КЧР,Северо-Кавказский федеральный округ,8,11,True,Карачаево-Черкесская Республика,2.14.Я3.2,"Доля женщин, проживающих в сельской местности, поселках городского типа и малых городах, получивших медицинскую помощь в женских консультациях, расположенных в сельской местности, поселках городского типа и малых городах",data (30).xls,"Доля женщин, проживающих в сельской местности, поселках городского типа и малых городах, получивших медицинскую помощь в женских консультациях, расположенных в сельской местности, поселках городского типа и малых городах",2025.0,месяц,декабрь,2025-12-31,процент,48.26,07.04.2026,complete_year,True,
10,Республика Карелия,КАР,Северо-Западный федеральный округ,1,0,True,Республика Карелия,2.14.Я3.2,"Доля женщин, проживающих в сельской местности, поселках городского типа и малых городах, получивших медицинскую помощь в женских консультациях, расположенных в сельской местности, поселках городского типа и малых городах",data (30).xls,"Доля женщин, проживающих в сельской местности, поселках городского типа и малых городах, получивших медицинскую помощь в женских консультациях, расположенных в сельской местности, поселках городского типа и малых городах",2025.0,месяц,декабрь,2025-12-31,процент,47.2,07.04.2026,complete_year,True,
11,Республика Коми,КОМ,Северо-Западный федеральный округ,2,2,True,Республика Коми,2.14.Я3.2,"Доля женщин, проживающих в сельской местности, поселках городского типа и малых городах, получивших медицинскую помощь в женских консультациях, расположенных в сельской местности, поселках городского типа и малых городах",data (30).xls,"Доля женщин, проживающих в сельской местности, поселках городского типа и малых городах, получивших медицинскую помощь в женских консультациях, расположенных в сельской местности, поселках городского типа и малых городах",2025.0,месяц,декабрь,2025-12-31,процент,26.71,07.04.2026,complete_year,True,
12,Республика Марий Эл,МЭ,Приволжский федеральный округ,10,6,True,Республика Марий Эл,2.14.Я3.2,"Доля женщин, проживающих в сельской местности, поселках городского типа и малых городах, получивших медицинскую помощь в женских консультациях, расположенных в сельской местности, поселках городского типа и малых городах",data (30).xls,"Доля женщин, проживающих в сельской местности, поселках городского типа и малых городах, получивших медицинскую помощь в женских консультациях, расположенных в сельской местности, поселках городского типа и малых городах",2025.0,месяц,декабрь,2025-12-31,процент,34.0,07.04.2026,complete_year,True,
13,Республика Мордовия,МОР,Приволжский федеральный округ,12,6,True,Республика Мордовия,2.14.Я3.2,"Доля женщин, проживающих в сельской местности, поселках городского типа и малых городах, получивших медицинскую помощь в женских консультациях, расположенных в сельской местности, поселках городского типа и малых городах",data (30).xls,"Доля женщин, проживающих в сельской местности, поселках городского типа и малых городах, получивших медицинскую помощь в женских консультациях, расположенных в сельской местности, поселках городского типа и малых городах",2025.0,месяц,декабрь,2025-12-31,процент,59.44,07.04.2026,complete_year,True,
14,Республика Саха (Якутия),ЯКТ,Дальневосточный федеральный округ,22,2,True,Республика Саха (Якутия),2.14.Я3.2,"Доля женщин, проживающих в сельской местности, поселках городского типа и малых городах, получивших медицинскую помощь в женских консультациях, расположенных в сельской местности, поселках городского типа и малых городах",data (30).xls,"Доля женщин, проживающих в сельской местности, поселках городского типа и малых городах, получивших медицинскую помощь в женских консультациях, расположенных в сельской местности, поселках городского типа и малых городах",2025.0,месяц,декабрь,2025-12-31,процент,64.33,07.04.2026,complete_year,True,
15,Республика Северная Осетия - Алания,СОА,Северо-Кавказский федеральный округ,10,11,True,Республика Северная Осетия - Алания,2.14.Я3.2,"Доля женщин, проживающих в сельской местности, поселках городского типа и малых городах, получивших медицинскую помощь в женских консультациях, расположенных в сельской местности, поселках городского типа и малых городах",data (30).xls,"Доля женщин, проживающих в сельской местности, поселках городского типа и малых городах, получивших медицинскую помощь в женских консультациях, расположенных в сельской местности, поселках городского типа и малых городах",2025.0,месяц,декабрь,2025-12-31,процент,38.61,07.04.2026,complete_year,True,
16,Республика Татарстан,ТАТ,Приволжский федеральный округ,14,5,True,Республика Татарстан (Татарстан),2.14.Я3.2,"Доля женщин, проживающих в сельской местности, поселках городского типа и малых городах, получивших медицинскую помощь в женских консультациях, расположенных в сельской местности, поселках городского типа и малых городах",data (30).xls,"Доля женщин, проживающих в сельской местности, поселках городского типа и малых городах, получивших медицинскую помощь в женских консультациях, расположенных в сельской местности, поселках городского типа и малых городах",2025.0,месяц,декабрь,2025-12-31,процент,75.79,07.04.2026,complete_year,True,
17,Республика Тыва,ТЫВ,Сибирский федеральный округ,19,7,True,Республика Тыва,2.14.Я3.2,"Доля женщин, проживающих в сельской местности, поселках городского типа и малых городах, получивших медицинскую помощь в женских консультациях, расположенных в сельской местности, поселках городского типа и малых городах",data (30).xls,"Доля женщин, проживающих в сельской местности, поселках городского типа и малых городах, получивших медицинскую помощь в женских консультациях, расположенных в сельской местности, поселках городского типа и малых городах",2025.0,месяц,декабрь,2025-12-31,процент,20.2,07.04.2026,complete_year,True,
18,Удмуртская Республика,УДМ,Приволжский федеральный округ,13,5,True,Удмуртская Республика,2.14.Я3.2,"Доля женщин, проживающих в сельской местности, поселках городского типа и малых городах, получивших медицинскую помощь в женских консультациях, расположенных в сельской местности, поселках городского типа и малых городах",data (30).xls,"Доля женщин, проживающих в сельской местности, поселках городского типа и малых городах, получивших медицинскую помощь в женских консультациях, расположенных в сельской местности, поселках городского типа и малых городах",2025.0,месяц,декабрь,2025-12-31,процент,56.16,07.04.2026,complete_year,True,
19,Республика Хакасия,ХАК,Сибирский федеральный округ,20,6,True,Республика Хакасия,2.14.Я3.2,"Доля женщин, проживающих в сельской местности, поселках городского типа и малых городах, получивших медицинскую помощь в женских консультациях, расположенных в сельской местности, поселках городского типа и малых городах",data (30).xls,"Доля женщин, проживающих в сельской местности, поселках городского типа и малых городах, получивших медицинскую помощь в женских консультациях, расположенных в сельской местности, поселках городского типа и малых городах",2025.0,месяц,декабрь,2025-12-31,процент,50.02,07.04.2026,complete_year,True,
20,Чеченская Республика,ЧЕЧ,Северо-Кавказский федеральный округ,8,12,True,Чеченская Республика,2.14.Я3.2,"Доля женщин, проживающих в сельской местности, поселках городского типа и малых городах, получивших медицинскую помощь в женских консультациях, расположенных в сельской местности, поселках городского типа и малых городах",data (30).xls,"Доля женщин, проживающих в сельской местности, поселках городского типа и малых городах, получивших медицинскую помощь в женских консультациях, расположенных в сельской местности, поселках городского типа и малых городах",2025.0,месяц,декабрь,2025-12-31,процент,57.59,07.04.2026,complete_year,True,
21,Чувашская Республика - Чувашия,ЧУВ,Приволжский федеральный округ,11,6,True,Чувашская Республика - Чувашия,2.14.Я3.2,"Доля женщин, проживающих в сельской местности, поселках городского типа и малых городах, получивших медицинскую помощь в женских консультациях, расположенных в сельской местности, поселках городского типа и малых городах",data (30).xls,"Доля женщин, проживающих в сельской местности, поселках городского типа и малых городах, получивших медицинскую помощь в женских консультациях, расположенных в сельской местности, поселках городского типа и малых городах",2025.0,месяц,декабрь,2025-12-31,процент,58.14,07.04.2026,complete_year,True,
22,Алтайский край,АЛК,Сибирский федеральный округ,18,6,True,Алтайский край,2.14.Я3.2,"Доля женщин, проживающих в сельской местности, поселках городского типа и малых городах, получивших медицинскую помощь в женских консультациях, расположенных в сельской местности, поселках городского типа и малых городах",data (30).xls,"Доля женщин, проживающих в сельской местности, поселках городского типа и малых городах, получивших медицинскую помощь в женских консультациях, расположенных в сельской местности, поселках городского типа и малых городах",2025.0,месяц,декабрь,2025-12-31,процент,49.91,07.04.2026,complete_year,True,
23,Краснодарский край,КДР,Южный федеральный округ,3,9,True,Краснодарский край,2.14.Я3.2,"Доля женщин, проживающих в сельской местности, поселках городского типа и малых городах, получивших медицинскую помощь в женских консультациях, расположенных в сельской местности, поселках городского типа и малых городах",data (30).xls,"Доля женщин, проживающих в сельской местности, поселках городского типа и малых городах, получивших медицинскую помощь в женских консультациях, расположенных в сельской местности, поселках городского типа и малых городах",2025.0,месяц,декабрь,2025-12-31,процент,58.9,07.04.2026,complete_year,True,
24,Красноярский край,КРЯ,Сибирский федеральный округ,21,6,True,Красноярский край,2.14.Я3.2,"Доля женщин, проживающих в сельской местности, поселках городского типа и малых городах, получивших медицинскую помощь в женских консультациях, расположенных в сельской местности, поселках городского типа и малых городах",data (30).xls,"Доля женщин, проживающих в сельской местности, поселках городского типа и малых городах, получивших медицинскую помощь в женских консультациях, расположенных в сельской местности, поселках городского типа и малых городах",2025.0,месяц,декабрь,2025-12-31,процент,54.78,07.04.2026,complete_year,True,
25,Приморский край,ПРИ,Дальневосточный федеральный округ,23,4,True,Приморский край,2.14.Я3.2,"Доля женщин, проживающих в сельской местности, поселках городского типа и малых городах, получивших медицинскую помощь в женских консультациях, расположенных в сельской местности, поселках городского типа и малых городах",data (30).xls,"Доля женщин, проживающих в сельской местности, поселках городского типа и малых городах, получивших медицинскую помощь в женских консультациях, расположенных в сельской местности, поселках городского типа и малых городах",2025.0,месяц,декабрь,2025-12-31,процент,52.75,07.04.2026,complete_year,True,
26,Ставропольский край,СТА,Северо-Кавказский федеральный округ,7,11,True,Ставропольский край,2.14.Я3.2,"Доля женщин, проживающих в сельской местности, поселках городского типа и малых городах, получивших медицинскую помощь в женских консультациях, расположенных в сельской местности, поселках городского типа и малых городах",data (30).xls,"Доля женщин, проживающих в сельской местности, поселках городского типа и малых городах, получивших медицинскую помощь в женских консультациях, расположенных в сельской местности, поселках городского типа и малых городах",2025.0,месяц,декабрь,2025-12-31,процент,56.02,07.04.2026,complete_year,True,
27,Хабаровский край,ХАБ,Дальневосточный федеральный округ,22,4,True,Хабаровский край,2.14.Я3.2,"Доля женщин, проживающих в сельской местности, поселках городского типа и малых городах, получивших медицинскую помощь в женских консультациях, расположенных в сельской местности, поселках городского типа и малых городах",data (30).xls,"Доля женщин, проживающих в сельской местности, поселках городского типа и малых городах, получивших медицинскую помощь в женских консультациях, расположенных в сельской местности, поселках городского типа и малых городах",2025.0,месяц,декабрь,2025-12-31,процент,53.72,07.04.2026,complete_year,True,
28,Амурская область,АМУ,Дальневосточный федеральный округ,24,3,True,Амурская область,2.14.Я3.2,"Доля женщин, проживающих в сельской местности, поселках городского типа и малых городах, получивших медицинскую помощь в женских консультациях, расположенных в сельской местности, поселках городского типа и малых городах",data (30).xls,"Доля женщин, проживающих в сельской местности, поселках городского типа и малых городах, получивших медицинскую помощь в женских консультациях, расположенных в сельской местности, поселках городского типа и малых городах",2025.0,месяц,декабрь,2025-12-31,процент,53.5,07.04.2026,complete_year,True,
29,Архангельская область,АРХ,Северо-Западный федеральный округ,2,0,True,Архангельская область,2.14.Я3.2,"Доля женщин, проживающих в сельской местности, поселках городского типа и малых городах, получивших медицинскую помощь в женских консультациях, расположенных в сельской местности, поселках городского типа и малых городах",data (30).xls,"Доля женщин, проживающих в сельской местности, поселках городского типа и малых городах, получивших медицинскую помощь в женских консультациях, расположенных в сельской местности, поселках городского типа и малых городах",2025.0,месяц,декабрь,2025-12-31,процент,32.83,07.04.2026,complete_year,True,
30,Астраханская область,АСТ,Южный федеральный округ,5,8,True,Астраханская область,2.14.Я3.2,"Доля женщин, проживающих в сельской местности, поселках городского типа и малых городах, получивших медицинскую помощь в женских консультациях, расположенных в сельской местности, поселках городского типа и малых городах",data (30).xls,"Доля женщин, проживающих в сельской местности, поселках городского типа и малых городах, получивших медицинскую помощь в женских консультациях, расположенных в сельской местности, поселках городского типа и малых городах",2025.0,месяц,декабрь,2025-12-31,процент,53.02,07.04.2026,complete_year,True,
31,Белгородская область,БЕЛ,Центральный федеральный округ,8,5,True,Белгородская область,2.14.Я3.2,"Доля женщин, проживающих в сельской местности, поселках городского типа и малых городах, получивших медицинскую помощь в женских консультациях, расположенных в сельской местности, поселках городского типа и малых городах",data (30).xls,"Доля женщин, проживающих в сельской местности, поселках городского типа и малых городах, получивших медицинскую помощь в женских консультациях, расположенных в сельской местности, поселках городского типа и малых городах",2025.0,месяц,декабрь,2025-12-31,процент,75.03,07.04.2026,complete_year,True,
32,Брянская область,БРЯ,Центральный федеральный округ,8,4,True,Брянская область,2.14.Я3.2,"Доля женщин, проживающих в сельской местности, поселках городского типа и малых городах, получивших медицинскую помощь в женских консультациях, расположенных в сельской местности, поселках городского типа и малых городах",data (30).xls,"Доля женщин, проживающих в сельской местности, поселках городского типа и малых городах, получивших медицинскую помощь в женских консультациях, расположенных в сельской местности, поселках городского типа и малых городах",2025.0,месяц,декабрь,2025-12-31,процент,29.44,07.04.2026,complete_year,True,
33,Владимирская область,ВЛД,Центральный федеральный округ,6,4,True,Владимирская область,2.14.Я3.2,"Доля женщин, проживающих в сельской местности, поселках городского типа и малых городах, получивших медицинскую помощь в женских консультациях, расположенных в сельской местности, поселках городского типа и малых городах",data (30).xls,"Доля женщин, проживающих в сельской местности, поселках городского типа и малых городах, получивших медицинскую помощь в женских консультациях, расположенных в сельской местности, поселках городского типа и малых городах",2025.0,месяц,декабрь,2025-12-31,процент,46.41,07.04.2026,complete_year,True,
34,Волгоградская область,ВГГ,Южный федеральный округ,4,8,True,Волгоградская область,2.14.Я3.2,"Доля женщин, проживающих в сельской местности, поселках городского типа и малых городах, получивших медицинскую помощь в женских консультациях, расположенных в сельской местности, поселках городского типа и малых городах",data (30).xls,"Доля женщин, проживающих в сельской местности, поселках городского типа и малых городах, получивших медицинскую помощь в женских консультациях, расположенных в сельской местности, поселках городского типа и малых городах",2025.0,месяц,декабрь,2025-12-31,процент,23.21,07.04.2026,complete_year,True,
35,Вологодская область,ВОЛ,Северо-Западный федеральный округ,1,2,True,Вологодская область,2.14.Я3.2,"Доля женщин, проживающих в сельской местности, поселках городского типа и малых городах, получивших медицинскую помощь в женских консультациях, расположенных в сельской местности, поселках городского типа и малых городах",data (30).xls,"Доля женщин, проживающих в сельской местности, поселках городского типа и малых городах, получивших медицинскую помощь в женских консультациях, расположенных в сельской местности, поселках городского типа и малых городах",2025.0,месяц,декабрь,2025-12-31,процент,63.24,07.04.2026,complete_year,True,
36,Воронежская область,ВРН,Центральный федеральный округ,9,5,True,Воронежская область,2.14.Я3.2,"Доля женщин, проживающих в сельской местности, поселках городского типа и малых городах, получивших медицинскую помощь в женских консультациях, расположенных в сельской местности, поселках городского типа и малых городах",data (30).xls,"Доля женщин, проживающих в сельской местности, поселках городского типа и малых городах, получивших медицинскую помощь в женских консультациях, расположенных в сельской местности, поселках городского типа и малых городах",2025.0,месяц,декабрь,2025-12-31,процент,54.78,07.04.2026,complete_year,True,
37,Ивановская область,ИВН,Центральный федеральный округ,7,4,True,Ивановская область,2.14.Я3.2,"Доля женщин, проживающих в сельской местности, поселках городского типа и малых городах, получивших медицинскую помощь в женских консультациях, расположенных в сельской местности, поселках городского типа и малых городах",data (30).xls,"Доля женщин, проживающих в сельской местности, поселках городского типа и малых городах, получивших медицинскую помощь в женских консультациях, расположенных в сельской местности, поселках городского типа и малых городах",2025.0,месяц,декабрь,2025-12-31,процент,39.6,07.04.2026,complete_year,True,
38,Иркутская область,ИРК,Сибирский федеральный округ,18,7,True,Иркутская область,2.14.Я3.2,"Доля женщин, проживающих в сельской местности, поселках городского типа и малых городах, получивших медицинскую помощь в женских консультациях, расположенных в сельской местности, поселках городского типа и малых городах",data (30).xls,"Доля женщин, проживающих в сельской местности, поселках городского типа и малых городах, получивших медицинскую помощь в женских консультациях, расположенных в сельской местности, поселках городского типа и малых городах",2025.0,месяц,декабрь,2025-12-31,процент,36.67,07.04.2026,complete_year,True,
39,Калининградская область,КГД,Северо-Западный федеральный округ,0,1,True,Калининградская область,2.14.Я3.2,"Доля женщин, проживающих в сельской местности, поселках городского типа и малых городах, получивших медицинскую помощь в женских консультациях, расположенных в сельской местности, поселках городского типа и малых городах",data (30).xls,"Доля женщин, проживающих в сельской местности, поселках городского типа и малых городах, получивших медицинскую помощь в женских консультациях, расположенных в сельской местности, поселках городского типа и малых городах",2025.0,месяц,декабрь,2025-12-31,процент,65.64,07.04.2026,complete_year,True,
40,Калужская область,КЛЖ,Центральный федеральный округ,4,4,True,Калужская область,2.14.Я3.2,"Доля женщин, проживающих в сельской местности, поселках городского типа и малых городах, получивших медицинскую помощь в женских консультациях, расположенных в сельской местности, поселках городского типа и малых городах",data (30).xls,"Доля женщин, проживающих в сельской местности, поселках городского типа и малых городах, получивших медицинскую помощь в женских консультациях, расположенных в сельской местности, поселках городского типа и малых городах",2025.0,месяц,декабрь,2025-12-31,процент,51.44,07.04.2026,complete_year,True,
41,Камчатский край,КАМ,Дальневосточный федеральный округ,24,2,True,Камчатский край,2.14.Я3.2,"Доля женщин, проживающих в сельской местности, поселках городского типа и малых городах, получивших медицинскую помощь в женских консультациях, расположенных в сельской местности, поселках городского типа и малых городах",data (30).xls,"Доля женщин, проживающих в сельской местности, поселках городского типа и малых городах, получивших медицинскую помощь в женских консультациях, расположенных в сельской местности, поселках городского типа и малых городах",2025.0,месяц,декабрь,2025-12-31,процент,97.68,07.04.2026,complete_year,True,
42,Кемеровская область - Кузбасс,КЕМ,Сибирский федеральный округ,21,5,True,Кемеровская область - Кузбасс,2.14.Я3.2,"Доля женщин, проживающих в сельской местности, поселках городского типа и малых городах, получивших медицинскую помощь в женских консультациях, расположенных в сельской местности, поселках городского типа и малых городах",data (30).xls,"Доля женщин, проживающих в сельской местности, поселках городского типа и малых городах, получивших медицинскую помощь в женских консультациях, расположенных в сельской местности, поселках городского типа и малых городах",2025.0,месяц,декабрь,2025-12-31,процент,53.22,07.04.2026,complete_year,True,
43,Кировская область,КИР,Приволжский федеральный округ,11,5,True,Кировская область,2.14.Я3.2,"Доля женщин, проживающих в сельской местности, поселках городского типа и малых городах, получивших медицинскую помощь в женских консультациях, расположенных в сельской местности, поселках городского типа и малых городах",data (30).xls,"Доля женщин, проживающих в сельской местности, поселках городского типа и малых городах, получивших медицинскую помощь в женских консультациях, расположенных в сельской местности, поселках городского типа и малых городах",2025.0,месяц,декабрь,2025-12-31,процент,54.83,07.04.2026,complete_year,True,
44,Костромская область,КОС,Центральный федеральный округ,6,3,True,Костромская область,2.14.Я3.2,"Доля женщин, проживающих в сельской местности, поселках городского типа и малых городах, получивших медицинскую помощь в женских консультациях, расположенных в сельской местности, поселках городского типа и малых городах",data (30).xls,"Доля женщин, проживающих в сельской местности, поселках городского типа и малых городах, получивших медицинскую помощь в женских консультациях, расположенных в сельской местности, поселках городского типа и малых городах",2025.0,месяц,декабрь,2025-12-31,процент,52.71,07.04.2026,complete_year,True,
45,Курганская область,КУРГ,Уральский федеральный округ,15,6,True,Курганская область,2.14.Я3.2,"Доля женщин, проживающих в сельской местности, поселках городского типа и малых городах, получивших медицинскую помощь в женских консультациях, расположенных в сельской местности, поселках городского типа и малых городах",data (30).xls,"Доля женщин, проживающих в сельской местности, поселках городского типа и малых городах, получивших медицинскую помощь в женских консультациях, расположенных в сельской местности, поселках городского типа и малых городах",2025.0,месяц,декабрь,2025-12-31,процент,60.46,07.04.2026,complete_year,True,
46,Курская область,КУР,Центральный федеральный округ,5,5,True,Курская область,2.14.Я3.2,"Доля женщин, проживающих в сельской местности, поселках городского типа и малых городах, получивших медицинскую помощь в женских консультациях, расположенных в сельской местности, поселках городского типа и малых городах",data (30).xls,"Доля женщин, проживающих в сельской местности, поселках городского типа и малых городах, получивших медицинскую помощь в женских консультациях, расположенных в сельской местности, поселках городского типа и малых городах",2025.0,месяц,декабрь,2025-12-31,процент,21.87,07.04.2026,complete_year,True,
47,Ленинградская область,ЛЕН,Северо-Западный федеральный округ,2,1,True,Ленинградская область,2.14.Я3.2,"Доля женщин, проживающих в сельской местности, поселках городского типа и малых городах, получивших медицинскую помощь в женских консультациях, расположенных в сельской местности, поселках городского типа и малых городах",data (30).xls,"Доля женщин, проживающих в сельской местности, поселках городского типа и малых городах, получивших медицинскую помощь в женских консультациях, расположенных в сельской местности, поселках городского типа и малых городах",2025.0,месяц,декабрь,2025-12-31,процент,72.28,07.04.2026,complete_year,True,
48,Липецкая область,ЛИП,Центральный федеральный округ,6,5,True,Липецкая область,2.14.Я3.2,"Доля женщин, проживающих в сельской местности, поселках городского типа и малых городах, получивших медицинскую помощь в женских консультациях, расположенных в сельской местности, поселках городского типа и малых городах",data (30).xls,"Доля женщин, проживающих в сельской местности, поселках городского типа и малых городах, получивших медицинскую помощь в женских консультациях, расположенных в сельской местности, поселках городского типа и малых городах",2025.0,месяц,декабрь,2025-12-31,процент,44.61,07.04.2026,complete_year,True,
49,Магаданская область,МАГ,Дальневосточный федеральный округ,25,2,True,Магаданская область,2.14.Я3.2,"Доля женщин, проживающих в сельской местности, поселках городского типа и малых городах, получивших медицинскую помощь в женских консультациях, расположенных в сельской местности, поселках городского типа и малых городах",data (30).xls,"Доля женщин, проживающих в сельской местности, поселках городского типа и малых городах, получивших медицинскую помощь в женских консультациях, расположенных в сельской местности, поселках городского типа и малых городах",2025.0,месяц,декабрь,2025-12-31,процент,0.0,07.04.2026,complete_year,True,
50,Московская область,МОСО,Центральный федеральный округ,8,3,True,Московская область,2.14.Я3.2,"Доля женщин, проживающих в сельской местности, поселках городского типа и малых городах, получивших медицинскую помощь в женских консультациях, расположенных в сельской местности, поселках городского типа и малых городах",data (30).xls,"Доля женщин, проживающих в сельской местности, поселках городского типа и малых городах, получивших медицинскую помощь в женских консультациях, расположенных в сельской местности, поселках городского типа и малых городах",2025.0,месяц,декабрь,2025-12-31,процент,72.48,07.04.2026,complete_year,True,
51,Мурманская область,МУР,Северо-Западный федеральный округ,0,0,True,Мурманская область,2.14.Я3.2,"Доля женщин, проживающих в сельской местности, поселках городского типа и малых городах, получивших медицинскую помощь в женских консультациях, расположенных в сельской местности, поселках городского типа и малых городах",data (30).xls,"Доля женщин, проживающих в сельской местности, поселках городского типа и малых городах, получивших медицинскую помощь в женских консультациях, расположенных в сельской местности, поселках городского типа и малых городах",2025.0,месяц,декабрь,2025-12-31,процент,40.51,07.04.2026,complete_year,True,
52,Нижегородская область,НИЖ,Приволжский федеральный округ,10,5,True,Нижегородская область,2.14.Я3.2,"Доля женщин, проживающих в сельской местности, поселках городского типа и малых городах, получивших медицинскую помощь в женских консультациях, расположенных в сельской местности, поселках городского типа и малых городах",data (30).xls,"Доля женщин, проживающих в сельской местности, поселках городского типа и малых городах, получивших медицинскую помощь в женских консультациях, расположенных в сельской местности, поселках городского типа и малых городах",2025.0,месяц,декабрь,2025-12-31,процент,48.2,07.04.2026,complete_year,True,
53,Новгородская область,НВГ,Северо-Западный федеральный округ,3,1,True,Новгородская область,2.14.Я3.2,"Доля женщин, проживающих в сельской местности, поселках городского типа и малых городах, получивших медицинскую помощь в женских консультациях, расположенных в сельской местности, поселках городского типа и малых городах",data (30).xls,"Доля женщин, проживающих в сельской местности, поселках городского типа и малых городах, получивших медицинскую помощь в женских консультациях, расположенных в сельской местности, поселках городского типа и малых городах",2025.0,месяц,декабрь,2025-12-31,процент,31.35,07.04.2026,complete_year,True,
54,Новосибирская область,НСО,Сибирский федеральный округ,19,5,True,Новосибирская область,2.14.Я3.2,"Доля женщин, проживающих в сельской местности, поселках городского типа и малых городах, получивших медицинскую помощь в женских консультациях, расположенных в сельской местности, поселках городского типа и малых городах",data (30).xls,"Доля женщин, проживающих в сельской местности, поселках городского типа и малых городах, получивших медицинскую помощь в женских консультациях, расположенных в сельской местности, поселках городского типа и малых городах",2025.0,месяц,декабрь,2025-12-31,процент,64.9,07.04.2026,complete_year,True,
55,Омская область,ОМС,Сибирский федеральный округ,18,5,True,Омская область,2.14.Я3.2,"Доля женщин, проживающих в сельской местности, поселках городского типа и малых городах, получивших медицинскую помощь в женских консультациях, расположенных в сельской местности, поселках городского типа и малых городах",data (30).xls,"Доля женщин, проживающих в сельской местности, поселках городского типа и малых городах, получивших медицинскую помощь в женских консультациях, расположенных в сельской местности, поселках городского типа и малых городах",2025.0,месяц,декабрь,2025-12-31,процент,58.64,07.04.2026,complete_year,True,
56,Оренбургская область,ОРЕ,Приволжский федеральный округ,12,7,True,Оренбургская область,2.14.Я3.2,"Доля женщин, проживающих в сельской местности, поселках городского типа и малых городах, получивших медицинскую помощь в женских консультациях, расположенных в сельской местности, поселках городского типа и малых городах",data (30).xls,"Доля женщин, проживающих в сельской местности, поселках городского типа и малых городах, получивших медицинскую помощь в женских консультациях, расположенных в сельской местности, поселках городского типа и малых городах",2025.0,месяц,декабрь,2025-12-31,процент,56.4,07.04.2026,complete_year,True,
57,Орловская область,ОРЛ,Центральный федеральный округ,9,4,True,Орловская область,2.14.Я3.2,"Доля женщин, проживающих в сельской местности, поселках городского типа и малых городах, получивших медицинскую помощь в женских консультациях, расположенных в сельской местности, поселках городского типа и малых городах",data (30).xls,"Доля женщин, проживающих в сельской местности, поселках городского типа и малых городах, получивших медицинскую помощь в женских консультациях, расположенных в сельской местности, поселках городского типа и малых городах",2025.0,месяц,декабрь,2025-12-31,процент,51.09,07.04.2026,complete_year,True,
58,Пензенская область,ПЕН,Приволжский федеральный округ,13,6,True,Пензенская область,2.14.Я3.2,"Доля женщин, проживающих в сельской местности, поселках городского типа и малых городах, получивших медицинскую помощь в женских консультациях, расположенных в сельской местности, поселках городского типа и малых городах",data (30).xls,"Доля женщин, проживающих в сельской местности, поселках городского типа и малых городах, получивших медицинскую помощь в женских консультациях, расположенных в сельской местности, поселках городского типа и малых городах",2025.0,месяц,декабрь,2025-12-31,процент,34.12,07.04.2026,complete_year,True,
59,Пермский край,ПЕР,Приволжский федеральный округ,12,5,True,Пермский край,2.14.Я3.2,"Доля женщин, проживающих в сельской местности, поселках городского типа и малых городах, получивших медицинскую помощь в женских консультациях, расположенных в сельской местности, поселках городского типа и малых городах",data (30).xls,"Доля женщин, проживающих в сельской местности, поселках городского типа и малых городах, получивших медицинскую помощь в женских консультациях, расположенных в сельской местности, поселках городского типа и малых городах",2025.0,месяц,декабрь,2025-12-31,процент,78.77,07.04.2026,complete_year,True,
60,Псковская область,ПСК,Северо-Западный федеральный округ,0,2,True,Псковская область,2.14.Я3.2,"Доля женщин, проживающих в сельской местности, поселках городского типа и малых городах, получивших медицинскую помощь в женских консультациях, расположенных в сельской местности, поселках городского типа и малых городах",data (30).xls,"Доля женщин, проживающих в сельской местности, поселках городского типа и малых городах, получивших медицинскую помощь в женских консультациях, расположенных в сельской местности, поселках городского типа и малых городах",2025.0,месяц,декабрь,2025-12-31,процент,11.93,07.04.2026,complete_year,True,
61,Ростовская область,РОС,Южный федеральный округ,3,8,True,Ростовская область,2.14.Я3.2,"Доля женщин, проживающих в сельской местности, поселках городского типа и малых городах, получивших медицинскую помощь в женских консультациях, расположенных в сельской местности, поселках городского типа и малых городах",data (30).xls,"Доля женщин, проживающих в сельской местности, поселках городского типа и малых городах, получивших медицинскую помощь в женских консультациях, расположенных в сельской местности, поселках городского типа и малых городах",2025.0,месяц,декабрь,2025-12-31,процент,48.71,07.04.2026,complete_year,True,
62,Рязанская область,РЯЗ,Центральный федеральный округ,4,5,True,Рязанская область,2.14.Я3.2,"Доля женщин, проживающих в сельской местности, поселках городского типа и малых городах, получивших медицинскую помощь в женских консультациях, расположенных в сельской местности, поселках городского типа и малых городах",data (30).xls,"Доля женщин, проживающих в сельской местности, поселках городского типа и малых городах, получивших медицинскую помощь в женских консультациях, расположенных в сельской местности, поселках городского типа и малых городах",2025.0,месяц,декабрь,2025-12-31,процент,53.99,07.04.2026,complete_year,True,
63,Самарская область,САМ,Приволжский федеральный округ,10,7,True,Самарская область,2.14.Я3.2,"Доля женщин, проживающих в сельской местности, поселках городского типа и малых городах, получивших медицинскую помощь в женских консультациях, расположенных в сельской местности, поселках городского типа и малых городах",data (30).xls,"Доля женщин, проживающих в сельской местности, поселках городского типа и малых городах, получивших медицинскую помощь в женских консультациях, расположенных в сельской местности, поселках городского типа и малых городах",2025.0,месяц,декабрь,2025-12-31,процент,79.09,07.04.2026,complete_year,True,
64,Саратовская область,САР,Приволжский федеральный округ,11,7,True,Саратовская область,2.14.Я3.2,"Доля женщин, проживающих в сельской местности, поселках городского типа и малых городах, получивших медицинскую помощь в женских консультациях, расположенных в сельской местности, поселках городского типа и малых городах",data (30).xls,"Доля женщин, проживающих в сельской местности, поселках городского типа и малых городах, получивших медицинскую помощь в женских консультациях, расположенных в сельской местности, поселках городского типа и малых городах",2025.0,месяц,декабрь,2025-12-31,процент,65.88,07.04.2026,complete_year,True,
65,Сахалинская область,САХ,Дальневосточный федеральный округ,24,4,True,Сахалинская область,2.14.Я3.2,"Доля женщин, проживающих в сельской местности, поселках городского типа и малых городах, получивших медицинскую помощь в женских консультациях, расположенных в сельской местности, поселках городского типа и малых городах",data (30).xls,"Доля женщин, проживающих в сельской местности, поселках городского типа и малых городах, получивших медицинскую помощь в женских консультациях, расположенных в сельской местности, поселках городского типа и малых городах",2025.0,месяц,декабрь,2025-12-31,процент,82.47,07.04.2026,complete_year,True,
66,Свердловская область,СВР,Уральский федеральный округ,15,5,True,Свердловская область,2.14.Я3.2,"Доля женщин, проживающих в сельской местности, поселках городского типа и малых городах, получивших медицинскую помощь в женских консультациях, расположенных в сельской местности, поселках городского типа и малых городах",data (30).xls,"Доля женщин, проживающих в сельской местности, поселках городского типа и малых городах, получивших медицинскую помощь в женских консультациях, расположенных в сельской местности, поселках городского типа и малых городах",2025.0,месяц,декабрь,2025-12-31,процент,61.57,07.04.2026,complete_year,True,
67,Смоленская область,СМЛ,Центральный федеральный округ,7,3,True,Смоленская область,2.14.Я3.2,"Доля женщин, проживающих в сельской местности, поселках городского типа и малых городах, получивших медицинскую помощь в женских консультациях, расположенных в сельской местности, поселках городского типа и малых городах",data (30).xls,"Доля женщин, проживающих в сельской местности, поселках городского типа и малых городах, получивших медицинскую помощь в женских консультациях, расположенных в сельской местности, поселках городского типа и малых городах",2025.0,месяц,декабрь,2025-12-31,процент,41.13,07.04.2026,complete_year,True,
68,Тамбовская область,ТАМ,Центральный федеральный округ,7,5,True,Тамбовская область,2.14.Я3.2,"Доля женщин, проживающих в сельской местности, поселках городского типа и малых городах, получивших медицинскую помощь в женских консультациях, расположенных в сельской местности, поселках городского типа и малых городах",data (30).xls,"Доля женщин, проживающих в сельской местности, поселках городского типа и малых городах, получивших медицинскую помощь в женских консультациях, расположенных в сельской местности, поселках городского типа и малых городах",2025.0,месяц,декабрь,2025-12-31,процент,55.92,07.04.2026,complete_year,True,
69,Тверская область,ТВЕ,Центральный федеральный округ,4,3,True,Тверская область,2.14.Я3.2,"Доля женщин, проживающих в сельской местности, поселках городского типа и малых городах, получивших медицинскую помощь в женских консультациях, расположенных в сельской местности, поселках городского типа и малых городах",data (30).xls,"Доля женщин, проживающих в сельской местности, поселках городского типа и малых городах, получивших медицинскую помощь в женских консультациях, расположенных в сельской местности, поселках городского типа и малых городах",2025.0,месяц,декабрь,2025-12-31,процент,43.18,07.04.2026,complete_year,True,
70,Томская область,ТОМ,Сибирский федеральный округ,20,5,True,Томская область,2.14.Я3.2,"Доля женщин, проживающих в сельской местности, поселках городского типа и малых городах, получивших медицинскую помощь в женских консультациях, расположенных в сельской местности, поселках городского типа и малых городах",data (30).xls,"Доля женщин, проживающих в сельской местности, поселках городского типа и малых городах, получивших медицинскую помощь в женских консультациях, расположенных в сельской местности, поселках городского типа и малых городах",2025.0,месяц,декабрь,2025-12-31,процент,67.7,07.04.2026,complete_year,True,
71,Тульская область,ТУЛ,Центральный федеральный округ,5,4,True,Тульская область,2.14.Я3.2,"Доля женщин, проживающих в сельской местности, поселках городского типа и малых городах, получивших медицинскую помощь в женских консультациях, расположенных в сельской местности, поселках городского типа и малых городах",data (30).xls,"Доля женщин, проживающих в сельской местности, поселках городского типа и малых городах, получивших медицинскую помощь в женских консультациях, расположенных в сельской местности, поселках городского типа и малых городах",2025.0,месяц,декабрь,2025-12-31,процент,45.65,07.04.2026,complete_year,True,
72,Тюменская область,ТЮМ,Уральский федеральный округ,16,6,True,Тюменская область,2.14.Я3.2,"Доля женщин, проживающих в сельской местности, поселках городского типа и малых городах, получивших медицинскую помощь в женских консультациях, расположенных в сельской местности, поселках городского типа и малых городах",data (30).xls,"Доля женщин, проживающих в сельской местности, поселках городского типа и малых городах, получивших медицинскую помощь в женских консультациях, расположенных в сельской местности, поселках городского типа и малых городах",2025.0,месяц,декабрь,2025-12-31,процент,44.62,07.04.2026,complete_year,True,
73,Ульяновская область,УЛЬ,Приволжский федеральный округ,14,6,True,Ульяновская область,2.14.Я3.2,"Доля женщин, проживающих в сельской местности, поселках городского типа и малых городах, получивших медицинскую помощь в женских консультациях, расположенных в сельской местности, поселках городского типа и малых городах",data (30).xls,"Доля женщин, проживающих в сельской местности, поселках городского типа и малых городах, получивших медицинскую помощь в женских консультациях, расположенных в сельской местности, поселках городского типа и малых городах",2025.0,месяц,декабрь,2025-12-31,процент,55.23,07.04.2026,complete_year,True,
74,Челябинская область,ЧЕЛ,Уральский федеральный округ,17,6,True,Челябинская область,2.14.Я3.2,"Доля женщин, проживающих в сельской местности, поселках городского типа и малых городах, получивших медицинскую помощь в женских консультациях, расположенных в сельской местности, поселках городского типа и малых городах",data (30).xls,"Доля женщин, проживающих в сельской местности, поселках городского типа и малых городах, получивших медицинскую помощь в женских консультациях, расположенных в сельской местности, поселках городского типа и малых городах",2025.0,месяц,декабрь,2025-12-31,процент,59.74,07.04.2026,complete_year,True,
75,Забайкальский край,ЗАБ,Дальневосточный федеральный округ,22,3,True,Забайкальский край,2.14.Я3.2,"Доля женщин, проживающих в сельской местности, поселках городского типа и малых городах, получивших медицинскую помощь в женских консультациях, расположенных в сельской местности, поселках городского типа и малых городах",data (30).xls,"Доля женщин, проживающих в сельской местности, поселках городского типа и малых городах, получивших медицинскую помощь в женских консультациях, расположенных в сельской местности, поселках городского типа и малых городах",2025.0,месяц,декабрь,2025-12-31,процент,42.45,07.04.2026,complete_year,True,
76,Ярославская область,ЯРС,Центральный федеральный округ,5,3,True,Ярославская область,2.14.Я3.2,"Доля женщин, проживающих в сельской местности, поселках городского типа и малых городах, получивших медицинскую помощь в женских консультациях, расположенных в сельской местности, поселках городского типа и малых городах",data (30).xls,"Доля женщин, проживающих в сельской местности, поселках городского типа и малых городах, получивших медицинскую помощь в женских консультациях, расположенных в сельской местности, поселках городского типа и малых городах",2025.0,месяц,декабрь,2025-12-31,процент,42.3,07.04.2026,complete_year,True,
77,Москва,МСК,Центральный федеральный округ,9,3,True,Город Москва столица Российской Федерации город федерального значения,2.14.Я3.2,"Доля женщин, проживающих в сельской местности, поселках городского типа и малых городах, получивших медицинскую помощь в женских консультациях, расположенных в сельской местности, поселках городского типа и малых городах",data (30).xls,"Доля женщин, проживающих в сельской местности, поселках городского типа и малых городах, получивших медицинскую помощь в женских консультациях, расположенных в сельской местности, поселках городского типа и малых городах",2025.0,месяц,декабрь,2025-12-31,процент,0.0,07.04.2026,complete_year,True,
78,Санкт-Петербург,СПБ,Северо-Западный федеральный округ,1,1,True,Город Санкт-Петербург город федерального значения,2.14.Я3.2,"Доля женщин, проживающих в сельской местности, поселках городского типа и малых городах, получивших медицинскую помощь в женских консультациях, расположенных в сельской местности, поселках городского типа и малых городах",data (30).xls,"Доля женщин, проживающих в сельской местности, поселках городского типа и малых городах, получивших медицинскую помощь в женских консультациях, расположенных в сельской местности, поселках городского типа и малых городах",2025.0,месяц,декабрь,2025-12-31,процент,0.0,07.04.2026,complete_year,True,
79,Еврейская автономная область,ЕАО,Дальневосточный федеральный округ,25,3,True,Еврейская автономная область,2.14.Я3.2,"Доля женщин, проживающих в сельской местности, поселках городского типа и малых городах, получивших медицинскую помощь в женских консультациях, расположенных в сельской местности, поселках городского типа и малых городах",data (30).xls,"Доля женщин, проживающих в сельской местности, поселках городского типа и малых городах, получивших медицинскую помощь в женских консультациях, расположенных в сельской местности, поселках городского типа и малых городах",2025.0,месяц,декабрь,2025-12-31,процент,47.16,07.04.2026,complete_year,True,
83,Ненецкий автономный округ,НАО,Северо-Западный федеральный округ,3,0,True,Ненецкий автономный округ,2.14.Я3.2,"Доля женщин, проживающих в сельской местности, поселках городского типа и малых городах, получивших медицинскую помощь в женских консультациях, расположенных в сельской местности, поселках городского типа и малых городах",data (30).xls,"Доля женщин, проживающих в сельской местности, поселках городского типа и малых городах, получивших медицинскую помощь в женских консультациях, расположенных в сельской местности, поселках городского типа и малых городах",2025.0,месяц,декабрь,2025-12-31,процент,61.34,07.04.2026,complete_year,True,
86,Ханты-Мансийский автономный округ - Югра,ХМАО,Уральский федеральный округ,16,5,True,Ханты-Мансийский автономный округ - Югра,2.14.Я3.2,"Доля женщин, проживающих в сельской местности, поселках городского типа и малых городах, получивших медицинскую помощь в женских консультациях, расположенных в сельской местности, поселках городского типа и малых городах",data (30).xls,"Доля женщин, проживающих в сельской местности, поселках городского типа и малых городах, получивших медицинскую помощь в женских консультациях, расположенных в сельской местности, поселках городского типа и малых городах",2025.0,месяц,декабрь,2025-12-31,процент,58.69,07.04.2026,complete_year,True,
87,Чукотский автономный округ,ЧУК,Дальневосточный федеральный округ,23,2,True,Чукотский автономный округ,2.14.Я3.2,"Доля женщин, проживающих в сельской местности, поселках городского типа и малых городах, получивших медицинскую помощь в женских консультациях, расположенных в сельской местности, поселках городского типа и малых городах",data (30).xls,"Доля женщин, проживающих в сельской местности, поселках городского типа и малых городах, получивших медицинскую помощь в женских консультациях, расположенных в сельской местности, поселках городского типа и малых городах",2025.0,месяц,декабрь,2025-12-31,процент,80.28,07.04.2026,complete_year,True,
89,Ямало-Ненецкий автономный округ,ЯНАО,Уральский федеральный округ,17,5,True,Ямало-Ненецкий автономный округ,2.14.Я3.2,"Доля женщин, проживающих в сельской местности, поселках городского типа и малых городах, получивших медицинскую помощь в женских консультациях, расположенных в сельской местности, поселках городского типа и малых городах",data (30).xls,"Доля женщин, проживающих в сельской местности, поселках городского типа и малых городах, получивших медицинскую помощь в женских консультациях, расположенных в сельской местности, поселках городского типа и малых городах",2025.0,месяц,декабрь,2025-12-31,процент,62.58,07.04.2026,complete_year,True,
90,Запорожская область,ЗАП,Новые регионы / Южный макрорегион,9,9,True,,,,,,,,,,,,,complete_year,False,Нет данных в переданной выгрузке ЕМИСС для выбранного периода/показателя
91,Республика Крым,КРЫ,Южный федеральный округ,5,9,True,Республика Крым,2.14.Я3.2,"Доля женщин, проживающих в сельской местности, поселках городского типа и малых городах, получивших медицинскую помощь в женских консультациях, расположенных в сельской местности, поселках городского типа и малых городах",data (30).xls,"Доля женщин, проживающих в сельской местности, поселках городского типа и малых городах, получивших медицинскую помощь в женских консультациях, расположенных в сельской местности, поселках городского типа и малых городах",2025.0,месяц,декабрь,2025-12-31,процент,62.38,07.04.2026,complete_year,True,
92,Севастополь,СЕВ,Южный федеральный округ,6,9,True,Город федерального значения Севастополь,2.14.Я3.2,"Доля женщин, проживающих в сельской местности, поселках городского типа и малых городах, получивших медицинскую помощь в женских консультациях, расположенных в сельской местности, поселках городского типа и малых городах",data (30).xls,"Доля женщин, проживающих в сельской местности, поселках городского типа и малых городах, получивших медицинскую помощь в женских консультациях, расположенных в сельской местности, поселках городского типа и малых городах",2025.0,месяц,декабрь,2025-12-31,процент,0.0,07.04.2026,complete_year,True,
93,Донецкая Народная Республика,ДНР,Новые регионы / Южный макрорегион,7,9,True,,,,,,,,,,,,,complete_year,False,Нет данных в переданной выгрузке ЕМИСС для выбранного периода/показателя
94,Луганская Народная Республика,ЛНР,Новые регионы / Южный макрорегион,8,9,True,,,,,,,,,,,,,complete_year,False,Нет данных в переданной выгрузке ЕМИСС для выбранного периода/показателя
95,Херсонская область,ХЕР,Новые регионы / Южный макрорегион,10,9,True,,,,,,,,,,,,,complete_year,False,Нет данных в переданной выгрузке ЕМИСС для выбранного периода/показателя
01,Республика Адыгея,АД,Южный федеральный округ,4,9,True,Республика Адыгея (Адыгея),2.14.Я3.3,Младенческая смертность,data (31).xls,Младенческая смертность (на 1 тыс. родившихся живыми),2024.0,год,значение показателя за год,2024-12-31,"промилле (0,1 процента)",2.5,01.09.2025,complete_year,True,
02,Республика Башкортостан,БА,Приволжский федеральный округ,13,7,True,Республика Башкортостан,2.14.Я3.3,Младенческая смертность,data (31).xls,Младенческая смертность (на 1 тыс. родившихся живыми),2024.0,год,значение показателя за год,2024-12-31,"промилле (0,1 процента)",3.8,01.09.2025,complete_year,True,
03,Республика Бурятия,БУР,Дальневосточный федеральный округ,23,3,True,Республика Бурятия,2.14.Я3.3,Младенческая смертность,data (31).xls,Младенческая смертность (на 1 тыс. родившихся живыми),2024.0,год,значение показателя за год,2024-12-31,"промилле (0,1 процента)",3.3,01.09.2025,complete_year,True,
04,Республика Алтай,АЛР,Сибирский федеральный округ,19,6,True,Республика Алтай,2.14.Я3.3,Младенческая смертность,data (31).xls,Младенческая смертность (на 1 тыс. родившихся живыми),2024.0,год,значение показателя за год,2024-12-31,"промилле (0,1 процента)",4.9,01.09.2025,complete_year,True,
05,Республика Дагестан,ДАГ,Северо-Кавказский федеральный округ,9,12,True,Республика Дагестан,2.14.Я3.3,Младенческая смертность,data (31).xls,Младенческая смертность (на 1 тыс. родившихся живыми),2024.0,год,значение показателя за год,2024-12-31,"промилле (0,1 процента)",6.5,01.09.2025,complete_year,True,
06,Республика Ингушетия,ИНГ,Северо-Кавказский федеральный округ,7,12,True,Республика Ингушетия,2.14.Я3.3,Младенческая смертность,data (31).xls,Младенческая смертность (на 1 тыс. родившихся живыми),2024.0,год,значение показателя за год,2024-12-31,"промилле (0,1 процента)",5.1,01.09.2025,complete_year,True,
07,Кабардино-Балкарская Республика,КБР,Северо-Кавказский федеральный округ,9,11,True,Кабардино-Балкарская Республика,2.14.Я3.3,Младенческая смертность,data (31).xls,Младенческая смертность (на 1 тыс. родившихся живыми),2024.0,год,значение показателя за год,2024-12-31,"промилле (0,1 процента)",3.7,01.09.2025,complete_year,True,
08,Республика Калмыкия,КАЛ,Южный федеральный округ,6,8,True,Республика Калмыкия,2.14.Я3.3,Младенческая смертность,data (31).xls,Младенческая смертность (на 1 тыс. родившихся живыми),2024.0,год,значение показателя за год,2024-12-31,"промилле (0,1 процента)",4.6,01.09.2025,complete_year,True,
09,Карачаево-Черкесская Республика,КЧР,Северо-Кавказский федеральный округ,8,11,True,Карачаево-Черкесская Республика,2.14.Я3.3,Младенческая смертность,data (31).xls,Младенческая смертность (на 1 тыс. родившихся живыми),2024.0,год,значение показателя за год,2024-12-31,"промилле (0,1 процента)",3.4,01.09.2025,complete_year,True,
10,Республика Карелия,КАР,Северо-Западный федеральный округ,1,0,True,Республика Карелия,2.14.Я3.3,Младенческая смертность,data (31).xls,Младенческая смертность (на 1 тыс. родившихся живыми),2024.0,год,значение показателя за год,2024-12-31,"промилле (0,1 процента)",4.2,01.09.2025,complete_year,True,
11,Республика Коми,КОМ,Северо-Западный федеральный округ,2,2,True,Республика Коми,2.14.Я3.3,Младенческая смертность,data (31).xls,Младенческая смертность (на 1 тыс. родившихся живыми),2024.0,год,значение показателя за год,2024-12-31,"промилле (0,1 процента)",3.8,01.09.2025,complete_year,True,
12,Республика Марий Эл,МЭ,Приволжский федеральный округ,10,6,True,Республика Марий Эл,2.14.Я3.3,Младенческая смертность,data (31).xls,Младенческая смертность (на 1 тыс. родившихся живыми),2024.0,год,значение показателя за год,2024-12-31,"промилле (0,1 процента)",4.9,01.09.2025,complete_year,True,
13,Республика Мордовия,МОР,Приволжский федеральный округ,12,6,True,Республика Мордовия,2.14.Я3.3,Младенческая смертность,data (31).xls,Младенческая смертность (на 1 тыс. родившихся живыми),2024.0,год,значение показателя за год,2024-12-31,"промилле (0,1 процента)",1.6,01.09.2025,complete_year,True,
14,Республика Саха (Якутия),ЯКТ,Дальневосточный федеральный округ,22,2,True,Республика Саха (Якутия),2.14.Я3.3,Младенческая смертность,data (31).xls,Младенческая смертность (на 1 тыс. родившихся живыми),2024.0,год,значение показателя за год,2024-12-31,"промилле (0,1 процента)",3.4,01.09.2025,complete_year,True,
15,Республика Северная Осетия - Алания,СОА,Северо-Кавказский федеральный округ,10,11,True,Республика Северная Осетия-Алания,2.14.Я3.3,Младенческая смертность,data (31).xls,Младенческая смертность (на 1 тыс. родившихся живыми),2024.0,год,значение показателя за год,2024-12-31,"промилле (0,1 процента)",4.0,01.09.2025,complete_year,True,
16,Республика Татарстан,ТАТ,Приволжский федеральный округ,14,5,True,Республика Татарстан (Татарстан),2.14.Я3.3,Младенческая смертность,data (31).xls,Младенческая смертность (на 1 тыс. родившихся живыми),2024.0,год,значение показателя за год,2024-12-31,"промилле (0,1 процента)",2.6,01.09.2025,complete_year,True,
17,Республика Тыва,ТЫВ,Сибирский федеральный округ,19,7,True,Республика Тыва,2.14.Я3.3,Младенческая смертность,data (31).xls,Младенческая смертность (на 1 тыс. родившихся живыми),2024.0,год,значение показателя за год,2024-12-31,"промилле (0,1 процента)",6.7,01.09.2025,complete_year,True,
18,Удмуртская Республика,УДМ,Приволжский федеральный округ,13,5,True,Удмуртская Республика,2.14.Я3.3,Младенческая смертность,data (31).xls,Младенческая смертность (на 1 тыс. родившихся живыми),2024.0,год,значение показателя за год,2024-12-31,"промилле (0,1 процента)",3.1,01.09.2025,complete_year,True,
19,Республика Хакасия,ХАК,Сибирский федеральный округ,20,6,True,Республика Хакасия,2.14.Я3.3,Младенческая смертность,data (31).xls,Младенческая смертность (на 1 тыс. родившихся живыми),2024.0,год,значение показателя за год,2024-12-31,"промилле (0,1 процента)",3.0,01.09.2025,complete_year,True,
20,Чеченская Республика,ЧЕЧ,Северо-Кавказский федеральный округ,8,12,True,Чеченская Республика,2.14.Я3.3,Младенческая смертность,data (31).xls,Младенческая смертность (на 1 тыс. родившихся живыми),2024.0,год,значение показателя за год,2024-12-31,"промилле (0,1 процента)",4.8,01.09.2025,complete_year,True,
21,Чувашская Республика - Чувашия,ЧУВ,Приволжский федеральный округ,11,6,True,Чувашская Республика - Чувашия,2.14.Я3.3,Младенческая смертность,data (31).xls,Младенческая смертность (на 1 тыс. родившихся живыми),2024.0,год,значение показателя за год,2024-12-31,"промилле (0,1 процента)",2.7,01.09.2025,complete_year,True,
22,Алтайский край,АЛК,Сибирский федеральный округ,18,6,True,Алтайский край,2.14.Я3.3,Младенческая смертность,data (31).xls,Младенческая смертность (на 1 тыс. родившихся живыми),2024.0,год,значение показателя за год,2024-12-31,"промилле (0,1 процента)",3.7,01.09.2025,complete_year,True,
23,Краснодарский край,КДР,Южный федеральный округ,3,9,True,Краснодарский край,2.14.Я3.3,Младенческая смертность,data (31).xls,Младенческая смертность (на 1 тыс. родившихся живыми),2024.0,год,значение показателя за год,2024-12-31,"промилле (0,1 процента)",3.6,01.09.2025,complete_year,True,
24,Красноярский край,КРЯ,Сибирский федеральный округ,21,6,True,Красноярский край,2.14.Я3.3,Младенческая смертность,data (31).xls,Младенческая смертность (на 1 тыс. родившихся живыми),2024.0,год,значение показателя за год,2024-12-31,"промилле (0,1 процента)",4.3,01.09.2025,complete_year,True,
25,Приморский край,ПРИ,Дальневосточный федеральный округ,23,4,True,Приморский край,2.14.Я3.3,Младенческая смертность,data (31).xls,Младенческая смертность (на 1 тыс. родившихся живыми),2024.0,год,значение показателя за год,2024-12-31,"промилле (0,1 процента)",5.1,01.09.2025,complete_year,True,
26,Ставропольский край,СТА,Северо-Кавказский федеральный округ,7,11,True,Ставропольский край,2.14.Я3.3,Младенческая смертность,data (31).xls,Младенческая смертность (на 1 тыс. родившихся живыми),2024.0,год,значение показателя за год,2024-12-31,"промилле (0,1 процента)",5.1,01.09.2025,complete_year,True,
27,Хабаровский край,ХАБ,Дальневосточный федеральный округ,22,4,True,Хабаровский край,2.14.Я3.3,Младенческая смертность,data (31).xls,Младенческая смертность (на 1 тыс. родившихся живыми),2024.0,год,значение показателя за год,2024-12-31,"промилле (0,1 процента)",4.0,01.09.2025,complete_year,True,
28,Амурская область,АМУ,Дальневосточный федеральный округ,24,3,True,Амурская область,2.14.Я3.3,Младенческая смертность,data (31).xls,Младенческая смертность (на 1 тыс. родившихся живыми),2024.0,год,значение показателя за год,2024-12-31,"промилле (0,1 процента)",5.1,01.09.2025,complete_year,True,
29,Архангельская область,АРХ,Северо-Западный федеральный округ,2,0,True,Архангельская область (кроме Ненецкого автономного округа),2.14.Я3.3,Младенческая смертность,data (31).xls,Младенческая смертность (на 1 тыс. родившихся живыми),2024.0,год,значение показателя за год,2024-12-31,"промилле (0,1 процента)",4.4,01.09.2025,complete_year,True,
30,Астраханская область,АСТ,Южный федеральный округ,5,8,True,Астраханская область,2.14.Я3.3,Младенческая смертность,data (31).xls,Младенческая смертность (на 1 тыс. родившихся живыми),2024.0,год,значение показателя за год,2024-12-31,"промилле (0,1 процента)",4.3,01.09.2025,complete_year,True,
31,Белгородская область,БЕЛ,Центральный федеральный округ,8,5,True,Белгородская область,2.14.Я3.3,Младенческая смертность,data (31).xls,Младенческая смертность (на 1 тыс. родившихся живыми),2024.0,год,значение показателя за год,2024-12-31,"промилле (0,1 процента)",4.3,01.09.2025,complete_year,True,
32,Брянская область,БРЯ,Центральный федеральный округ,8,4,True,Брянская область,2.14.Я3.3,Младенческая смертность,data (31).xls,Младенческая смертность (на 1 тыс. родившихся живыми),2024.0,год,значение показателя за год,2024-12-31,"промилле (0,1 процента)",4.0,01.09.2025,complete_year,True,
33,Владимирская область,ВЛД,Центральный федеральный округ,6,4,True,Владимирская область,2.14.Я3.3,Младенческая смертность,data (31).xls,Младенческая смертность (на 1 тыс. родившихся живыми),2024.0,год,значение показателя за год,2024-12-31,"промилле (0,1 процента)",1.8,01.09.2025,complete_year,True,
34,Волгоградская область,ВГГ,Южный федеральный округ,4,8,True,Волгоградская область,2.14.Я3.3,Младенческая смертность,data (31).xls,Младенческая смертность (на 1 тыс. родившихся живыми),2024.0,год,значение показателя за год,2024-12-31,"промилле (0,1 процента)",4.9,01.09.2025,complete_year,True,
35,Вологодская область,ВОЛ,Северо-Западный федеральный округ,1,2,True,Вологодская область,2.14.Я3.3,Младенческая смертность,data (31).xls,Младенческая смертность (на 1 тыс. родившихся живыми),2024.0,год,значение показателя за год,2024-12-31,"промилле (0,1 процента)",5.7,01.09.2025,complete_year,True,
36,Воронежская область,ВРН,Центральный федеральный округ,9,5,True,Воронежская область,2.14.Я3.3,Младенческая смертность,data (31).xls,Младенческая смертность (на 1 тыс. родившихся живыми),2024.0,год,значение показателя за год,2024-12-31,"промилле (0,1 процента)",3.0,01.09.2025,complete_year,True,
37,Ивановская область,ИВН,Центральный федеральный округ,7,4,True,Ивановская область,2.14.Я3.3,Младенческая смертность,data (31).xls,Младенческая смертность (на 1 тыс. родившихся живыми),2024.0,год,значение показателя за год,2024-12-31,"промилле (0,1 процента)",4.6,01.09.2025,complete_year,True,
38,Иркутская область,ИРК,Сибирский федеральный округ,18,7,True,Иркутская область,2.14.Я3.3,Младенческая смертность,data (31).xls,Младенческая смертность (на 1 тыс. родившихся живыми),2024.0,год,значение показателя за год,2024-12-31,"промилле (0,1 процента)",5.7,01.09.2025,complete_year,True,
39,Калининградская область,КГД,Северо-Западный федеральный округ,0,1,True,Калининградская область,2.14.Я3.3,Младенческая смертность,data (31).xls,Младенческая смертность (на 1 тыс. родившихся живыми),2024.0,год,значение показателя за год,2024-12-31,"промилле (0,1 процента)",4.0,01.09.2025,complete_year,True,
40,Калужская область,КЛЖ,Центральный федеральный округ,4,4,True,Калужская область,2.14.Я3.3,Младенческая смертность,data (31).xls,Младенческая смертность (на 1 тыс. родившихся живыми),2024.0,год,значение показателя за год,2024-12-31,"промилле (0,1 процента)",4.9,01.09.2025,complete_year,True,
41,Камчатский край,КАМ,Дальневосточный федеральный округ,24,2,True,Камчатский край,2.14.Я3.3,Младенческая смертность,data (31).xls,Младенческая смертность (на 1 тыс. родившихся живыми),2024.0,год,значение показателя за год,2024-12-31,"промилле (0,1 процента)",4.3,01.09.2025,complete_year,True,
42,Кемеровская область - Кузбасс,КЕМ,Сибирский федеральный округ,21,5,True,Кемеровская область - Кузбасс,2.14.Я3.3,Младенческая смертность,data (31).xls,Младенческая смертность (на 1 тыс. родившихся живыми),2024.0,год,значение показателя за год,2024-12-31,"промилле (0,1 процента)",5.6,01.09.2025,complete_year,True,
43,Кировская область,КИР,Приволжский федеральный округ,11,5,True,Кировская область,2.14.Я3.3,Младенческая смертность,data (31).xls,Младенческая смертность (на 1 тыс. родившихся живыми),2024.0,год,значение показателя за год,2024-12-31,"промилле (0,1 процента)",3.1,01.09.2025,complete_year,True,
44,Костромская область,КОС,Центральный федеральный округ,6,3,True,Костромская область,2.14.Я3.3,Младенческая смертность,data (31).xls,Младенческая смертность (на 1 тыс. родившихся живыми),2024.0,год,значение показателя за год,2024-12-31,"промилле (0,1 процента)",3.1,01.09.2025,complete_year,True,
45,Курганская область,КУРГ,Уральский федеральный округ,15,6,True,Курганская область,2.14.Я3.3,Младенческая смертность,data (31).xls,Младенческая смертность (на 1 тыс. родившихся живыми),2024.0,год,значение показателя за год,2024-12-31,"промилле (0,1 процента)",6.1,01.09.2025,complete_year,True,
46,Курская область,КУР,Центральный федеральный округ,5,5,True,Курская область,2.14.Я3.3,Младенческая смертность,data (31).xls,Младенческая смертность (на 1 тыс. родившихся живыми),2024.0,год,значение показателя за год,2024-12-31,"промилле (0,1 процента)",3.9,01.09.2025,complete_year,True,
47,Ленинградская область,ЛЕН,Северо-Западный федеральный округ,2,1,True,Ленинградская область,2.14.Я3.3,Младенческая смертность,data (31).xls,Младенческая смертность (на 1 тыс. родившихся живыми),2024.0,год,значение показателя за год,2024-12-31,"промилле (0,1 процента)",3.2,01.09.2025,complete_year,True,
48,Липецкая область,ЛИП,Центральный федеральный округ,6,5,True,Липецкая область,2.14.Я3.3,Младенческая смертность,data (31).xls,Младенческая смертность (на 1 тыс. родившихся живыми),2024.0,год,значение показателя за год,2024-12-31,"промилле (0,1 процента)",2.9,01.09.2025,complete_year,True,
49,Магаданская область,МАГ,Дальневосточный федеральный округ,25,2,True,Магаданская область,2.14.Я3.3,Младенческая смертность,data (31).xls,Младенческая смертность (на 1 тыс. родившихся живыми),2024.0,год,значение показателя за год,2024-12-31,"промилле (0,1 процента)",4.9,01.09.2025,complete_year,True,
50,Московская область,МОСО,Центральный федеральный округ,8,3,True,Московская область,2.14.Я3.3,Младенческая смертность,data (31).xls,Младенческая смертность (на 1 тыс. родившихся живыми),2024.0,год,значение показателя за год,2024-12-31,"промилле (0,1 процента)",3.3,01.09.2025,complete_year,True,
51,Мурманская область,МУР,Северо-Западный федеральный округ,0,0,True,Мурманская область,2.14.Я3.3,Младенческая смертность,data (31).xls,Младенческая смертность (на 1 тыс. родившихся живыми),2024.0,год,значение показателя за год,2024-12-31,"промилле (0,1 процента)",4.1,01.09.2025,complete_year,True,
52,Нижегородская область,НИЖ,Приволжский федеральный округ,10,5,True,Нижегородская область,2.14.Я3.3,Младенческая смертность,data (31).xls,Младенческая смертность (на 1 тыс. родившихся живыми),2024.0,год,значение показателя за год,2024-12-31,"промилле (0,1 процента)",3.6,01.09.2025,complete_year,True,
53,Новгородская область,НВГ,Северо-Западный федеральный округ,3,1,True,Новгородская область,2.14.Я3.3,Младенческая смертность,data (31).xls,Младенческая смертность (на 1 тыс. родившихся живыми),2024.0,год,значение показателя за год,2024-12-31,"промилле (0,1 процента)",4.4,01.09.2025,complete_year,True,
54,Новосибирская область,НСО,Сибирский федеральный округ,19,5,True,Новосибирская область,2.14.Я3.3,Младенческая смертность,data (31).xls,Младенческая смертность (на 1 тыс. родившихся живыми),2024.0,год,значение показателя за год,2024-12-31,"промилле (0,1 процента)",4.2,01.09.2025,complete_year,True,
55,Омская область,ОМС,Сибирский федеральный округ,18,5,True,Омская область,2.14.Я3.3,Младенческая смертность,data (31).xls,Младенческая смертность (на 1 тыс. родившихся живыми),2024.0,год,значение показателя за год,2024-12-31,"промилле (0,1 процента)",4.0,01.09.2025,complete_year,True,
56,Оренбургская область,ОРЕ,Приволжский федеральный округ,12,7,True,Оренбургская область,2.14.Я3.3,Младенческая смертность,data (31).xls,Младенческая смертность (на 1 тыс. родившихся живыми),2024.0,год,значение показателя за год,2024-12-31,"промилле (0,1 процента)",3.5,01.09.2025,complete_year,True,
57,Орловская область,ОРЛ,Центральный федеральный округ,9,4,True,Орловская область,2.14.Я3.3,Младенческая смертность,data (31).xls,Младенческая смертность (на 1 тыс. родившихся живыми),2024.0,год,значение показателя за год,2024-12-31,"промилле (0,1 процента)",5.5,01.09.2025,complete_year,True,
58,Пензенская область,ПЕН,Приволжский федеральный округ,13,6,True,Пензенская область,2.14.Я3.3,Младенческая смертность,data (31).xls,Младенческая смертность (на 1 тыс. родившихся живыми),2024.0,год,значение показателя за год,2024-12-31,"промилле (0,1 процента)",4.1,01.09.2025,complete_year,True,
59,Пермский край,ПЕР,Приволжский федеральный округ,12,5,True,Пермский край,2.14.Я3.3,Младенческая смертность,data (31).xls,Младенческая смертность (на 1 тыс. родившихся живыми),2024.0,год,значение показателя за год,2024-12-31,"промилле (0,1 процента)",4.4,01.09.2025,complete_year,True,
60,Псковская область,ПСК,Северо-Западный федеральный округ,0,2,True,Псковская область,2.14.Я3.3,Младенческая смертность,data (31).xls,Младенческая смертность (на 1 тыс. родившихся живыми),2024.0,год,значение показателя за год,2024-12-31,"промилле (0,1 процента)",4.3,01.09.2025,complete_year,True,
61,Ростовская область,РОС,Южный федеральный округ,3,8,True,Ростовская область,2.14.Я3.3,Младенческая смертность,data (31).xls,Младенческая смертность (на 1 тыс. родившихся живыми),2024.0,год,значение показателя за год,2024-12-31,"промилле (0,1 процента)",3.6,01.09.2025,complete_year,True,
62,Рязанская область,РЯЗ,Центральный федеральный округ,4,5,True,Рязанская область,2.14.Я3.3,Младенческая смертность,data (31).xls,Младенческая смертность (на 1 тыс. родившихся живыми),2024.0,год,значение показателя за год,2024-12-31,"промилле (0,1 процента)",4.0,01.09.2025,complete_year,True,
63,Самарская область,САМ,Приволжский федеральный округ,10,7,True,Самарская область,2.14.Я3.3,Младенческая смертность,data (31).xls,Младенческая смертность (на 1 тыс. родившихся живыми),2024.0,год,значение показателя за год,2024-12-31,"промилле (0,1 процента)",4.4,01.09.2025,complete_year,True,
64,Саратовская область,САР,Приволжский федеральный округ,11,7,True,Саратовская область,2.14.Я3.3,Младенческая смертность,data (31).xls,Младенческая смертность (на 1 тыс. родившихся живыми),2024.0,год,значение показателя за год,2024-12-31,"промилле (0,1 процента)",4.1,01.09.2025,complete_year,True,
65,Сахалинская область,САХ,Дальневосточный федеральный округ,24,4,True,Сахалинская область,2.14.Я3.3,Младенческая смертность,data (31).xls,Младенческая смертность (на 1 тыс. родившихся живыми),2024.0,год,значение показателя за год,2024-12-31,"промилле (0,1 процента)",3.8,01.09.2025,complete_year,True,
66,Свердловская область,СВР,Уральский федеральный округ,15,5,True,Свердловская область,2.14.Я3.3,Младенческая смертность,data (31).xls,Младенческая смертность (на 1 тыс. родившихся живыми),2024.0,год,значение показателя за год,2024-12-31,"промилле (0,1 процента)",4.0,01.09.2025,complete_year,True,
67,Смоленская область,СМЛ,Центральный федеральный округ,7,3,True,Смоленская область,2.14.Я3.3,Младенческая смертность,data (31).xls,Младенческая смертность (на 1 тыс. родившихся живыми),2024.0,год,значение показателя за год,2024-12-31,"промилле (0,1 процента)",3.6,01.09.2025,complete_year,True,
68,Тамбовская область,ТАМ,Центральный федеральный округ,7,5,True,Тамбовская область,2.14.Я3.3,Младенческая смертность,data (31).xls,Младенческая смертность (на 1 тыс. родившихся живыми),2024.0,год,значение показателя за год,2024-12-31,"промилле (0,1 процента)",4.0,01.09.2025,complete_year,True,
69,Тверская область,ТВЕ,Центральный федеральный округ,4,3,True,Тверская область,2.14.Я3.3,Младенческая смертность,data (31).xls,Младенческая смертность (на 1 тыс. родившихся живыми),2024.0,год,значение показателя за год,2024-12-31,"промилле (0,1 процента)",4.7,01.09.2025,complete_year,True,
70,Томская область,ТОМ,Сибирский федеральный округ,20,5,True,Томская область,2.14.Я3.3,Младенческая смертность,data (31).xls,Младенческая смертность (на 1 тыс. родившихся живыми),2024.0,год,значение показателя за год,2024-12-31,"промилле (0,1 процента)",4.3,01.09.2025,complete_year,True,
71,Тульская область,ТУЛ,Центральный федеральный округ,5,4,True,Тульская область,2.14.Я3.3,Младенческая смертность,data (31).xls,Младенческая смертность (на 1 тыс. родившихся живыми),2024.0,год,значение показателя за год,2024-12-31,"промилле (0,1 процента)",3.9,01.09.2025,complete_year,True,
72,Тюменская область,ТЮМ,Уральский федеральный округ,16,6,True,Тюменская область (кроме Ханты-Мансийского автономного округа-Югры и Ямало-Ненецкого автономного округа),2.14.Я3.3,Младенческая смертность,data (31).xls,Младенческая смертность (на 1 тыс. родившихся живыми),2024.0,год,значение показателя за год,2024-12-31,"промилле (0,1 процента)",3.1,01.09.2025,complete_year,True,
73,Ульяновская область,УЛЬ,Приволжский федеральный округ,14,6,True,Ульяновская область,2.14.Я3.3,Младенческая смертность,data (31).xls,Младенческая смертность (на 1 тыс. родившихся живыми),2024.0,год,значение показателя за год,2024-12-31,"промилле (0,1 процента)",4.4,01.09.2025,complete_year,True,
74,Челябинская область,ЧЕЛ,Уральский федеральный округ,17,6,True,Челябинская область,2.14.Я3.3,Младенческая смертность,data (31).xls,Младенческая смертность (на 1 тыс. родившихся живыми),2024.0,год,значение показателя за год,2024-12-31,"промилле (0,1 процента)",3.1,01.09.2025,complete_year,True,
75,Забайкальский край,ЗАБ,Дальневосточный федеральный округ,22,3,True,Забайкальский край,2.14.Я3.3,Младенческая смертность,data (31).xls,Младенческая смертность (на 1 тыс. родившихся живыми),2024.0,год,значение показателя за год,2024-12-31,"промилле (0,1 процента)",4.8,01.09.2025,complete_year,True,
76,Ярославская область,ЯРС,Центральный федеральный округ,5,3,True,Ярославская область,2.14.Я3.3,Младенческая смертность,data (31).xls,Младенческая смертность (на 1 тыс. родившихся живыми),2024.0,год,значение показателя за год,2024-12-31,"промилле (0,1 процента)",3.0,01.09.2025,complete_year,True,
77,Москва,МСК,Центральный федеральный округ,9,3,True,Город Москва столица Российской Федерации город федерального значения,2.14.Я3.3,Младенческая смертность,data (31).xls,Младенческая смертность (на 1 тыс. родившихся живыми),2024.0,год,значение показателя за год,2024-12-31,"промилле (0,1 процента)",3.4,01.09.2025,complete_year,True,
78,Санкт-Петербург,СПБ,Северо-Западный федеральный округ,1,1,True,Город Санкт-Петербург город федерального значения,2.14.Я3.3,Младенческая смертность,data (31).xls,Младенческая смертность (на 1 тыс. родившихся живыми),2024.0,год,значение показателя за год,2024-12-31,"промилле (0,1 процента)",4.1,01.09.2025,complete_year,True,
79,Еврейская автономная область,ЕАО,Дальневосточный федеральный округ,25,3,True,Еврейская автономная область,2.14.Я3.3,Младенческая смертность,data (31).xls,Младенческая смертность (на 1 тыс. родившихся живыми),2024.0,год,значение показателя за год,2024-12-31,"промилле (0,1 процента)",7.7,01.09.2025,complete_year,True,
83,Ненецкий автономный округ,НАО,Северо-Западный федеральный округ,3,0,True,Ненецкий автономный округ (Архангельская область),2.14.Я3.3,Младенческая смертность,data (31).xls,Младенческая смертность (на 1 тыс. родившихся живыми),2024.0,год,значение показателя за год,2024-12-31,"промилле (0,1 процента)",4.2,01.09.2025,complete_year,True,
86,Ханты-Мансийский автономный округ - Югра,ХМАО,Уральский федеральный округ,16,5,True,Ханты-Мансийский автономный округ - Югра (Тюменская область),2.14.Я3.3,Младенческая смертность,data (31).xls,Младенческая смертность (на 1 тыс. родившихся живыми),2024.0,год,значение показателя за год,2024-12-31,"промилле (0,1 процента)",3.8,01.09.2025,complete_year,True,
87,Чукотский автономный округ,ЧУК,Дальневосточный федеральный округ,23,2,True,Чукотский автономный округ,2.14.Я3.3,Младенческая смертность,data (31).xls,Младенческая смертность (на 1 тыс. родившихся живыми),2024.0,год,значение показателя за год,2024-12-31,"промилле (0,1 процента)",25.7,01.09.2025,complete_year,True,
89,Ямало-Ненецкий автономный округ,ЯНАО,Уральский федеральный округ,17,5,True,Ямало-Ненецкий автономный округ (Тюменская область),2.14.Я3.3,Младенческая смертность,data (31).xls,Младенческая смертность (на 1 тыс. родившихся живыми),2024.0,год,значение показателя за год,2024-12-31,"промилле (0,1 процента)",3.4,01.09.2025,complete_year,True,
90,Запорожская область,ЗАП,Новые регионы / Южный макрорегион,9,9,True,,,,,,,,,,,,,complete_year,False,Нет данных в переданной выгрузке ЕМИСС для выбранного периода/показателя
91,Республика Крым,КРЫ,Южный федеральный округ,5,9,True,Республика Крым,2.14.Я3.3,Младенческая смертность,data (31).xls,Младенческая смертность (на 1 тыс. родившихся живыми),2024.0,год,значение показателя за год,2024-12-31,"промилле (0,1 процента)",4.6,01.09.2025,complete_year,True,
92,Севастополь,СЕВ,Южный федеральный округ,6,9,True,Город федерального значения Севастополь,2.14.Я3.3,Младенческая смертность,data (31).xls,Младенческая смертность (на 1 тыс. родившихся живыми),2024.0,год,значение показателя за год,2024-12-31,"промилле (0,1 процента)",1.9,01.09.2025,complete_year,True,
93,Донецкая Народная Республика,ДНР,Новые регионы / Южный макрорегион,7,9,True,,,,,,,,,,,,,complete_year,False,Нет данных в переданной выгрузке ЕМИСС для выбранного периода/показателя
94,Луганская Народная Республика,ЛНР,Новые регионы / Южный макрорегион,8,9,True,,,,,,,,,,,,,complete_year,False,Нет данных в переданной выгрузке ЕМИСС для выбранного периода/показателя
95,Херсонская область,ХЕР,Новые регионы / Южный макрорегион,10,9,True,,,,,,,,,,,,,complete_year,False,Нет данных в переданной выгрузке ЕМИСС для выбранного периода/показателя
01,Республика Адыгея,АД,Южный федеральный округ,4,9,True,Республика Адыгея (Адыгея),2.14.Я3.3,Младенческая смертность,data (32).xls,"Младенческая смертность на 1 тыс. родившихся живыми (оперативные данные) (промилле (0,1 процента))",2025.0,накопительно с января,январь-декабрь,2025-12-31,"промилле (0,1 процента)",2.3,08.04.2026,complete_year,True,
02,Республика Башкортостан,БА,Приволжский федеральный округ,13,7,True,Республика Башкортостан,2.14.Я3.3,Младенческая смертность,data (32).xls,"Младенческая смертность на 1 тыс. родившихся живыми (оперативные данные) (промилле (0,1 процента))",2025.0,накопительно с января,январь-декабрь,2025-12-31,"промилле (0,1 процента)",3.2,08.04.2026,complete_year,True,
03,Республика Бурятия,БУР,Дальневосточный федеральный округ,23,3,True,Республика Бурятия,2.14.Я3.3,Младенческая смертность,data (32).xls,"Младенческая смертность на 1 тыс. родившихся живыми (оперативные данные) (промилле (0,1 процента))",2025.0,накопительно с января,январь-декабрь,2025-12-31,"промилле (0,1 процента)",4.4,08.04.2026,complete_year,True,
04,Республика Алтай,АЛР,Сибирский федеральный округ,19,6,True,Республика Алтай,2.14.Я3.3,Младенческая смертность,data (32).xls,"Младенческая смертность на 1 тыс. родившихся живыми (оперативные данные) (промилле (0,1 процента))",2025.0,накопительно с января,январь-декабрь,2025-12-31,"промилле (0,1 процента)",3.9,08.04.2026,complete_year,True,
05,Республика Дагестан,ДАГ,Северо-Кавказский федеральный округ,9,12,True,Республика Дагестан,2.14.Я3.3,Младенческая смертность,data (32).xls,"Младенческая смертность на 1 тыс. родившихся живыми (оперативные данные) (промилле (0,1 процента))",2025.0,накопительно с января,январь-декабрь,2025-12-31,"промилле (0,1 процента)",5.4,08.04.2026,complete_year,True,
06,Республика Ингушетия,ИНГ,Северо-Кавказский федеральный округ,7,12,True,Республика Ингушетия,2.14.Я3.3,Младенческая смертность,data (32).xls,"Младенческая смертность на 1 тыс. родившихся живыми (оперативные данные) (промилле (0,1 процента))",2025.0,накопительно с января,январь-декабрь,2025-12-31,"промилле (0,1 процента)",4.7,08.04.2026,complete_year,True,
07,Кабардино-Балкарская Республика,КБР,Северо-Кавказский федеральный округ,9,11,True,Кабардино-Балкарская Республика,2.14.Я3.3,Младенческая смертность,data (32).xls,"Младенческая смертность на 1 тыс. родившихся живыми (оперативные данные) (промилле (0,1 процента))",2025.0,накопительно с января,январь-декабрь,2025-12-31,"промилле (0,1 процента)",2.5,08.04.2026,complete_year,True,
08,Республика Калмыкия,КАЛ,Южный федеральный округ,6,8,True,Республика Калмыкия,2.14.Я3.3,Младенческая смертность,data (32).xls,"Младенческая смертность на 1 тыс. родившихся живыми (оперативные данные) (промилле (0,1 процента))",2025.0,накопительно с января,январь-декабрь,2025-12-31,"промилле (0,1 процента)",1.0,08.04.2026,complete_year,True,
09,Карачаево-Черкесская Республика,КЧР,Северо-Кавказский федеральный округ,8,11,True,Карачаево-Черкесская Республика,2.14.Я3.3,Младенческая смертность,data (32).xls,"Младенческая смертность на 1 тыс. родившихся живыми (оперативные данные) (промилле (0,1 процента))",2025.0,накопительно с января,январь-декабрь,2025-12-31,"промилле (0,1 процента)",2.8,08.04.2026,complete_year,True,
10,Республика Карелия,КАР,Северо-Западный федеральный округ,1,0,True,Республика Карелия,2.14.Я3.3,Младенческая смертность,data (32).xls,"Младенческая смертность на 1 тыс. родившихся живыми (оперативные данные) (промилле (0,1 процента))",2025.0,накопительно с января,январь-декабрь,2025-12-31,"промилле (0,1 процента)",4.6,08.04.2026,complete_year,True,
11,Республика Коми,КОМ,Северо-Западный федеральный округ,2,2,True,Республика Коми,2.14.Я3.3,Младенческая смертность,data (32).xls,"Младенческая смертность на 1 тыс. родившихся живыми (оперативные данные) (промилле (0,1 процента))",2025.0,накопительно с января,январь-декабрь,2025-12-31,"промилле (0,1 процента)",5.5,08.04.2026,complete_year,True,
12,Республика Марий Эл,МЭ,Приволжский федеральный округ,10,6,True,Республика Марий Эл,2.14.Я3.3,Младенческая смертность,data (32).xls,"Младенческая смертность на 1 тыс. родившихся живыми (оперативные данные) (промилле (0,1 процента))",2025.0,накопительно с января,январь-декабрь,2025-12-31,"промилле (0,1 процента)",3.2,08.04.2026,complete_year,True,
13,Республика Мордовия,МОР,Приволжский федеральный округ,12,6,True,Республика Мордовия,2.14.Я3.3,Младенческая смертность,data (32).xls,"Младенческая смертность на 1 тыс. родившихся живыми (оперативные данные) (промилле (0,1 процента))",2025.0,накопительно с января,январь-декабрь,2025-12-31,"промилле (0,1 процента)",3.0,08.04.2026,complete_year,True,
14,Республика Саха (Якутия),ЯКТ,Дальневосточный федеральный округ,22,2,True,Республика Саха (Якутия),2.14.Я3.3,Младенческая смертность,data (32).xls,"Младенческая смертность на 1 тыс. родившихся живыми (оперативные данные) (промилле (0,1 процента))",2025.0,накопительно с января,январь-декабрь,2025-12-31,"промилле (0,1 процента)",2.3,08.04.2026,complete_year,True,
15,Республика Северная Осетия - Алания,СОА,Северо-Кавказский федеральный округ,10,11,True,Республика Северная Осетия-Алания,2.14.Я3.3,Младенческая смертность,data (32).xls,"Младенческая смертность на 1 тыс. родившихся живыми (оперативные данные) (промилле (0,1 процента))",2025.0,накопительно с января,январь-декабрь,2025-12-31,"промилле (0,1 процента)",5.5,08.04.2026,complete_year,True,
16,Республика Татарстан,ТАТ,Приволжский федеральный округ,14,5,True,Республика Татарстан (Татарстан),2.14.Я3.3,Младенческая смертность,data (32).xls,"Младенческая смертность на 1 тыс. родившихся живыми (оперативные данные) (промилле (0,1 процента))",2025.0,накопительно с января,январь-декабрь,2025-12-31,"промилле (0,1 процента)",1.9,08.04.2026,complete_year,True,
17,Республика Тыва,ТЫВ,Сибирский федеральный округ,19,7,True,Республика Тыва,2.14.Я3.3,Младенческая смертность,data (32).xls,"Младенческая смертность на 1 тыс. родившихся живыми (оперативные данные) (промилле (0,1 процента))",2025.0,накопительно с января,январь-декабрь,2025-12-31,"промилле (0,1 процента)",4.4,08.04.2026,complete_year,True,
18,Удмуртская Республика,УДМ,Приволжский федеральный округ,13,5,True,Удмуртская Республика,2.14.Я3.3,Младенческая смертность,data (32).xls,"Младенческая смертность на 1 тыс. родившихся живыми (оперативные данные) (промилле (0,1 процента))",2025.0,накопительно с января,январь-декабрь,2025-12-31,"промилле (0,1 процента)",2.5,08.04.2026,complete_year,True,
19,Республика Хакасия,ХАК,Сибирский федеральный округ,20,6,True,Республика Хакасия,2.14.Я3.3,Младенческая смертность,data (32).xls,"Младенческая смертность на 1 тыс. родившихся живыми (оперативные данные) (промилле (0,1 процента))",2025.0,накопительно с января,январь-декабрь,2025-12-31,"промилле (0,1 процента)",2.5,08.04.2026,complete_year,True,
20,Чеченская Республика,ЧЕЧ,Северо-Кавказский федеральный округ,8,12,True,Чеченская Республика,2.14.Я3.3,Младенческая смертность,data (32).xls,"Младенческая смертность на 1 тыс. родившихся живыми (оперативные данные) (промилле (0,1 процента))",2025.0,накопительно с января,январь-декабрь,2025-12-31,"промилле (0,1 процента)",4.0,08.04.2026,complete_year,True,
21,Чувашская Республика - Чувашия,ЧУВ,Приволжский федеральный округ,11,6,True,Чувашская Республика - Чувашия,2.14.Я3.3,Младенческая смертность,data (32).xls,"Младенческая смертность на 1 тыс. родившихся живыми (оперативные данные) (промилле (0,1 процента))",2025.0,накопительно с января,январь-декабрь,2025-12-31,"промилле (0,1 процента)",2.1,08.04.2026,complete_year,True,
22,Алтайский край,АЛК,Сибирский федеральный округ,18,6,True,Алтайский край,2.14.Я3.3,Младенческая смертность,data (32).xls,"Младенческая смертность на 1 тыс. родившихся живыми (оперативные данные) (промилле (0,1 процента))",2025.0,накопительно с января,январь-декабрь,2025-12-31,"промилле (0,1 процента)",3.4,08.04.2026,complete_year,True,
23,Краснодарский край,КДР,Южный федеральный округ,3,9,True,Краснодарский край,2.14.Я3.3,Младенческая смертность,data (32).xls,"Младенческая смертность на 1 тыс. родившихся живыми (оперативные данные) (промилле (0,1 процента))",2025.0,накопительно с января,январь-декабрь,2025-12-31,"промилле (0,1 процента)",4.0,08.04.2026,complete_year,True,
24,Красноярский край,КРЯ,Сибирский федеральный округ,21,6,True,Красноярский край,2.14.Я3.3,Младенческая смертность,data (32).xls,"Младенческая смертность на 1 тыс. родившихся живыми (оперативные данные) (промилле (0,1 процента))",2025.0,накопительно с января,январь-декабрь,2025-12-31,"промилле (0,1 процента)",4.5,08.04.2026,complete_year,True,
25,Приморский край,ПРИ,Дальневосточный федеральный округ,23,4,True,Приморский край,2.14.Я3.3,Младенческая смертность,data (32).xls,"Младенческая смертность на 1 тыс. родившихся живыми (оперативные данные) (промилле (0,1 процента))",2025.0,накопительно с января,январь-декабрь,2025-12-31,"промилле (0,1 процента)",3.1,08.04.2026,complete_year,True,
26,Ставропольский край,СТА,Северо-Кавказский федеральный округ,7,11,True,Ставропольский край,2.14.Я3.3,Младенческая смертность,data (32).xls,"Младенческая смертность на 1 тыс. родившихся живыми (оперативные данные) (промилле (0,1 процента))",2025.0,накопительно с января,январь-декабрь,2025-12-31,"промилле (0,1 процента)",3.9,08.04.2026,complete_year,True,
27,Хабаровский край,ХАБ,Дальневосточный федеральный округ,22,4,True,Хабаровский край,2.14.Я3.3,Младенческая смертность,data (32).xls,"Младенческая смертность на 1 тыс. родившихся живыми (оперативные данные) (промилле (0,1 процента))",2025.0,накопительно с января,январь-декабрь,2025-12-31,"промилле (0,1 процента)",4.5,08.04.2026,complete_year,True,
28,Амурская область,АМУ,Дальневосточный федеральный округ,24,3,True,Амурская область,2.14.Я3.3,Младенческая смертность,data (32).xls,"Младенческая смертность на 1 тыс. родившихся живыми (оперативные данные) (промилле (0,1 процента))",2025.0,накопительно с января,январь-декабрь,2025-12-31,"промилле (0,1 процента)",4.6,08.04.2026,complete_year,True,
29,Архангельская область,АРХ,Северо-Западный федеральный округ,2,0,True,Архангельская область (кроме Ненецкого автономного округа),2.14.Я3.3,Младенческая смертность,data (32).xls,"Младенческая смертность на 1 тыс. родившихся живыми (оперативные данные) (промилле (0,1 процента))",2025.0,накопительно с января,январь-декабрь,2025-12-31,"промилле (0,1 процента)",3.6,08.04.2026,complete_year,True,
30,Астраханская область,АСТ,Южный федеральный округ,5,8,True,Астраханская область,2.14.Я3.3,Младенческая смертность,data (32).xls,"Младенческая смертность на 1 тыс. родившихся живыми (оперативные данные) (промилле (0,1 процента))",2025.0,накопительно с января,январь-декабрь,2025-12-31,"промилле (0,1 процента)",4.0,08.04.2026,complete_year,True,
31,Белгородская область,БЕЛ,Центральный федеральный округ,8,5,True,Белгородская область,2.14.Я3.3,Младенческая смертность,data (32).xls,"Младенческая смертность на 1 тыс. родившихся живыми (оперативные данные) (промилле (0,1 процента))",2025.0,накопительно с января,январь-декабрь,2025-12-31,"промилле (0,1 процента)",2.6,08.04.2026,complete_year,True,
32,Брянская область,БРЯ,Центральный федеральный округ,8,4,True,Брянская область,2.14.Я3.3,Младенческая смертность,data (32).xls,"Младенческая смертность на 1 тыс. родившихся живыми (оперативные данные) (промилле (0,1 процента))",2025.0,накопительно с января,январь-декабрь,2025-12-31,"промилле (0,1 процента)",4.7,08.04.2026,complete_year,True,
33,Владимирская область,ВЛД,Центральный федеральный округ,6,4,True,Владимирская область,2.14.Я3.3,Младенческая смертность,data (32).xls,"Младенческая смертность на 1 тыс. родившихся живыми (оперативные данные) (промилле (0,1 процента))",2025.0,накопительно с января,январь-декабрь,2025-12-31,"промилле (0,1 процента)",4.6,08.04.2026,complete_year,True,
34,Волгоградская область,ВГГ,Южный федеральный округ,4,8,True,Волгоградская область,2.14.Я3.3,Младенческая смертность,data (32).xls,"Младенческая смертность на 1 тыс. родившихся живыми (оперативные данные) (промилле (0,1 процента))",2025.0,накопительно с января,январь-декабрь,2025-12-31,"промилле (0,1 процента)",3.1,08.04.2026,complete_year,True,
35,Вологодская область,ВОЛ,Северо-Западный федеральный округ,1,2,True,Вологодская область,2.14.Я3.3,Младенческая смертность,data (32).xls,"Младенческая смертность на 1 тыс. родившихся живыми (оперативные данные) (промилле (0,1 процента))",2025.0,накопительно с января,январь-декабрь,2025-12-31,"промилле (0,1 процента)",3.8,08.04.2026,complete_year,True,
36,Воронежская область,ВРН,Центральный федеральный округ,9,5,True,Воронежская область,2.14.Я3.3,Младенческая смертность,data (32).xls,"Младенческая смертность на 1 тыс. родившихся живыми (оперативные данные) (промилле (0,1 процента))",2025.0,накопительно с января,январь-декабрь,2025-12-31,"промилле (0,1 процента)",2.9,08.04.2026,complete_year,True,
37,Ивановская область,ИВН,Центральный федеральный округ,7,4,True,Ивановская область,2.14.Я3.3,Младенческая смертность,data (32).xls,"Младенческая смертность на 1 тыс. родившихся живыми (оперативные данные) (промилле (0,1 процента))",2025.0,накопительно с января,январь-декабрь,2025-12-31,"промилле (0,1 процента)",2.7,08.04.2026,complete_year,True,
38,Иркутская область,ИРК,Сибирский федеральный округ,18,7,True,Иркутская область,2.14.Я3.3,Младенческая смертность,data (32).xls,"Младенческая смертность на 1 тыс. родившихся живыми (оперативные данные) (промилле (0,1 процента))",2025.0,накопительно с января,январь-декабрь,2025-12-31,"промилле (0,1 процента)",4.6,08.04.2026,complete_year,True,
39,Калининградская область,КГД,Северо-Западный федеральный округ,0,1,True,Калининградская область,2.14.Я3.3,Младенческая смертность,data (32).xls,"Младенческая смертность на 1 тыс. родившихся живыми (оперативные данные) (промилле (0,1 процента))",2025.0,накопительно с января,январь-декабрь,2025-12-31,"промилле (0,1 процента)",3.9,08.04.2026,complete_year,True,
40,Калужская область,КЛЖ,Центральный федеральный округ,4,4,True,Калужская область,2.14.Я3.3,Младенческая смертность,data (32).xls,"Младенческая смертность на 1 тыс. родившихся живыми (оперативные данные) (промилле (0,1 процента))",2025.0,накопительно с января,январь-декабрь,2025-12-31,"промилле (0,1 процента)",2.6,08.04.2026,complete_year,True,
41,Камчатский край,КАМ,Дальневосточный федеральный округ,24,2,True,Камчатский край,2.14.Я3.3,Младенческая смертность,data (32).xls,"Младенческая смертность на 1 тыс. родившихся живыми (оперативные данные) (промилле (0,1 процента))",2025.0,накопительно с января,январь-декабрь,2025-12-31,"промилле (0,1 процента)",6.0,08.04.2026,complete_year,True,
42,Кемеровская область - Кузбасс,КЕМ,Сибирский федеральный округ,21,5,True,Кемеровская область - Кузбасс,2.14.Я3.3,Младенческая смертность,data (32).xls,"Младенческая смертность на 1 тыс. родившихся живыми (оперативные данные) (промилле (0,1 процента))",2025.0,накопительно с января,январь-декабрь,2025-12-31,"промилле (0,1 процента)",3.3,08.04.2026,complete_year,True,
43,Кировская область,КИР,Приволжский федеральный округ,11,5,True,Кировская область,2.14.Я3.3,Младенческая смертность,data (32).xls,"Младенческая смертность на 1 тыс. родившихся живыми (оперативные данные) (промилле (0,1 процента))",2025.0,накопительно с января,январь-декабрь,2025-12-31,"промилле (0,1 процента)",3.6,08.04.2026,complete_year,True,
44,Костромская область,КОС,Центральный федеральный округ,6,3,True,Костромская область,2.14.Я3.3,Младенческая смертность,data (32).xls,"Младенческая смертность на 1 тыс. родившихся живыми (оперативные данные) (промилле (0,1 процента))",2025.0,накопительно с января,январь-декабрь,2025-12-31,"промилле (0,1 процента)",3.1,08.04.2026,complete_year,True,
45,Курганская область,КУРГ,Уральский федеральный округ,15,6,True,Курганская область,2.14.Я3.3,Младенческая смертность,data (32).xls,"Младенческая смертность на 1 тыс. родившихся живыми (оперативные данные) (промилле (0,1 процента))",2025.0,накопительно с января,январь-декабрь,2025-12-31,"промилле (0,1 процента)",4.1,08.04.2026,complete_year,True,
46,Курская область,КУР,Центральный федеральный округ,5,5,True,Курская область,2.14.Я3.3,Младенческая смертность,data (32).xls,"Младенческая смертность на 1 тыс. родившихся живыми (оперативные данные) (промилле (0,1 процента))",2025.0,накопительно с января,январь-декабрь,2025-12-31,"промилле (0,1 процента)",3.6,08.04.2026,complete_year,True,
47,Ленинградская область,ЛЕН,Северо-Западный федеральный округ,2,1,True,Ленинградская область,2.14.Я3.3,Младенческая смертность,data (32).xls,"Младенческая смертность на 1 тыс. родившихся живыми (оперативные данные) (промилле (0,1 процента))",2025.0,накопительно с января,январь-декабрь,2025-12-31,"промилле (0,1 процента)",2.6,08.04.2026,complete_year,True,
48,Липецкая область,ЛИП,Центральный федеральный округ,6,5,True,Липецкая область,2.14.Я3.3,Младенческая смертность,data (32).xls,"Младенческая смертность на 1 тыс. родившихся живыми (оперативные данные) (промилле (0,1 процента))",2025.0,накопительно с января,январь-декабрь,2025-12-31,"промилле (0,1 процента)",2.1,08.04.2026,complete_year,True,
49,Магаданская область,МАГ,Дальневосточный федеральный округ,25,2,True,Магаданская область,2.14.Я3.3,Младенческая смертность,data (32).xls,"Младенческая смертность на 1 тыс. родившихся живыми (оперативные данные) (промилле (0,1 процента))",2025.0,накопительно с января,январь-декабрь,2025-12-31,"промилле (0,1 процента)",7.2,08.04.2026,complete_year,True,
50,Московская область,МОСО,Центральный федеральный округ,8,3,True,Московская область,2.14.Я3.3,Младенческая смертность,data (32).xls,"Младенческая смертность на 1 тыс. родившихся живыми (оперативные данные) (промилле (0,1 процента))",2025.0,накопительно с января,январь-декабрь,2025-12-31,"промилле (0,1 процента)",2.9,08.04.2026,complete_year,True,
51,Мурманская область,МУР,Северо-Западный федеральный округ,0,0,True,Мурманская область,2.14.Я3.3,Младенческая смертность,data (32).xls,"Младенческая смертность на 1 тыс. родившихся живыми (оперативные данные) (промилле (0,1 процента))",2025.0,накопительно с января,январь-декабрь,2025-12-31,"промилле (0,1 процента)",4.6,08.04.2026,complete_year,True,
52,Нижегородская область,НИЖ,Приволжский федеральный округ,10,5,True,Нижегородская область,2.14.Я3.3,Младенческая смертность,data (32).xls,"Младенческая смертность на 1 тыс. родившихся живыми (оперативные данные) (промилле (0,1 процента))",2025.0,накопительно с января,январь-декабрь,2025-12-31,"промилле (0,1 процента)",2.9,08.04.2026,complete_year,True,
53,Новгородская область,НВГ,Северо-Западный федеральный округ,3,1,True,Новгородская область,2.14.Я3.3,Младенческая смертность,data (32).xls,"Младенческая смертность на 1 тыс. родившихся живыми (оперативные данные) (промилле (0,1 процента))",2025.0,накопительно с января,январь-декабрь,2025-12-31,"промилле (0,1 процента)",5.2,08.04.2026,complete_year,True,
54,Новосибирская область,НСО,Сибирский федеральный округ,19,5,True,Новосибирская область,2.14.Я3.3,Младенческая смертность,data (32).xls,"Младенческая смертность на 1 тыс. родившихся живыми (оперативные данные) (промилле (0,1 процента))",2025.0,накопительно с января,январь-декабрь,2025-12-31,"промилле (0,1 процента)",4.8,08.04.2026,complete_year,True,
55,Омская область,ОМС,Сибирский федеральный округ,18,5,True,Омская область,2.14.Я3.3,Младенческая смертность,data (32).xls,"Младенческая смертность на 1 тыс. родившихся живыми (оперативные данные) (промилле (0,1 процента))",2025.0,накопительно с января,январь-декабрь,2025-12-31,"промилле (0,1 процента)",3.3,08.04.2026,complete_year,True,
56,Оренбургская область,ОРЕ,Приволжский федеральный округ,12,7,True,Оренбургская область,2.14.Я3.3,Младенческая смертность,data (32).xls,"Младенческая смертность на 1 тыс. родившихся живыми (оперативные данные) (промилле (0,1 процента))",2025.0,накопительно с января,январь-декабрь,2025-12-31,"промилле (0,1 процента)",3.1,08.04.2026,complete_year,True,
57,Орловская область,ОРЛ,Центральный федеральный округ,9,4,True,Орловская область,2.14.Я3.3,Младенческая смертность,data (32).xls,"Младенческая смертность на 1 тыс. родившихся живыми (оперативные данные) (промилле (0,1 процента))",2025.0,накопительно с января,январь-декабрь,2025-12-31,"промилле (0,1 процента)",5.0,08.04.2026,complete_year,True,
58,Пензенская область,ПЕН,Приволжский федеральный округ,13,6,True,Пензенская область,2.14.Я3.3,Младенческая смертность,data (32).xls,"Младенческая смертность на 1 тыс. родившихся живыми (оперативные данные) (промилле (0,1 процента))",2025.0,накопительно с января,январь-декабрь,2025-12-31,"промилле (0,1 процента)",5.6,08.04.2026,complete_year,True,
59,Пермский край,ПЕР,Приволжский федеральный округ,12,5,True,Пермский край,2.14.Я3.3,Младенческая смертность,data (32).xls,"Младенческая смертность на 1 тыс. родившихся живыми (оперативные данные) (промилле (0,1 процента))",2025.0,накопительно с января,январь-декабрь,2025-12-31,"промилле (0,1 процента)",4.0,08.04.2026,complete_year,True,
60,Псковская область,ПСК,Северо-Западный федеральный округ,0,2,True,Псковская область,2.14.Я3.3,Младенческая смертность,data (32).xls,"Младенческая смертность на 1 тыс. родившихся живыми (оперативные данные) (промилле (0,1 процента))",2025.0,накопительно с января,январь-декабрь,2025-12-31,"промилле (0,1 процента)",4.3,08.04.2026,complete_year,True,
61,Ростовская область,РОС,Южный федеральный округ,3,8,True,Ростовская область,2.14.Я3.3,Младенческая смертность,data (32).xls,"Младенческая смертность на 1 тыс. родившихся живыми (оперативные данные) (промилле (0,1 процента))",2025.0,накопительно с января,январь-декабрь,2025-12-31,"промилле (0,1 процента)",3.3,08.04.2026,complete_year,True,
62,Рязанская область,РЯЗ,Центральный федеральный округ,4,5,True,Рязанская область,2.14.Я3.3,Младенческая смертность,data (32).xls,"Младенческая смертность на 1 тыс. родившихся живыми (оперативные данные) (промилле (0,1 процента))",2025.0,накопительно с января,январь-декабрь,2025-12-31,"промилле (0,1 процента)",3.3,08.04.2026,complete_year,True,
63,Самарская область,САМ,Приволжский федеральный округ,10,7,True,Самарская область,2.14.Я3.3,Младенческая смертность,data (32).xls,"Младенческая смертность на 1 тыс. родившихся живыми (оперативные данные) (промилле (0,1 процента))",2025.0,накопительно с января,январь-декабрь,2025-12-31,"промилле (0,1 процента)",4.1,08.04.2026,complete_year,True,
64,Саратовская область,САР,Приволжский федеральный округ,11,7,True,Саратовская область,2.14.Я3.3,Младенческая смертность,data (32).xls,"Младенческая смертность на 1 тыс. родившихся живыми (оперативные данные) (промилле (0,1 процента))",2025.0,накопительно с января,январь-декабрь,2025-12-31,"промилле (0,1 процента)",2.7,08.04.2026,complete_year,True,
65,Сахалинская область,САХ,Дальневосточный федеральный округ,24,4,True,Сахалинская область,2.14.Я3.3,Младенческая смертность,data (32).xls,"Младенческая смертность на 1 тыс. родившихся живыми (оперативные данные) (промилле (0,1 процента))",2025.0,накопительно с января,январь-декабрь,2025-12-31,"промилле (0,1 процента)",1.6,08.04.2026,complete_year,True,
66,Свердловская область,СВР,Уральский федеральный округ,15,5,True,Свердловская область,2.14.Я3.3,Младенческая смертность,data (32).xls,"Младенческая смертность на 1 тыс. родившихся живыми (оперативные данные) (промилле (0,1 процента))",2025.0,накопительно с января,январь-декабрь,2025-12-31,"промилле (0,1 процента)",3.4,08.04.2026,complete_year,True,
67,Смоленская область,СМЛ,Центральный федеральный округ,7,3,True,Смоленская область,2.14.Я3.3,Младенческая смертность,data (32).xls,"Младенческая смертность на 1 тыс. родившихся живыми (оперативные данные) (промилле (0,1 процента))",2025.0,накопительно с января,январь-декабрь,2025-12-31,"промилле (0,1 процента)",3.6,08.04.2026,complete_year,True,
68,Тамбовская область,ТАМ,Центральный федеральный округ,7,5,True,Тамбовская область,2.14.Я3.3,Младенческая смертность,data (32).xls,"Младенческая смертность на 1 тыс. родившихся живыми (оперативные данные) (промилле (0,1 процента))",2025.0,накопительно с января,январь-декабрь,2025-12-31,"промилле (0,1 процента)",3.5,08.04.2026,complete_year,True,
69,Тверская область,ТВЕ,Центральный федеральный округ,4,3,True,Тверская область,2.14.Я3.3,Младенческая смертность,data (32).xls,"Младенческая смертность на 1 тыс. родившихся живыми (оперативные данные) (промилле (0,1 процента))",2025.0,накопительно с января,январь-декабрь,2025-12-31,"промилле (0,1 процента)",6.7,08.04.2026,complete_year,True,
70,Томская область,ТОМ,Сибирский федеральный округ,20,5,True,Томская область,2.14.Я3.3,Младенческая смертность,data (32).xls,"Младенческая смертность на 1 тыс. родившихся живыми (оперативные данные) (промилле (0,1 процента))",2025.0,накопительно с января,январь-декабрь,2025-12-31,"промилле (0,1 процента)",3.9,08.04.2026,complete_year,True,
71,Тульская область,ТУЛ,Центральный федеральный округ,5,4,True,Тульская область,2.14.Я3.3,Младенческая смертность,data (32).xls,"Младенческая смертность на 1 тыс. родившихся живыми (оперативные данные) (промилле (0,1 процента))",2025.0,накопительно с января,январь-декабрь,2025-12-31,"промилле (0,1 процента)",3.1,08.04.2026,complete_year,True,
72,Тюменская область,ТЮМ,Уральский федеральный округ,16,6,True,Тюменская область (кроме Ханты-Мансийского автономного округа-Югры и Ямало-Ненецкого автономного округа),2.14.Я3.3,Младенческая смертность,data (32).xls,"Младенческая смертность на 1 тыс. родившихся живыми (оперативные данные) (промилле (0,1 процента))",2025.0,накопительно с января,январь-декабрь,2025-12-31,"промилле (0,1 процента)",3.9,08.04.2026,complete_year,True,
73,Ульяновская область,УЛЬ,Приволжский федеральный округ,14,6,True,Ульяновская область,2.14.Я3.3,Младенческая смертность,data (32).xls,"Младенческая смертность на 1 тыс. родившихся живыми (оперативные данные) (промилле (0,1 процента))",2025.0,накопительно с января,январь-декабрь,2025-12-31,"промилле (0,1 процента)",4.8,08.04.2026,complete_year,True,
74,Челябинская область,ЧЕЛ,Уральский федеральный округ,17,6,True,Челябинская область,2.14.Я3.3,Младенческая смертность,data (32).xls,"Младенческая смертность на 1 тыс. родившихся живыми (оперативные данные) (промилле (0,1 процента))",2025.0,накопительно с января,январь-декабрь,2025-12-31,"промилле (0,1 процента)",3.6,08.04.2026,complete_year,True,
75,Забайкальский край,ЗАБ,Дальневосточный федеральный округ,22,3,True,Забайкальский край,2.14.Я3.3,Младенческая смертность,data (32).xls,"Младенческая смертность на 1 тыс. родившихся живыми (оперативные данные) (промилле (0,1 процента))",2025.0,накопительно с января,январь-декабрь,2025-12-31,"промилле (0,1 процента)",4.6,08.04.2026,complete_year,True,
76,Ярославская область,ЯРС,Центральный федеральный округ,5,3,True,Ярославская область,2.14.Я3.3,Младенческая смертность,data (32).xls,"Младенческая смертность на 1 тыс. родившихся живыми (оперативные данные) (промилле (0,1 процента))",2025.0,накопительно с января,январь-декабрь,2025-12-31,"промилле (0,1 процента)",4.2,08.04.2026,complete_year,True,
77,Москва,МСК,Центральный федеральный округ,9,3,True,Город Москва столица Российской Федерации город федерального значения,2.14.Я3.3,Младенческая смертность,data (32).xls,"Младенческая смертность на 1 тыс. родившихся живыми (оперативные данные) (промилле (0,1 процента))",2025.0,накопительно с января,январь-декабрь,2025-12-31,"промилле (0,1 процента)",3.4,08.04.2026,complete_year,True,
78,Санкт-Петербург,СПБ,Северо-Западный федеральный округ,1,1,True,Город Санкт-Петербург город федерального значения,2.14.Я3.3,Младенческая смертность,data (32).xls,"Младенческая смертность на 1 тыс. родившихся живыми (оперативные данные) (промилле (0,1 процента))",2025.0,накопительно с января,январь-декабрь,2025-12-31,"промилле (0,1 процента)",3.4,08.04.2026,complete_year,True,
79,Еврейская автономная область,ЕАО,Дальневосточный федеральный округ,25,3,True,Еврейская автономная область,2.14.Я3.3,Младенческая смертность,data (32).xls,"Младенческая смертность на 1 тыс. родившихся живыми (оперативные данные) (промилле (0,1 процента))",2025.0,накопительно с января,январь-декабрь,2025-12-31,"промилле (0,1 процента)",4.4,08.04.2026,complete_year,True,
83,Ненецкий автономный округ,НАО,Северо-Западный федеральный округ,3,0,True,Ненецкий автономный округ (Архангельская область),2.14.Я3.3,Младенческая смертность,data (32).xls,"Младенческая смертность на 1 тыс. родившихся живыми (оперативные данные) (промилле (0,1 процента))",2025.0,накопительно с января,январь-декабрь,2025-12-31,"промилле (0,1 процента)",5.0,08.04.2026,complete_year,True,
86,Ханты-Мансийский автономный округ - Югра,ХМАО,Уральский федеральный округ,16,5,True,Ханты-Мансийский автономный округ - Югра (Тюменская область),2.14.Я3.3,Младенческая смертность,data (32).xls,"Младенческая смертность на 1 тыс. родившихся живыми (оперативные данные) (промилле (0,1 процента))",2025.0,накопительно с января,январь-декабрь,2025-12-31,"промилле (0,1 процента)",2.8,08.04.2026,complete_year,True,
87,Чукотский автономный округ,ЧУК,Дальневосточный федеральный округ,23,2,True,Чукотский автономный округ,2.14.Я3.3,Младенческая смертность,data (32).xls,"Младенческая смертность на 1 тыс. родившихся живыми (оперативные данные) (промилле (0,1 процента))",2025.0,накопительно с января,январь-декабрь,2025-12-31,"промилле (0,1 процента)",11.0,08.04.2026,complete_year,True,
89,Ямало-Ненецкий автономный округ,ЯНАО,Уральский федеральный округ,17,5,True,Ямало-Ненецкий автономный округ (Тюменская область),2.14.Я3.3,Младенческая смертность,data (32).xls,"Младенческая смертность на 1 тыс. родившихся живыми (оперативные данные) (промилле (0,1 процента))",2025.0,накопительно с января,январь-декабрь,2025-12-31,"промилле (0,1 процента)",3.8,08.04.2026,complete_year,True,
90,Запорожская область,ЗАП,Новые регионы / Южный макрорегион,9,9,True,,,,,,,,,,,,,complete_year,False,Нет данных в переданной выгрузке ЕМИСС для выбранного периода/показателя
91,Республика Крым,КРЫ,Южный федеральный округ,5,9,True,Республика Крым,2.14.Я3.3,Младенческая смертность,data (32).xls,"Младенческая смертность на 1 тыс. родившихся живыми (оперативные данные) (промилле (0,1 процента))",2025.0,накопительно с января,январь-декабрь,2025-12-31,"промилле (0,1 процента)",4.1,08.04.2026,complete_year,True,
92,Севастополь,СЕВ,Южный федеральный округ,6,9,True,Город федерального значения Севастополь,2.14.Я3.3,Младенческая смертность,data (32).xls,"Младенческая смертность на 1 тыс. родившихся живыми (оперативные данные) (промилле (0,1 процента))",2025.0,накопительно с января,январь-декабрь,2025-12-31,"промилле (0,1 процента)",1.8,08.04.2026,complete_year,True,
93,Донецкая Народная Республика,ДНР,Новые регионы / Южный макрорегион,7,9,True,,,,,,,,,,,,,complete_year,False,Нет данных в переданной выгрузке ЕМИСС для выбранного периода/показателя
94,Луганская Народная Республика,ЛНР,Новые регионы / Южный макрорегион,8,9,True,,,,,,,,,,,,,complete_year,False,Нет данных в переданной выгрузке ЕМИСС для выбранного периода/показателя
95,Херсонская область,ХЕР,Новые регионы / Южный макрорегион,10,9,True,,,,,,,,,,,,,complete_year,False,Нет данных в переданной выгрузке ЕМИСС для выбранного периода/показателя
01,Республика Адыгея,АД,Южный федеральный округ,4,9,True,Республика Адыгея (Адыгея),2.14.Я3.4,"Доля взятых под диспансерное наблюдение детей в возрасте 0–17 лет с впервые в жизни установленными диагнозами, от общего проведения профилактических медицинских осмотров",data (33).xls,Доля взятых под диспансерное наблюдение детей в возрасте 0–17 лет с впервые в жизни установленными диагнозами по результатам проведения профилактических медицинских осмотров,2025.0,месяц,декабрь,2025-12-31,процент,94.32,07.04.2026,complete_year,True,
02,Республика Башкортостан,БА,Приволжский федеральный округ,13,7,True,Республика Башкортостан,2.14.Я3.4,"Доля взятых под диспансерное наблюдение детей в возрасте 0–17 лет с впервые в жизни установленными диагнозами, от общего проведения профилактических медицинских осмотров",data (33).xls,Доля взятых под диспансерное наблюдение детей в возрасте 0–17 лет с впервые в жизни установленными диагнозами по результатам проведения профилактических медицинских осмотров,2025.0,месяц,декабрь,2025-12-31,процент,82.18,07.04.2026,complete_year,True,
03,Республика Бурятия,БУР,Дальневосточный федеральный округ,23,3,True,Республика Бурятия,2.14.Я3.4,"Доля взятых под диспансерное наблюдение детей в возрасте 0–17 лет с впервые в жизни установленными диагнозами, от общего проведения профилактических медицинских осмотров",data (33).xls,Доля взятых под диспансерное наблюдение детей в возрасте 0–17 лет с впервые в жизни установленными диагнозами по результатам проведения профилактических медицинских осмотров,2025.0,месяц,декабрь,2025-12-31,процент,88.82,07.04.2026,complete_year,True,
04,Республика Алтай,АЛР,Сибирский федеральный округ,19,6,True,Республика Алтай,2.14.Я3.4,"Доля взятых под диспансерное наблюдение детей в возрасте 0–17 лет с впервые в жизни установленными диагнозами, от общего проведения профилактических медицинских осмотров",data (33).xls,Доля взятых под диспансерное наблюдение детей в возрасте 0–17 лет с впервые в жизни установленными диагнозами по результатам проведения профилактических медицинских осмотров,2025.0,месяц,декабрь,2025-12-31,процент,100.0,07.04.2026,complete_year,True,
05,Республика Дагестан,ДАГ,Северо-Кавказский федеральный округ,9,12,True,Республика Дагестан,2.14.Я3.4,"Доля взятых под диспансерное наблюдение детей в возрасте 0–17 лет с впервые в жизни установленными диагнозами, от общего проведения профилактических медицинских осмотров",data (33).xls,Доля взятых под диспансерное наблюдение детей в возрасте 0–17 лет с впервые в жизни установленными диагнозами по результатам проведения профилактических медицинских осмотров,2025.0,месяц,декабрь,2025-12-31,процент,59.09,07.04.2026,complete_year,True,
06,Республика Ингушетия,ИНГ,Северо-Кавказский федеральный округ,7,12,True,Республика Ингушетия,2.14.Я3.4,"Доля взятых под диспансерное наблюдение детей в возрасте 0–17 лет с впервые в жизни установленными диагнозами, от общего проведения профилактических медицинских осмотров",data (33).xls,Доля взятых под диспансерное наблюдение детей в возрасте 0–17 лет с впервые в жизни установленными диагнозами по результатам проведения профилактических медицинских осмотров,2025.0,месяц,декабрь,2025-12-31,процент,83.85,07.04.2026,complete_year,True,
07,Кабардино-Балкарская Республика,КБР,Северо-Кавказский федеральный округ,9,11,True,Кабардино-Балкарская Республика,2.14.Я3.4,"Доля взятых под диспансерное наблюдение детей в возрасте 0–17 лет с впервые в жизни установленными диагнозами, от общего проведения профилактических медицинских осмотров",data (33).xls,Доля взятых под диспансерное наблюдение детей в возрасте 0–17 лет с впервые в жизни установленными диагнозами по результатам проведения профилактических медицинских осмотров,2025.0,месяц,декабрь,2025-12-31,процент,100.0,07.04.2026,complete_year,True,
08,Республика Калмыкия,КАЛ,Южный федеральный округ,6,8,True,Республика Калмыкия,2.14.Я3.4,"Доля взятых под диспансерное наблюдение детей в возрасте 0–17 лет с впервые в жизни установленными диагнозами, от общего проведения профилактических медицинских осмотров",data (33).xls,Доля взятых под диспансерное наблюдение детей в возрасте 0–17 лет с впервые в жизни установленными диагнозами по результатам проведения профилактических медицинских осмотров,2025.0,месяц,декабрь,2025-12-31,процент,81.84,07.04.2026,complete_year,True,
09,Карачаево-Черкесская Республика,КЧР,Северо-Кавказский федеральный округ,8,11,True,Карачаево-Черкесская Республика,2.14.Я3.4,"Доля взятых под диспансерное наблюдение детей в возрасте 0–17 лет с впервые в жизни установленными диагнозами, от общего проведения профилактических медицинских осмотров",data (33).xls,Доля взятых под диспансерное наблюдение детей в возрасте 0–17 лет с впервые в жизни установленными диагнозами по результатам проведения профилактических медицинских осмотров,2025.0,месяц,декабрь,2025-12-31,процент,414.35,07.04.2026,complete_year,True,
10,Республика Карелия,КАР,Северо-Западный федеральный округ,1,0,True,Республика Карелия,2.14.Я3.4,"Доля взятых под диспансерное наблюдение детей в возрасте 0–17 лет с впервые в жизни установленными диагнозами, от общего проведения профилактических медицинских осмотров",data (33).xls,Доля взятых под диспансерное наблюдение детей в возрасте 0–17 лет с впервые в жизни установленными диагнозами по результатам проведения профилактических медицинских осмотров,2025.0,месяц,декабрь,2025-12-31,процент,80.65,07.04.2026,complete_year,True,
11,Республика Коми,КОМ,Северо-Западный федеральный округ,2,2,True,Республика Коми,2.14.Я3.4,"Доля взятых под диспансерное наблюдение детей в возрасте 0–17 лет с впервые в жизни установленными диагнозами, от общего проведения профилактических медицинских осмотров",data (33).xls,Доля взятых под диспансерное наблюдение детей в возрасте 0–17 лет с впервые в жизни установленными диагнозами по результатам проведения профилактических медицинских осмотров,2025.0,месяц,декабрь,2025-12-31,процент,88.25,07.04.2026,complete_year,True,
12,Республика Марий Эл,МЭ,Приволжский федеральный округ,10,6,True,Республика Марий Эл,2.14.Я3.4,"Доля взятых под диспансерное наблюдение детей в возрасте 0–17 лет с впервые в жизни установленными диагнозами, от общего проведения профилактических медицинских осмотров",data (33).xls,Доля взятых под диспансерное наблюдение детей в возрасте 0–17 лет с впервые в жизни установленными диагнозами по результатам проведения профилактических медицинских осмотров,2025.0,месяц,декабрь,2025-12-31,процент,84.62,07.04.2026,complete_year,True,
13,Республика Мордовия,МОР,Приволжский федеральный округ,12,6,True,Республика Мордовия,2.14.Я3.4,"Доля взятых под диспансерное наблюдение детей в возрасте 0–17 лет с впервые в жизни установленными диагнозами, от общего проведения профилактических медицинских осмотров",data (33).xls,Доля взятых под диспансерное наблюдение детей в возрасте 0–17 лет с впервые в жизни установленными диагнозами по результатам проведения профилактических медицинских осмотров,2025.0,месяц,декабрь,2025-12-31,процент,85.62,07.04.2026,complete_year,True,
14,Республика Саха (Якутия),ЯКТ,Дальневосточный федеральный округ,22,2,True,Республика Саха (Якутия),2.14.Я3.4,"Доля взятых под диспансерное наблюдение детей в возрасте 0–17 лет с впервые в жизни установленными диагнозами, от общего проведения профилактических медицинских осмотров",data (33).xls,Доля взятых под диспансерное наблюдение детей в возрасте 0–17 лет с впервые в жизни установленными диагнозами по результатам проведения профилактических медицинских осмотров,2025.0,месяц,декабрь,2025-12-31,процент,87.98,07.04.2026,complete_year,True,
15,Республика Северная Осетия - Алания,СОА,Северо-Кавказский федеральный округ,10,11,True,Республика Северная Осетия - Алания,2.14.Я3.4,"Доля взятых под диспансерное наблюдение детей в возрасте 0–17 лет с впервые в жизни установленными диагнозами, от общего проведения профилактических медицинских осмотров",data (33).xls,Доля взятых под диспансерное наблюдение детей в возрасте 0–17 лет с впервые в жизни установленными диагнозами по результатам проведения профилактических медицинских осмотров,2025.0,месяц,декабрь,2025-12-31,процент,104.89,07.04.2026,complete_year,True,
16,Республика Татарстан,ТАТ,Приволжский федеральный округ,14,5,True,Республика Татарстан (Татарстан),2.14.Я3.4,"Доля взятых под диспансерное наблюдение детей в возрасте 0–17 лет с впервые в жизни установленными диагнозами, от общего проведения профилактических медицинских осмотров",data (33).xls,Доля взятых под диспансерное наблюдение детей в возрасте 0–17 лет с впервые в жизни установленными диагнозами по результатам проведения профилактических медицинских осмотров,2025.0,месяц,декабрь,2025-12-31,процент,123.58,07.04.2026,complete_year,True,
17,Республика Тыва,ТЫВ,Сибирский федеральный округ,19,7,True,Республика Тыва,2.14.Я3.4,"Доля взятых под диспансерное наблюдение детей в возрасте 0–17 лет с впервые в жизни установленными диагнозами, от общего проведения профилактических медицинских осмотров",data (33).xls,Доля взятых под диспансерное наблюдение детей в возрасте 0–17 лет с впервые в жизни установленными диагнозами по результатам проведения профилактических медицинских осмотров,2025.0,месяц,декабрь,2025-12-31,процент,91.82,07.04.2026,complete_year,True,
18,Удмуртская Республика,УДМ,Приволжский федеральный округ,13,5,True,Удмуртская Республика,2.14.Я3.4,"Доля взятых под диспансерное наблюдение детей в возрасте 0–17 лет с впервые в жизни установленными диагнозами, от общего проведения профилактических медицинских осмотров",data (33).xls,Доля взятых под диспансерное наблюдение детей в возрасте 0–17 лет с впервые в жизни установленными диагнозами по результатам проведения профилактических медицинских осмотров,2025.0,месяц,декабрь,2025-12-31,процент,98.7,07.04.2026,complete_year,True,
19,Республика Хакасия,ХАК,Сибирский федеральный округ,20,6,True,Республика Хакасия,2.14.Я3.4,"Доля взятых под диспансерное наблюдение детей в возрасте 0–17 лет с впервые в жизни установленными диагнозами, от общего проведения профилактических медицинских осмотров",data (33).xls,Доля взятых под диспансерное наблюдение детей в возрасте 0–17 лет с впервые в жизни установленными диагнозами по результатам проведения профилактических медицинских осмотров,2025.0,месяц,декабрь,2025-12-31,процент,85.22,07.04.2026,complete_year,True,
20,Чеченская Республика,ЧЕЧ,Северо-Кавказский федеральный округ,8,12,True,Чеченская Республика,2.14.Я3.4,"Доля взятых под диспансерное наблюдение детей в возрасте 0–17 лет с впервые в жизни установленными диагнозами, от общего проведения профилактических медицинских осмотров",data (33).xls,Доля взятых под диспансерное наблюдение детей в возрасте 0–17 лет с впервые в жизни установленными диагнозами по результатам проведения профилактических медицинских осмотров,2025.0,месяц,декабрь,2025-12-31,процент,92.28,07.04.2026,complete_year,True,
21,Чувашская Республика - Чувашия,ЧУВ,Приволжский федеральный округ,11,6,True,Чувашская Республика - Чувашия,2.14.Я3.4,"Доля взятых под диспансерное наблюдение детей в возрасте 0–17 лет с впервые в жизни установленными диагнозами, от общего проведения профилактических медицинских осмотров",data (33).xls,Доля взятых под диспансерное наблюдение детей в возрасте 0–17 лет с впервые в жизни установленными диагнозами по результатам проведения профилактических медицинских осмотров,2025.0,месяц,декабрь,2025-12-31,процент,97.0,07.04.2026,complete_year,True,
22,Алтайский край,АЛК,Сибирский федеральный округ,18,6,True,Алтайский край,2.14.Я3.4,"Доля взятых под диспансерное наблюдение детей в возрасте 0–17 лет с впервые в жизни установленными диагнозами, от общего проведения профилактических медицинских осмотров",data (33).xls,Доля взятых под диспансерное наблюдение детей в возрасте 0–17 лет с впервые в жизни установленными диагнозами по результатам проведения профилактических медицинских осмотров,2025.0,месяц,декабрь,2025-12-31,процент,99.5,07.04.2026,complete_year,True,
23,Краснодарский край,КДР,Южный федеральный округ,3,9,True,Краснодарский край,2.14.Я3.4,"Доля взятых под диспансерное наблюдение детей в возрасте 0–17 лет с впервые в жизни установленными диагнозами, от общего проведения профилактических медицинских осмотров",data (33).xls,Доля взятых под диспансерное наблюдение детей в возрасте 0–17 лет с впервые в жизни установленными диагнозами по результатам проведения профилактических медицинских осмотров,2025.0,месяц,декабрь,2025-12-31,процент,93.37,07.04.2026,complete_year,True,
24,Красноярский край,КРЯ,Сибирский федеральный округ,21,6,True,Красноярский край,2.14.Я3.4,"Доля взятых под диспансерное наблюдение детей в возрасте 0–17 лет с впервые в жизни установленными диагнозами, от общего проведения профилактических медицинских осмотров",data (33).xls,Доля взятых под диспансерное наблюдение детей в возрасте 0–17 лет с впервые в жизни установленными диагнозами по результатам проведения профилактических медицинских осмотров,2025.0,месяц,декабрь,2025-12-31,процент,83.22,07.04.2026,complete_year,True,
25,Приморский край,ПРИ,Дальневосточный федеральный округ,23,4,True,Приморский край,2.14.Я3.4,"Доля взятых под диспансерное наблюдение детей в возрасте 0–17 лет с впервые в жизни установленными диагнозами, от общего проведения профилактических медицинских осмотров",data (33).xls,Доля взятых под диспансерное наблюдение детей в возрасте 0–17 лет с впервые в жизни установленными диагнозами по результатам проведения профилактических медицинских осмотров,2025.0,месяц,декабрь,2025-12-31,процент,95.29,07.04.2026,complete_year,True,
26,Ставропольский край,СТА,Северо-Кавказский федеральный округ,7,11,True,Ставропольский край,2.14.Я3.4,"Доля взятых под диспансерное наблюдение детей в возрасте 0–17 лет с впервые в жизни установленными диагнозами, от общего проведения профилактических медицинских осмотров",data (33).xls,Доля взятых под диспансерное наблюдение детей в возрасте 0–17 лет с впервые в жизни установленными диагнозами по результатам проведения профилактических медицинских осмотров,2025.0,месяц,декабрь,2025-12-31,процент,96.76,07.04.2026,complete_year,True,
27,Хабаровский край,ХАБ,Дальневосточный федеральный округ,22,4,True,Хабаровский край,2.14.Я3.4,"Доля взятых под диспансерное наблюдение детей в возрасте 0–17 лет с впервые в жизни установленными диагнозами, от общего проведения профилактических медицинских осмотров",data (33).xls,Доля взятых под диспансерное наблюдение детей в возрасте 0–17 лет с впервые в жизни установленными диагнозами по результатам проведения профилактических медицинских осмотров,2025.0,месяц,декабрь,2025-12-31,процент,97.28,07.04.2026,complete_year,True,
28,Амурская область,АМУ,Дальневосточный федеральный округ,24,3,True,Амурская область,2.14.Я3.4,"Доля взятых под диспансерное наблюдение детей в возрасте 0–17 лет с впервые в жизни установленными диагнозами, от общего проведения профилактических медицинских осмотров",data (33).xls,Доля взятых под диспансерное наблюдение детей в возрасте 0–17 лет с впервые в жизни установленными диагнозами по результатам проведения профилактических медицинских осмотров,2025.0,месяц,декабрь,2025-12-31,процент,86.43,07.04.2026,complete_year,True,
29,Архангельская область,АРХ,Северо-Западный федеральный округ,2,0,True,Архангельская область,2.14.Я3.4,"Доля взятых под диспансерное наблюдение детей в возрасте 0–17 лет с впервые в жизни установленными диагнозами, от общего проведения профилактических медицинских осмотров",data (33).xls,Доля взятых под диспансерное наблюдение детей в возрасте 0–17 лет с впервые в жизни установленными диагнозами по результатам проведения профилактических медицинских осмотров,2025.0,месяц,декабрь,2025-12-31,процент,94.6,07.04.2026,complete_year,True,
30,Астраханская область,АСТ,Южный федеральный округ,5,8,True,Астраханская область,2.14.Я3.4,"Доля взятых под диспансерное наблюдение детей в возрасте 0–17 лет с впервые в жизни установленными диагнозами, от общего проведения профилактических медицинских осмотров",data (33).xls,Доля взятых под диспансерное наблюдение детей в возрасте 0–17 лет с впервые в жизни установленными диагнозами по результатам проведения профилактических медицинских осмотров,2025.0,месяц,декабрь,2025-12-31,процент,92.78,07.04.2026,complete_year,True,
31,Белгородская область,БЕЛ,Центральный федеральный округ,8,5,True,Белгородская область,2.14.Я3.4,"Доля взятых под диспансерное наблюдение детей в возрасте 0–17 лет с впервые в жизни установленными диагнозами, от общего проведения профилактических медицинских осмотров",data (33).xls,Доля взятых под диспансерное наблюдение детей в возрасте 0–17 лет с впервые в жизни установленными диагнозами по результатам проведения профилактических медицинских осмотров,2025.0,месяц,декабрь,2025-12-31,процент,92.31,07.04.2026,complete_year,True,
32,Брянская область,БРЯ,Центральный федеральный округ,8,4,True,Брянская область,2.14.Я3.4,"Доля взятых под диспансерное наблюдение детей в возрасте 0–17 лет с впервые в жизни установленными диагнозами, от общего проведения профилактических медицинских осмотров",data (33).xls,Доля взятых под диспансерное наблюдение детей в возрасте 0–17 лет с впервые в жизни установленными диагнозами по результатам проведения профилактических медицинских осмотров,2025.0,месяц,декабрь,2025-12-31,процент,99.5,07.04.2026,complete_year,True,
33,Владимирская область,ВЛД,Центральный федеральный округ,6,4,True,Владимирская область,2.14.Я3.4,"Доля взятых под диспансерное наблюдение детей в возрасте 0–17 лет с впервые в жизни установленными диагнозами, от общего проведения профилактических медицинских осмотров",data (33).xls,Доля взятых под диспансерное наблюдение детей в возрасте 0–17 лет с впервые в жизни установленными диагнозами по результатам проведения профилактических медицинских осмотров,2025.0,месяц,декабрь,2025-12-31,процент,81.15,07.04.2026,complete_year,True,
34,Волгоградская область,ВГГ,Южный федеральный округ,4,8,True,Волгоградская область,2.14.Я3.4,"Доля взятых под диспансерное наблюдение детей в возрасте 0–17 лет с впервые в жизни установленными диагнозами, от общего проведения профилактических медицинских осмотров",data (33).xls,Доля взятых под диспансерное наблюдение детей в возрасте 0–17 лет с впервые в жизни установленными диагнозами по результатам проведения профилактических медицинских осмотров,2025.0,месяц,декабрь,2025-12-31,процент,91.85,07.04.2026,complete_year,True,
35,Вологодская область,ВОЛ,Северо-Западный федеральный округ,1,2,True,Вологодская область,2.14.Я3.4,"Доля взятых под диспансерное наблюдение детей в возрасте 0–17 лет с впервые в жизни установленными диагнозами, от общего проведения профилактических медицинских осмотров",data (33).xls,Доля взятых под диспансерное наблюдение детей в возрасте 0–17 лет с впервые в жизни установленными диагнозами по результатам проведения профилактических медицинских осмотров,2025.0,месяц,декабрь,2025-12-31,процент,86.98,07.04.2026,complete_year,True,
36,Воронежская область,ВРН,Центральный федеральный округ,9,5,True,Воронежская область,2.14.Я3.4,"Доля взятых под диспансерное наблюдение детей в возрасте 0–17 лет с впервые в жизни установленными диагнозами, от общего проведения профилактических медицинских осмотров",data (33).xls,Доля взятых под диспансерное наблюдение детей в возрасте 0–17 лет с впервые в жизни установленными диагнозами по результатам проведения профилактических медицинских осмотров,2025.0,месяц,декабрь,2025-12-31,процент,92.5,07.04.2026,complete_year,True,
37,Ивановская область,ИВН,Центральный федеральный округ,7,4,True,Ивановская область,2.14.Я3.4,"Доля взятых под диспансерное наблюдение детей в возрасте 0–17 лет с впервые в жизни установленными диагнозами, от общего проведения профилактических медицинских осмотров",data (33).xls,Доля взятых под диспансерное наблюдение детей в возрасте 0–17 лет с впервые в жизни установленными диагнозами по результатам проведения профилактических медицинских осмотров,2025.0,месяц,декабрь,2025-12-31,процент,67.46,07.04.2026,complete_year,True,
38,Иркутская область,ИРК,Сибирский федеральный округ,18,7,True,Иркутская область,2.14.Я3.4,"Доля взятых под диспансерное наблюдение детей в возрасте 0–17 лет с впервые в жизни установленными диагнозами, от общего проведения профилактических медицинских осмотров",data (33).xls,Доля взятых под диспансерное наблюдение детей в возрасте 0–17 лет с впервые в жизни установленными диагнозами по результатам проведения профилактических медицинских осмотров,2025.0,месяц,декабрь,2025-12-31,процент,92.08,07.04.2026,complete_year,True,
39,Калининградская область,КГД,Северо-Западный федеральный округ,0,1,True,Калининградская область,2.14.Я3.4,"Доля взятых под диспансерное наблюдение детей в возрасте 0–17 лет с впервые в жизни установленными диагнозами, от общего проведения профилактических медицинских осмотров",data (33).xls,Доля взятых под диспансерное наблюдение детей в возрасте 0–17 лет с впервые в жизни установленными диагнозами по результатам проведения профилактических медицинских осмотров,2025.0,месяц,декабрь,2025-12-31,процент,96.89,07.04.2026,complete_year,True,
40,Калужская область,КЛЖ,Центральный федеральный округ,4,4,True,Калужская область,2.14.Я3.4,"Доля взятых под диспансерное наблюдение детей в возрасте 0–17 лет с впервые в жизни установленными диагнозами, от общего проведения профилактических медицинских осмотров",data (33).xls,Доля взятых под диспансерное наблюдение детей в возрасте 0–17 лет с впервые в жизни установленными диагнозами по результатам проведения профилактических медицинских осмотров,2025.0,месяц,декабрь,2025-12-31,процент,75.44,07.04.2026,complete_year,True,
41,Камчатский край,КАМ,Дальневосточный федеральный округ,24,2,True,Камчатский край,2.14.Я3.4,"Доля взятых под диспансерное наблюдение детей в возрасте 0–17 лет с впервые в жизни установленными диагнозами, от общего проведения профилактических медицинских осмотров",data (33).xls,Доля взятых под диспансерное наблюдение детей в возрасте 0–17 лет с впервые в жизни установленными диагнозами по результатам проведения профилактических медицинских осмотров,2025.0,месяц,декабрь,2025-12-31,процент,89.57,07.04.2026,complete_year,True,
42,Кемеровская область - Кузбасс,КЕМ,Сибирский федеральный округ,21,5,True,Кемеровская область - Кузбасс,2.14.Я3.4,"Доля взятых под диспансерное наблюдение детей в возрасте 0–17 лет с впервые в жизни установленными диагнозами, от общего проведения профилактических медицинских осмотров",data (33).xls,Доля взятых под диспансерное наблюдение детей в возрасте 0–17 лет с впервые в жизни установленными диагнозами по результатам проведения профилактических медицинских осмотров,2025.0,месяц,декабрь,2025-12-31,процент,89.41,07.04.2026,complete_year,True,
43,Кировская область,КИР,Приволжский федеральный округ,11,5,True,Кировская область,2.14.Я3.4,"Доля взятых под диспансерное наблюдение детей в возрасте 0–17 лет с впервые в жизни установленными диагнозами, от общего проведения профилактических медицинских осмотров",data (33).xls,Доля взятых под диспансерное наблюдение детей в возрасте 0–17 лет с впервые в жизни установленными диагнозами по результатам проведения профилактических медицинских осмотров,2025.0,месяц,декабрь,2025-12-31,процент,94.56,07.04.2026,complete_year,True,
44,Костромская область,КОС,Центральный федеральный округ,6,3,True,Костромская область,2.14.Я3.4,"Доля взятых под диспансерное наблюдение детей в возрасте 0–17 лет с впервые в жизни установленными диагнозами, от общего проведения профилактических медицинских осмотров",data (33).xls,Доля взятых под диспансерное наблюдение детей в возрасте 0–17 лет с впервые в жизни установленными диагнозами по результатам проведения профилактических медицинских осмотров,2025.0,месяц,декабрь,2025-12-31,процент,174.39,07.04.2026,complete_year,True,
45,Курганская область,КУРГ,Уральский федеральный округ,15,6,True,Курганская область,2.14.Я3.4,"Доля взятых под диспансерное наблюдение детей в возрасте 0–17 лет с впервые в жизни установленными диагнозами, от общего проведения профилактических медицинских осмотров",data (33).xls,Доля взятых под диспансерное наблюдение детей в возрасте 0–17 лет с впервые в жизни установленными диагнозами по результатам проведения профилактических медицинских осмотров,2025.0,месяц,декабрь,2025-12-31,процент,112.27,07.04.2026,complete_year,True,
46,Курская область,КУР,Центральный федеральный округ,5,5,True,Курская область,2.14.Я3.4,"Доля взятых под диспансерное наблюдение детей в возрасте 0–17 лет с впервые в жизни установленными диагнозами, от общего проведения профилактических медицинских осмотров",data (33).xls,Доля взятых под диспансерное наблюдение детей в возрасте 0–17 лет с впервые в жизни установленными диагнозами по результатам проведения профилактических медицинских осмотров,2025.0,месяц,декабрь,2025-12-31,процент,88.58,07.04.2026,complete_year,True,
47,Ленинградская область,ЛЕН,Северо-Западный федеральный округ,2,1,True,Ленинградская область,2.14.Я3.4,"Доля взятых под диспансерное наблюдение детей в возрасте 0–17 лет с впервые в жизни установленными диагнозами, от общего проведения профилактических медицинских осмотров",data (33).xls,Доля взятых под диспансерное наблюдение детей в возрасте 0–17 лет с впервые в жизни установленными диагнозами по результатам проведения профилактических медицинских осмотров,2025.0,месяц,декабрь,2025-12-31,процент,91.77,07.04.2026,complete_year,True,
48,Липецкая область,ЛИП,Центральный федеральный округ,6,5,True,Липецкая область,2.14.Я3.4,"Доля взятых под диспансерное наблюдение детей в возрасте 0–17 лет с впервые в жизни установленными диагнозами, от общего проведения профилактических медицинских осмотров",data (33).xls,Доля взятых под диспансерное наблюдение детей в возрасте 0–17 лет с впервые в жизни установленными диагнозами по результатам проведения профилактических медицинских осмотров,2025.0,месяц,декабрь,2025-12-31,процент,93.24,07.04.2026,complete_year,True,
49,Магаданская область,МАГ,Дальневосточный федеральный округ,25,2,True,Магаданская область,2.14.Я3.4,"Доля взятых под диспансерное наблюдение детей в возрасте 0–17 лет с впервые в жизни установленными диагнозами, от общего проведения профилактических медицинских осмотров",data (33).xls,Доля взятых под диспансерное наблюдение детей в возрасте 0–17 лет с впервые в жизни установленными диагнозами по результатам проведения профилактических медицинских осмотров,2025.0,месяц,декабрь,2025-12-31,процент,167.77,07.04.2026,complete_year,True,
50,Московская область,МОСО,Центральный федеральный округ,8,3,True,Московская область,2.14.Я3.4,"Доля взятых под диспансерное наблюдение детей в возрасте 0–17 лет с впервые в жизни установленными диагнозами, от общего проведения профилактических медицинских осмотров",data (33).xls,Доля взятых под диспансерное наблюдение детей в возрасте 0–17 лет с впервые в жизни установленными диагнозами по результатам проведения профилактических медицинских осмотров,2025.0,месяц,декабрь,2025-12-31,процент,98.96,07.04.2026,complete_year,True,
51,Мурманская область,МУР,Северо-Западный федеральный округ,0,0,True,Мурманская область,2.14.Я3.4,"Доля взятых под диспансерное наблюдение детей в возрасте 0–17 лет с впервые в жизни установленными диагнозами, от общего проведения профилактических медицинских осмотров",data (33).xls,Доля взятых под диспансерное наблюдение детей в возрасте 0–17 лет с впервые в жизни установленными диагнозами по результатам проведения профилактических медицинских осмотров,2025.0,месяц,декабрь,2025-12-31,процент,81.89,07.04.2026,complete_year,True,
52,Нижегородская область,НИЖ,Приволжский федеральный округ,10,5,True,Нижегородская область,2.14.Я3.4,"Доля взятых под диспансерное наблюдение детей в возрасте 0–17 лет с впервые в жизни установленными диагнозами, от общего проведения профилактических медицинских осмотров",data (33).xls,Доля взятых под диспансерное наблюдение детей в возрасте 0–17 лет с впервые в жизни установленными диагнозами по результатам проведения профилактических медицинских осмотров,2025.0,месяц,декабрь,2025-12-31,процент,93.25,07.04.2026,complete_year,True,
53,Новгородская область,НВГ,Северо-Западный федеральный округ,3,1,True,Новгородская область,2.14.Я3.4,"Доля взятых под диспансерное наблюдение детей в возрасте 0–17 лет с впервые в жизни установленными диагнозами, от общего проведения профилактических медицинских осмотров",data (33).xls,Доля взятых под диспансерное наблюдение детей в возрасте 0–17 лет с впервые в жизни установленными диагнозами по результатам проведения профилактических медицинских осмотров,2025.0,месяц,декабрь,2025-12-31,процент,97.17,07.04.2026,complete_year,True,
54,Новосибирская область,НСО,Сибирский федеральный округ,19,5,True,Новосибирская область,2.14.Я3.4,"Доля взятых под диспансерное наблюдение детей в возрасте 0–17 лет с впервые в жизни установленными диагнозами, от общего проведения профилактических медицинских осмотров",data (33).xls,Доля взятых под диспансерное наблюдение детей в возрасте 0–17 лет с впервые в жизни установленными диагнозами по результатам проведения профилактических медицинских осмотров,2025.0,месяц,декабрь,2025-12-31,процент,87.09,07.04.2026,complete_year,True,
55,Омская область,ОМС,Сибирский федеральный округ,18,5,True,Омская область,2.14.Я3.4,"Доля взятых под диспансерное наблюдение детей в возрасте 0–17 лет с впервые в жизни установленными диагнозами, от общего проведения профилактических медицинских осмотров",data (33).xls,Доля взятых под диспансерное наблюдение детей в возрасте 0–17 лет с впервые в жизни установленными диагнозами по результатам проведения профилактических медицинских осмотров,2025.0,месяц,декабрь,2025-12-31,процент,95.73,07.04.2026,complete_year,True,
56,Оренбургская область,ОРЕ,Приволжский федеральный округ,12,7,True,Оренбургская область,2.14.Я3.4,"Доля взятых под диспансерное наблюдение детей в возрасте 0–17 лет с впервые в жизни установленными диагнозами, от общего проведения профилактических медицинских осмотров",data (33).xls,Доля взятых под диспансерное наблюдение детей в возрасте 0–17 лет с впервые в жизни установленными диагнозами по результатам проведения профилактических медицинских осмотров,2025.0,месяц,декабрь,2025-12-31,процент,94.85,07.04.2026,complete_year,True,
57,Орловская область,ОРЛ,Центральный федеральный округ,9,4,True,Орловская область,2.14.Я3.4,"Доля взятых под диспансерное наблюдение детей в возрасте 0–17 лет с впервые в жизни установленными диагнозами, от общего проведения профилактических медицинских осмотров",data (33).xls,Доля взятых под диспансерное наблюдение детей в возрасте 0–17 лет с впервые в жизни установленными диагнозами по результатам проведения профилактических медицинских осмотров,2025.0,месяц,декабрь,2025-12-31,процент,170.0,07.04.2026,complete_year,True,
58,Пензенская область,ПЕН,Приволжский федеральный округ,13,6,True,Пензенская область,2.14.Я3.4,"Доля взятых под диспансерное наблюдение детей в возрасте 0–17 лет с впервые в жизни установленными диагнозами, от общего проведения профилактических медицинских осмотров",data (33).xls,Доля взятых под диспансерное наблюдение детей в возрасте 0–17 лет с впервые в жизни установленными диагнозами по результатам проведения профилактических медицинских осмотров,2025.0,месяц,декабрь,2025-12-31,процент,97.44,07.04.2026,complete_year,True,
59,Пермский край,ПЕР,Приволжский федеральный округ,12,5,True,Пермский край,2.14.Я3.4,"Доля взятых под диспансерное наблюдение детей в возрасте 0–17 лет с впервые в жизни установленными диагнозами, от общего проведения профилактических медицинских осмотров",data (33).xls,Доля взятых под диспансерное наблюдение детей в возрасте 0–17 лет с впервые в жизни установленными диагнозами по результатам проведения профилактических медицинских осмотров,2025.0,месяц,декабрь,2025-12-31,процент,87.75,07.04.2026,complete_year,True,
60,Псковская область,ПСК,Северо-Западный федеральный округ,0,2,True,Псковская область,2.14.Я3.4,"Доля взятых под диспансерное наблюдение детей в возрасте 0–17 лет с впервые в жизни установленными диагнозами, от общего проведения профилактических медицинских осмотров",data (33).xls,Доля взятых под диспансерное наблюдение детей в возрасте 0–17 лет с впервые в жизни установленными диагнозами по результатам проведения профилактических медицинских осмотров,2025.0,месяц,декабрь,2025-12-31,процент,80.58,07.04.2026,complete_year,True,
61,Ростовская область,РОС,Южный федеральный округ,3,8,True,Ростовская область,2.14.Я3.4,"Доля взятых под диспансерное наблюдение детей в возрасте 0–17 лет с впервые в жизни установленными диагнозами, от общего проведения профилактических медицинских осмотров",data (33).xls,Доля взятых под диспансерное наблюдение детей в возрасте 0–17 лет с впервые в жизни установленными диагнозами по результатам проведения профилактических медицинских осмотров,2025.0,месяц,декабрь,2025-12-31,процент,94.24,07.04.2026,complete_year,True,
62,Рязанская область,РЯЗ,Центральный федеральный округ,4,5,True,Рязанская область,2.14.Я3.4,"Доля взятых под диспансерное наблюдение детей в возрасте 0–17 лет с впервые в жизни установленными диагнозами, от общего проведения профилактических медицинских осмотров",data (33).xls,Доля взятых под диспансерное наблюдение детей в возрасте 0–17 лет с впервые в жизни установленными диагнозами по результатам проведения профилактических медицинских осмотров,2025.0,месяц,декабрь,2025-12-31,процент,89.19,07.04.2026,complete_year,True,
63,Самарская область,САМ,Приволжский федеральный округ,10,7,True,Самарская область,2.14.Я3.4,"Доля взятых под диспансерное наблюдение детей в возрасте 0–17 лет с впервые в жизни установленными диагнозами, от общего проведения профилактических медицинских осмотров",data (33).xls,Доля взятых под диспансерное наблюдение детей в возрасте 0–17 лет с впервые в жизни установленными диагнозами по результатам проведения профилактических медицинских осмотров,2025.0,месяц,декабрь,2025-12-31,процент,93.32,07.04.2026,complete_year,True,
64,Саратовская область,САР,Приволжский федеральный округ,11,7,True,Саратовская область,2.14.Я3.4,"Доля взятых под диспансерное наблюдение детей в возрасте 0–17 лет с впервые в жизни установленными диагнозами, от общего проведения профилактических медицинских осмотров",data (33).xls,Доля взятых под диспансерное наблюдение детей в возрасте 0–17 лет с впервые в жизни установленными диагнозами по результатам проведения профилактических медицинских осмотров,2025.0,месяц,декабрь,2025-12-31,процент,94.22,07.04.2026,complete_year,True,
65,Сахалинская область,САХ,Дальневосточный федеральный округ,24,4,True,Сахалинская область,2.14.Я3.4,"Доля взятых под диспансерное наблюдение детей в возрасте 0–17 лет с впервые в жизни установленными диагнозами, от общего проведения профилактических медицинских осмотров",data (33).xls,Доля взятых под диспансерное наблюдение детей в возрасте 0–17 лет с впервые в жизни установленными диагнозами по результатам проведения профилактических медицинских осмотров,2025.0,месяц,декабрь,2025-12-31,процент,100.0,07.04.2026,complete_year,True,
66,Свердловская область,СВР,Уральский федеральный округ,15,5,True,Свердловская область,2.14.Я3.4,"Доля взятых под диспансерное наблюдение детей в возрасте 0–17 лет с впервые в жизни установленными диагнозами, от общего проведения профилактических медицинских осмотров",data (33).xls,Доля взятых под диспансерное наблюдение детей в возрасте 0–17 лет с впервые в жизни установленными диагнозами по результатам проведения профилактических медицинских осмотров,2025.0,месяц,декабрь,2025-12-31,процент,94.43,07.04.2026,complete_year,True,
67,Смоленская область,СМЛ,Центральный федеральный округ,7,3,True,Смоленская область,2.14.Я3.4,"Доля взятых под диспансерное наблюдение детей в возрасте 0–17 лет с впервые в жизни установленными диагнозами, от общего проведения профилактических медицинских осмотров",data (33).xls,Доля взятых под диспансерное наблюдение детей в возрасте 0–17 лет с впервые в жизни установленными диагнозами по результатам проведения профилактических медицинских осмотров,2025.0,месяц,декабрь,2025-12-31,процент,93.96,07.04.2026,complete_year,True,
68,Тамбовская область,ТАМ,Центральный федеральный округ,7,5,True,Тамбовская область,2.14.Я3.4,"Доля взятых под диспансерное наблюдение детей в возрасте 0–17 лет с впервые в жизни установленными диагнозами, от общего проведения профилактических медицинских осмотров",data (33).xls,Доля взятых под диспансерное наблюдение детей в возрасте 0–17 лет с впервые в жизни установленными диагнозами по результатам проведения профилактических медицинских осмотров,2025.0,месяц,декабрь,2025-12-31,процент,98.22,07.04.2026,complete_year,True,
69,Тверская область,ТВЕ,Центральный федеральный округ,4,3,True,Тверская область,2.14.Я3.4,"Доля взятых под диспансерное наблюдение детей в возрасте 0–17 лет с впервые в жизни установленными диагнозами, от общего проведения профилактических медицинских осмотров",data (33).xls,Доля взятых под диспансерное наблюдение детей в возрасте 0–17 лет с впервые в жизни установленными диагнозами по результатам проведения профилактических медицинских осмотров,2025.0,месяц,декабрь,2025-12-31,процент,64.45,07.04.2026,complete_year,True,
70,Томская область,ТОМ,Сибирский федеральный округ,20,5,True,Томская область,2.14.Я3.4,"Доля взятых под диспансерное наблюдение детей в возрасте 0–17 лет с впервые в жизни установленными диагнозами, от общего проведения профилактических медицинских осмотров",data (33).xls,Доля взятых под диспансерное наблюдение детей в возрасте 0–17 лет с впервые в жизни установленными диагнозами по результатам проведения профилактических медицинских осмотров,2025.0,месяц,декабрь,2025-12-31,процент,84.83,07.04.2026,complete_year,True,
71,Тульская область,ТУЛ,Центральный федеральный округ,5,4,True,Тульская область,2.14.Я3.4,"Доля взятых под диспансерное наблюдение детей в возрасте 0–17 лет с впервые в жизни установленными диагнозами, от общего проведения профилактических медицинских осмотров",data (33).xls,Доля взятых под диспансерное наблюдение детей в возрасте 0–17 лет с впервые в жизни установленными диагнозами по результатам проведения профилактических медицинских осмотров,2025.0,месяц,декабрь,2025-12-31,процент,98.1,07.04.2026,complete_year,True,
72,Тюменская область,ТЮМ,Уральский федеральный округ,16,6,True,Тюменская область,2.14.Я3.4,"Доля взятых под диспансерное наблюдение детей в возрасте 0–17 лет с впервые в жизни установленными диагнозами, от общего проведения профилактических медицинских осмотров",data (33).xls,Доля взятых под диспансерное наблюдение детей в возрасте 0–17 лет с впервые в жизни установленными диагнозами по результатам проведения профилактических медицинских осмотров,2025.0,месяц,декабрь,2025-12-31,процент,77.52,07.04.2026,complete_year,True,
73,Ульяновская область,УЛЬ,Приволжский федеральный округ,14,6,True,Ульяновская область,2.14.Я3.4,"Доля взятых под диспансерное наблюдение детей в возрасте 0–17 лет с впервые в жизни установленными диагнозами, от общего проведения профилактических медицинских осмотров",data (33).xls,Доля взятых под диспансерное наблюдение детей в возрасте 0–17 лет с впервые в жизни установленными диагнозами по результатам проведения профилактических медицинских осмотров,2025.0,месяц,декабрь,2025-12-31,процент,92.02,07.04.2026,complete_year,True,
74,Челябинская область,ЧЕЛ,Уральский федеральный округ,17,6,True,Челябинская область,2.14.Я3.4,"Доля взятых под диспансерное наблюдение детей в возрасте 0–17 лет с впервые в жизни установленными диагнозами, от общего проведения профилактических медицинских осмотров",data (33).xls,Доля взятых под диспансерное наблюдение детей в возрасте 0–17 лет с впервые в жизни установленными диагнозами по результатам проведения профилактических медицинских осмотров,2025.0,месяц,декабрь,2025-12-31,процент,87.18,07.04.2026,complete_year,True,
75,Забайкальский край,ЗАБ,Дальневосточный федеральный округ,22,3,True,Забайкальский край,2.14.Я3.4,"Доля взятых под диспансерное наблюдение детей в возрасте 0–17 лет с впервые в жизни установленными диагнозами, от общего проведения профилактических медицинских осмотров",data (33).xls,Доля взятых под диспансерное наблюдение детей в возрасте 0–17 лет с впервые в жизни установленными диагнозами по результатам проведения профилактических медицинских осмотров,2025.0,месяц,декабрь,2025-12-31,процент,84.57,07.04.2026,complete_year,True,
76,Ярославская область,ЯРС,Центральный федеральный округ,5,3,True,Ярославская область,2.14.Я3.4,"Доля взятых под диспансерное наблюдение детей в возрасте 0–17 лет с впервые в жизни установленными диагнозами, от общего проведения профилактических медицинских осмотров",data (33).xls,Доля взятых под диспансерное наблюдение детей в возрасте 0–17 лет с впервые в жизни установленными диагнозами по результатам проведения профилактических медицинских осмотров,2025.0,месяц,декабрь,2025-12-31,процент,86.06,07.04.2026,complete_year,True,
77,Москва,МСК,Центральный федеральный округ,9,3,True,Город Москва столица Российской Федерации город федерального значения,2.14.Я3.4,"Доля взятых под диспансерное наблюдение детей в возрасте 0–17 лет с впервые в жизни установленными диагнозами, от общего проведения профилактических медицинских осмотров",data (33).xls,Доля взятых под диспансерное наблюдение детей в возрасте 0–17 лет с впервые в жизни установленными диагнозами по результатам проведения профилактических медицинских осмотров,2025.0,месяц,декабрь,2025-12-31,процент,100.0,07.04.2026,complete_year,True,
78,Санкт-Петербург,СПБ,Северо-Западный федеральный округ,1,1,True,Город Санкт-Петербург город федерального значения,2.14.Я3.4,"Доля взятых под диспансерное наблюдение детей в возрасте 0–17 лет с впервые в жизни установленными диагнозами, от общего проведения профилактических медицинских осмотров",data (33).xls,Доля взятых под диспансерное наблюдение детей в возрасте 0–17 лет с впервые в жизни установленными диагнозами по результатам проведения профилактических медицинских осмотров,2025.0,месяц,декабрь,2025-12-31,процент,86.22,07.04.2026,complete_year,True,
79,Еврейская автономная область,ЕАО,Дальневосточный федеральный округ,25,3,True,Еврейская автономная область,2.14.Я3.4,"Доля взятых под диспансерное наблюдение детей в возрасте 0–17 лет с впервые в жизни установленными диагнозами, от общего проведения профилактических медицинских осмотров",data (33).xls,Доля взятых под диспансерное наблюдение детей в возрасте 0–17 лет с впервые в жизни установленными диагнозами по результатам проведения профилактических медицинских осмотров,2025.0,месяц,декабрь,2025-12-31,процент,7.67,07.04.2026,complete_year,True,
83,Ненецкий автономный округ,НАО,Северо-Западный федеральный округ,3,0,True,Ненецкий автономный округ,2.14.Я3.4,"Доля взятых под диспансерное наблюдение детей в возрасте 0–17 лет с впервые в жизни установленными диагнозами, от общего проведения профилактических медицинских осмотров",data (33).xls,Доля взятых под диспансерное наблюдение детей в возрасте 0–17 лет с впервые в жизни установленными диагнозами по результатам проведения профилактических медицинских осмотров,2025.0,месяц,декабрь,2025-12-31,процент,37.36,07.04.2026,complete_year,True,
86,Ханты-Мансийский автономный округ - Югра,ХМАО,Уральский федеральный округ,16,5,True,Ханты-Мансийский автономный округ - Югра,2.14.Я3.4,"Доля взятых под диспансерное наблюдение детей в возрасте 0–17 лет с впервые в жизни установленными диагнозами, от общего проведения профилактических медицинских осмотров",data (33).xls,Доля взятых под диспансерное наблюдение детей в возрасте 0–17 лет с впервые в жизни установленными диагнозами по результатам проведения профилактических медицинских осмотров,2025.0,месяц,декабрь,2025-12-31,процент,88.35,07.04.2026,complete_year,True,
87,Чукотский автономный округ,ЧУК,Дальневосточный федеральный округ,23,2,True,Чукотский автономный округ,2.14.Я3.4,"Доля взятых под диспансерное наблюдение детей в возрасте 0–17 лет с впервые в жизни установленными диагнозами, от общего проведения профилактических медицинских осмотров",data (33).xls,Доля взятых под диспансерное наблюдение детей в возрасте 0–17 лет с впервые в жизни установленными диагнозами по результатам проведения профилактических медицинских осмотров,2025.0,месяц,декабрь,2025-12-31,процент,48.87,07.04.2026,complete_year,True,
89,Ямало-Ненецкий автономный округ,ЯНАО,Уральский федеральный округ,17,5,True,Ямало-Ненецкий автономный округ,2.14.Я3.4,"Доля взятых под диспансерное наблюдение детей в возрасте 0–17 лет с впервые в жизни установленными диагнозами, от общего проведения профилактических медицинских осмотров",data (33).xls,Доля взятых под диспансерное наблюдение детей в возрасте 0–17 лет с впервые в жизни установленными диагнозами по результатам проведения профилактических медицинских осмотров,2025.0,месяц,декабрь,2025-12-31,процент,83.97,07.04.2026,complete_year,True,
90,Запорожская область,ЗАП,Новые регионы / Южный макрорегион,9,9,True,,,,,,,,,,,,,complete_year,False,Нет данных в переданной выгрузке ЕМИСС для выбранного периода/показателя
91,Республика Крым,КРЫ,Южный федеральный округ,5,9,True,Республика Крым,2.14.Я3.4,"Доля взятых под диспансерное наблюдение детей в возрасте 0–17 лет с впервые в жизни установленными диагнозами, от общего проведения профилактических медицинских осмотров",data (33).xls,Доля взятых под диспансерное наблюдение детей в возрасте 0–17 лет с впервые в жизни установленными диагнозами по результатам проведения профилактических медицинских осмотров,2025.0,месяц,декабрь,2025-12-31,процент,82.37,07.04.2026,complete_year,True,
92,Севастополь,СЕВ,Южный федеральный округ,6,9,True,Город федерального значения Севастополь,2.14.Я3.4,"Доля взятых под диспансерное наблюдение детей в возрасте 0–17 лет с впервые в жизни установленными диагнозами, от общего проведения профилактических медицинских осмотров",data (33).xls,Доля взятых под диспансерное наблюдение детей в возрасте 0–17 лет с впервые в жизни установленными диагнозами по результатам проведения профилактических медицинских осмотров,2025.0,месяц,декабрь,2025-12-31,процент,105.14,07.04.2026,complete_year,True,
93,Донецкая Народная Республика,ДНР,Новые регионы / Южный макрорегион,7,9,True,,,,,,,,,,,,,complete_year,False,Нет данных в переданной выгрузке ЕМИСС для выбранного периода/показателя
94,Луганская Народная Республика,ЛНР,Новые регионы / Южный макрорегион,8,9,True,,,,,,,,,,,,,complete_year,False,Нет данных в переданной выгрузке ЕМИСС для выбранного периода/показателя
95,Херсонская область,ХЕР,Новые регионы / Южный макрорегион,10,9,True,,,,,,,,,,,,,complete_year,False,Нет данных в переданной выгрузке ЕМИСС для выбранного периода/показателя
01,Республика Адыгея,АД,Южный федеральный округ,4,9,True,Республика Адыгея (Адыгея),2.14.Я3.5,"Доля беременных женщин, обратившихся в медицинские организации в ситуации репродуктивного выбора, получивших услуги по оказанию правовой, психологической и медико-социальной помощи, и вставших на учет по беременности",data (34).xls,"Доля беременных женщин, обратившихся в медицинские организации в ситуации репродуктивного выбора, получивших, в том числе услуги по оказанию правовой, психологической и медико-социальной помощи, и вставших на учет по беременности",2025.0,месяц,декабрь,2025-12-31,процент,31.22,07.04.2026,complete_year,True,
02,Республика Башкортостан,БА,Приволжский федеральный округ,13,7,True,Республика Башкортостан,2.14.Я3.5,"Доля беременных женщин, обратившихся в медицинские организации в ситуации репродуктивного выбора, получивших услуги по оказанию правовой, психологической и медико-социальной помощи, и вставших на учет по беременности",data (34).xls,"Доля беременных женщин, обратившихся в медицинские организации в ситуации репродуктивного выбора, получивших, в том числе услуги по оказанию правовой, психологической и медико-социальной помощи, и вставших на учет по беременности",2025.0,месяц,декабрь,2025-12-31,процент,45.0,07.04.2026,complete_year,True,
03,Республика Бурятия,БУР,Дальневосточный федеральный округ,23,3,True,Республика Бурятия,2.14.Я3.5,"Доля беременных женщин, обратившихся в медицинские организации в ситуации репродуктивного выбора, получивших услуги по оказанию правовой, психологической и медико-социальной помощи, и вставших на учет по беременности",data (34).xls,"Доля беременных женщин, обратившихся в медицинские организации в ситуации репродуктивного выбора, получивших, в том числе услуги по оказанию правовой, психологической и медико-социальной помощи, и вставших на учет по беременности",2025.0,месяц,декабрь,2025-12-31,процент,19.98,07.04.2026,complete_year,True,
04,Республика Алтай,АЛР,Сибирский федеральный округ,19,6,True,Республика Алтай,2.14.Я3.5,"Доля беременных женщин, обратившихся в медицинские организации в ситуации репродуктивного выбора, получивших услуги по оказанию правовой, психологической и медико-социальной помощи, и вставших на учет по беременности",data (34).xls,"Доля беременных женщин, обратившихся в медицинские организации в ситуации репродуктивного выбора, получивших, в том числе услуги по оказанию правовой, психологической и медико-социальной помощи, и вставших на учет по беременности",2025.0,месяц,декабрь,2025-12-31,процент,31.07,07.04.2026,complete_year,True,
05,Республика Дагестан,ДАГ,Северо-Кавказский федеральный округ,9,12,True,Республика Дагестан,2.14.Я3.5,"Доля беременных женщин, обратившихся в медицинские организации в ситуации репродуктивного выбора, получивших услуги по оказанию правовой, психологической и медико-социальной помощи, и вставших на учет по беременности",data (34).xls,"Доля беременных женщин, обратившихся в медицинские организации в ситуации репродуктивного выбора, получивших, в том числе услуги по оказанию правовой, психологической и медико-социальной помощи, и вставших на учет по беременности",2025.0,месяц,декабрь,2025-12-31,процент,45.79,07.04.2026,complete_year,True,
06,Республика Ингушетия,ИНГ,Северо-Кавказский федеральный округ,7,12,True,Республика Ингушетия,2.14.Я3.5,"Доля беременных женщин, обратившихся в медицинские организации в ситуации репродуктивного выбора, получивших услуги по оказанию правовой, психологической и медико-социальной помощи, и вставших на учет по беременности",data (34).xls,"Доля беременных женщин, обратившихся в медицинские организации в ситуации репродуктивного выбора, получивших, в том числе услуги по оказанию правовой, психологической и медико-социальной помощи, и вставших на учет по беременности",2025.0,месяц,декабрь,2025-12-31,процент,0.0,07.04.2026,complete_year,True,
07,Кабардино-Балкарская Республика,КБР,Северо-Кавказский федеральный округ,9,11,True,Кабардино-Балкарская Республика,2.14.Я3.5,"Доля беременных женщин, обратившихся в медицинские организации в ситуации репродуктивного выбора, получивших услуги по оказанию правовой, психологической и медико-социальной помощи, и вставших на учет по беременности",data (34).xls,"Доля беременных женщин, обратившихся в медицинские организации в ситуации репродуктивного выбора, получивших, в том числе услуги по оказанию правовой, психологической и медико-социальной помощи, и вставших на учет по беременности",2025.0,месяц,декабрь,2025-12-31,процент,97.25,07.04.2026,complete_year,True,
08,Республика Калмыкия,КАЛ,Южный федеральный округ,6,8,True,Республика Калмыкия,2.14.Я3.5,"Доля беременных женщин, обратившихся в медицинские организации в ситуации репродуктивного выбора, получивших услуги по оказанию правовой, психологической и медико-социальной помощи, и вставших на учет по беременности",data (34).xls,"Доля беременных женщин, обратившихся в медицинские организации в ситуации репродуктивного выбора, получивших, в том числе услуги по оказанию правовой, психологической и медико-социальной помощи, и вставших на учет по беременности",2025.0,месяц,декабрь,2025-12-31,процент,12.66,07.04.2026,complete_year,True,
09,Карачаево-Черкесская Республика,КЧР,Северо-Кавказский федеральный округ,8,11,True,Карачаево-Черкесская Республика,2.14.Я3.5,"Доля беременных женщин, обратившихся в медицинские организации в ситуации репродуктивного выбора, получивших услуги по оказанию правовой, психологической и медико-социальной помощи, и вставших на учет по беременности",data (34).xls,"Доля беременных женщин, обратившихся в медицинские организации в ситуации репродуктивного выбора, получивших, в том числе услуги по оказанию правовой, психологической и медико-социальной помощи, и вставших на учет по беременности",2025.0,месяц,декабрь,2025-12-31,процент,30.77,07.04.2026,complete_year,True,
10,Республика Карелия,КАР,Северо-Западный федеральный округ,1,0,True,Республика Карелия,2.14.Я3.5,"Доля беременных женщин, обратившихся в медицинские организации в ситуации репродуктивного выбора, получивших услуги по оказанию правовой, психологической и медико-социальной помощи, и вставших на учет по беременности",data (34).xls,"Доля беременных женщин, обратившихся в медицинские организации в ситуации репродуктивного выбора, получивших, в том числе услуги по оказанию правовой, психологической и медико-социальной помощи, и вставших на учет по беременности",2025.0,месяц,декабрь,2025-12-31,процент,16.11,07.04.2026,complete_year,True,
11,Республика Коми,КОМ,Северо-Западный федеральный округ,2,2,True,Республика Коми,2.14.Я3.5,"Доля беременных женщин, обратившихся в медицинские организации в ситуации репродуктивного выбора, получивших услуги по оказанию правовой, психологической и медико-социальной помощи, и вставших на учет по беременности",data (34).xls,"Доля беременных женщин, обратившихся в медицинские организации в ситуации репродуктивного выбора, получивших, в том числе услуги по оказанию правовой, психологической и медико-социальной помощи, и вставших на учет по беременности",2025.0,месяц,декабрь,2025-12-31,процент,16.71,07.04.2026,complete_year,True,
12,Республика Марий Эл,МЭ,Приволжский федеральный округ,10,6,True,Республика Марий Эл,2.14.Я3.5,"Доля беременных женщин, обратившихся в медицинские организации в ситуации репродуктивного выбора, получивших услуги по оказанию правовой, психологической и медико-социальной помощи, и вставших на учет по беременности",data (34).xls,"Доля беременных женщин, обратившихся в медицинские организации в ситуации репродуктивного выбора, получивших, в том числе услуги по оказанию правовой, психологической и медико-социальной помощи, и вставших на учет по беременности",2025.0,месяц,декабрь,2025-12-31,процент,22.3,07.04.2026,complete_year,True,
13,Республика Мордовия,МОР,Приволжский федеральный округ,12,6,True,Республика Мордовия,2.14.Я3.5,"Доля беременных женщин, обратившихся в медицинские организации в ситуации репродуктивного выбора, получивших услуги по оказанию правовой, психологической и медико-социальной помощи, и вставших на учет по беременности",data (34).xls,"Доля беременных женщин, обратившихся в медицинские организации в ситуации репродуктивного выбора, получивших, в том числе услуги по оказанию правовой, психологической и медико-социальной помощи, и вставших на учет по беременности",2025.0,месяц,декабрь,2025-12-31,процент,39.68,07.04.2026,complete_year,True,
14,Республика Саха (Якутия),ЯКТ,Дальневосточный федеральный округ,22,2,True,Республика Саха (Якутия),2.14.Я3.5,"Доля беременных женщин, обратившихся в медицинские организации в ситуации репродуктивного выбора, получивших услуги по оказанию правовой, психологической и медико-социальной помощи, и вставших на учет по беременности",data (34).xls,"Доля беременных женщин, обратившихся в медицинские организации в ситуации репродуктивного выбора, получивших, в том числе услуги по оказанию правовой, психологической и медико-социальной помощи, и вставших на учет по беременности",2025.0,месяц,декабрь,2025-12-31,процент,15.94,07.04.2026,complete_year,True,
15,Республика Северная Осетия - Алания,СОА,Северо-Кавказский федеральный округ,10,11,True,Республика Северная Осетия - Алания,2.14.Я3.5,"Доля беременных женщин, обратившихся в медицинские организации в ситуации репродуктивного выбора, получивших услуги по оказанию правовой, психологической и медико-социальной помощи, и вставших на учет по беременности",data (34).xls,"Доля беременных женщин, обратившихся в медицинские организации в ситуации репродуктивного выбора, получивших, в том числе услуги по оказанию правовой, психологической и медико-социальной помощи, и вставших на учет по беременности",2025.0,месяц,декабрь,2025-12-31,процент,23.59,07.04.2026,complete_year,True,
16,Республика Татарстан,ТАТ,Приволжский федеральный округ,14,5,True,Республика Татарстан (Татарстан),2.14.Я3.5,"Доля беременных женщин, обратившихся в медицинские организации в ситуации репродуктивного выбора, получивших услуги по оказанию правовой, психологической и медико-социальной помощи, и вставших на учет по беременности",data (34).xls,"Доля беременных женщин, обратившихся в медицинские организации в ситуации репродуктивного выбора, получивших, в том числе услуги по оказанию правовой, психологической и медико-социальной помощи, и вставших на учет по беременности",2025.0,месяц,декабрь,2025-12-31,процент,44.79,07.04.2026,complete_year,True,
17,Республика Тыва,ТЫВ,Сибирский федеральный округ,19,7,True,Республика Тыва,2.14.Я3.5,"Доля беременных женщин, обратившихся в медицинские организации в ситуации репродуктивного выбора, получивших услуги по оказанию правовой, психологической и медико-социальной помощи, и вставших на учет по беременности",data (34).xls,"Доля беременных женщин, обратившихся в медицинские организации в ситуации репродуктивного выбора, получивших, в том числе услуги по оказанию правовой, психологической и медико-социальной помощи, и вставших на учет по беременности",2025.0,месяц,декабрь,2025-12-31,процент,30.86,07.04.2026,complete_year,True,
18,Удмуртская Республика,УДМ,Приволжский федеральный округ,13,5,True,Удмуртская Республика,2.14.Я3.5,"Доля беременных женщин, обратившихся в медицинские организации в ситуации репродуктивного выбора, получивших услуги по оказанию правовой, психологической и медико-социальной помощи, и вставших на учет по беременности",data (34).xls,"Доля беременных женщин, обратившихся в медицинские организации в ситуации репродуктивного выбора, получивших, в том числе услуги по оказанию правовой, психологической и медико-социальной помощи, и вставших на учет по беременности",2025.0,месяц,декабрь,2025-12-31,процент,28.31,07.04.2026,complete_year,True,
19,Республика Хакасия,ХАК,Сибирский федеральный округ,20,6,True,Республика Хакасия,2.14.Я3.5,"Доля беременных женщин, обратившихся в медицинские организации в ситуации репродуктивного выбора, получивших услуги по оказанию правовой, психологической и медико-социальной помощи, и вставших на учет по беременности",data (34).xls,"Доля беременных женщин, обратившихся в медицинские организации в ситуации репродуктивного выбора, получивших, в том числе услуги по оказанию правовой, психологической и медико-социальной помощи, и вставших на учет по беременности",2025.0,месяц,декабрь,2025-12-31,процент,25.15,07.04.2026,complete_year,True,
20,Чеченская Республика,ЧЕЧ,Северо-Кавказский федеральный округ,8,12,True,Чеченская Республика,2.14.Я3.5,"Доля беременных женщин, обратившихся в медицинские организации в ситуации репродуктивного выбора, получивших услуги по оказанию правовой, психологической и медико-социальной помощи, и вставших на учет по беременности",data (34).xls,"Доля беременных женщин, обратившихся в медицинские организации в ситуации репродуктивного выбора, получивших, в том числе услуги по оказанию правовой, психологической и медико-социальной помощи, и вставших на учет по беременности",2025.0,месяц,декабрь,2025-12-31,процент,100.0,07.04.2026,complete_year,True,
21,Чувашская Республика - Чувашия,ЧУВ,Приволжский федеральный округ,11,6,True,Чувашская Республика - Чувашия,2.14.Я3.5,"Доля беременных женщин, обратившихся в медицинские организации в ситуации репродуктивного выбора, получивших услуги по оказанию правовой, психологической и медико-социальной помощи, и вставших на учет по беременности",data (34).xls,"Доля беременных женщин, обратившихся в медицинские организации в ситуации репродуктивного выбора, получивших, в том числе услуги по оказанию правовой, психологической и медико-социальной помощи, и вставших на учет по беременности",2025.0,месяц,декабрь,2025-12-31,процент,25.21,07.04.2026,complete_year,True,
22,Алтайский край,АЛК,Сибирский федеральный округ,18,6,True,Алтайский край,2.14.Я3.5,"Доля беременных женщин, обратившихся в медицинские организации в ситуации репродуктивного выбора, получивших услуги по оказанию правовой, психологической и медико-социальной помощи, и вставших на учет по беременности",data (34).xls,"Доля беременных женщин, обратившихся в медицинские организации в ситуации репродуктивного выбора, получивших, в том числе услуги по оказанию правовой, психологической и медико-социальной помощи, и вставших на учет по беременности",2025.0,месяц,декабрь,2025-12-31,процент,33.04,07.04.2026,complete_year,True,
23,Краснодарский край,КДР,Южный федеральный округ,3,9,True,Краснодарский край,2.14.Я3.5,"Доля беременных женщин, обратившихся в медицинские организации в ситуации репродуктивного выбора, получивших услуги по оказанию правовой, психологической и медико-социальной помощи, и вставших на учет по беременности",data (34).xls,"Доля беременных женщин, обратившихся в медицинские организации в ситуации репродуктивного выбора, получивших, в том числе услуги по оказанию правовой, психологической и медико-социальной помощи, и вставших на учет по беременности",2025.0,месяц,декабрь,2025-12-31,процент,52.06,07.04.2026,complete_year,True,
24,Красноярский край,КРЯ,Сибирский федеральный округ,21,6,True,Красноярский край,2.14.Я3.5,"Доля беременных женщин, обратившихся в медицинские организации в ситуации репродуктивного выбора, получивших услуги по оказанию правовой, психологической и медико-социальной помощи, и вставших на учет по беременности",data (34).xls,"Доля беременных женщин, обратившихся в медицинские организации в ситуации репродуктивного выбора, получивших, в том числе услуги по оказанию правовой, психологической и медико-социальной помощи, и вставших на учет по беременности",2025.0,месяц,декабрь,2025-12-31,процент,24.09,07.04.2026,complete_year,True,
25,Приморский край,ПРИ,Дальневосточный федеральный округ,23,4,True,Приморский край,2.14.Я3.5,"Доля беременных женщин, обратившихся в медицинские организации в ситуации репродуктивного выбора, получивших услуги по оказанию правовой, психологической и медико-социальной помощи, и вставших на учет по беременности",data (34).xls,"Доля беременных женщин, обратившихся в медицинские организации в ситуации репродуктивного выбора, получивших, в том числе услуги по оказанию правовой, психологической и медико-социальной помощи, и вставших на учет по беременности",2025.0,месяц,декабрь,2025-12-31,процент,34.68,07.04.2026,complete_year,True,
26,Ставропольский край,СТА,Северо-Кавказский федеральный округ,7,11,True,Ставропольский край,2.14.Я3.5,"Доля беременных женщин, обратившихся в медицинские организации в ситуации репродуктивного выбора, получивших услуги по оказанию правовой, психологической и медико-социальной помощи, и вставших на учет по беременности",data (34).xls,"Доля беременных женщин, обратившихся в медицинские организации в ситуации репродуктивного выбора, получивших, в том числе услуги по оказанию правовой, психологической и медико-социальной помощи, и вставших на учет по беременности",2025.0,месяц,декабрь,2025-12-31,процент,36.38,07.04.2026,complete_year,True,
27,Хабаровский край,ХАБ,Дальневосточный федеральный округ,22,4,True,Хабаровский край,2.14.Я3.5,"Доля беременных женщин, обратившихся в медицинские организации в ситуации репродуктивного выбора, получивших услуги по оказанию правовой, психологической и медико-социальной помощи, и вставших на учет по беременности",data (34).xls,"Доля беременных женщин, обратившихся в медицинские организации в ситуации репродуктивного выбора, получивших, в том числе услуги по оказанию правовой, психологической и медико-социальной помощи, и вставших на учет по беременности",2025.0,месяц,декабрь,2025-12-31,процент,20.56,07.04.2026,complete_year,True,
28,Амурская область,АМУ,Дальневосточный федеральный округ,24,3,True,Амурская область,2.14.Я3.5,"Доля беременных женщин, обратившихся в медицинские организации в ситуации репродуктивного выбора, получивших услуги по оказанию правовой, психологической и медико-социальной помощи, и вставших на учет по беременности",data (34).xls,"Доля беременных женщин, обратившихся в медицинские организации в ситуации репродуктивного выбора, получивших, в том числе услуги по оказанию правовой, психологической и медико-социальной помощи, и вставших на учет по беременности",2025.0,месяц,декабрь,2025-12-31,процент,14.45,07.04.2026,complete_year,True,
29,Архангельская область,АРХ,Северо-Западный федеральный округ,2,0,True,Архангельская область,2.14.Я3.5,"Доля беременных женщин, обратившихся в медицинские организации в ситуации репродуктивного выбора, получивших услуги по оказанию правовой, психологической и медико-социальной помощи, и вставших на учет по беременности",data (34).xls,"Доля беременных женщин, обратившихся в медицинские организации в ситуации репродуктивного выбора, получивших, в том числе услуги по оказанию правовой, психологической и медико-социальной помощи, и вставших на учет по беременности",2025.0,месяц,декабрь,2025-12-31,процент,22.91,07.04.2026,complete_year,True,
30,Астраханская область,АСТ,Южный федеральный округ,5,8,True,Астраханская область,2.14.Я3.5,"Доля беременных женщин, обратившихся в медицинские организации в ситуации репродуктивного выбора, получивших услуги по оказанию правовой, психологической и медико-социальной помощи, и вставших на учет по беременности",data (34).xls,"Доля беременных женщин, обратившихся в медицинские организации в ситуации репродуктивного выбора, получивших, в том числе услуги по оказанию правовой, психологической и медико-социальной помощи, и вставших на учет по беременности",2025.0,месяц,декабрь,2025-12-31,процент,40.88,07.04.2026,complete_year,True,
31,Белгородская область,БЕЛ,Центральный федеральный округ,8,5,True,Белгородская область,2.14.Я3.5,"Доля беременных женщин, обратившихся в медицинские организации в ситуации репродуктивного выбора, получивших услуги по оказанию правовой, психологической и медико-социальной помощи, и вставших на учет по беременности",data (34).xls,"Доля беременных женщин, обратившихся в медицинские организации в ситуации репродуктивного выбора, получивших, в том числе услуги по оказанию правовой, психологической и медико-социальной помощи, и вставших на учет по беременности",2025.0,месяц,декабрь,2025-12-31,процент,29.32,07.04.2026,complete_year,True,
32,Брянская область,БРЯ,Центральный федеральный округ,8,4,True,Брянская область,2.14.Я3.5,"Доля беременных женщин, обратившихся в медицинские организации в ситуации репродуктивного выбора, получивших услуги по оказанию правовой, психологической и медико-социальной помощи, и вставших на учет по беременности",data (34).xls,"Доля беременных женщин, обратившихся в медицинские организации в ситуации репродуктивного выбора, получивших, в том числе услуги по оказанию правовой, психологической и медико-социальной помощи, и вставших на учет по беременности",2025.0,месяц,декабрь,2025-12-31,процент,21.62,07.04.2026,complete_year,True,
33,Владимирская область,ВЛД,Центральный федеральный округ,6,4,True,Владимирская область,2.14.Я3.5,"Доля беременных женщин, обратившихся в медицинские организации в ситуации репродуктивного выбора, получивших услуги по оказанию правовой, психологической и медико-социальной помощи, и вставших на учет по беременности",data (34).xls,"Доля беременных женщин, обратившихся в медицинские организации в ситуации репродуктивного выбора, получивших, в том числе услуги по оказанию правовой, психологической и медико-социальной помощи, и вставших на учет по беременности",2025.0,месяц,декабрь,2025-12-31,процент,22.62,07.04.2026,complete_year,True,
34,Волгоградская область,ВГГ,Южный федеральный округ,4,8,True,Волгоградская область,2.14.Я3.5,"Доля беременных женщин, обратившихся в медицинские организации в ситуации репродуктивного выбора, получивших услуги по оказанию правовой, психологической и медико-социальной помощи, и вставших на учет по беременности",data (34).xls,"Доля беременных женщин, обратившихся в медицинские организации в ситуации репродуктивного выбора, получивших, в том числе услуги по оказанию правовой, психологической и медико-социальной помощи, и вставших на учет по беременности",2025.0,месяц,декабрь,2025-12-31,процент,42.15,07.04.2026,complete_year,True,
35,Вологодская область,ВОЛ,Северо-Западный федеральный округ,1,2,True,Вологодская область,2.14.Я3.5,"Доля беременных женщин, обратившихся в медицинские организации в ситуации репродуктивного выбора, получивших услуги по оказанию правовой, психологической и медико-социальной помощи, и вставших на учет по беременности",data (34).xls,"Доля беременных женщин, обратившихся в медицинские организации в ситуации репродуктивного выбора, получивших, в том числе услуги по оказанию правовой, психологической и медико-социальной помощи, и вставших на учет по беременности",2025.0,месяц,декабрь,2025-12-31,процент,23.0,07.04.2026,complete_year,True,
36,Воронежская область,ВРН,Центральный федеральный округ,9,5,True,Воронежская область,2.14.Я3.5,"Доля беременных женщин, обратившихся в медицинские организации в ситуации репродуктивного выбора, получивших услуги по оказанию правовой, психологической и медико-социальной помощи, и вставших на учет по беременности",data (34).xls,"Доля беременных женщин, обратившихся в медицинские организации в ситуации репродуктивного выбора, получивших, в том числе услуги по оказанию правовой, психологической и медико-социальной помощи, и вставших на учет по беременности",2025.0,месяц,декабрь,2025-12-31,процент,43.2,07.04.2026,complete_year,True,
37,Ивановская область,ИВН,Центральный федеральный округ,7,4,True,Ивановская область,2.14.Я3.5,"Доля беременных женщин, обратившихся в медицинские организации в ситуации репродуктивного выбора, получивших услуги по оказанию правовой, психологической и медико-социальной помощи, и вставших на учет по беременности",data (34).xls,"Доля беременных женщин, обратившихся в медицинские организации в ситуации репродуктивного выбора, получивших, в том числе услуги по оказанию правовой, психологической и медико-социальной помощи, и вставших на учет по беременности",2025.0,месяц,декабрь,2025-12-31,процент,35.17,07.04.2026,complete_year,True,
38,Иркутская область,ИРК,Сибирский федеральный округ,18,7,True,Иркутская область,2.14.Я3.5,"Доля беременных женщин, обратившихся в медицинские организации в ситуации репродуктивного выбора, получивших услуги по оказанию правовой, психологической и медико-социальной помощи, и вставших на учет по беременности",data (34).xls,"Доля беременных женщин, обратившихся в медицинские организации в ситуации репродуктивного выбора, получивших, в том числе услуги по оказанию правовой, психологической и медико-социальной помощи, и вставших на учет по беременности",2025.0,месяц,декабрь,2025-12-31,процент,17.45,07.04.2026,complete_year,True,
39,Калининградская область,КГД,Северо-Западный федеральный округ,0,1,True,Калининградская область,2.14.Я3.5,"Доля беременных женщин, обратившихся в медицинские организации в ситуации репродуктивного выбора, получивших услуги по оказанию правовой, психологической и медико-социальной помощи, и вставших на учет по беременности",data (34).xls,"Доля беременных женщин, обратившихся в медицинские организации в ситуации репродуктивного выбора, получивших, в том числе услуги по оказанию правовой, психологической и медико-социальной помощи, и вставших на учет по беременности",2025.0,месяц,декабрь,2025-12-31,процент,21.33,07.04.2026,complete_year,True,
40,Калужская область,КЛЖ,Центральный федеральный округ,4,4,True,Калужская область,2.14.Я3.5,"Доля беременных женщин, обратившихся в медицинские организации в ситуации репродуктивного выбора, получивших услуги по оказанию правовой, психологической и медико-социальной помощи, и вставших на учет по беременности",data (34).xls,"Доля беременных женщин, обратившихся в медицинские организации в ситуации репродуктивного выбора, получивших, в том числе услуги по оказанию правовой, психологической и медико-социальной помощи, и вставших на учет по беременности",2025.0,месяц,декабрь,2025-12-31,процент,9.55,07.04.2026,complete_year,True,
41,Камчатский край,КАМ,Дальневосточный федеральный округ,24,2,True,Камчатский край,2.14.Я3.5,"Доля беременных женщин, обратившихся в медицинские организации в ситуации репродуктивного выбора, получивших услуги по оказанию правовой, психологической и медико-социальной помощи, и вставших на учет по беременности",data (34).xls,"Доля беременных женщин, обратившихся в медицинские организации в ситуации репродуктивного выбора, получивших, в том числе услуги по оказанию правовой, психологической и медико-социальной помощи, и вставших на учет по беременности",2025.0,месяц,декабрь,2025-12-31,процент,18.74,07.04.2026,complete_year,True,
42,Кемеровская область - Кузбасс,КЕМ,Сибирский федеральный округ,21,5,True,Кемеровская область - Кузбасс,2.14.Я3.5,"Доля беременных женщин, обратившихся в медицинские организации в ситуации репродуктивного выбора, получивших услуги по оказанию правовой, психологической и медико-социальной помощи, и вставших на учет по беременности",data (34).xls,"Доля беременных женщин, обратившихся в медицинские организации в ситуации репродуктивного выбора, получивших, в том числе услуги по оказанию правовой, психологической и медико-социальной помощи, и вставших на учет по беременности",2025.0,месяц,декабрь,2025-12-31,процент,17.8,07.04.2026,complete_year,True,
43,Кировская область,КИР,Приволжский федеральный округ,11,5,True,Кировская область,2.14.Я3.5,"Доля беременных женщин, обратившихся в медицинские организации в ситуации репродуктивного выбора, получивших услуги по оказанию правовой, психологической и медико-социальной помощи, и вставших на учет по беременности",data (34).xls,"Доля беременных женщин, обратившихся в медицинские организации в ситуации репродуктивного выбора, получивших, в том числе услуги по оказанию правовой, психологической и медико-социальной помощи, и вставших на учет по беременности",2025.0,месяц,декабрь,2025-12-31,процент,20.11,07.04.2026,complete_year,True,
44,Костромская область,КОС,Центральный федеральный округ,6,3,True,Костромская область,2.14.Я3.5,"Доля беременных женщин, обратившихся в медицинские организации в ситуации репродуктивного выбора, получивших услуги по оказанию правовой, психологической и медико-социальной помощи, и вставших на учет по беременности",data (34).xls,"Доля беременных женщин, обратившихся в медицинские организации в ситуации репродуктивного выбора, получивших, в том числе услуги по оказанию правовой, психологической и медико-социальной помощи, и вставших на учет по беременности",2025.0,месяц,декабрь,2025-12-31,процент,32.01,07.04.2026,complete_year,True,
45,Курганская область,КУРГ,Уральский федеральный округ,15,6,True,Курганская область,2.14.Я3.5,"Доля беременных женщин, обратившихся в медицинские организации в ситуации репродуктивного выбора, получивших услуги по оказанию правовой, психологической и медико-социальной помощи, и вставших на учет по беременности",data (34).xls,"Доля беременных женщин, обратившихся в медицинские организации в ситуации репродуктивного выбора, получивших, в том числе услуги по оказанию правовой, психологической и медико-социальной помощи, и вставших на учет по беременности",2025.0,месяц,декабрь,2025-12-31,процент,39.7,07.04.2026,complete_year,True,
46,Курская область,КУР,Центральный федеральный округ,5,5,True,Курская область,2.14.Я3.5,"Доля беременных женщин, обратившихся в медицинские организации в ситуации репродуктивного выбора, получивших услуги по оказанию правовой, психологической и медико-социальной помощи, и вставших на учет по беременности",data (34).xls,"Доля беременных женщин, обратившихся в медицинские организации в ситуации репродуктивного выбора, получивших, в том числе услуги по оказанию правовой, психологической и медико-социальной помощи, и вставших на учет по беременности",2025.0,месяц,декабрь,2025-12-31,процент,35.03,07.04.2026,complete_year,True,
47,Ленинградская область,ЛЕН,Северо-Западный федеральный округ,2,1,True,Ленинградская область,2.14.Я3.5,"Доля беременных женщин, обратившихся в медицинские организации в ситуации репродуктивного выбора, получивших услуги по оказанию правовой, психологической и медико-социальной помощи, и вставших на учет по беременности",data (34).xls,"Доля беременных женщин, обратившихся в медицинские организации в ситуации репродуктивного выбора, получивших, в том числе услуги по оказанию правовой, психологической и медико-социальной помощи, и вставших на учет по беременности",2025.0,месяц,декабрь,2025-12-31,процент,43.59,07.04.2026,complete_year,True,
48,Липецкая область,ЛИП,Центральный федеральный округ,6,5,True,Липецкая область,2.14.Я3.5,"Доля беременных женщин, обратившихся в медицинские организации в ситуации репродуктивного выбора, получивших услуги по оказанию правовой, психологической и медико-социальной помощи, и вставших на учет по беременности",data (34).xls,"Доля беременных женщин, обратившихся в медицинские организации в ситуации репродуктивного выбора, получивших, в том числе услуги по оказанию правовой, психологической и медико-социальной помощи, и вставших на учет по беременности",2025.0,месяц,декабрь,2025-12-31,процент,36.88,07.04.2026,complete_year,True,
49,Магаданская область,МАГ,Дальневосточный федеральный округ,25,2,True,Магаданская область,2.14.Я3.5,"Доля беременных женщин, обратившихся в медицинские организации в ситуации репродуктивного выбора, получивших услуги по оказанию правовой, психологической и медико-социальной помощи, и вставших на учет по беременности",data (34).xls,"Доля беременных женщин, обратившихся в медицинские организации в ситуации репродуктивного выбора, получивших, в том числе услуги по оказанию правовой, психологической и медико-социальной помощи, и вставших на учет по беременности",2025.0,месяц,декабрь,2025-12-31,процент,13.72,07.04.2026,complete_year,True,
50,Московская область,МОСО,Центральный федеральный округ,8,3,True,Московская область,2.14.Я3.5,"Доля беременных женщин, обратившихся в медицинские организации в ситуации репродуктивного выбора, получивших услуги по оказанию правовой, психологической и медико-социальной помощи, и вставших на учет по беременности",data (34).xls,"Доля беременных женщин, обратившихся в медицинские организации в ситуации репродуктивного выбора, получивших, в том числе услуги по оказанию правовой, психологической и медико-социальной помощи, и вставших на учет по беременности",2025.0,месяц,декабрь,2025-12-31,процент,56.74,07.04.2026,complete_year,True,
51,Мурманская область,МУР,Северо-Западный федеральный округ,0,0,True,Мурманская область,2.14.Я3.5,"Доля беременных женщин, обратившихся в медицинские организации в ситуации репродуктивного выбора, получивших услуги по оказанию правовой, психологической и медико-социальной помощи, и вставших на учет по беременности",data (34).xls,"Доля беременных женщин, обратившихся в медицинские организации в ситуации репродуктивного выбора, получивших, в том числе услуги по оказанию правовой, психологической и медико-социальной помощи, и вставших на учет по беременности",2025.0,месяц,декабрь,2025-12-31,процент,10.03,07.04.2026,complete_year,True,
52,Нижегородская область,НИЖ,Приволжский федеральный округ,10,5,True,Нижегородская область,2.14.Я3.5,"Доля беременных женщин, обратившихся в медицинские организации в ситуации репродуктивного выбора, получивших услуги по оказанию правовой, психологической и медико-социальной помощи, и вставших на учет по беременности",data (34).xls,"Доля беременных женщин, обратившихся в медицинские организации в ситуации репродуктивного выбора, получивших, в том числе услуги по оказанию правовой, психологической и медико-социальной помощи, и вставших на учет по беременности",2025.0,месяц,декабрь,2025-12-31,процент,21.9,07.04.2026,complete_year,True,
53,Новгородская область,НВГ,Северо-Западный федеральный округ,3,1,True,Новгородская область,2.14.Я3.5,"Доля беременных женщин, обратившихся в медицинские организации в ситуации репродуктивного выбора, получивших услуги по оказанию правовой, психологической и медико-социальной помощи, и вставших на учет по беременности",data (34).xls,"Доля беременных женщин, обратившихся в медицинские организации в ситуации репродуктивного выбора, получивших, в том числе услуги по оказанию правовой, психологической и медико-социальной помощи, и вставших на учет по беременности",2025.0,месяц,декабрь,2025-12-31,процент,21.89,07.04.2026,complete_year,True,
54,Новосибирская область,НСО,Сибирский федеральный округ,19,5,True,Новосибирская область,2.14.Я3.5,"Доля беременных женщин, обратившихся в медицинские организации в ситуации репродуктивного выбора, получивших услуги по оказанию правовой, психологической и медико-социальной помощи, и вставших на учет по беременности",data (34).xls,"Доля беременных женщин, обратившихся в медицинские организации в ситуации репродуктивного выбора, получивших, в том числе услуги по оказанию правовой, психологической и медико-социальной помощи, и вставших на учет по беременности",2025.0,месяц,декабрь,2025-12-31,процент,21.09,07.04.2026,complete_year,True,
55,Омская область,ОМС,Сибирский федеральный округ,18,5,True,Омская область,2.14.Я3.5,"Доля беременных женщин, обратившихся в медицинские организации в ситуации репродуктивного выбора, получивших услуги по оказанию правовой, психологической и медико-социальной помощи, и вставших на учет по беременности",data (34).xls,"Доля беременных женщин, обратившихся в медицинские организации в ситуации репродуктивного выбора, получивших, в том числе услуги по оказанию правовой, психологической и медико-социальной помощи, и вставших на учет по беременности",2025.0,месяц,декабрь,2025-12-31,процент,52.6,07.04.2026,complete_year,True,
56,Оренбургская область,ОРЕ,Приволжский федеральный округ,12,7,True,Оренбургская область,2.14.Я3.5,"Доля беременных женщин, обратившихся в медицинские организации в ситуации репродуктивного выбора, получивших услуги по оказанию правовой, психологической и медико-социальной помощи, и вставших на учет по беременности",data (34).xls,"Доля беременных женщин, обратившихся в медицинские организации в ситуации репродуктивного выбора, получивших, в том числе услуги по оказанию правовой, психологической и медико-социальной помощи, и вставших на учет по беременности",2025.0,месяц,декабрь,2025-12-31,процент,23.68,07.04.2026,complete_year,True,
57,Орловская область,ОРЛ,Центральный федеральный округ,9,4,True,Орловская область,2.14.Я3.5,"Доля беременных женщин, обратившихся в медицинские организации в ситуации репродуктивного выбора, получивших услуги по оказанию правовой, психологической и медико-социальной помощи, и вставших на учет по беременности",data (34).xls,"Доля беременных женщин, обратившихся в медицинские организации в ситуации репродуктивного выбора, получивших, в том числе услуги по оказанию правовой, психологической и медико-социальной помощи, и вставших на учет по беременности",2025.0,месяц,декабрь,2025-12-31,процент,11.3,07.04.2026,complete_year,True,
58,Пензенская область,ПЕН,Приволжский федеральный округ,13,6,True,Пензенская область,2.14.Я3.5,"Доля беременных женщин, обратившихся в медицинские организации в ситуации репродуктивного выбора, получивших услуги по оказанию правовой, психологической и медико-социальной помощи, и вставших на учет по беременности",data (34).xls,"Доля беременных женщин, обратившихся в медицинские организации в ситуации репродуктивного выбора, получивших, в том числе услуги по оказанию правовой, психологической и медико-социальной помощи, и вставших на учет по беременности",2025.0,месяц,декабрь,2025-12-31,процент,22.37,07.04.2026,complete_year,True,
59,Пермский край,ПЕР,Приволжский федеральный округ,12,5,True,Пермский край,2.14.Я3.5,"Доля беременных женщин, обратившихся в медицинские организации в ситуации репродуктивного выбора, получивших услуги по оказанию правовой, психологической и медико-социальной помощи, и вставших на учет по беременности",data (34).xls,"Доля беременных женщин, обратившихся в медицинские организации в ситуации репродуктивного выбора, получивших, в том числе услуги по оказанию правовой, психологической и медико-социальной помощи, и вставших на учет по беременности",2025.0,месяц,декабрь,2025-12-31,процент,32.38,07.04.2026,complete_year,True,
60,Псковская область,ПСК,Северо-Западный федеральный округ,0,2,True,Псковская область,2.14.Я3.5,"Доля беременных женщин, обратившихся в медицинские организации в ситуации репродуктивного выбора, получивших услуги по оказанию правовой, психологической и медико-социальной помощи, и вставших на учет по беременности",data (34).xls,"Доля беременных женщин, обратившихся в медицинские организации в ситуации репродуктивного выбора, получивших, в том числе услуги по оказанию правовой, психологической и медико-социальной помощи, и вставших на учет по беременности",2025.0,месяц,декабрь,2025-12-31,процент,12.27,07.04.2026,complete_year,True,
61,Ростовская область,РОС,Южный федеральный округ,3,8,True,Ростовская область,2.14.Я3.5,"Доля беременных женщин, обратившихся в медицинские организации в ситуации репродуктивного выбора, получивших услуги по оказанию правовой, психологической и медико-социальной помощи, и вставших на учет по беременности",data (34).xls,"Доля беременных женщин, обратившихся в медицинские организации в ситуации репродуктивного выбора, получивших, в том числе услуги по оказанию правовой, психологической и медико-социальной помощи, и вставших на учет по беременности",2025.0,месяц,декабрь,2025-12-31,процент,32.83,07.04.2026,complete_year,True,
62,Рязанская область,РЯЗ,Центральный федеральный округ,4,5,True,Рязанская область,2.14.Я3.5,"Доля беременных женщин, обратившихся в медицинские организации в ситуации репродуктивного выбора, получивших услуги по оказанию правовой, психологической и медико-социальной помощи, и вставших на учет по беременности",data (34).xls,"Доля беременных женщин, обратившихся в медицинские организации в ситуации репродуктивного выбора, получивших, в том числе услуги по оказанию правовой, психологической и медико-социальной помощи, и вставших на учет по беременности",2025.0,месяц,декабрь,2025-12-31,процент,27.03,07.04.2026,complete_year,True,
63,Самарская область,САМ,Приволжский федеральный округ,10,7,True,Самарская область,2.14.Я3.5,"Доля беременных женщин, обратившихся в медицинские организации в ситуации репродуктивного выбора, получивших услуги по оказанию правовой, психологической и медико-социальной помощи, и вставших на учет по беременности",data (34).xls,"Доля беременных женщин, обратившихся в медицинские организации в ситуации репродуктивного выбора, получивших, в том числе услуги по оказанию правовой, психологической и медико-социальной помощи, и вставших на учет по беременности",2025.0,месяц,декабрь,2025-12-31,процент,27.3,07.04.2026,complete_year,True,
64,Саратовская область,САР,Приволжский федеральный округ,11,7,True,Саратовская область,2.14.Я3.5,"Доля беременных женщин, обратившихся в медицинские организации в ситуации репродуктивного выбора, получивших услуги по оказанию правовой, психологической и медико-социальной помощи, и вставших на учет по беременности",data (34).xls,"Доля беременных женщин, обратившихся в медицинские организации в ситуации репродуктивного выбора, получивших, в том числе услуги по оказанию правовой, психологической и медико-социальной помощи, и вставших на учет по беременности",2025.0,месяц,декабрь,2025-12-31,процент,27.62,07.04.2026,complete_year,True,
65,Сахалинская область,САХ,Дальневосточный федеральный округ,24,4,True,Сахалинская область,2.14.Я3.5,"Доля беременных женщин, обратившихся в медицинские организации в ситуации репродуктивного выбора, получивших услуги по оказанию правовой, психологической и медико-социальной помощи, и вставших на учет по беременности",data (34).xls,"Доля беременных женщин, обратившихся в медицинские организации в ситуации репродуктивного выбора, получивших, в том числе услуги по оказанию правовой, психологической и медико-социальной помощи, и вставших на учет по беременности",2025.0,месяц,декабрь,2025-12-31,процент,18.88,07.04.2026,complete_year,True,
66,Свердловская область,СВР,Уральский федеральный округ,15,5,True,Свердловская область,2.14.Я3.5,"Доля беременных женщин, обратившихся в медицинские организации в ситуации репродуктивного выбора, получивших услуги по оказанию правовой, психологической и медико-социальной помощи, и вставших на учет по беременности",data (34).xls,"Доля беременных женщин, обратившихся в медицинские организации в ситуации репродуктивного выбора, получивших, в том числе услуги по оказанию правовой, психологической и медико-социальной помощи, и вставших на учет по беременности",2025.0,месяц,декабрь,2025-12-31,процент,18.75,07.04.2026,complete_year,True,
67,Смоленская область,СМЛ,Центральный федеральный округ,7,3,True,Смоленская область,2.14.Я3.5,"Доля беременных женщин, обратившихся в медицинские организации в ситуации репродуктивного выбора, получивших услуги по оказанию правовой, психологической и медико-социальной помощи, и вставших на учет по беременности",data (34).xls,"Доля беременных женщин, обратившихся в медицинские организации в ситуации репродуктивного выбора, получивших, в том числе услуги по оказанию правовой, психологической и медико-социальной помощи, и вставших на учет по беременности",2025.0,месяц,декабрь,2025-12-31,процент,19.58,07.04.2026,complete_year,True,
68,Тамбовская область,ТАМ,Центральный федеральный округ,7,5,True,Тамбовская область,2.14.Я3.5,"Доля беременных женщин, обратившихся в медицинские организации в ситуации репродуктивного выбора, получивших услуги по оказанию правовой, психологической и медико-социальной помощи, и вставших на учет по беременности",data (34).xls,"Доля беременных женщин, обратившихся в медицинские организации в ситуации репродуктивного выбора, получивших, в том числе услуги по оказанию правовой, психологической и медико-социальной помощи, и вставших на учет по беременности",2025.0,месяц,декабрь,2025-12-31,процент,50.63,07.04.2026,complete_year,True,
69,Тверская область,ТВЕ,Центральный федеральный округ,4,3,True,Тверская область,2.14.Я3.5,"Доля беременных женщин, обратившихся в медицинские организации в ситуации репродуктивного выбора, получивших услуги по оказанию правовой, психологической и медико-социальной помощи, и вставших на учет по беременности",data (34).xls,"Доля беременных женщин, обратившихся в медицинские организации в ситуации репродуктивного выбора, получивших, в том числе услуги по оказанию правовой, психологической и медико-социальной помощи, и вставших на учет по беременности",2025.0,месяц,декабрь,2025-12-31,процент,51.42,07.04.2026,complete_year,True,
70,Томская область,ТОМ,Сибирский федеральный округ,20,5,True,Томская область,2.14.Я3.5,"Доля беременных женщин, обратившихся в медицинские организации в ситуации репродуктивного выбора, получивших услуги по оказанию правовой, психологической и медико-социальной помощи, и вставших на учет по беременности",data (34).xls,"Доля беременных женщин, обратившихся в медицинские организации в ситуации репродуктивного выбора, получивших, в том числе услуги по оказанию правовой, психологической и медико-социальной помощи, и вставших на учет по беременности",2025.0,месяц,декабрь,2025-12-31,процент,20.01,07.04.2026,complete_year,True,
71,Тульская область,ТУЛ,Центральный федеральный округ,5,4,True,Тульская область,2.14.Я3.5,"Доля беременных женщин, обратившихся в медицинские организации в ситуации репродуктивного выбора, получивших услуги по оказанию правовой, психологической и медико-социальной помощи, и вставших на учет по беременности",data (34).xls,"Доля беременных женщин, обратившихся в медицинские организации в ситуации репродуктивного выбора, получивших, в том числе услуги по оказанию правовой, психологической и медико-социальной помощи, и вставших на учет по беременности",2025.0,месяц,декабрь,2025-12-31,процент,35.54,07.04.2026,complete_year,True,
72,Тюменская область,ТЮМ,Уральский федеральный округ,16,6,True,Тюменская область,2.14.Я3.5,"Доля беременных женщин, обратившихся в медицинские организации в ситуации репродуктивного выбора, получивших услуги по оказанию правовой, психологической и медико-социальной помощи, и вставших на учет по беременности",data (34).xls,"Доля беременных женщин, обратившихся в медицинские организации в ситуации репродуктивного выбора, получивших, в том числе услуги по оказанию правовой, психологической и медико-социальной помощи, и вставших на учет по беременности",2025.0,месяц,декабрь,2025-12-31,процент,26.98,07.04.2026,complete_year,True,
73,Ульяновская область,УЛЬ,Приволжский федеральный округ,14,6,True,Ульяновская область,2.14.Я3.5,"Доля беременных женщин, обратившихся в медицинские организации в ситуации репродуктивного выбора, получивших услуги по оказанию правовой, психологической и медико-социальной помощи, и вставших на учет по беременности",data (34).xls,"Доля беременных женщин, обратившихся в медицинские организации в ситуации репродуктивного выбора, получивших, в том числе услуги по оказанию правовой, психологической и медико-социальной помощи, и вставших на учет по беременности",2025.0,месяц,декабрь,2025-12-31,процент,34.56,07.04.2026,complete_year,True,
74,Челябинская область,ЧЕЛ,Уральский федеральный округ,17,6,True,Челябинская область,2.14.Я3.5,"Доля беременных женщин, обратившихся в медицинские организации в ситуации репродуктивного выбора, получивших услуги по оказанию правовой, психологической и медико-социальной помощи, и вставших на учет по беременности",data (34).xls,"Доля беременных женщин, обратившихся в медицинские организации в ситуации репродуктивного выбора, получивших, в том числе услуги по оказанию правовой, психологической и медико-социальной помощи, и вставших на учет по беременности",2025.0,месяц,декабрь,2025-12-31,процент,16.64,07.04.2026,complete_year,True,
75,Забайкальский край,ЗАБ,Дальневосточный федеральный округ,22,3,True,Забайкальский край,2.14.Я3.5,"Доля беременных женщин, обратившихся в медицинские организации в ситуации репродуктивного выбора, получивших услуги по оказанию правовой, психологической и медико-социальной помощи, и вставших на учет по беременности",data (34).xls,"Доля беременных женщин, обратившихся в медицинские организации в ситуации репродуктивного выбора, получивших, в том числе услуги по оказанию правовой, психологической и медико-социальной помощи, и вставших на учет по беременности",2025.0,месяц,декабрь,2025-12-31,процент,16.1,07.04.2026,complete_year,True,
76,Ярославская область,ЯРС,Центральный федеральный округ,5,3,True,Ярославская область,2.14.Я3.5,"Доля беременных женщин, обратившихся в медицинские организации в ситуации репродуктивного выбора, получивших услуги по оказанию правовой, психологической и медико-социальной помощи, и вставших на учет по беременности",data (34).xls,"Доля беременных женщин, обратившихся в медицинские организации в ситуации репродуктивного выбора, получивших, в том числе услуги по оказанию правовой, психологической и медико-социальной помощи, и вставших на учет по беременности",2025.0,месяц,декабрь,2025-12-31,процент,19.14,07.04.2026,complete_year,True,
77,Москва,МСК,Центральный федеральный округ,9,3,True,Город Москва столица Российской Федерации город федерального значения,2.14.Я3.5,"Доля беременных женщин, обратившихся в медицинские организации в ситуации репродуктивного выбора, получивших услуги по оказанию правовой, психологической и медико-социальной помощи, и вставших на учет по беременности",data (34).xls,"Доля беременных женщин, обратившихся в медицинские организации в ситуации репродуктивного выбора, получивших, в том числе услуги по оказанию правовой, психологической и медико-социальной помощи, и вставших на учет по беременности",2025.0,месяц,декабрь,2025-12-31,процент,17.67,07.04.2026,complete_year,True,
78,Санкт-Петербург,СПБ,Северо-Западный федеральный округ,1,1,True,Город Санкт-Петербург город федерального значения,2.14.Я3.5,"Доля беременных женщин, обратившихся в медицинские организации в ситуации репродуктивного выбора, получивших услуги по оказанию правовой, психологической и медико-социальной помощи, и вставших на учет по беременности",data (34).xls,"Доля беременных женщин, обратившихся в медицинские организации в ситуации репродуктивного выбора, получивших, в том числе услуги по оказанию правовой, психологической и медико-социальной помощи, и вставших на учет по беременности",2025.0,месяц,декабрь,2025-12-31,процент,25.8,07.04.2026,complete_year,True,
79,Еврейская автономная область,ЕАО,Дальневосточный федеральный округ,25,3,True,Еврейская автономная область,2.14.Я3.5,"Доля беременных женщин, обратившихся в медицинские организации в ситуации репродуктивного выбора, получивших услуги по оказанию правовой, психологической и медико-социальной помощи, и вставших на учет по беременности",data (34).xls,"Доля беременных женщин, обратившихся в медицинские организации в ситуации репродуктивного выбора, получивших, в том числе услуги по оказанию правовой, психологической и медико-социальной помощи, и вставших на учет по беременности",2025.0,месяц,декабрь,2025-12-31,процент,21.98,07.04.2026,complete_year,True,
83,Ненецкий автономный округ,НАО,Северо-Западный федеральный округ,3,0,True,Ненецкий автономный округ,2.14.Я3.5,"Доля беременных женщин, обратившихся в медицинские организации в ситуации репродуктивного выбора, получивших услуги по оказанию правовой, психологической и медико-социальной помощи, и вставших на учет по беременности",data (34).xls,"Доля беременных женщин, обратившихся в медицинские организации в ситуации репродуктивного выбора, получивших, в том числе услуги по оказанию правовой, психологической и медико-социальной помощи, и вставших на учет по беременности",2025.0,месяц,декабрь,2025-12-31,процент,19.3,07.04.2026,complete_year,True,
86,Ханты-Мансийский автономный округ - Югра,ХМАО,Уральский федеральный округ,16,5,True,Ханты-Мансийский автономный округ - Югра,2.14.Я3.5,"Доля беременных женщин, обратившихся в медицинские организации в ситуации репродуктивного выбора, получивших услуги по оказанию правовой, психологической и медико-социальной помощи, и вставших на учет по беременности",data (34).xls,"Доля беременных женщин, обратившихся в медицинские организации в ситуации репродуктивного выбора, получивших, в том числе услуги по оказанию правовой, психологической и медико-социальной помощи, и вставших на учет по беременности",2025.0,месяц,декабрь,2025-12-31,процент,31.12,07.04.2026,complete_year,True,
87,Чукотский автономный округ,ЧУК,Дальневосточный федеральный округ,23,2,True,Чукотский автономный округ,2.14.Я3.5,"Доля беременных женщин, обратившихся в медицинские организации в ситуации репродуктивного выбора, получивших услуги по оказанию правовой, психологической и медико-социальной помощи, и вставших на учет по беременности",data (34).xls,"Доля беременных женщин, обратившихся в медицинские организации в ситуации репродуктивного выбора, получивших, в том числе услуги по оказанию правовой, психологической и медико-социальной помощи, и вставших на учет по беременности",2025.0,месяц,декабрь,2025-12-31,процент,6.41,07.04.2026,complete_year,True,
89,Ямало-Ненецкий автономный округ,ЯНАО,Уральский федеральный округ,17,5,True,Ямало-Ненецкий автономный округ,2.14.Я3.5,"Доля беременных женщин, обратившихся в медицинские организации в ситуации репродуктивного выбора, получивших услуги по оказанию правовой, психологической и медико-социальной помощи, и вставших на учет по беременности",data (34).xls,"Доля беременных женщин, обратившихся в медицинские организации в ситуации репродуктивного выбора, получивших, в том числе услуги по оказанию правовой, психологической и медико-социальной помощи, и вставших на учет по беременности",2025.0,месяц,декабрь,2025-12-31,процент,29.29,07.04.2026,complete_year,True,
90,Запорожская область,ЗАП,Новые регионы / Южный макрорегион,9,9,True,,,,,,,,,,,,,complete_year,False,Нет данных в переданной выгрузке ЕМИСС для выбранного периода/показателя
91,Республика Крым,КРЫ,Южный федеральный округ,5,9,True,Республика Крым,2.14.Я3.5,"Доля беременных женщин, обратившихся в медицинские организации в ситуации репродуктивного выбора, получивших услуги по оказанию правовой, психологической и медико-социальной помощи, и вставших на учет по беременности",data (34).xls,"Доля беременных женщин, обратившихся в медицинские организации в ситуации репродуктивного выбора, получивших, в том числе услуги по оказанию правовой, психологической и медико-социальной помощи, и вставших на учет по беременности",2025.0,месяц,декабрь,2025-12-31,процент,31.23,07.04.2026,complete_year,True,
92,Севастополь,СЕВ,Южный федеральный округ,6,9,True,Город федерального значения Севастополь,2.14.Я3.5,"Доля беременных женщин, обратившихся в медицинские организации в ситуации репродуктивного выбора, получивших услуги по оказанию правовой, психологической и медико-социальной помощи, и вставших на учет по беременности",data (34).xls,"Доля беременных женщин, обратившихся в медицинские организации в ситуации репродуктивного выбора, получивших, в том числе услуги по оказанию правовой, психологической и медико-социальной помощи, и вставших на учет по беременности",2025.0,месяц,декабрь,2025-12-31,процент,23.64,07.04.2026,complete_year,True,
93,Донецкая Народная Республика,ДНР,Новые регионы / Южный макрорегион,7,9,True,,,,,,,,,,,,,complete_year,False,Нет данных в переданной выгрузке ЕМИСС для выбранного периода/показателя
94,Луганская Народная Республика,ЛНР,Новые регионы / Южный макрорегион,8,9,True,,,,,,,,,,,,,complete_year,False,Нет данных в переданной выгрузке ЕМИСС для выбранного периода/показателя
95,Херсонская область,ХЕР,Новые регионы / Южный макрорегион,10,9,True,,,,,,,,,,,,,complete_year,False,Нет данных в переданной выгрузке ЕМИСС для выбранного периода/показателя
01,Республика Адыгея,АД,Южный федеральный округ,4,9,True,Республика Адыгея (Адыгея),2.14.Я5.2,Увеличение числа посещений организаций культуры по отношению к 2023 году,data (35).xls,Увеличение числа посещений организаций культуры по отношению к 2023 году,2025.0,месяц,декабрь,2025-12-31,процент,119.0,02.04.2026,complete_year,True,
02,Республика Башкортостан,БА,Приволжский федеральный округ,13,7,True,Республика Башкортостан,2.14.Я5.2,Увеличение числа посещений организаций культуры по отношению к 2023 году,data (35).xls,Увеличение числа посещений организаций культуры по отношению к 2023 году,2025.0,месяц,декабрь,2025-12-31,процент,137.3,02.04.2026,complete_year,True,
03,Республика Бурятия,БУР,Дальневосточный федеральный округ,23,3,True,Республика Бурятия,2.14.Я5.2,Увеличение числа посещений организаций культуры по отношению к 2023 году,data (35).xls,Увеличение числа посещений организаций культуры по отношению к 2023 году,2025.0,месяц,декабрь,2025-12-31,процент,117.2,02.04.2026,complete_year,True,
04,Республика Алтай,АЛР,Сибирский федеральный округ,19,6,True,Республика Алтай,2.14.Я5.2,Увеличение числа посещений организаций культуры по отношению к 2023 году,data (35).xls,Увеличение числа посещений организаций культуры по отношению к 2023 году,2025.0,месяц,декабрь,2025-12-31,процент,115.1,02.04.2026,complete_year,True,
05,Республика Дагестан,ДАГ,Северо-Кавказский федеральный округ,9,12,True,Республика Дагестан,2.14.Я5.2,Увеличение числа посещений организаций культуры по отношению к 2023 году,data (35).xls,Увеличение числа посещений организаций культуры по отношению к 2023 году,2025.0,месяц,декабрь,2025-12-31,процент,122.4,02.04.2026,complete_year,True,
06,Республика Ингушетия,ИНГ,Северо-Кавказский федеральный округ,7,12,True,Республика Ингушетия,2.14.Я5.2,Увеличение числа посещений организаций культуры по отношению к 2023 году,data (35).xls,Увеличение числа посещений организаций культуры по отношению к 2023 году,2025.0,месяц,декабрь,2025-12-31,процент,110.8,02.04.2026,complete_year,True,
07,Кабардино-Балкарская Республика,КБР,Северо-Кавказский федеральный округ,9,11,True,Кабардино-Балкарская Республика,2.14.Я5.2,Увеличение числа посещений организаций культуры по отношению к 2023 году,data (35).xls,Увеличение числа посещений организаций культуры по отношению к 2023 году,2025.0,месяц,декабрь,2025-12-31,процент,121.6,02.04.2026,complete_year,True,
08,Республика Калмыкия,КАЛ,Южный федеральный округ,6,8,True,Республика Калмыкия,2.14.Я5.2,Увеличение числа посещений организаций культуры по отношению к 2023 году,data (35).xls,Увеличение числа посещений организаций культуры по отношению к 2023 году,2025.0,месяц,декабрь,2025-12-31,процент,111.5,02.04.2026,complete_year,True,
09,Карачаево-Черкесская Республика,КЧР,Северо-Кавказский федеральный округ,8,11,True,Карачаево-Черкесская Республика,2.14.Я5.2,Увеличение числа посещений организаций культуры по отношению к 2023 году,data (35).xls,Увеличение числа посещений организаций культуры по отношению к 2023 году,2025.0,месяц,декабрь,2025-12-31,процент,131.5,02.04.2026,complete_year,True,
10,Республика Карелия,КАР,Северо-Западный федеральный округ,1,0,True,Республика Карелия,2.14.Я5.2,Увеличение числа посещений организаций культуры по отношению к 2023 году,data (35).xls,Увеличение числа посещений организаций культуры по отношению к 2023 году,2025.0,месяц,декабрь,2025-12-31,процент,112.5,02.04.2026,complete_year,True,
11,Республика Коми,КОМ,Северо-Западный федеральный округ,2,2,True,Республика Коми,2.14.Я5.2,Увеличение числа посещений организаций культуры по отношению к 2023 году,data (35).xls,Увеличение числа посещений организаций культуры по отношению к 2023 году,2025.0,месяц,декабрь,2025-12-31,процент,117.1,02.04.2026,complete_year,True,
12,Республика Марий Эл,МЭ,Приволжский федеральный округ,10,6,True,Республика Марий Эл,2.14.Я5.2,Увеличение числа посещений организаций культуры по отношению к 2023 году,data (35).xls,Увеличение числа посещений организаций культуры по отношению к 2023 году,2025.0,месяц,декабрь,2025-12-31,процент,111.1,02.04.2026,complete_year,True,
13,Республика Мордовия,МОР,Приволжский федеральный округ,12,6,True,Республика Мордовия,2.14.Я5.2,Увеличение числа посещений организаций культуры по отношению к 2023 году,data (35).xls,Увеличение числа посещений организаций культуры по отношению к 2023 году,2025.0,месяц,декабрь,2025-12-31,процент,112.0,02.04.2026,complete_year,True,
14,Республика Саха (Якутия),ЯКТ,Дальневосточный федеральный округ,22,2,True,Республика Саха (Якутия),2.14.Я5.2,Увеличение числа посещений организаций культуры по отношению к 2023 году,data (35).xls,Увеличение числа посещений организаций культуры по отношению к 2023 году,2025.0,месяц,декабрь,2025-12-31,процент,110.2,02.04.2026,complete_year,True,
15,Республика Северная Осетия - Алания,СОА,Северо-Кавказский федеральный округ,10,11,True,Республика Северная Осетия - Алания,2.14.Я5.2,Увеличение числа посещений организаций культуры по отношению к 2023 году,data (35).xls,Увеличение числа посещений организаций культуры по отношению к 2023 году,2025.0,месяц,декабрь,2025-12-31,процент,138.0,02.04.2026,complete_year,True,
16,Республика Татарстан,ТАТ,Приволжский федеральный округ,14,5,True,Республика Татарстан (Татарстан),2.14.Я5.2,Увеличение числа посещений организаций культуры по отношению к 2023 году,data (35).xls,Увеличение числа посещений организаций культуры по отношению к 2023 году,2025.0,месяц,декабрь,2025-12-31,процент,115.5,02.04.2026,complete_year,True,
17,Республика Тыва,ТЫВ,Сибирский федеральный округ,19,7,True,Республика Тыва,2.14.Я5.2,Увеличение числа посещений организаций культуры по отношению к 2023 году,data (35).xls,Увеличение числа посещений организаций культуры по отношению к 2023 году,2025.0,месяц,декабрь,2025-12-31,процент,125.2,02.04.2026,complete_year,True,
18,Удмуртская Республика,УДМ,Приволжский федеральный округ,13,5,True,Удмуртская Республика,2.14.Я5.2,Увеличение числа посещений организаций культуры по отношению к 2023 году,data (35).xls,Увеличение числа посещений организаций культуры по отношению к 2023 году,2025.0,месяц,декабрь,2025-12-31,процент,116.3,02.04.2026,complete_year,True,
19,Республика Хакасия,ХАК,Сибирский федеральный округ,20,6,True,Республика Хакасия,2.14.Я5.2,Увеличение числа посещений организаций культуры по отношению к 2023 году,data (35).xls,Увеличение числа посещений организаций культуры по отношению к 2023 году,2025.0,месяц,декабрь,2025-12-31,процент,114.8,02.04.2026,complete_year,True,
20,Чеченская Республика,ЧЕЧ,Северо-Кавказский федеральный округ,8,12,True,Чеченская Республика,2.14.Я5.2,Увеличение числа посещений организаций культуры по отношению к 2023 году,data (35).xls,Увеличение числа посещений организаций культуры по отношению к 2023 году,2025.0,месяц,декабрь,2025-12-31,процент,158.1,02.04.2026,complete_year,True,
21,Чувашская Республика - Чувашия,ЧУВ,Приволжский федеральный округ,11,6,True,Чувашская Республика - Чувашия,2.14.Я5.2,Увеличение числа посещений организаций культуры по отношению к 2023 году,data (35).xls,Увеличение числа посещений организаций культуры по отношению к 2023 году,2025.0,месяц,декабрь,2025-12-31,процент,115.8,02.04.2026,complete_year,True,
22,Алтайский край,АЛК,Сибирский федеральный округ,18,6,True,Алтайский край,2.14.Я5.2,Увеличение числа посещений организаций культуры по отношению к 2023 году,data (35).xls,Увеличение числа посещений организаций культуры по отношению к 2023 году,2025.0,месяц,декабрь,2025-12-31,процент,112.0,02.04.2026,complete_year,True,
23,Краснодарский край,КДР,Южный федеральный округ,3,9,True,Краснодарский край,2.14.Я5.2,Увеличение числа посещений организаций культуры по отношению к 2023 году,data (35).xls,Увеличение числа посещений организаций культуры по отношению к 2023 году,2025.0,месяц,декабрь,2025-12-31,процент,117.9,02.04.2026,complete_year,True,
24,Красноярский край,КРЯ,Сибирский федеральный округ,21,6,True,Красноярский край,2.14.Я5.2,Увеличение числа посещений организаций культуры по отношению к 2023 году,data (35).xls,Увеличение числа посещений организаций культуры по отношению к 2023 году,2025.0,месяц,декабрь,2025-12-31,процент,115.0,02.04.2026,complete_year,True,
25,Приморский край,ПРИ,Дальневосточный федеральный округ,23,4,True,Приморский край,2.14.Я5.2,Увеличение числа посещений организаций культуры по отношению к 2023 году,data (35).xls,Увеличение числа посещений организаций культуры по отношению к 2023 году,2025.0,месяц,декабрь,2025-12-31,процент,122.6,02.04.2026,complete_year,True,
26,Ставропольский край,СТА,Северо-Кавказский федеральный округ,7,11,True,Ставропольский край,2.14.Я5.2,Увеличение числа посещений организаций культуры по отношению к 2023 году,data (35).xls,Увеличение числа посещений организаций культуры по отношению к 2023 году,2025.0,месяц,декабрь,2025-12-31,процент,114.5,02.04.2026,complete_year,True,
27,Хабаровский край,ХАБ,Дальневосточный федеральный округ,22,4,True,Хабаровский край,2.14.Я5.2,Увеличение числа посещений организаций культуры по отношению к 2023 году,data (35).xls,Увеличение числа посещений организаций культуры по отношению к 2023 году,2025.0,месяц,декабрь,2025-12-31,процент,111.3,02.04.2026,complete_year,True,
28,Амурская область,АМУ,Дальневосточный федеральный округ,24,3,True,Амурская область,2.14.Я5.2,Увеличение числа посещений организаций культуры по отношению к 2023 году,data (35).xls,Увеличение числа посещений организаций культуры по отношению к 2023 году,2025.0,месяц,декабрь,2025-12-31,процент,115.9,02.04.2026,complete_year,True,
29,Архангельская область,АРХ,Северо-Западный федеральный округ,2,0,True,Архангельская область,2.14.Я5.2,Увеличение числа посещений организаций культуры по отношению к 2023 году,data (35).xls,Увеличение числа посещений организаций культуры по отношению к 2023 году,2025.0,месяц,декабрь,2025-12-31,процент,112.0,02.04.2026,complete_year,True,
30,Астраханская область,АСТ,Южный федеральный округ,5,8,True,Астраханская область,2.14.Я5.2,Увеличение числа посещений организаций культуры по отношению к 2023 году,data (35).xls,Увеличение числа посещений организаций культуры по отношению к 2023 году,2025.0,месяц,декабрь,2025-12-31,процент,110.3,02.04.2026,complete_year,True,
31,Белгородская область,БЕЛ,Центральный федеральный округ,8,5,True,Белгородская область,2.14.Я5.2,Увеличение числа посещений организаций культуры по отношению к 2023 году,data (35).xls,Увеличение числа посещений организаций культуры по отношению к 2023 году,2025.0,месяц,декабрь,2025-12-31,процент,110.3,02.04.2026,complete_year,True,
32,Брянская область,БРЯ,Центральный федеральный округ,8,4,True,Брянская область,2.14.Я5.2,Увеличение числа посещений организаций культуры по отношению к 2023 году,data (35).xls,Увеличение числа посещений организаций культуры по отношению к 2023 году,2025.0,месяц,декабрь,2025-12-31,процент,113.7,02.04.2026,complete_year,True,
33,Владимирская область,ВЛД,Центральный федеральный округ,6,4,True,Владимирская область,2.14.Я5.2,Увеличение числа посещений организаций культуры по отношению к 2023 году,data (35).xls,Увеличение числа посещений организаций культуры по отношению к 2023 году,2025.0,месяц,декабрь,2025-12-31,процент,112.8,02.04.2026,complete_year,True,
34,Волгоградская область,ВГГ,Южный федеральный округ,4,8,True,Волгоградская область,2.14.Я5.2,Увеличение числа посещений организаций культуры по отношению к 2023 году,data (35).xls,Увеличение числа посещений организаций культуры по отношению к 2023 году,2025.0,месяц,декабрь,2025-12-31,процент,116.3,02.04.2026,complete_year,True,
35,Вологодская область,ВОЛ,Северо-Западный федеральный округ,1,2,True,Вологодская область,2.14.Я5.2,Увеличение числа посещений организаций культуры по отношению к 2023 году,data (35).xls,Увеличение числа посещений организаций культуры по отношению к 2023 году,2025.0,месяц,декабрь,2025-12-31,процент,115.4,02.04.2026,complete_year,True,
36,Воронежская область,ВРН,Центральный федеральный округ,9,5,True,Воронежская область,2.14.Я5.2,Увеличение числа посещений организаций культуры по отношению к 2023 году,data (35).xls,Увеличение числа посещений организаций культуры по отношению к 2023 году,2025.0,месяц,декабрь,2025-12-31,процент,126.1,02.04.2026,complete_year,True,
37,Ивановская область,ИВН,Центральный федеральный округ,7,4,True,Ивановская область,2.14.Я5.2,Увеличение числа посещений организаций культуры по отношению к 2023 году,data (35).xls,Увеличение числа посещений организаций культуры по отношению к 2023 году,2025.0,месяц,декабрь,2025-12-31,процент,128.2,02.04.2026,complete_year,True,
38,Иркутская область,ИРК,Сибирский федеральный округ,18,7,True,Иркутская область,2.14.Я5.2,Увеличение числа посещений организаций культуры по отношению к 2023 году,data (35).xls,Увеличение числа посещений организаций культуры по отношению к 2023 году,2025.0,месяц,декабрь,2025-12-31,процент,113.3,02.04.2026,complete_year,True,
39,Калининградская область,КГД,Северо-Западный федеральный округ,0,1,True,Калининградская область,2.14.Я5.2,Увеличение числа посещений организаций культуры по отношению к 2023 году,data (35).xls,Увеличение числа посещений организаций культуры по отношению к 2023 году,2025.0,месяц,декабрь,2025-12-31,процент,110.8,02.04.2026,complete_year,True,
40,Калужская область,КЛЖ,Центральный федеральный округ,4,4,True,Калужская область,2.14.Я5.2,Увеличение числа посещений организаций культуры по отношению к 2023 году,data (35).xls,Увеличение числа посещений организаций культуры по отношению к 2023 году,2025.0,месяц,декабрь,2025-12-31,процент,116.1,02.04.2026,complete_year,True,
41,Камчатский край,КАМ,Дальневосточный федеральный округ,24,2,True,Камчатский край,2.14.Я5.2,Увеличение числа посещений организаций культуры по отношению к 2023 году,data (35).xls,Увеличение числа посещений организаций культуры по отношению к 2023 году,2025.0,месяц,декабрь,2025-12-31,процент,118.3,02.04.2026,complete_year,True,
42,Кемеровская область - Кузбасс,КЕМ,Сибирский федеральный округ,21,5,True,Кемеровская область - Кузбасс,2.14.Я5.2,Увеличение числа посещений организаций культуры по отношению к 2023 году,data (35).xls,Увеличение числа посещений организаций культуры по отношению к 2023 году,2025.0,месяц,декабрь,2025-12-31,процент,131.1,02.04.2026,complete_year,True,
43,Кировская область,КИР,Приволжский федеральный округ,11,5,True,Кировская область,2.14.Я5.2,Увеличение числа посещений организаций культуры по отношению к 2023 году,data (35).xls,Увеличение числа посещений организаций культуры по отношению к 2023 году,2025.0,месяц,декабрь,2025-12-31,процент,137.3,02.04.2026,complete_year,True,
44,Костромская область,КОС,Центральный федеральный округ,6,3,True,Костромская область,2.14.Я5.2,Увеличение числа посещений организаций культуры по отношению к 2023 году,data (35).xls,Увеличение числа посещений организаций культуры по отношению к 2023 году,2025.0,месяц,декабрь,2025-12-31,процент,133.5,02.04.2026,complete_year,True,
45,Курганская область,КУРГ,Уральский федеральный округ,15,6,True,Курганская область,2.14.Я5.2,Увеличение числа посещений организаций культуры по отношению к 2023 году,data (35).xls,Увеличение числа посещений организаций культуры по отношению к 2023 году,2025.0,месяц,декабрь,2025-12-31,процент,129.4,02.04.2026,complete_year,True,
46,Курская область,КУР,Центральный федеральный округ,5,5,True,Курская область,2.14.Я5.2,Увеличение числа посещений организаций культуры по отношению к 2023 году,data (35).xls,Увеличение числа посещений организаций культуры по отношению к 2023 году,2025.0,месяц,декабрь,2025-12-31,процент,112.9,02.04.2026,complete_year,True,
47,Ленинградская область,ЛЕН,Северо-Западный федеральный округ,2,1,True,Ленинградская область,2.14.Я5.2,Увеличение числа посещений организаций культуры по отношению к 2023 году,data (35).xls,Увеличение числа посещений организаций культуры по отношению к 2023 году,2025.0,месяц,декабрь,2025-12-31,процент,114.9,02.04.2026,complete_year,True,
48,Липецкая область,ЛИП,Центральный федеральный округ,6,5,True,Липецкая область,2.14.Я5.2,Увеличение числа посещений организаций культуры по отношению к 2023 году,data (35).xls,Увеличение числа посещений организаций культуры по отношению к 2023 году,2025.0,месяц,декабрь,2025-12-31,процент,117.9,02.04.2026,complete_year,True,
49,Магаданская область,МАГ,Дальневосточный федеральный округ,25,2,True,Магаданская область,2.14.Я5.2,Увеличение числа посещений организаций культуры по отношению к 2023 году,data (35).xls,Увеличение числа посещений организаций культуры по отношению к 2023 году,2025.0,месяц,декабрь,2025-12-31,процент,111.1,02.04.2026,complete_year,True,
50,Московская область,МОСО,Центральный федеральный округ,8,3,True,Московская область,2.14.Я5.2,Увеличение числа посещений организаций культуры по отношению к 2023 году,data (35).xls,Увеличение числа посещений организаций культуры по отношению к 2023 году,2025.0,месяц,декабрь,2025-12-31,процент,114.0,02.04.2026,complete_year,True,
51,Мурманская область,МУР,Северо-Западный федеральный округ,0,0,True,Мурманская область,2.14.Я5.2,Увеличение числа посещений организаций культуры по отношению к 2023 году,data (35).xls,Увеличение числа посещений организаций культуры по отношению к 2023 году,2025.0,месяц,декабрь,2025-12-31,процент,113.4,02.04.2026,complete_year,True,
52,Нижегородская область,НИЖ,Приволжский федеральный округ,10,5,True,Нижегородская область,2.14.Я5.2,Увеличение числа посещений организаций культуры по отношению к 2023 году,data (35).xls,Увеличение числа посещений организаций культуры по отношению к 2023 году,2025.0,месяц,декабрь,2025-12-31,процент,123.4,02.04.2026,complete_year,True,
53,Новгородская область,НВГ,Северо-Западный федеральный округ,3,1,True,Новгородская область,2.14.Я5.2,Увеличение числа посещений организаций культуры по отношению к 2023 году,data (35).xls,Увеличение числа посещений организаций культуры по отношению к 2023 году,2025.0,месяц,декабрь,2025-12-31,процент,120.4,02.04.2026,complete_year,True,
54,Новосибирская область,НСО,Сибирский федеральный округ,19,5,True,Новосибирская область,2.14.Я5.2,Увеличение числа посещений организаций культуры по отношению к 2023 году,data (35).xls,Увеличение числа посещений организаций культуры по отношению к 2023 году,2025.0,месяц,декабрь,2025-12-31,процент,125.2,02.04.2026,complete_year,True,
55,Омская область,ОМС,Сибирский федеральный округ,18,5,True,Омская область,2.14.Я5.2,Увеличение числа посещений организаций культуры по отношению к 2023 году,data (35).xls,Увеличение числа посещений организаций культуры по отношению к 2023 году,2025.0,месяц,декабрь,2025-12-31,процент,119.4,02.04.2026,complete_year,True,
56,Оренбургская область,ОРЕ,Приволжский федеральный округ,12,7,True,Оренбургская область,2.14.Я5.2,Увеличение числа посещений организаций культуры по отношению к 2023 году,data (35).xls,Увеличение числа посещений организаций культуры по отношению к 2023 году,2025.0,месяц,декабрь,2025-12-31,процент,114.4,02.04.2026,complete_year,True,
57,Орловская область,ОРЛ,Центральный федеральный округ,9,4,True,Орловская область,2.14.Я5.2,Увеличение числа посещений организаций культуры по отношению к 2023 году,data (35).xls,Увеличение числа посещений организаций культуры по отношению к 2023 году,2025.0,месяц,декабрь,2025-12-31,процент,110.2,02.04.2026,complete_year,True,
58,Пензенская область,ПЕН,Приволжский федеральный округ,13,6,True,Пензенская область,2.14.Я5.2,Увеличение числа посещений организаций культуры по отношению к 2023 году,data (35).xls,Увеличение числа посещений организаций культуры по отношению к 2023 году,2025.0,месяц,декабрь,2025-12-31,процент,118.0,02.04.2026,complete_year,True,
59,Пермский край,ПЕР,Приволжский федеральный округ,12,5,True,Пермский край,2.14.Я5.2,Увеличение числа посещений организаций культуры по отношению к 2023 году,data (35).xls,Увеличение числа посещений организаций культуры по отношению к 2023 году,2025.0,месяц,декабрь,2025-12-31,процент,126.8,02.04.2026,complete_year,True,
60,Псковская область,ПСК,Северо-Западный федеральный округ,0,2,True,Псковская область,2.14.Я5.2,Увеличение числа посещений организаций культуры по отношению к 2023 году,data (35).xls,Увеличение числа посещений организаций культуры по отношению к 2023 году,2025.0,месяц,декабрь,2025-12-31,процент,114.9,02.04.2026,complete_year,True,
61,Ростовская область,РОС,Южный федеральный округ,3,8,True,Ростовская область,2.14.Я5.2,Увеличение числа посещений организаций культуры по отношению к 2023 году,data (35).xls,Увеличение числа посещений организаций культуры по отношению к 2023 году,2025.0,месяц,декабрь,2025-12-31,процент,120.9,02.04.2026,complete_year,True,
62,Рязанская область,РЯЗ,Центральный федеральный округ,4,5,True,Рязанская область,2.14.Я5.2,Увеличение числа посещений организаций культуры по отношению к 2023 году,data (35).xls,Увеличение числа посещений организаций культуры по отношению к 2023 году,2025.0,месяц,декабрь,2025-12-31,процент,115.3,02.04.2026,complete_year,True,
63,Самарская область,САМ,Приволжский федеральный округ,10,7,True,Самарская область,2.14.Я5.2,Увеличение числа посещений организаций культуры по отношению к 2023 году,data (35).xls,Увеличение числа посещений организаций культуры по отношению к 2023 году,2025.0,месяц,декабрь,2025-12-31,процент,110.7,02.04.2026,complete_year,True,
64,Саратовская область,САР,Приволжский федеральный округ,11,7,True,Саратовская область,2.14.Я5.2,Увеличение числа посещений организаций культуры по отношению к 2023 году,data (35).xls,Увеличение числа посещений организаций культуры по отношению к 2023 году,2025.0,месяц,декабрь,2025-12-31,процент,129.2,02.04.2026,complete_year,True,
65,Сахалинская область,САХ,Дальневосточный федеральный округ,24,4,True,Сахалинская область,2.14.Я5.2,Увеличение числа посещений организаций культуры по отношению к 2023 году,data (35).xls,Увеличение числа посещений организаций культуры по отношению к 2023 году,2025.0,месяц,декабрь,2025-12-31,процент,116.2,02.04.2026,complete_year,True,
66,Свердловская область,СВР,Уральский федеральный округ,15,5,True,Свердловская область,2.14.Я5.2,Увеличение числа посещений организаций культуры по отношению к 2023 году,data (35).xls,Увеличение числа посещений организаций культуры по отношению к 2023 году,2025.0,месяц,декабрь,2025-12-31,процент,116.2,02.04.2026,complete_year,True,
67,Смоленская область,СМЛ,Центральный федеральный округ,7,3,True,Смоленская область,2.14.Я5.2,Увеличение числа посещений организаций культуры по отношению к 2023 году,data (35).xls,Увеличение числа посещений организаций культуры по отношению к 2023 году,2025.0,месяц,декабрь,2025-12-31,процент,138.2,02.04.2026,complete_year,True,
68,Тамбовская область,ТАМ,Центральный федеральный округ,7,5,True,Тамбовская область,2.14.Я5.2,Увеличение числа посещений организаций культуры по отношению к 2023 году,data (35).xls,Увеличение числа посещений организаций культуры по отношению к 2023 году,2025.0,месяц,декабрь,2025-12-31,процент,111.3,02.04.2026,complete_year,True,
69,Тверская область,ТВЕ,Центральный федеральный округ,4,3,True,Тверская область,2.14.Я5.2,Увеличение числа посещений организаций культуры по отношению к 2023 году,data (35).xls,Увеличение числа посещений организаций культуры по отношению к 2023 году,2025.0,месяц,декабрь,2025-12-31,процент,114.9,02.04.2026,complete_year,True,
70,Томская область,ТОМ,Сибирский федеральный округ,20,5,True,Томская область,2.14.Я5.2,Увеличение числа посещений организаций культуры по отношению к 2023 году,data (35).xls,Увеличение числа посещений организаций культуры по отношению к 2023 году,2025.0,месяц,декабрь,2025-12-31,процент,118.9,02.04.2026,complete_year,True,
71,Тульская область,ТУЛ,Центральный федеральный округ,5,4,True,Тульская область,2.14.Я5.2,Увеличение числа посещений организаций культуры по отношению к 2023 году,data (35).xls,Увеличение числа посещений организаций культуры по отношению к 2023 году,2025.0,месяц,декабрь,2025-12-31,процент,134.6,02.04.2026,complete_year,True,
72,Тюменская область,ТЮМ,Уральский федеральный округ,16,6,True,Тюменская область,2.14.Я5.2,Увеличение числа посещений организаций культуры по отношению к 2023 году,data (35).xls,Увеличение числа посещений организаций культуры по отношению к 2023 году,2025.0,месяц,декабрь,2025-12-31,процент,120.6,02.04.2026,complete_year,True,
73,Ульяновская область,УЛЬ,Приволжский федеральный округ,14,6,True,Ульяновская область,2.14.Я5.2,Увеличение числа посещений организаций культуры по отношению к 2023 году,data (35).xls,Увеличение числа посещений организаций культуры по отношению к 2023 году,2025.0,месяц,декабрь,2025-12-31,процент,112.2,02.04.2026,complete_year,True,
74,Челябинская область,ЧЕЛ,Уральский федеральный округ,17,6,True,Челябинская область,2.14.Я5.2,Увеличение числа посещений организаций культуры по отношению к 2023 году,data (35).xls,Увеличение числа посещений организаций культуры по отношению к 2023 году,2025.0,месяц,декабрь,2025-12-31,процент,111.8,02.04.2026,complete_year,True,
75,Забайкальский край,ЗАБ,Дальневосточный федеральный округ,22,3,True,Забайкальский край,2.14.Я5.2,Увеличение числа посещений организаций культуры по отношению к 2023 году,data (35).xls,Увеличение числа посещений организаций культуры по отношению к 2023 году,2025.0,месяц,декабрь,2025-12-31,процент,112.1,02.04.2026,complete_year,True,
76,Ярославская область,ЯРС,Центральный федеральный округ,5,3,True,Ярославская область,2.14.Я5.2,Увеличение числа посещений организаций культуры по отношению к 2023 году,data (35).xls,Увеличение числа посещений организаций культуры по отношению к 2023 году,2025.0,месяц,декабрь,2025-12-31,процент,111.2,02.04.2026,complete_year,True,
77,Москва,МСК,Центральный федеральный округ,9,3,True,Город Москва столица Российской Федерации город федерального значения,2.14.Я5.2,Увеличение числа посещений организаций культуры по отношению к 2023 году,data (35).xls,Увеличение числа посещений организаций культуры по отношению к 2023 году,2025.0,месяц,декабрь,2025-12-31,процент,116.3,02.04.2026,complete_year,True,
78,Санкт-Петербург,СПБ,Северо-Западный федеральный округ,1,1,True,Город Санкт-Петербург город федерального значения,2.14.Я5.2,Увеличение числа посещений организаций культуры по отношению к 2023 году,data (35).xls,Увеличение числа посещений организаций культуры по отношению к 2023 году,2025.0,месяц,декабрь,2025-12-31,процент,114.6,02.04.2026,complete_year,True,
79,Еврейская автономная область,ЕАО,Дальневосточный федеральный округ,25,3,True,Еврейская автономная область,2.14.Я5.2,Увеличение числа посещений организаций культуры по отношению к 2023 году,data (35).xls,Увеличение числа посещений организаций культуры по отношению к 2023 году,2025.0,месяц,декабрь,2025-12-31,процент,110.4,02.04.2026,complete_year,True,
83,Ненецкий автономный округ,НАО,Северо-Западный федеральный округ,3,0,True,Ненецкий автономный округ,2.14.Я5.2,Увеличение числа посещений организаций культуры по отношению к 2023 году,data (35).xls,Увеличение числа посещений организаций культуры по отношению к 2023 году,2025.0,месяц,декабрь,2025-12-31,процент,125.2,02.04.2026,complete_year,True,
86,Ханты-Мансийский автономный округ - Югра,ХМАО,Уральский федеральный округ,16,5,True,Ханты-Мансийский автономный округ - Югра,2.14.Я5.2,Увеличение числа посещений организаций культуры по отношению к 2023 году,data (35).xls,Увеличение числа посещений организаций культуры по отношению к 2023 году,2025.0,месяц,декабрь,2025-12-31,процент,117.7,02.04.2026,complete_year,True,
87,Чукотский автономный округ,ЧУК,Дальневосточный федеральный округ,23,2,True,Чукотский автономный округ,2.14.Я5.2,Увеличение числа посещений организаций культуры по отношению к 2023 году,data (35).xls,Увеличение числа посещений организаций культуры по отношению к 2023 году,2025.0,месяц,декабрь,2025-12-31,процент,143.7,02.04.2026,complete_year,True,
89,Ямало-Ненецкий автономный округ,ЯНАО,Уральский федеральный округ,17,5,True,Ямало-Ненецкий автономный округ,2.14.Я5.2,Увеличение числа посещений организаций культуры по отношению к 2023 году,data (35).xls,Увеличение числа посещений организаций культуры по отношению к 2023 году,2025.0,месяц,декабрь,2025-12-31,процент,114.8,02.04.2026,complete_year,True,
90,Запорожская область,ЗАП,Новые регионы / Южный макрорегион,9,9,True,,,,,,,,,,,,,complete_year,False,Нет данных в переданной выгрузке ЕМИСС для выбранного периода/показателя
91,Республика Крым,КРЫ,Южный федеральный округ,5,9,True,Республика Крым,2.14.Я5.2,Увеличение числа посещений организаций культуры по отношению к 2023 году,data (35).xls,Увеличение числа посещений организаций культуры по отношению к 2023 году,2025.0,месяц,декабрь,2025-12-31,процент,133.7,02.04.2026,complete_year,True,
92,Севастополь,СЕВ,Южный федеральный округ,6,9,True,Город федерального значения Севастополь,2.14.Я5.2,Увеличение числа посещений организаций культуры по отношению к 2023 году,data (35).xls,Увеличение числа посещений организаций культуры по отношению к 2023 году,2025.0,месяц,декабрь,2025-12-31,процент,137.7,02.04.2026,complete_year,True,
93,Донецкая Народная Республика,ДНР,Новые регионы / Южный макрорегион,7,9,True,,,,,,,,,,,,,complete_year,False,Нет данных в переданной выгрузке ЕМИСС для выбранного периода/показателя
94,Луганская Народная Республика,ЛНР,Новые регионы / Южный макрорегион,8,9,True,,,,,,,,,,,,,complete_year,False,Нет данных в переданной выгрузке ЕМИСС для выбранного периода/показателя
95,Херсонская область,ХЕР,Новые регионы / Южный макрорегион,10,9,True,,,,,,,,,,,,,complete_year,False,Нет данных в переданной выгрузке ЕМИСС для выбранного периода/показателя
