document_id,file_name,page,text
presentation_family_project,Презентация национального проекта Семья.pdf,1,
presentation_family_project,Презентация национального проекта Семья.pdf,2,"Курирующий Заместитель Председателя Правительства: Т. А. Голикова
Ответственный ФОИВ: Минтруд России
Руководитель проекта: А. О. Котяков
ФЕДЕРАЛЬНЫЕ ПРОЕКТЫ: 
•
Поддержка семьи
•
Многодетная семья
•
Охрана материнства и детства
•
Старшее поколение
•
Семейные ценности и инфраструктура культуры
ЦЕЛЬ НАЦПРОЕКТА: 
НАПРАВЛЕН НА ДОСТИЖЕНИЕ НАЦИОНАЛЬНОЙ ЦЕЛИ РАЗВИТИЯ: 
Увеличение числа семей          
с детьми, в том числе 
многодетных, укрепление 
семейных ценностей
• Сохранение населения, укрепление здоровья и повышение благополучия людей, поддержка семьи
• Реализация потенциала каждого человека, развитие его талантов, воспитание патриотичной               
и социально ответственной личности
• Комфортная и безопасная среда для жизни
НАЦИОНАЛЬНЫЙ ПРОЕКТ «СЕМЬЯ»
"
presentation_family_project,Презентация национального проекта Семья.pdf,3,"НАЦИОНАЛЬНЫЙ ПРОЕКТ «СЕМЬЯ»
•
Создание не менее 1 000 комнат матери и ребенка
и групп кратковременного пребывания детей.                        
в образовательных организациях высшего образования.
•
Предоставление маткапитала на улучшение жилищных 
условий, образование, пенсионные накопления и пр.
•
Предоставление Единого пособия нуждающимся семьям.
•
Предоставление «Семейной ипотеки» (более 1,5 млн семей   
с детьми).
•
Предоставление ежегодной семейной выплаты.
•
Адресное строительство не менее 100 детсадов в отдельных 
населенных пунктах с объективно выявленной потребностью 
инфраструктуры.
•
Оснащение образовательных пространств не менее 2,2 тыс. 
детсадов.
•
Реализация в 41 регионе региональных программ 
по повышению рождаемости.
•
Предоставление государственной социальной помощи  
на основании соцконтракта ежегодно не менее 220 тыс. 
семей (приоритетно – многодетным).
•
Обеспечение многодетных семей региональными мерами 
поддержки, реализация региональных мер по повышению 
рождаемости в развитие Указа Президента № 63.
•
Предоставление выплаты на погашение ипотеки 
многодетным семьям с детьми в размере 450 тыс. руб. в 
целях улучшения жилищных условий.
•
Создание ежегодно порядка 1 000 групп продленного дня для 
обучающихся 1–4 классов в образовательных организациях.
•
Создание 336 женских консультаций  (субъектов РФ                  
и ФМБА России).
•
Оснащение медицинскими изделиями 133 перинатальных 
центров, родильных домов субъектов РФ и 9 перинатальных 
центров Минздрава России и ФМБА России.
•
Оснащение медицинскими изделиями 180 детских больниц.
•
Приобретение 526 мобильных медицинских комплексов 
для детских поликлиник в субъектах РФ и 10 – для детских 
поликлиник ФМБА России.
•
Проведение 485 тыс. циклов ЭКО.
•
Реализация региональных программ по охране материнства и 
детства во всех регионах. 
Ключевые мероприятия нацпроекта 
"
presentation_family_project,Презентация национального проекта Семья.pdf,4,"НАЦИОНАЛЬНЫЙ ПРОЕКТ «СЕМЬЯ»
•
Ремонт 43 объектов соцобслуживания.
•
Реализация региональных программ «Активное долголетие» 
во всех регионах.
•
Более 31 тыс. развивающих и образовательных 
мероприятий в центрах общения для граждан старшего 
поколения.
•
Строительство и модернизация не менее 1011 региональных 
и муниципальных детских школ искусств.
•
Модернизация не менее 450 учреждений культурно 
досугового типа в населенных пунктах с численностью до 
500 тыс. чел. не менее 420 региональных и муниципальных 
библиотек, не менее 100 театров и 250 музеев, находящихся 
в региональной и муниципальной собственности
•
Оснащение не менее 410 региональных и муниципальных 
театров в городах с численностью населения более 300 тыс. 
человек, 2,1 тыс. региональных и муниципальных музеев, 3,6 
тыс. детских школ искусств и училищ музыкальными 
инструментами, оборудованием и учебными материалами, 
2,4 тыс. кинозалов современным оборудованием в 
населенных пунктах до 500 тыс. человек, в которых 
обеспечен прокат национальных фильмов.
•
Создание 2,5 тыс. модельных библиотек, 310 памятных мест, 
связанных с военной историей России.
•
Реализация 1,3 тыс. творческих проектов НКО по укреплению 
российской гражданской идентичности на основе духовно 
нравственных и культурных ценностей народов России, 390 
творческих проектов, направленных на сохранение и 
популяризацию традиционных ценностей, 144 выставочных 
проекта федеральных и региональных музеев в субъектах РФ. 
•
Проведено 479 культурно-просветительских программ 
для школьников.
•
Конкурс «Это у нас семейное» – 600 тыс. человек 
участников конкурса.
•
Не менее 280 млн билетов на посещение мероприятий                    
с использованием «Пушкинской карты».
•
Предоставление услуг долговременного ухода не менее 500 
тыс. нуждающихся в таком уходе.
•
Ввод в эксплуатацию не менее 122 объектов для размещения 
граждан в стационарных организациях соцобслуживания
в субъектах РФ (более 6,9 тыс. мест).
Ключевые мероприятия нацпроекта 
"
presentation_family_project,Презентация национального проекта Семья.pdf,5,"НАЦИОНАЛЬНЫЙ ПРОЕКТ «СЕМЬЯ»
Основные показатели 
национального проекта к 2030 году 
•
Увеличение суммарного коэффициента рождаемости.
•
Снижение уровня бедности.
•
Суммарный коэффициент рождаемости третьих 
и последующих детей – 0,475 ед.
•
Доля пожилых граждан и инвалидов, получающих 
долговременный уход, от общего числа нуждающихся в 
таком уходе граждан – 30,3 %.
•
Уровень удовлетворенности граждан работой 
государственных и муниципальных организаций культуры, 
искусства и народного творчества – 63 %.
•
Количество созданных центров воспроизведения 
аудиовизуального контента в малых населенных пунктах 
с численностью населения до 50 тыс. человек, оснащенных 
необходимым оборудованием и подключенных 
к единой цифровой платформе с библиотекой современных 
продуктов российской киноиндустрии – 900 ед.
"
passport_family_project,Паспорт-национального-проекта-Семья.pdf,1,"Паспорт национального проекта ""Семья"" (утв. Министерством труда и социальной защиты Российской Федерации) (по состоянию на 12 февраля 2025 г.)
14.04.2025
Система ГАРАНТ
1
Паспорт национального проекта ""Семья"" (утв. Министерством труда и социальной защиты Российской Федерации) (по состоянию на 12 февраля 2025 г.)
Паспорт национального проекта ""Семья""
(утв. Министерством труда и социальной защиты Российской Федерации)
(по состоянию на 12 февраля 2025 г.)
1. Основные положения
1.
Краткое наименование национального проекта
Семья
Срок реализации проекта
01.01.2025
31.12.2030
2.
Цель национального проекта
Увеличение числа семей с детьми, в том числе многодетных, укрепление семейных ценностей
3.
Куратор национального проекта
Голикова Т.А.
Заместитель Председателя Правительства Российской Федерации
4.
Руководитель национального проекта
Котяков А.О.
Министр труда и социальной защиты Российской Федерации
5.
Администратор национального проекта
Баталина О.Ю.
Первый заместитель Министра труда и социальной защиты Российской Федерации
6.
Целевые группы национального проекта
Все население 18+, Семьи с двумя и более несовершеннолетними детьми, Семьи с 1 и более детьми, Студенты, Молодые люди 18-35, Отцы 
или матери детей до 3-х лет, Семьи с проблемами зачатия, Женщины в отпуске по уходу за ребенком до трех лет, Инвалиды, Все население 
РФ, Молодежь 14-35 лет, Граждане в возрасте 50 лет и старше, пенсионеры
2. Показатели национального проекта
N
п/п
Показатели 
национального 
проекта
Уровень 
показа-
теля
Единица 
измерения 
(по ОКЕИ)
Базовое значение
Период, год
Ответственный за 
достижение
Целевая группа
Значение
Год
2024
2025
2026
2027
2028
2029
2030
1
Обеспечена поддержка семьи при рождении ребенка
1.1.
Уровень бедности 
среди 
многодетных 
семей
Указ 309
Процент
27,2000
2023
-
22,9000
20,7000
18,5000
16,4000
14,2000
12,0000
Баталина О.Ю., 
Первый заместитель 
Министра труда и 
социальной защиты 
Российской 
Федерации, 
Министерство труда и 
социальной защиты 
Российской 
Федерации
Семьи с 1 и более 
детьми до трех 
лет, чей доход 
ниже двух 
региональных 
прожиточных 
минимумов на 
человека; Семьи с 
двумя и более 
несовершенноле-
тними детьми
1.2.
Суммарный 
коэффициент 
рождаемости
Указ 309
Единица
1,4100
2023
-
1,4430
1,4730
1,5030
1,5330
1,5630
1,5930
Баталина О.Ю., 
Первый заместитель 
Министра труда и 
социальной защиты 
Российской 
Федерации, 
Министерство труда и 
социальной защиты 
Российской 
Федерации
Все население 
18+; Женщины в 
отпуске по уходу 
за ребенком до 
трех лет; 
Молодые люди 
18-35; Отцы или 
матери детей до 
3-х лет; Семьи с 1 
и более детьми; 
Семьи с 
проблемами 
зачатия; 
Студенты
2
К 2030 году количество многодетных семей вырастет на 15%
2.1.
Суммарный 
коэффициент 
Указ 309
Единица
0,3720
2023
-
0,3990
0,4140
0,4280
0,4430
0,4590
0,4750
Баталина О.Ю., 
Первый заместитель 
Семьи с двумя и 
более 
"
passport_family_project,Паспорт-национального-проекта-Семья.pdf,2,"Паспорт национального проекта ""Семья"" (утв. Министерством труда и социальной защиты Российской Федерации) (по состоянию на 12 февраля 2025 г.)
14.04.2025
Система ГАРАНТ
2
рождаемости 
третьих и 
последующих 
детей
Министра труда и 
социальной защиты 
Российской 
Федерации, 
Министерство труда и 
социальной защиты 
Российской 
Федерации
несовершенноле-
тними детьми
3
Поддержка старшего поколения семьи
3.1.
Доля пожилых 
граждан и 
инвалидов, 
получающих 
долговременный 
уход, от общего 
числа 
нуждающихся в 
таком уходе 
граждан
-
Процент
10,3700
2023
-
10,5000
11,2000
11,2000
17,5000
23,9000
30,3000
Баталина О.Ю., 
Первый заместитель 
Министра труда и 
социальной защиты 
Российской 
Федерации, 
Министерство труда и 
социальной защиты 
Российской 
Федерации
Граждане в 
возрасте 50 лет и 
старше; 
Инвалиды
4
Граждане получают дополнительные возможности для посещения и участия в культурно-просветительских мероприятиях и для обеспечения семейного досуга
4.1.
Уровень 
удовлетвореннос-
ти граждан 
работой 
государственных 
и муниципальных 
организаций 
культуры, 
искусства и 
народного 
творчества
-
Процент
53,7000
2023
-
56,5000
58,0000
59,5000
60,0000
61,5000
63,0000
Алексеева Ж.В., 
Заместитель директора 
департамента , 
Министерство 
культуры Российской 
Федерации
Все население 
18+
4.2.
Количество 
созданных 
центров 
воспроизведения 
аудиовизуального 
контента в малых 
населенных 
пунктах с 
численностью 
населения до 50 
тыс. человек, 
оснащенных 
необходимым 
оборудованием и 
подключенных к 
единой цифровой 
платформе с 
библиотекой 
современных 
продуктов 
российской 
киноиндустрии
-
Единица
0,0000
2024
-
40,0000
180,0000
410,0000
570,0000
735,0000
900,0000
Алексеева Ж.В., 
Заместитель директора 
департамента, 
Министерство 
культуры Российской 
Федерации
Все население 
РФ; Молодежь 
14-35 лет
4. Структура национального проекта
"
passport_family_project,Паспорт-национального-проекта-Семья.pdf,3,"Паспорт национального проекта ""Семья"" (утв. Министерством труда и социальной защиты Российской Федерации) (по состоянию на 12 февраля 2025 г.)
14.04.2025
Система ГАРАНТ
3
N
п/п
Наименование федеральных проектов, входящих в 
состав национального проекта
Сроки реализации
Куратор федерального проекта
Руководитель федерального проекта
1
Федеральный проект 
""Поддержка семьи""
Поддержка семьи
01.01.2025
31.12.2030
Голикова Татьяна 
Алексеевна
Заместитель Председателя 
Правительства Российской 
Федерации
Баталина Ольга 
Юрьевна
Первый заместитель 
Министра труда и 
социальной защиты 
Российской Федерации
2
Федеральный проект 
""Многодетная семья""
Многодетная семья
01.01.2025
31.12.2030
Голикова Татьяна 
Алексеевна
Заместитель Председателя 
Правительства Российской 
Федерации
Баталина Ольга 
Юрьевна
Первый заместитель 
Министра труда и 
социальной защиты 
Российской Федерации
3
Федеральный проект 
""Охрана материнства и 
детства""
Охрана материнства и 
детства
01.01.2025
31.12.2030
Голикова Татьяна 
Алексеевна
Заместитель Председателя 
Правительства Российской 
Федерации
Котова Евгения 
Григорьевна
Заместитель Министра 
здравоохранения Российской 
Федерации
4
Федеральный проект 
""Старшее поколение""
Старшее поколение
01.01.2025
31.12.2030
Голикова Татьяна 
Алексеевна
Заместитель Председателя 
Правительства Российской 
Федерации
Баталина Ольга 
Юрьевна
Первый заместитель 
Министра труда и 
социальной защиты 
Российской Федерации
5
Федеральный проект 
""Семейные ценности и 
инфраструктура 
культуры""
Семейные ценности и 
инфраструктура 
культуры
01.01.2025
31.12.2030
Голикова Татьяна 
Алексеевна
Заместитель Председателя 
Правительства Российской 
Федерации
Алексеева Жанна 
Владимировна
Статс-секретарь - 
заместитель Министра 
культуры Российской 
Федерации
5. Общественно значимые результаты и задачи, предусмотренные в рамках реализации национального проекта
N
п/п
Наименование ОЗР и задачи в рамках 
реализации национального проекта
Параметр 
Указа
Связь с показателем(-ями) национального проекта
Целевые группы ОЗР/Задачи
1
Федеральный проект ""Поддержка семьи""
1.1.
ОЗР: Обеспечена поддержка семьи при 
рождении ребенка
Да
Суммарный коэффициент рождаемости; Уровень бедности среди 
многодетных семей
Все население 18+; Женщины в отпуске по уходу за ребенком до 
трех лет; Молодые люди 18-35; Отцы или матери детей до 3-х 
лет; Семьи с 1 и более детьми; Семьи с 1 и более детьми до трех 
лет, чей доход ниже двух региональных прожиточных 
минимумов на человека; Семьи с двумя и более 
несовершеннолетними детьми; Семьи с проблемами зачатия; 
Студенты
2
Федеральный проект ""Многодетная семья""
2.1.
ОЗР: К 2030 году количество многодетных 
семей вырастет на 15%
Да
Суммарный коэффициент рождаемости третьих и последующих детей
Семьи с двумя и более несовершеннолетними детьми
3
Федеральный проект ""Охрана материнства и детства""
4
Федеральный проект ""Старшее поколение""
4.1.
ОЗР: Поддержка старшего поколения семьи
Да
Доля пожилых граждан и инвалидов, получающих долговременный уход, 
от общего числа нуждающихся в таком уходе граждан
Граждане в возрасте 50 лет и старше; Инвалиды
5
Федеральный проект ""Семейные ценности и инфраструктура культуры""
5.1.
ОЗР: Граждане получают дополнительные 
возможности для посещения и участия в 
культурно-просветительских мероприятиях 
и для обеспечения семейного досуга
Да
Количество созданных центров воспроизведения аудиовизуального 
контента в малых населенных пунктах с численностью населения до 50 
тыс. человек, оснащенных необходимым оборудованием и 
подключенных к единой цифровой платформе с библиотекой 
современных продуктов российской киноиндустрии; Уровень 
удовлетворенности граждан работой государственных и муниципальных 
организаций культуры, искусства и народного творчества
Все население 18+; Все население РФ; Молодежь 14-35 лет
"
passport_family_project,Паспорт-национального-проекта-Семья.pdf,4,"Паспорт национального проекта ""Семья"" (утв. Министерством труда и социальной защиты Российской Федерации) (по состоянию на 12 февраля 2025 г.)
14.04.2025
Система ГАРАНТ
4
6. Финансовое обеспечение национального проекта
N
п/п
Источники 
финансового 
обеспечения
Объем финансового обеспечения по годам реализации (тыс. рублей)
Всего (тыс. рублей)
2024
2025
2026
2027
2028
2029
2030
1
Федеральный 
проект 
""Федеральный проект 
""Поддержка семьи"", в 
том числе:
0,00
2 924 749 802,14
2 962 168 102,68
2 942 381 179,83
3 063 187 466,09
3 172 582 268,69
3 278 313 320,88
18 343 382 140,31
1.1.
Федеральный 
бюджет, всего
0,00
2 602 095 791,60
2 602 111 462,70
2 551 627 576,80
2 656 293 995,00
2 749 484 196,70
2 838 133 577,20
15 999 746 600,00
1.1.1.
в том числе: 
межбюджетные 
трансферты
0,00
1 965 013 791,60
2 147 929 462,70
2 193 245 576,80
2 297 595 566,10
2 407 846 159,00
2 526 560 014,10
13 538 190 570,30
1.1.1.1.
из них: бюджетам 
субъектов 
Российской 
Федерации
0,00
15 959 546,90
30 720 381,70
31 005 027,70
31 188 454,60
31 378 776,70
34 387 694,70
174 639 882,30
1.1.1.2.
бюджетам 
государственных 
внебюджетных 
фондов Российской 
Федерации
0,00
1 949 054 244,70
2 117 209 081,00
2 162 240 549,10
2 266 407 111,50
2 376 467 382,30
2 492 172 319,40
13 363 550 688,00
1.1.1.2.4.
бюджету Фонда 
пенсионного и 
социального 
страхования 
Российской 
Федерации
0,00
1 949 054 244,70
2 117 209 081,00
2 162 240 549,10
2 266 407 111,50
2 376 467 382,30
2 492 172 319,40
13 363 550 688,00
1.2.
Бюджеты 
государственных 
внебюджетных 
фондов Российской 
Федерации, всего
0,00
2 271 092 413,90
2 475 725 406,60
2 551 163 303,40
2 670 977 400,00
2 797 220 436,20
2 929 755 587,80
15 695 934 547,90
1.3.
Консолидированные 
бюджеты субъектов 
Российской 
Федерации, всего
0,00
16 575 388,24
32 260 696,08
32 835 876,43
33 511 637,19
33 723 794,79
36 984 169,98
185 891 562,71
1.4.
Бюджеты 
территориальных 
государственных 
внебюджетных 
фондов (бюджеты 
территориальных 
фондов 
обязательного 
медицинского 
страхования), всего
0,00
0,00
0,00
0,00
0,00
0,00
0,00
0,00
1.5.
внебюджетные 
источники, всего
0,00
0,00
0,00
0,00
0,00
0,00
0,00
0,00
2
Федеральный 
0,00
158 253 831,70
168 067 474,96
175 954 869,30
192 647 592,12
207 631 686,12
217 456 486,12
1 120 011 940,32
"
passport_family_project,Паспорт-национального-проекта-Семья.pdf,5,"Паспорт национального проекта ""Семья"" (утв. Министерством труда и социальной защиты Российской Федерации) (по состоянию на 12 февраля 2025 г.)
14.04.2025
Система ГАРАНТ
5
проект 
""Федеральный проект 
""Многодетная семья"", 
в том числе:
2.1.
Федеральный 
бюджет, всего
0,00
148 259 626,10
157 344 172,10
162 192 057,70
178 656 048,00
191 956 048,00
201 056 048,00
1 039 463 999,90
2.1.1.
в том числе: 
межбюджетные 
трансферты
0,00
53 869 007,30
58 400 429,20
58 300 429,20
69 700 429,20
77 600 429,20
81 000 429,20
398 871 153,30
2.1.1.1.
из них: бюджетам 
субъектов 
Российской 
Федерации
0,00
53 869 007,30
58 400 429,20
58 300 429,20
69 700 429,20
77 600 429,20
81 000 429,20
398 871 153,30
2.2.
Бюджеты 
государственных 
внебюджетных 
фондов Российской 
Федерации, всего
0,00
0,00
0,00
0,00
0,00
0,00
0,00
0,00
2.3.
Консолидированные 
бюджеты субъектов 
Российской 
Федерации, всего
0,00
63 863 212,90
69 123 732,06
72 063 240,80
83 691 973,32
93 276 067,32
97 400 867,32
479 419 093,72
2.4.
Бюджеты 
территориальных 
государственных 
внебюджетных 
фондов (бюджеты 
территориальных 
фондов 
обязательного 
медицинского 
страхования), всего
0,00
0,00
0,00
0,00
0,00
0,00
0,00
0,00
2.5.
внебюджетные 
источники, всего
0,00
0,00
0,00
0,00
0,00
0,00
0,00
0,00
3
Федеральный 
проект 
""Федеральный проект 
""Охрана материнства 
и детства"", в том 
числе:
0,00
35 876 995,50
35 989 850,00
36 394 968,90
56 983 560,40
35 981 269,00
11 374 634,40
212 601 278,20
3.1.
Федеральный 
бюджет, всего
0,00
25 600 000,00
25 300 000,00
25 300 000,00
45 800 000,00
24 700 000,00
0,00
146 700 000,00
3.1.1.
в том числе: 
межбюджетные 
трансферты
0,00
22 800 000,00
21 200 000,00
21 300 000,00
40 200 000,00
21 300 000,00
0,00
126 800 000,00
3.1.1.1.
из них: бюджетам 
субъектов 
Российской 
Федерации
0,00
22 800 000,00
21 200 000,00
21 300 000,00
40 200 000,00
21 300 000,00
0,00
126 800 000,00
3.2.
Бюджеты 
государственных 
внебюджетных 
фондов Российской 
0,00
10 276 995,50
10 689 850,00
11 094 968,90
11 183 560,40
11 281 269,00
11 374 634,40
65 901 278,20
"
passport_family_project,Паспорт-национального-проекта-Семья.pdf,6,"Паспорт национального проекта ""Семья"" (утв. Министерством труда и социальной защиты Российской Федерации) (по состоянию на 12 февраля 2025 г.)
14.04.2025
Система ГАРАНТ
6
Федерации, всего
3.3.
Консолидированные 
бюджеты субъектов 
Российской 
Федерации, всего
0,00
22 800 000,00
21 200 000,00
21 300 000,00
40 200 000,00
21 300 000,00
0,00
126 800 000,00
3.4.
Бюджеты 
территориальных 
государственных 
внебюджетных 
фондов (бюджеты 
территориальных 
фондов 
обязательного 
медицинского 
страхования), всего
0,00
0,00
0,00
0,00
0,00
0,00
0,00
0,00
3.5.
внебюджетные 
источники, всего
0,00
0,00
0,00
0,00
0,00
0,00
0,00
0,00
4
Федеральный 
проект 
""Федеральный проект 
""Старшее 
поколение"", в том 
числе:
0,00
34 621 261,94
43 714 999,33
45 141 804,60
68 869 565,20
80 826 086,90
88 434 782,60
361 608 500,57
4.1.
Федеральный 
бюджет, всего
0,00
32 874 437,50
41 046 901,70
42 066 202,20
64 000 000,00
75 000 000,00
82 000 000,00
336 987 541,40
4.1.1.
в том числе: 
межбюджетные 
трансферты
0,00
32 874 437,50
41 046 901,70
42 066 202,20
64 000 000,00
75 000 000,00
82 000 000,00
336 987 541,40
4.1.1.1.
из них: бюджетам 
субъектов 
Российской 
Федерации
0,00
32 874 437,50
41 046 901,70
42 066 202,20
64 000 000,00
75 000 000,00
82 000 000,00
336 987 541,40
4.2.
Бюджеты 
государственных 
внебюджетных 
фондов Российской 
Федерации, всего
0,00
0,00
0,00
0,00
0,00
0,00
0,00
0,00
4.3.
Консолидированные 
бюджеты субъектов 
Российской 
Федерации, всего
0,00
34 621 261,94
43 714 999,33
45 141 804,60
68 869 565,20
80 826 086,90
88 434 782,60
361 608 500,57
4.4.
Бюджеты 
территориальных 
государственных 
внебюджетных 
фондов (бюджеты 
территориальных 
фондов 
обязательного 
медицинского 
страхования), всего
0,00
0,00
0,00
0,00
0,00
0,00
0,00
0,00
4.5.
внебюджетные 
источники, всего
0,00
0,00
0,00
0,00
0,00
0,00
0,00
0,00
"
passport_family_project,Паспорт-национального-проекта-Семья.pdf,7,"Паспорт национального проекта ""Семья"" (утв. Министерством труда и социальной защиты Российской Федерации) (по состоянию на 12 февраля 2025 г.)
14.04.2025
Система ГАРАНТ
7
5
Федеральный 
проект 
""Федеральный проект 
""Семейные ценности 
и инфраструктура 
культуры"", в том 
числе:
0,00
42 157 187,81
67 413 284,21
72 764 209,43
75 722 523,80
75 672 523,80
77 717 395,30
411 447 124,35
5.1.
Федеральный 
бюджет, всего
0,00
28 817 703,90
59 709 813,70
64 646 566,50
69 290 023,80
70 070 023,80
74 549 895,30
367 084 027,00
5.1.1.
в том числе: 
межбюджетные 
трансферты
0,00
11 920 934,60
27 996 856,10
29 151 806,10
29 400 000,00
29 140 000,00
32 779 871,50
160 389 468,30
5.1.1.1.
из них: бюджетам 
субъектов 
Российской 
Федерации
0,00
11 920 934,60
27 996 856,10
29 151 806,10
29 400 000,00
29 140 000,00
32 779 871,50
160 389 468,30
5.2.
Бюджеты 
государственных 
внебюджетных 
фондов Российской 
Федерации, всего
0,00
0,00
0,00
0,00
0,00
0,00
0,00
0,00
5.3.
Консолидированные 
бюджеты субъектов 
Российской 
Федерации, всего
0,00
25 260 418,51
35 700 326,61
37 269 449,03
35 832 500,00
34 742 500,00
35 947 371,50
204 752 565,65
5.4.
Бюджеты 
территориальных 
государственных 
внебюджетных 
фондов (бюджеты 
территориальных 
фондов 
обязательного 
медицинского 
страхования), всего
0,00
0,00
0,00
0,00
0,00
0,00
0,00
0,00
5.5.
внебюджетные 
источники, всего
0,00
0,00
0,00
0,00
0,00
0,00
0,00
0,00
6
Нераспределенный 
резерв (федеральный 
бюджет)
0,00
0,00
0,00
0,00
0,00
0,00
0,00
0,00
Итого по национальному проекту:
0,00
3 195 659 079,09
3 277 353 711,18
3 272 637 032,06
3 457 410 707,61
3 572 693 834,51
3 673 296 619,30
20 449 050 983,75
в том числе:
федеральный бюджет
0,00
2 837 647 559,10
2 885 512 350,20
2 845 832 403,20
3 014 040 066,80
3 111 210 268,50
3 195 739 520,50
17 889 982 168,30
бюджеты государственных 
внебюджетных фондов Российской 
Федерации
0,00
2 281 369 409,40
2 486 415 256,60
2 562 258 272,30
2 682 160 960,40
2 808 501 705,20
2 941 130 222,20
15 761 835 826,10
консолидированные бюджеты 
субъектов Российской Федерации
0,00
163 120 281,59
201 999 754,08
208 610 370,86
262 105 675,71
263 868 449,01
258 767 191,40
1 358 471 722,65
бюджеты территориальных 
государственных внебюджетных 
фондов (бюджеты 
территориальных государственных 
фондов обязательно медицинского 
0,00
0,00
0,00
0,00
0,00
0,00
0,00
0,00
"
passport_family_project,Паспорт-национального-проекта-Семья.pdf,8,"Паспорт национального проекта ""Семья"" (утв. Министерством труда и социальной защиты Российской Федерации) (по состоянию на 12 февраля 2025 г.)
14.04.2025
Система ГАРАНТ
8
страхования)
внебюджетные источники
0,00
0,00
0,00
0,00
0,00
0,00
0,00
0,00
в том числе: средства Фонда 
национального благосостояния
0,00
0,00
0,00
0,00
0,00
0,00
0,00
0,00
"
passport_family_project,Паспорт-национального-проекта-Семья.pdf,9,"Паспорт национального проекта ""Семья"" (утв. Министерством труда и социальной защиты Российской
14.04.2025
Система ГАРАНТ
9
7. Дополнительная информация
Цель национального проекта ""Семья"": увеличение числа семей с детьми, в том числе 
многодетных, укрепление семейных ценностей. Национальный проект направлен на достижение 
показателей и задач национальных целей развития Российской Федерации на период до 2030 года 
""Сохранение населения, укрепление здоровья и повышение благополучия людей, поддержка семьи"", 
""Реализация потенциала каждого человека, развитие его талантов, воспитание патриотичной и 
социально ответственной личности"", ""Комфортная и безопасная среда для жизни"", предусмотренных 
Указом Президента Российской Федерации от 7 мая 2024 г. N 309 ""О национальных целях развития 
Российской Федерации на период до 2030 года и на перспективу до 2036 года"" (далее - Указ N 309), 
отдельных поручений Президента Российской Федерации и Правительства Российской Федерации.
Национальный проект представляет собой комплекс системных мер, направленных на 
совершенствование целостной системы поддержки семей с детьми, создание условий для дальнейшего 
их развития с учетом необходимых потребностей.
В рамках национального проекта предусмотрена реализация пяти федеральных проектов: 
""Поддержка семьи"", ""Многодетная семья"", ""Охрана материнства и детства"", ""Старшее 
поколение"", ""Семейные ценности и инфраструктура культуры"", направленных на достижение 
шести показателей национальных целей.
Основные показатели, на которые направлен национальный проект:
- Повышение суммарного коэффициента рождаемости (пп. ""а"" п. 2 Указа N 309);
- Повышение суммарного коэффициента рождаемости третьих и последующих детей (пп. ""а"" 
п. 2 Указа N 309);
- Снижение уровня бедности многодетных семей до 12 процентов к 2030 году (пп. ""к"" пункта 2 
Указа N 309);
- Увеличение доли пожилых граждан и инвалидов, получающих долговременный уход от 
общего числа нуждающихся в таком уходе граждан (пп. ""ж"" п. 2 Указа N 309);
- Повышение к 2030 году уровня удовлетворенности граждан работой государственных и 
муниципальных организаций культуры, искусства и народного творчества (пп. ""з"" п. 3 Указа N 309);
- Количество созданных центров воспроизведения аудиовизуального контента в малых 
населенных пунктах с численностью населения до 50 тыс. человек, оснащенных необходимым 
оборудованием и подключенных к единой цифровой платформе библиотекой современных продуктов 
российской киноиндустрии (пп. ""р"" п. 4 Указа N 309).
"
strategy_family_demography_2036,Стратегия действий по реализации семейной и демографической политики до 2036 года.pdf,1," 
 
0029711-Уч-2025 (12.0) 
 
  
 
ПРАВИТЕЛЬСТВО   РОССИЙСКОЙ   ФЕДЕРАЦИИ 
 
Р А С П О Р Я Ж Е Н И Е 
 
от 15 марта 2025 г. № 615-р 
 
МОСКВА 
 
 
 
 
 
 
1. Утвердить прилагаемую Стратегию действий по реализации 
семейной и демографической политики, поддержке многодетности  
в Российской Федерации до 2036 года (далее - Стратегия). 
2. Федеральным органам исполнительной власти руководствоваться 
положениями Стратегии при разработке и корректировке государственных 
программ Российской Федерации и иных документов стратегического 
планирования. 
3. Установить, что финансовое обеспечение расходов, связанных  
с реализацией Стратегии, будет осуществляться в пределах бюджетных 
ассигнований, предусмотренных федеральным органам исполнительной 
власти, принимающим участие в реализации Стратегии, в федеральном 
бюджете на соответствующий финансовый год и плановый период, а также 
за счет внебюджетных источников. 
4. Минтруду России совместно с заинтересованными федеральными 
органами исполнительной власти представить в 6-месячный срок  
в Правительство Российской Федерации проект плана мероприятий  
по реализации Стратегии. 
5. Федеральным органам исполнительной власти, ответственным  
за достижение основных показателей, определенных в Стратегии, 
представлять ежегодно, до 1 июля, в Минтруд России информацию  
о ходе их достижения. 
6.  Рекомендовать исполнительным органам субъектов Российской 
Федерации руководствоваться положениями Стратегии при разработке  
 
"
strategy_family_demography_2036,Стратегия действий по реализации семейной и демографической политики до 2036 года.pdf,2," 
 
2 
0029711-Уч-2025 (12.0) 
 
и корректировке государственных программ субъектов Российской 
Федерации и иных документов стратегического планирования. 
  
Председатель Правительства 
Российской Федерации 
 
М.Мишустин
 
"
strategy_family_demography_2036,Стратегия действий по реализации семейной и демографической политики до 2036 года.pdf,3," 
 
0029711-Уч-2025 (12.0) 
 
УТВЕРЖДЕНА 
распоряжением Правительства 
Российской Федерации 
от 15 марта 2025 г. № 615-р 
 
 
 
 
  
C Т Р А Т Е Г И Я  
 
действий по реализации семейной и демографической политики, 
поддержке многодетности в Российской Федерации до 2036 года 
 
 
I. Общие положения 
 
Стратегия действий по реализации семейной и демографической 
политики, 
поддержке 
многодетности 
в 
Российской 
Федерации  
до 2036 года (далее - Стратегия) является документом стратегического 
планирования, определяющим основные направления государственной 
семейной и демографической политики до 2036 года.  
Стратегия направлена на консолидацию усилий федеральных 
органов 
государственной 
власти, 
органов 
государственной 
власти 
субъектов Российской Федерации, органов местного самоуправления, 
научного, 
делового, 
экспертного 
сообщества, 
некоммерческих 
организаций, 
институтов 
гражданского 
общества 
для 
укрепления 
института семьи, сохранения и продвижения в обществе традиционных 
семейных 
ценностей, 
роста 
рождаемости, 
охраны 
материнского, 
отцовского, 
детского, 
репродуктивного 
здоровья, 
повышения 
благосостояния и качества жизни семей, в том числе в особых жизненных 
ситуациях, содействия реализации в субъектах Российской Федерации 
семейно 
ориентированной 
демографической 
политики 
с 
учетом 
национальных и социокультурных особенностей. 
Правовую основу Стратегии составляют: 
Конституция Российской Федерации; 
Федеральный конституционный закон ""О Правительстве Российской 
Федерации""; 
Семейный кодекс Российской Федерации; 
Трудовой кодекс Российской Федерации; 
"
strategy_family_demography_2036,Стратегия действий по реализации семейной и демографической политики до 2036 года.pdf,4," 
 
2 
0029711-Уч-2025 (12.0) 
 
Федеральный закон ""О государственных пособиях гражданам, 
имеющим детей"", а также федеральные законы, регулирующие правовое 
положение семей с детьми, вопросы семейной и демографической 
политики в Российской Федерации, - ""Об основных гарантиях прав 
ребенка 
в 
Российской 
Федерации"", 
""О 
дополнительных 
мерах 
государственной поддержки семей, имеющих детей"", ""Об основах охраны 
здоровья 
граждан 
в 
Российской 
Федерации"", 
""О 
стратегическом 
планировании в Российской Федерации"" и другие; 
указы Президента Российской Федерации от 9 ноября 2022 г. № 809 
""Об утверждении Основ государственной политики по сохранению  
и 
укреплению 
традиционных 
российских 
духовно-нравственных 
ценностей"", от 23 января 2024 г. № 63 ""О мерах социальной поддержки 
многодетных семей"", от 7 мая 2024 г. № 309 ""О национальных целях 
развития Российской Федерации на период до 2030 года и на перспективу 
до 2036 года"", от 28 ноября 2024 г. № 1014 ""Об оценке эффективности 
деятельности высших должностных лиц субъектов Российской Федерации 
и 
деятельности 
исполнительных 
органов 
субъектов 
Российской 
Федерации"";  
иные 
нормативные 
правовые 
акты 
Президента 
Российской 
Федерации, а также постановления Правительства Российской Федерации 
и нормативные правовые акты федеральных органов исполнительной 
власти, касающиеся управления в сфере семейной и демографической 
политики.  
При разработке Стратегии учтены положения:  
Стратегии государственной национальной политики Российской 
Федерации на период до 2025 года, утвержденной Указом Президента 
Российской Федерации от 19 декабря 2012 г. № 1666 ""О Стратегии 
государственной 
национальной 
политики 
Российской 
Федерации  
на период до 2025 года""; 
Концепции государственной миграционной политики Российской 
Федерации на 2019 - 2025 годы, утвержденной Указом Президента 
Российской Федерации от 31 октября 2018 г. № 622 ""О Концепции 
государственной 
миграционной 
политики 
Российской 
Федерации  
на 2019 - 2025 годы"";  
Стратегии развития здравоохранения в Российской Федерации  
на период до 2025 года, утвержденной Указом Президента Российской 
Федерации 
от 
6 июня 
2019 г. 
№ 254 
""О 
Стратегии 
развития 
здравоохранения в Российской Федерации на период до 2025 года""; 
"
strategy_family_demography_2036,Стратегия действий по реализации семейной и демографической политики до 2036 года.pdf,5," 
 
3 
0029711-Уч-2025 (12.0) 
 
Стратегии национальной безопасности Российской Федерации, 
утвержденной 
Указом 
Президента 
Российской 
Федерации  
от 2 июля 2021 г. № 400 ""О Стратегии национальной безопасности 
Российской Федерации"";   
Стратегии устойчивого развития сельских территорий Российской 
Федерации на период до 2030 года, утвержденной распоряжением 
Правительства Российской Федерации от 2 февраля 2015 г. № 151-p;  
Стратегии действий в интересах граждан старшего поколения  
в Российской Федерации до 2025 года, утвержденной распоряжением 
Правительства Российской Федерации от 5 февраля 2016 г. № 164-р;  
Концепции демографической политики Дальнего Востока на период  
до 2025 года, утвержденной распоряжением Правительства Российской 
Федерации от 20 июня 2017 г. № 1298-р;  
Национальной 
программы 
социально-экономического 
развития 
Дальнего Востока на период до 2024 года и на перспективу до 2035 года, 
утвержденной распоряжением Правительства Российской Федерации  
от 24 сентября 2020 г. № 2464-р;  
плана основных мероприятий, проводимых в рамках Десятилетия 
детства, 
на 
период 
до 
2027 года, 
утвержденного 
распоряжением 
Правительства Российской Федерации от 23 января 2021 г. № 122-р;  
Стратегии 
развития 
строительной 
отрасли 
и 
жилищно-
коммунального хозяйства Российской Федерации на период до 2030 года  
с прогнозом до 2035 года, утвержденной распоряжением Правительства 
Российской Федерации от 31 октября 2022 г. № 3268-р;  
Национальной 
стратегии 
действий 
в 
интересах 
женщин  
на 
2023 - 2030 годы, 
утвержденной 
распоряжением 
Правительства 
Российской Федерации от 29 декабря 2022 г. № 4356-р; 
Стратегии пространственного развития Российской Федерации  
на период до 2030 года с прогнозом до 2036 года, утвержденной 
распоряжением Правительства Российской Федерации от 28 декабря 
2024 г. № 4146-р.  
Стратегия 
преемственна 
по 
отношению 
к 
Концепции 
демографической 
политики 
Российской 
Федерации 
на 
период  
до 2025 года, утвержденной Указом Президента Российской Федерации  
от 
9 октября 
2007 г. 
№ 1351 
""Об 
утверждении 
Концепции 
демографической 
политики 
Российской 
Федерации 
на 
период  
до 2025 года"" (далее - Концепция демографической политики), Концепции 
государственной семейной политики в Российской Федерации на период 
"
strategy_family_demography_2036,Стратегия действий по реализации семейной и демографической политики до 2036 года.pdf,6," 
 
4 
0029711-Уч-2025 (12.0) 
 
до 2025 года, утвержденной распоряжением Правительства Российской 
Федерации 
от 
25 августа 
2014 г. 
№ 1618-р 
(далее 
- 
Концепция 
государственной семейной политики). 
Положения 
Стратегии 
учитываются 
при 
корректировке 
национальных проектов ""Семья"", ""Продолжительная и активная жизнь"", 
""Молодежь и дети"", ""Кадры"", ""Инфраструктура для жизни"", ""Эффективная 
и 
конкурентная 
экономика"", 
""Экономика 
данных 
и 
цифровая 
трансформация государства"", ""Туризм и гостеприимство"", ""Экологическое 
благополучие"", ""Эффективная транспортная система"", ""Новые технологии 
сбережения здоровья"", государственных программ Российской Федерации 
""Социальная 
поддержка 
граждан"", 
""Обеспечение 
доступным  
и комфортным жильем и коммунальными услугами граждан Российской 
Федерации"", ""Содействие занятости населения"", ""Развитие культуры"", 
""Развитие образования"", государственных программ субъектов Российской 
Федерации, 
федеральных, 
ведомственных, 
региональных 
проектов, 
проектов органов местного самоуправления, стратегических документов 
иных организаций в части, касающейся семейной и демографической 
политики, иных документов и проектов, направленных на поддержку 
семьи. 
 
II. Оценка текущей ситуации в сфере  
семейной и демографической политики 
 
1. Демографическая ситуация 
 
Российская Федерация входит в первую десятку стран мира  
по 
численности населения, является 
одной из основных стран, 
принимающих население других стран в рамках миграционных процессов. 
Социально-демографическое развитие Российской Федерации оказывает 
влияние на мировое народонаселение. 
Сегодня Российская Федерация является мировым идеологическим 
центром поддержки традиционных духовно-нравственных ценностей, 
среди которых особая роль отведена традиционным семейным ценностям.  
В Российской Федерации крепкая семья находится под особой охраной  
и защитой со стороны общества и государства. 
При этом Российская Федерация, как и все страны, проходит этап 
демографического 
перехода, 
который 
характеризуется 
такими 
тенденциями, как снижение уровня рождаемости, отдаление вступления  
в брак и деторождения на более поздний период, переход к малодетным  
"
strategy_family_demography_2036,Стратегия действий по реализации семейной и демографической политики до 2036 года.pdf,7," 
 
5 
0029711-Уч-2025 (12.0) 
 
и однопоколенным моделям семьи, старение населения. Эти процессы 
негативно отражаются на показателях естественного движения населения, 
с 2017 года в Российской Федерации наблюдается естественная убыль 
населения.  
Текущее 
снижение 
показателей 
рождаемости 
в 
Российской 
Федерации обусловлено несколькими факторами. Негативное влияние 
демографических волн 
(смены многочисленных и малочисленных 
поколений матерей и отцов), которые сформировались вследствие резкого 
снижения рождаемости в периоды Великой Отечественной войны  
1941 - 1945 годов и экономического кризиса 1990-х годов, проявилось  
в сокращении числа женщин репродуктивного возраста. В 2006 году, когда 
разрабатывалась Концепция демографической политики, число женщин 
указанного возраста составляло 39,4 млн. К 2023 году оно снизилось  
до 34,2 млн., и, как показывает демографический прогноз Федеральной 
службы 
государственной 
статистики, 
эта 
тенденция 
сохранится  
до 2046 года. 
Изменяются 
ценностные 
установки 
молодого 
поколения 
относительно создания семьи и рождения детей. Адаптация жизненного 
цикла молодых людей к современным условиям развития проявилась  
в 
изменении 
последовательности 
ключевых 
жизненных 
событий.  
Сегодня преобладает такая модель жизненного цикла, когда молодые люди 
сначала реализуются в профессиональной сфере, добиваются финансовой 
самостоятельности и только потом принимают решения о создании семьи 
и рождении детей. Таким образом, рождение первого и последующих 
детей 
переносится 
на 
более 
поздний 
срок, 
когда 
ухудшается 
репродуктивное здоровье мужчин и женщин, что создает риски  
для здоровых материнства и детства. 
Отмечается высокая дифференциация уровня рождаемости между 
субъектами Российской Федерации. В 2023 году суммарный коэффициент 
рождаемости между  субъектами Российской Федерации с самой высокой 
и самой низкой рождаемостью значительно отличается (в 3 раза). 
Под влиянием процессов урбанизации растет доля городского 
населения, 
отличающегося 
более 
низким 
уровнем 
рождаемости. 
Одновременно снижается рождаемость в сельской местности, что вызвано 
в том числе недостаточной развитостью инфраструктуры, включая 
доступность благоустроенного жилья, транспортного сообщения, услуг 
учреждений социальной сферы. 
"
strategy_family_demography_2036,Стратегия действий по реализации семейной и демографической политики до 2036 года.pdf,8," 
 
6 
0029711-Уч-2025 (12.0) 
 
Динамика рождаемости традиционно повторяет динамику доходов 
населения. Рост уровня доходов населения с 2007 по 2013 год наряду  
с реализацией масштабной демографической программы способствовал 
повышению уровня рождаемости. Снижение реальных доходов с 2016 года 
отразилось на динамике рождаемости. Несмотря на достигнутые успехи  
по существенному снижению уровня бедности с 15,2 процента в 2006 году 
до 8,3 процента в 2023 году (за январь - сентябрь 2024 г. - 8,6 процента), 
недостаточные доходы значительной части семей, высокая степень 
закредитованности не позволяют принимать решения о рождении детей. 
При 
этом 
потенциал 
влияния 
социальных 
мер 
на 
повышение 
благосостояния 
семей 
с 
детьми 
практически 
исчерпан, 
поэтому 
дальнейшую положительную динамику роста доходов необходимо будет 
обеспечить экономическими инструментами. 
Вместе с сокращением рождаемости в Российской Федерации 
увеличивается доля лиц старших возрастов. На начало 2024 года 
численность населения в возрасте 65 лет и старше в Российской 
Федерации увеличилась практически до 25 млн. человек, что составляет 
17,1 процента общей численности населения, что на 4,2 процентного 
пункта выше значения 2013 года (12,9 процента) и на 3,1 процентного 
пункта выше значения 2006 года (14 процентов). Рост доли населения 
старше трудоспособного возраста формирует новые вызовы для экономики 
и систем здравоохранения и социального обслуживания. 
В области сбережения здоровья отмечается низкая приверженность 
граждан к сохранению и укреплению своего здоровья, недостаточная 
мотивация граждан к ведению здорового образа жизни, сохранению  
и укреплению репродуктивного здоровья. 
Важными остаются вопросы помощи семьям в особых жизненных 
ситуациях, социального сиротства и семейного устройства детей, 
оставшихся без попечения родителей. 
Большая 
территория 
Российской 
Федерации 
и 
культурное 
многообразие народов, населяющих нашу страну, требуют особого 
внимания к разнообразию национальных и социокультурных традиций  
при разработке семейной и демографической политики страны.  
Актуальные демографические вызовы обуславливают необходимость 
реализации 
комплексной 
государственной 
политики, 
направленной  
на создание дополнительных стимулов к рождению детей, инструментов 
всесторонней поддержки семьи на этапах создания семьи, рождения  
и воспитания детей, заботы о старшем поколении. На преодоление 
"
strategy_family_demography_2036,Стратегия действий по реализации семейной и демографической политики до 2036 года.pdf,9," 
 
7 
0029711-Уч-2025 (12.0) 
 
демографических вызовов должны быть направлены мероприятия во всех 
сферах, 
влияющих 
на 
рождаемость, 
смертность, 
ожидаемую 
продолжительность жизни при рождении, качество жизни семей с детьми, 
включая 
экономическую, 
жилищную 
политику, 
пространственное 
развитие Российской Федерации. 
 
2. Численность и возрастная структура населения  
Российской Федерации 
 
По предварительной оценке Федеральной службы государственной 
статистики, на начало 2025 года в Российской Федерации проживают  
146 млн. человек (без учета Донецкой Народной Республики, Луганской 
Народной Республики, Запорожской области и Херсонской области).  
В 2006 году, накануне старта реализации Концепции демографической 
политики, население Российской Федерации составляло 143,2 млн. 
человек, а к началу реализации Концепции государственной семейной 
политики в 2013 году - 143,6 млн. человек. Рост численности населения 
составил около 2 процентов по отношению к 2006 году и около 
1,7 процента к 2013 году. Фактором роста численности населения стало 
вхождение в состав Российской Федерации в 2014 году Республики Крым  
и г. Севастополя. 
Прогноз 
численности 
населения 
Федеральной 
службы 
государственной 
статистики 
(средний 
сценарий) 
свидетельствует  
о сокращении численности населения до 143,3 млн. человек к 2030 году  
и 
до 
140,96 млн. 
человек 
к 
2036 году. 
Указанная 
тенденция  
не учитывает вхождение в Российскую Федерацию в 2022 году 4 новых 
субъектов Российской Федерации - Донецкой Народной Республики, 
Луганской Народной Республики, Запорожской области и Херсонской 
области. 
Естественная убыль населения остается серьезной проблемой 
демографического 
развития 
Российской 
Федерации. 
В 
2006 году 
Концепция демографической политики принималась с учетом высокой 
естественной убыли населения на уровне 687,1 тыс. человек. Далее 
естественный 
прирост 
населения 
наблюдался 
в 
2013 - 2015 годах,  
но начиная с 2016 года наблюдается естественная убыль населения, 
которая в 2023 году, по данным Федеральной службы государственной 
статистики, составила 500,3 тыс. человек, что в 1,4 раза ниже, чем  
в 
2006 году. 
По 
оперативным 
данным 
Федеральной 
службы 
государственной статистики, в январе - декабре 2024 г. естественная убыль 
"
strategy_family_demography_2036,Стратегия действий по реализации семейной и демографической политики до 2036 года.pdf,10," 
 
8 
0029711-Уч-2025 (12.0) 
 
населения 
увеличилась 
на 
106,8 тыс. человек 
и 
составила 
545,1 тыс. человек, за соответствующий период 2023 года составила 
438,3 тыс. человек. 
Прогноз 
численности 
населения 
Федеральной 
службы 
государственной статистики (средний сценарий) предполагает, что 
естественная убыль населения продолжится, однако ее величина снизится 
с ожидаемых 675,1 тыс. человек в 2024 году до 507 тыс. человек  
в 2036 году.  
Возрастная структура населения Российской Федерации значительно 
изменилась за годы реализации Концепции демографической политики.  
В 
основном 
эти 
изменения 
обусловлены 
старением 
населения, 
демографическими волнами и колебаниями суммарного коэффициента 
рождаемости. В 2006 году доля населения моложе трудоспособного 
возраста составляла 16,5 процента, доля населения в трудоспособном 
возрасте - 63 процента, доля населения старше трудоспособного возраста - 
20,5 процента. В 2013 году по сравнению с 2006 годом проявились 
тенденции значительного сокращения доли населения в трудоспособном 
возрасте до 60,1 процента и значительного роста доли населения старше 
трудоспособного возраста до 23,1 процента. При этом доля населения 
моложе трудоспособного возраста практически не изменилась и составила 
16,8 процента. К 2019 году, когда началось поэтапное повышение 
пенсионного возраста, доли населения старше и моложе трудоспособного 
возраста выросли соответственно до 25,8 процента и 18,6 процента.  
При этом доля населения в трудоспособном возрасте снизилась  
до 55,6 процента, что до критического уровня повысило демографическую 
нагрузку на трудоспособное население.  
По данным Федеральной службы государственной статистики,  
на 1 января 2024 г. доля населения моложе трудоспособного возраста 
составила 18,3 процента, доля населения в трудоспособном возрасте - 
58 процентов и доля населения старше трудоспособного возраста - 
23,7 процента.  
Следствием изменений в возрастной структуре стало повышение 
среднего 
возраста 
населения. 
По 
данным 
Федеральной 
службы 
государственной статистики, на 1 января 2024 г. средний возраст 
населения Российской Федерации составляет 41 год, при этом средний 
возраст женщин - 43,3 года, мужчин - 38,3 года. Относительно показателей 
2006 года средний возраст населения Российской Федерации увеличился 
на 2,6 года, а по сравнению с 2013 годом - на 1,7 года.  
"
strategy_family_demography_2036,Стратегия действий по реализации семейной и демографической политики до 2036 года.pdf,11," 
 
9 
0029711-Уч-2025 (12.0) 
 
В дальнейшем до 2036 года согласно прогнозу Федеральной службы 
государственной 
статистики 
изменения 
возрастной 
структуры 
продолжатся и наиболее значимым из них станет сокращение доли 
населения 
моложе 
трудоспособного 
возраста, 
которая 
снизится  
до 16,1 процента в 2030 году и до 14,2 процента в 2036 году.  
Доля населения в трудоспособном возрасте вырастет до 60,9 процента  
в 2030 году и продолжит тенденцию роста до 61,6 процента в 2036 году, 
несмотря на то, что повышение пенсионного возраста закончится  
в 2028 году. Удельный вес населения старше трудоспособного возраста 
снизится до 23 процентов в 2030 году, но уже к 2036 году вырастет  
до 24,2 процента.  
В отличие от естественного движения населения миграционное 
сальдо 
на 
протяжении 
последних 
15  лет 
(за 
период  
2009 - 2023 годов) 
было 
положительным 
и 
составило 
в 
среднем  
344,6 тыс. человек в год. За 2023 год миграционный прирост составил 
203,6 тыс. 
человек, 
что 
на 
211,8 тыс. 
человек 
менее 
значения 
миграционного прироста, зафиксированного за аналогичный период 
2013 года (415,4 тыс. человек), и на 109,5 тыс. человек менее значения 
2006 года 
(313,2 тыс. 
человек) 
(данные 
Федеральной 
службы 
государственной статистики). Миграционный прирост в Российской 
Федерации компенсировал естественную убыль населения и стал 
источником дополнительных трудовых ресурсов для национальной 
экономики.  
По оперативным данным Федеральной службы государственной 
статистики, в январе - ноябре 2024 г. миграционный прирост населения  
в Российской Федерации составил 452,9 тыс. человек. На период  
до 2036 года миграционный прирост остается важным фактором 
сокращения убыли населения, что требует особого внимания к вопросам 
языковой и культурной адаптации мигрантов, привлечения в Российскую 
Федерацию соотечественников и иностранных граждан, разделяющих 
традиционные российские духовно-нравственные ценности. 
 
3. Продолжительность жизни и факторы, влияющие на укрепление 
здоровья и снижение смертности населения 
 
В Российской Федерации отмечается устойчивая положительная 
динамика 
основных 
медико-демографических 
показателей 
-  
за период 2006 - 2023 годов общая смертность населения снизилась  
"
strategy_family_demography_2036,Стратегия действий по реализации семейной и демографической политики до 2036 года.pdf,12," 
 
10
0029711-Уч-2025 (12.0) 
 
с 15,1 до 12,1  промилле (на 19,9 процента). По сравнению с 2013 годом 
снижение составило 0,9 промилле (6,9 процента). По оперативным данным 
Федеральной службы государственной статистики, в январе - декабре 
2024 г. коэффициент смертности отмечен на уровне 12,5 промилле. 
Также в 2023 году зарегистрирован минимальный за весь период 
наблюдения показатель младенческой смертности (4,2 случая на одну 
тысячу детей, родившихся живыми). В 2006 году младенческая смертность 
составляла 10,2 промилле, а в 2013 году - 8,2 промилле. В 2023 году  
по 
сравнению 
с 
2006 годом 
произошло 
снижение 
младенческой 
смертности 
на 
58,8 процента, 
по 
сравнению 
с 
2013 годом 
-  
на 48,8 процента, что свидетельствует о наблюдающейся положительной 
динамике в части ожидаемой продолжительности жизни при рождении.  
По 
оперативным 
данным 
Федеральной 
службы 
государственной 
статистики, в январе - декабре 2024 г. показатель младенческой 
смертности снизился до 4 промилле. 
Смертность детей в возрасте до 17 лет включительно снизилась  
с 2013 года на 55,6 процента (по данным единой межведомственной 
информационно-статистической системы) - до 40,7 случая на 100 тыс. 
человек соответствующего возраста в 2023 году.  
Сокращение смертности произошло в том числе за счет снижения  
детской смертности от внешних причин - с 27 случаев (данные 
Федеральной службы государственной статистики) на 100 тыс. человек 
соответствующего возраста в 2006 году до 11,9 случая в 2023 году. 
Снижение 
показателей 
детской 
смертности 
является 
одним  
из приоритетных направлений детствосбережения и обеспечения детского 
здоровья, 
отражает 
результаты 
развития 
системы 
детского 
здравоохранения, повышения качества и доступности медицинской 
помощи детям. 
Снижение смертности позволило обеспечить существенный рост 
уровня ожидаемой продолжительности жизни при рождении - с 66,7 года  
в 2006 году до 70,8 года в 2013 году и до 73,4 года в 2023 году.  
По оперативной оценке Федеральной службы государственной статистики, 
ожидаемая продолжительность жизни при рождении за декабрь 2024 г. 
составляет 72,9 года. 
Ожидаемая продолжительность жизни при рождении у мужчин  
в 2023 году по сравнению с 2006 годом увеличилась на 7,64 года,  
по сравнению с 2013 годом - на 2,9 года и составила 68,04 года.  
В 2023 году у женщин этот рост был менее значительным (до 78,74 года) - 
"
strategy_family_demography_2036,Стратегия действий по реализации семейной и демографической политики до 2036 года.pdf,13," 
 
11
0029711-Уч-2025 (12.0) 
 
на 5,44 по сравнению с 2006 годом и на 2,48 года по сравнению  
с 2013 годом. Это позволило незначительно сократить гендерный разрыв  
в ожидаемой продолжительности жизни при рождении - с 12,9 года  
в 2006 году до 10,7 года в 2023 году. 
Помимо гендерной дифференциации, сохраняется территориальная 
дифференциация ожидаемой продолжительности жизни при рождении  
(от 66,6 года в Чукотском автономном округе до 79,9 года в Республике 
Дагестан). 
Медико-демографическое 
благополучие, 
здоровье 
населения  
во многом зависят от образа жизни человека, его приверженности 
здоровому образу жизни, генетических факторов и экологического 
состояния окружающей среды. 
Такие факторы риска, как ожирение, избыточная масса тела,  
низкая физическая активность, нерациональное питание и курение 
являются определяющими с точки зрения формирования хронических 
неинфекционных 
заболеваний, 
влияющих 
на 
преждевременную 
смертность. 
С 
учетом 
увеличения 
доли 
охвата 
пациентов 
профилактическими 
медицинскими 
осмотрами 
отмечается 
рост 
выявляемости указанных факторов риска более чем на 30 процентов  
(2023 год в сравнении с 2022 годом). 
Влияние 
табакокурения, 
потребления 
алкоголя, 
нездорового 
питания, низкой физической активности на показатели смертности 
населения от болезней системы кровообращения оценивается на уровне  
до 61 процента, от сахарного диабета - до 44 процентов. Для болезней 
органов дыхания и злокачественных новообразований нездоровый образ 
жизни 
является 
причиной 
42 процентов 
и 
35 процентов 
смертей 
соответственно. 
Распространенность злоупотребления алкоголем, табакокурением, 
низкой физической активности среди мужчин и женщин в различных 
субъектах 
Российской 
Федерации 
демонстрирует 
прямую 
связь  
с продолжительностью жизни. Так, в субъектах Российской Федерации  
с наименьшим уровнем розничных продаж алкоголя (регионы Северного 
Кавказа) 
отмечаются 
наименьший 
уровень 
разницы 
ожидаемой 
продолжительности жизни при рождении между мужчинами и женщинами 
(3,02 года в Республике Ингушетия) и наибольшие значения этого 
показателя по всему населению (79,87 года в Республике Дагестан). 
Противоположная ситуация наблюдается в регионах Сибири и Дальнего 
Востока. 
"
strategy_family_demography_2036,Стратегия действий по реализации семейной и демографической политики до 2036 года.pdf,14," 
 
12
0029711-Уч-2025 (12.0) 
 
С учетом текущих демографической ситуации и эпидемиологической 
обстановки 
ключевыми 
резервами 
снижения 
смертности 
и 
роста 
ожидаемой продолжительности жизни населения являются широкое 
распространение принципов здорового образа жизни и снижение 
воздействия ключевых факторов риска (табакокурение, употребление 
алкоголя, низкий уровень физической активности, нерациональное 
питание). 
 
4. Рождаемость в Российской Федерации 
 
Количество рождений на протяжении последних десятилетий 
существенно менялось. В период 2006 - 2013 годов количество рождений 
выросло с 1,48 до 1,9 млн. С 2016 года началось ежегодное снижение 
количества 
рождений 
(до 
1,26 млн. 
рождений 
в 
2023 году).  
В относительном выражении число родившихся в 2006 году составило  
10,4 на 1000 человек, в 2013 году - 13,2, в 2023 году - 8,6. 
Это происходило в основном в силу демографической волны.  
В 2006 году число женщин репродуктивного возраста составляло 39,4 млн. 
К 2013 году (накануне старта реализации Концепции государственной 
семейной политики) оно снизилось на 8,2 процента, а к 2024 году еще  
на 5,4 процента до 34,2 млн. женщин. Ежегодно сокращалась доля женщин 
репродуктивного 
возраста 
в 
общей 
численности 
населения 
-  
с 27,5 процента в 2006 году до 25,2 процента к 2013 году и 23,4 процента  
к 2024 году.  
Наибольшее снижение числа женщин репродуктивного возраста  
за 
период 
2013 - 2023 годов 
отмечается 
в 
возрастных 
группах  
20 - 24 
года 
и 
25 - 29 лет 
- 
на 
32,8 процента 
и 
41,9 процента 
соответственно. По сравнению с 2006 годом в 2023 году сокращение числа 
женщин этих возрастных групп составило 40,2 процента и 34,3 процента 
соответственно. 
По 
данным 
прогноза 
Федеральной 
службы 
государственной статистики, увеличение числа женщин в возрасте  
20 - 29 лет, 
на 
долю 
которых 
приходится 
44 процента  
всех рождений, начнется только после 2026 года, при этом оно будет 
незначительное.  
Таким образом, ожидается долгосрочная тенденция снижения числа 
женщин репродуктивного возраста - до 33,2 млн. в 2030 году, 31,1 млн.  
в 2036 году, 27,4 млн. в 2046 году. В связи с этим основные усилия 
государства и направления Стратегии должны способствовать рождению 
"
strategy_family_demography_2036,Стратегия действий по реализации семейной и демографической политики до 2036 года.pdf,15," 
 
13
0029711-Уч-2025 (12.0) 
 
детей у женщин репродуктивного возраста, которые не имеют детей,  
а также повышению интенсивности рождений в семьях, в которых 
имеются дети. 
Интенсивность рождаемости на протяжении последних десятилетий 
претерпевала существенные изменения. В период 2006 - 2015 годов 
суммарный коэффициент рождаемости вырос с 1,305 до 1,762. С 2016 года 
началось ежегодное снижение этого показателя - до 1,41 в 2023 году. 
При этом наряду со снижением суммарного коэффициента 
рождаемости 
происходил 
рост 
уровня 
рождаемости 
третьих  
и последующих детей. Так, в 2018 году (первый год измерений)  
величина уровня рождаемости третьих и последующих детей составляла 
0,328 и увеличилась к 2023 году до 0,372.  
Уровень 
рождаемости 
имеет 
высокую 
региональную 
дифференциацию. 
При 
суммарном 
коэффициенте 
рождаемости  
в Российской Федерации, равном в 2023 году 1,41, у 41 субъекта 
Российской Федерации уровень рождаемости ниже этого значения,  
а в 2 субъектах Российской Федерации уровень рождаемости имеет 
значение ниже 1. В 44 субъектах Российской Федерации (без учета 
Донецкой Народной Республики, Луганской Народной Республики, 
Запорожской области и Херсонской области) уровень рождаемости выше 
общероссийского и только в 2 субъектах Российской Федерации  
он превышает уровень простого воспроизводства - 2,1. В таких условиях 
требуются 
дополнительные 
усилия 
по 
выравниванию 
уровня 
демографического развития отдельных субъектов Российской Федерации. 
С июля 2023 г. субъектами Российской Федерации утверждены 
региональные программы повышения рождаемости, сформированные  
на основе анализа демографического потенциала субьекта Российской 
Федерации, 
половозрастного 
состава 
населения, 
национальной, 
социокультурной специфики региона. Софинансирование с 2025 года  
из федерального бюджета указанных региональных программ субъектов 
Российской Федерации, в которых по итогам 2023 года суммарный 
коэффициент рождаемости имеет значение ниже общероссийского уровня, 
станет инструментом обеспечения более равномерного демографического 
развития субъектов Российской Федерации и повышения уровня 
рождаемости. 
Еще одной важной тенденцией стало снижение рождаемости  
в сельской местности. В 2006 году общий коэффициент рождаемости  
в 
сельской 
местности 
составлял 
11,3, 
к 
2013 году 
он 
вырос  
"
strategy_family_demography_2036,Стратегия действий по реализации семейной и демографической политики до 2036 года.pdf,16," 
 
14
0029711-Уч-2025 (12.0) 
 
до 14,5, но с 2014 года началось его значительное снижение -  
до 8,6 в 2023 году. При этом с 2015 года общий коэффициент рождаемости 
в сельской местности стал ниже аналогичного показателя в городах.  
Основными причинами такой ситуации стали отток молодежи  
в города, сокращение объектов сельской инфраструктуры, наличие 
которых напрямую влияет на качество жизни семей с детьми. 
Одновременно с общим коэффициентом рождаемости примерно на треть 
снизился суммарный коэффициент рождаемости в сельской местности -  
с 2,227 в 2013 году до 1,575 в 2023 году. Указанный коэффициент при этом 
остается практически на уровне целевого значения, которое необходимо 
будет обеспечить в целом по Российской Федерации в 2030 году.  
Демографический 
потенциал 
сельской 
местности 
остается 
значительным в том числе в силу репродуктивных установок у жителей 
сельской местности. По данным Всероссийской переписи населения 
2020 года, в сельской местности 4 и более детей родила 91 женщина  
из каждой 1000 рожавших женщин в возрасте 15 лет и более, тогда как  
в городской местности таких женщин было 24. Среднее число рожденных 
детей (на 1000 женщин, указавших число рожденных детей) в сельской 
местности более чем на 30 процентов превышает аналогичное значение  
в городской местности. 
Доступная и качественная социальная инфраструктура, особенно  
в сельской местности, малых городах, является одним из важных условий 
для повышения рождаемости в стране. Повышение рождаемости 
в сельской местности требует увеличения объемов строительства жилья, 
развития дорожно-транспортной и социальной инфраструктуры, создания 
комфортных общественных пространств для семей с детьми в составе 
мероприятий профильных национальных проектов и государственных 
программ, а также модернизации (ремонта) уже существующих объектов 
инфраструктуры.  
В 
связи 
с 
этим 
возрастает 
важность 
межведомственного 
взаимодействия 
при 
проведении 
мероприятий 
по 
улучшению 
инфраструктуры.  
Одним из позитивных примеров такого взаимодействия является 
пилотный проект, направленный на стимулирование рождаемости  
и реализующийся с 1 сентября 2023 г. в Новгородской области, 
Пензенской области и Тамбовской области (далее - пилотный проект). 
Целями пилотного проекта являются формирование территорий, 
привлекательных для проживания семей с детьми и молодых семей в целях 
"
strategy_family_demography_2036,Стратегия действий по реализации семейной и демографической политики до 2036 года.pdf,17," 
 
15
0029711-Уч-2025 (12.0) 
 
последующего рождения детей, проведение и анализ мероприятий  
и последующая корректировка реализующихся мер, формирующих  
у 
граждан 
желание 
иметь 
детей 
и 
стимулирующих 
женщин  
к беременности, ее сохранению и рождению детей.  
В 
рамках 
пилотного 
проекта 
на 
территориях 
пилотных 
муниципальных образований реализованы проекты по благоустройству 
общественных 
территорий, 
осуществлен 
капитальный 
ремонт 
образовательных учреждений среднего профессионального образования, 
приобретены автотранспортные средства для медицинских организаций,  
семейных и молодежных многофункциональных центров, обеспечения 
пассажирских перевозок в сельской местности. Семьи с детьми, 
проживающие в муниципальных образованиях и участвующие в пилотном 
проекте, приняли участие в выездных культурно-массовых, досуговых  
и спортивных мероприятиях. 
Результаты 
мониторинга 
пилотного 
проекта 
подтверждают 
эффективность предложенного подхода к его реализации, проект продлен 
на 2025 год. 
Итоги реализации пилотного проекта позволят выявить наиболее 
успешные региональные практики в области повышения территориальной 
привлекательности для проживания семей, включая молодые семьи,  
и стимулирования рождаемости, в том числе в сельской местности.  
Изменилась возрастная модель рождаемости, характеризующаяся 
переносом рождения детей на более поздние периоды. Трансформация 
жизненного цикла россиян, характеризующаяся увеличением периода 
получения образования (как школьного, так и профессионального), 
желанием реализовать себя в профессиональной сфере, обеспечить 
карьерный 
рост 
и 
финансовую 
самостоятельность, 
приводит  
к 
постепенному 
увеличению 
среднего 
возраста 
родительства 
(материнства). С 2013 года средний возраст матери увеличился до 29 лет  
в 2023 году (на 3,6 процента). При этом при рождении первого ребенка 
средний возраст матери в 2023 году составил 26,2 года (рост за 10 лет  
на один год), вторых детей - 29,8 года (рост на 0,3 года), третьих детей - 
32 года (сокращение на 0,2 года).  
Доля 
рождений 
вне 
зарегистрированного 
брака 
снизилась  
с 29 процентов в 2006 году до 23 процентов в 2013 году и сохранилась 
неизменной в 2023 году (23 процента). Однако одновременно с этой 
тенденцией в последние годы наблюдается снижение брачности.  
Так, коэффициент брачности, составлявший в 2013 году 8,5 на 1000 человек, 
"
strategy_family_demography_2036,Стратегия действий по реализации семейной и демографической политики до 2036 года.pdf,18," 
 
16
0029711-Уч-2025 (12.0) 
 
в 2023 году снизился до 6,5, что также ниже значения 2006 года (7,8). 
Уровень разводимости в 2023 году не изменился по сравнению  
с 2013 годом (4,7 на 1000 человек), однако превышает значение 2006 года 
(4,5).  
Одним из резервов повышения рождаемости является состояние 
репродуктивного здоровья населения. Создано более 40 центров охраны 
репродуктивного здоровья, увеличивается охват подростков в возрасте  
от 
15 
до 
17 лет 
профилактическими 
медицинскими 
осмотрами  
в целях сохранения репродуктивного здоровья. С 2024 года в системе 
обязательного 
медицинского 
страхования 
начата 
диспансеризация 
населения репродуктивного возраста в целях оценки репродуктивного 
здоровья. 
В целях увеличения материальной поддержки женщин в период 
беременности с 2021 года введена ежемесячная выплата женщинам, 
вставшим на учет в медицинских организациях в ранние сроки 
беременности (до 12 недель). С 2020 года увеличена стоимость первого 
талона родового сертификата на 1 тыс. рублей для стимулирующих выплат 
психологам и специалистам по социальной работе кабинетов медико-
социальной помощи. Приняты меры, направленные на профилактику  
и лечение заболеваний, связанных с репродуктивным здоровьем, а также 
меры, направленные на профилактику искусственного прерывания 
беременности (абортов) и формирование ответственного отношения 
к рождению и воспитанию детей. 
В результате существенно снизилось количество прерываний 
беременности. 
Количество 
абортов 
на 
100 
родов 
сократилось  
с 107,2 в 2006 году и 53,7 в 2013 году до 37,2 в 2023 году. При этом  
в 2023 году по желанию женщины было выполнено 244,9 тыс. абортов.  
Анализ 
данных 
мотивационного 
анкетирования 
беременных 
женщин, которые обратились для прерывания беременности, показал,  
что 90 процентов из них уже имеют детей, при этом подавляющее 
большинство только одного ребенка или 2 детей. При индивидуальном 
подходе к каждой женщине с использованием адресных мер поддержки 
возможно принятие ею решения в пользу сохранения беременности.   
Барьером для роста рождаемости являются нарастающие риски 
""отложенного родительства"". Увеличивается возраст принятия решения  
о рождении детей. 
По данным всероссийских переписей населения, доля домохозяйств  
с одним ребенком остается преобладающей в структуре домохозяйств  
"
strategy_family_demography_2036,Стратегия действий по реализации семейной и демографической политики до 2036 года.pdf,19," 
 
17
0029711-Уч-2025 (12.0) 
 
с детьми, несмотря на их сокращение с 65 процентов в 2010 году  
до 55 процентов в 2021 году. При этом происходит перераспределение 
структуры в сторону увеличения доли домохозяйств с 2 детьми -  
с 28 до 33 процентов и доли домохозяйств с 3 и более детьми -  
с 7 до 12 процентов. 
Значительным остается число женщин, не имеющих детей.  
По данным Всероссийской переписи населения 2020 года, 1,7 млн. женщин 
в возрасте 20 - 24 года сообщили, что не имеют детей, это 77 процентов 
женщин указанной возрастной группы, указавших число рожденных детей.  
В возрастной группе 25 - 29 лет насчитывалось 1,1 млн. женщин без детей 
(42 процента среди указавших число детей женщин этой возрастной 
группы), 
в 
группе 
30 - 34 года 
- 
965 тыс. женщин 
(22 процента 
соответственно), в группе 35 - 39 лет - 693 тыс. женщин (14 процентов 
соответственно). 4,3 млн. женщин в возрасте 20 - 39 лет родили одного 
ребенка (31 процент женщин указанной возрастной группы, указавших 
число рожденных детей), в той же возрастной группе 2 детей родили 
3,8 млн. женщин (27 процентов). В совокупности женщины этих возрастов 
составляют потенциал для роста многодетности. 
Анализ 
репродуктивных 
установок 
граждан 
показывает,  
что большинство россиян (72 процента женщин и почти 70 процентов 
мужчин) хотели бы иметь 2 и более детей. Однако как желаемое, так  
и ожидаемое число детей снижается, при этом разрыв между ожидаемым  
и 
желаемым 
числом 
детей 
с 
2013 года 
сократился 
на 
треть.  
Это ограничивает возможности влияния мер поддержки семей с детьми  
на повышение рождаемости. Таким образом, укрепление ценностей семьи  
и родительства будет иметь определяющее значение на положительное 
развитие демографической ситуации. 
 
5. Положение семей с детьми и реализованные мероприятия  
по повышению их качества жизни 
 
По 
данным 
Всероссийской 
переписи 
населения 
2020 года, 
количество семей с детьми составило 24,5 млн., из них 15,5 млн. - семьи  
с детьми в возрасте до 18 лет. Число детей до 18 лет, по данным 
Федеральной службы государственной статистики, на 1 января 2024 г. 
составило 30 млн. (20,5 процента общей численности населения). 
Ежегодно растет количество многодетных семей. За последние 
10 лет оно увеличилось в 2,2 раза (с 1,1 млн. семей в 2013 году  
"
strategy_family_demography_2036,Стратегия действий по реализации семейной и демографической политики до 2036 года.pdf,20," 
 
18
0029711-Уч-2025 (12.0) 
 
до 2,4 млн. семей в 2023 году). Число детей в многодетных семьях также 
увеличилось в 1,6 раза (с 4,8 млн. в 2015 году до 7,7 млн. в 2023 году). 
Улучшается благосостояние семей с детьми, сокращается количество 
малоимущих семей с детьми. В целом число малоимущих граждан 
снижается с 21,6 млн. человек в 2006 году (уровень бедности составил 
15,2 процента) до 15,6 млн. человек в 2013 году и до 12,2 млн. человек  
в 2023 году. Так, уровень бедности составил 10,8 процента в 2013 году  
и 8,3 процента в 2023 году. С учетом того, что более 70 процентов 
малоимущих домохозяйств составляют домохозяйства с детьми, снижение 
уровня бедности напрямую отражается на финансовом положении семей  
с детьми. Число детей, проживающих в малоимущих домохозяйствах,  
по сравнению с 2013 годом, сократилось на 40 процентов. 
Увеличился уровень занятости женщин в возрасте 20 - 49 лет, 
имеющих детей, - с 76 процентов в 2013 году до 82 процентов в 2023 году. 
Среди женщин указанной возрастной группы, имеющих одного ребенка, 
уровень 
занятости 
увеличился 
с 
79,4 процента 
в 
2013 году  
до 86,3 процента в 2023 году, имеющих 2 детей, - с 72,2 процента  
в 2013 году до 80,8 процента в 2023 году. Относительно высокий уровень 
занятости наблюдается у женщин указанной возрастной группы, имеющих 
3 и более детей (59,4 процента в 2023 году), при этом в отношении этих 
женщин отмечается высокий уровень безработицы (7,8 процента против 
3,4 процента для всех женщин в возрасте 20 - 49 лет с детьми до 18 лет). 
Именно многодетные матери относятся к тем гражданам, которые 
наиболее активно включается в платформенную занятость.  
Снизилась 
доля 
домохозяйств, 
члены 
которых 
испытывают 
значительную стесненность при проживании в своем жилом помещении. 
По данным Федеральной службы государственной статистики, доля таких 
домохозяйств с одним ребенком снизилась с 12,4 процента в 2014 году  
до 5,4 процента в 2022 году, доля таких домохозяйств с 2 детьми -  
с 17,2 процента до 8,3 процента, с 3 детьми - с 27,4 процента  
до 14,8 процента.  
Повышению благополучия, качества жизни семей с детьми, росту 
количества многодетных семей способствовал целый комплекс мер, 
принятых с 2006 года.  
С 1 января 2007 г. введена программа материнского (семейного) 
капитала, которая постоянно совершенствовалась исходя из запросов 
семей 
с 
детьми. 
Если 
изначально 
семьям 
были 
доступны  
3 
основных 
направления 
распоряжения 
средствами 
материнского 
"
strategy_family_demography_2036,Стратегия действий по реализации семейной и демографической политики до 2036 года.pdf,21," 
 
19
0029711-Уч-2025 (12.0) 
 
(семейного) 
капитала 
(улучшение 
жилищных 
условий, 
получение 
образования детьми, формирование накопительной пенсии матери),  
то в настоящее время к ним добавились еще 2 направления - приобретение 
товаров и услуг, предназначенных для социальной адаптации и интеграции  
в общество детей-инвалидов, и получение ежемесячной выплаты в связи  
с рождением (усыновлением) ребенка до достижения им возраста 3 лет.  
Обеспечены ежегодная индексация размера средств материнского 
(семейного) капитала с учетом индекса роста потребительских цен  
за предыдущий год, проактивное предоставление семьям сертификата  
на основе сведений о рождении ребенка, возможность распорядиться 
средствами материнского (семейного) капитала из личного кабинета  
с 
использованием 
федеральной 
государственной 
информационной 
системы ""Единый портал государственных и муниципальных услуг 
(функций)"". 
Изменение 
демографической 
ситуации 
потребовало 
распространения с 2020 года программы материнского (семейного) 
капитала на семьи, в которых рождены или усыновлены первые дети. 
Всего семьям с детьми предоставлено 14,2 млн. государственных 
сертификатов на материнский (семейный) капитал, из них практически 
2,3 млн. государственных сертификатов выдано семьям при рождении 
первого ребенка. 
Помимо этого, с 2007 года был введен родовой сертификат,  
а также существенно увеличен размер ежемесячного пособия по уходу  
за 
ребенком, 
назначаемого 
в 
рамках 
обязательного 
социального 
страхования на случай временной нетрудоспособности и в связи  
с материнством (с 700 рублей до 40 процентов среднего заработка 
застрахованного лица). 
В 2013 году введена адресная поддержка семей при рождении 
третьего или последующих детей - ежемесячная денежная выплата  
до достижения ребенком возраста 3 лет. В 2018 году установлена 
ежемесячная выплата в связи с рождением первого ребенка до достижения 
им возраста 3 лет.  
Для семей, проживающих на Дальнем Востоке, установлены 
дополнительные меры поддержки - единовременная выплата при 
рождении первого ребенка и выплата регионального материнского 
(семейного) капитала в связи с рождением второго ребенка. 
Достижение 
положительного 
демографического 
эффекта  
от реализации федеральных мер поддержки обеспечивается также за счет 
введения значимых для граждан региональных мер, учитывающих 
"
strategy_family_demography_2036,Стратегия действий по реализации семейной и демографической политики до 2036 года.pdf,22," 
 
20
0029711-Уч-2025 (12.0) 
 
особенности 
демографических 
процессов 
в 
субъектах 
Российской 
Федерации. Так, в дополнение к федеральному материнскому (семейному) 
капиталу 
введен 
региональный 
материнский 
капитал, 
который 
предоставляется за счет средств бюджетов субъектов Российской 
Федерации преимущественно при рождении третьего или последующих 
детей. В 2023 году региональный материнский капитал (аналогичная ему 
мера поддержки) установлен в 72 субъектах Российской Федерации.  
В большинстве субъектов Российской Федерации, в которых введен 
региональный материнский капитал, средства капитала можно направить 
на улучшение жилищных условий. В ряде субъектов Российской 
Федерации предусмотрено право использования средств указанного 
материнского капитала на ремонт жилого помещения, образование  
детей, 
санаторно-курортное 
лечение 
детей, 
покупку 
автомобиля, 
сельскохозяйственной техники и другие направления. 
С 2020 года начато поэтапное введение адресных выплат семьям  
с детьми различных возрастов, а в последующем - малоимущим 
беременным женщинам в целях минимизации рисков бедности. Указанная 
работа, проводившаяся в 2020 - 2022 годах, завершилась формированием  
с 1 января 2023 г. целостной системы поддержки семей с детьми.  
Было введено ежемесячное пособие в связи с рождением и воспитанием 
ребенка 
(единое 
пособие), 
которое 
объединило 
действовавшие 
ежемесячные выплаты малоимущим семьям. Оно предоставляется  
на принципах социального казначейства в период от постановки женщины 
на 
учет 
по 
беременности 
и 
родам 
до 
срока 
12 
недель  
до достижения ее ребенком возраста 17 лет. Такой подход обеспечил 
адресность, удобство и доступность поддержки семьям с детьми с низкими 
доходами. Единое пособие ежемесячно выплачивается в отношении  
более 10 млн. детей и 150 тыс. беременных женщин. 
Целостная система поддержки семей с детьми также включает в себя 
особый вид помощи - социальный контракт, который позволяет создать 
устойчивый источник дохода семьи путем реализации трудового или 
предпринимательского потенциалов родителей. Социальный контракт 
начал действовать с 2013 года, а масштабность приобрел с введением  
с 2021 года во всех субъектах Российской Федерации софинансирования   
из средств федерального бюджета. Если в 2019 году охват граждан 
социальным контрактом составлял порядка 326 тыс. граждан, то по итогам 
2023 года - 718 тыс. граждан (увеличение более чем в 2 раза). В 2023 году 
порядка 60 процентов социальных контрактов заключено с семьями  
"
strategy_family_demography_2036,Стратегия действий по реализации семейной и демографической политики до 2036 года.pdf,23," 
 
21
0029711-Уч-2025 (12.0) 
 
с детьми. По итогам 2023 года в рамках реализации указанной меры 
поддержки 
увеличен 
доход 
граждан 
(78,2 процента 
участников 
социального контракта), преодолен уровень бедности (42,9 процента 
участников социального контракта). 
Помимо адресных мер поддержки, на улучшение финансового 
положения 
семей 
с 
детьми 
повлияли 
планомерное 
повышение 
минимального размера оплаты труда, его опережающий рост по сравнению 
с прожиточным минимумом, рост заработных плат, снижение уровня 
безработицы, содействие занятости родителей.  
С 2020 года реализуется программа по профессиональному 
обучению и дополнительному профессиональному образованию женщин, 
которые находятся в отпуске по уходу за ребенком или не работают  
и 
воспитывают 
дошкольников. 
Изменен 
подход 
к 
организации 
переобучения родителей - сегодня доступны 30 тыс. образовательных 
программ по наиболее востребованным на рынке труда специальностям 
при участии более 900 образовательных организаций. В соответствии  
с потребностями родителей модернизированы центры занятости - 
обновлено порядка 550 центров по всей стране. Кадровые консультанты 
формируют траекторию сопровождения соискателей, включая женщин  
с детьми, исходя из их жизненной ситуации. 
Особым направлением поддержки семей с детьми стало улучшение  
их жилищных условий. Для молодых родителей была предусмотрена 
программа предоставления социальных выплат на приобретение жилья.  
С 2018 года осуществляется реализация программы ""Семейная ипотека""  
со сниженной процентной ставкой 6 процентов по ипотечному жилищному 
кредиту (займу). Поэтапно расширялся охват семей с детьми указанной 
программой. В настоящее время указанная поддержка предоставляется 
семьям с детьми в возрасте до 6 лет включительно, семьям с детьми-
инвалидами, а в ряде субъектов Российской Федерации с низкими 
объемами строительства жилья - семьям с 2 несовершеннолетними детьми.  
Введена программа сельской ипотеки со сниженной процентной 
ставкой 3 процента. В рамках указанной программы можно приобрести 
дом или квартиру, в том числе на вторичном рынке жилья, в населенных 
пунктах сельской местности, а также в опорных населенных пунктах  
с населением до 30 тыс. человек. 
Ведется выделение многодетным семьям земельных участков, 
обеспеченных объектами инфраструктуры. Для обеспечения земельных 
участков объектами инфраструктуры реализуется проект ""Мой частный 
"
strategy_family_demography_2036,Стратегия действий по реализации семейной и демографической политики до 2036 года.pdf,24," 
 
22
0029711-Уч-2025 (12.0) 
 
дом"", 
в 
рамках 
которого 
субъектам 
Российской 
Федерации 
предоставляется субсидия из средств федерального бюджета на развитие 
жилищного строительства, за счет которой проводится градостроительная 
подготовка земельных участков для многодетных семей. 
С 2019 года для помощи многодетным семьям, оформившим 
ипотечный жилищный кредит (займ), введена выплата на его погашение  
в размере 450 тыс. рублей. Для 8 регионов Дальнего Востока размер 
указанной выплаты повышен до 1 млн. рублей. 
Вместе с тем, по данным социологических опросов, потребность  
в улучшении жилищных условий в совокупности с высокой степенью 
закредитованности семей с детьми является одним из ключевых барьеров  
в рождении детей. В таких условиях важно обеспечить введение 
стимулирующих мер к рождению ребенка во всех программах улучшения 
жилищных условий, развивать неипотечные механизмы обеспечения 
жильем семей с детьми.  
С 2024 года на федеральном уровне установлены единые подходы  
к поддержке многодетных семей. Определен статус многодетной семьи, 
к которой относится семья, имеющая 3 и более детей, предусмотрено,  
что статус многодетной семьи устанавливается бессрочно. Социальная 
поддержка детям в многодетных семьях предоставляется до достижения 
старшим ребенком возраста 18 лет или возраста 23 лет при условии  
его 
обучения 
в 
организации, 
осуществляющей 
образовательную 
деятельность, по очной форме обучения. За субъектами Российской 
Федерации сохранено право расширять категорию многодетной семьи  
с учетом национальных, культурных и демографических особенностей 
развития субъекта Российской Федерации, а также устанавливать 
дополнительные меры поддержки. Сформирован комплекс мер поддержки, 
которые 
предоставляются 
многодетным 
семьям 
на 
федеральном  
и региональном уровнях.  
Важным направлением поддержки семей с детьми стало создание 
условий 
для 
совмещения 
родителями 
семейных 
обязанностей  
с профессиональными, в первую очередь для родителей с детьми  
в возрасте до 3 лет. Пособие по временной нетрудоспособности в случае 
ухода за больным ребенком в возрасте до 8 лет установлено в размере 
100 процентов среднего заработка, независимо от страхового стажа 
родителя. Установлена возможность получения ежемесячного пособия  
по уходу за ребенком до полутора лет и заработной платы в полном объеме 
в случае выхода родителя из отпуска по уходу за ребенком на работу ранее 
"
strategy_family_demography_2036,Стратегия действий по реализации семейной и демографической политики до 2036 года.pdf,25," 
 
23
0029711-Уч-2025 (12.0) 
 
достижения ребенком возраста полутора лет. Существенно увеличены  
и будут в дальнейшем ежегодно увеличиваться максимальные суммы 
пособия по беременности и родам и ежемесячного пособия по уходу  
за 
ребенком, 
которые 
в 
2024 году 
составляют 
565,6 тыс. рублей  
(за 
140 календарных 
дней 
отпуска 
по 
беременности 
и 
родам)  
и 49,1 тыс. рублей соответственно. 
Практически 
ликвидирована 
очередность 
зачисления 
детей  
в государственные и муниципальные дошкольные образовательные 
организации. Доступность дошкольного образования для детей в возрасте 
от 2 месяцев до 3 лет на 1 января 2024 г. составила 99,5 процента,  
для детей в возрасте от 3 до 7 лет - 99,9 процента. Вопрос обеспечения 
детей местами в дошкольных образовательных организациях остается 
адресным в конкретных населенных пунктах отдельных субъектов 
Российской Федерации.  
Возрастает роль работодателей в формировании условий трудовой 
деятельности, создающих возможности для принятия  работниками 
решения о рождении ребенка. С 2023 года в рамках Всероссийского 
конкурса ""Российская организация высокой социальной эффективности"" 
выявляются лучшие корпоративные практики по поддержке работников  
с семейными обязанностями. Необходимо дальнейшее расширение 
корпоративной социальной политики на предприятиях и в организациях 
всех форм собственности по созданию для работников благоприятных 
условий совмещения профессиональных и семейных обязанностей, 
повышению мотивации работников к рождению детей, многодетности, 
укреплению семейных ценностей. 
Расширяется 
поддержка 
семей, 
воспитывающих 
детей  
с инвалидностью. Число детей-инвалидов с 2013 года увеличилось  
на 24,8 процента (с 567,8 тыс. до 755,4 тыс. в 2023 году). Увеличение 
охвата новорожденных неонатальным скринингом, который позволяет 
выявить на самом раннем этапе врожденные наследственные заболевания, 
а также ранняя диагностика психических расстройств в детском возрасте  
и рост распространенности указанной патологии среди детского населения 
стали 
основными 
причинами 
роста 
инвалидности 
детей. 
Среди 
нозологических причин детской инвалидности в течение последних лет 
превалируют психические расстройства и расстройства поведения - 
33 процента, также значительно распространены болезни нервной системы 
(18 процентов), врожденные аномалии и пороки развития (12 процентов). 
"
strategy_family_demography_2036,Стратегия действий по реализации семейной и демографической политики до 2036 года.pdf,26," 
 
24
0029711-Уч-2025 (12.0) 
 
Ранняя диагностика позволяет обеспечить не только своевременное 
лечение ребенка, но и предоставление семье мер социальной поддержки. 
Для профилактики детской инвалидности продолжается развитие 
системы ранней помощи детям и их семьям. Утверждены Концепция 
развития системы комплексной реабилитации и абилитации инвалидов,  
в том числе детей-инвалидов, на период до 2025 года и план  
по ее реализации. Система комплексной реабилитации детей-инвалидов 
обеспечивает 
охват 
всех 
детей-инвалидов 
качественными 
реабилитационными услугами. 
Увеличен размер выплат пособия по уходу за детьми-инвалидами, 
изменены условия его получения - оно стало доступным и тем родителям, 
которые 
трудятся 
на 
условиях частичной занятости. Переведено  
в проактивный формат назначение пенсии по инвалидности, расширен 
перечень 
технических 
средств 
реабилитации, 
введен 
механизм  
их обеспечения посредством электронного сертификата. 
С 
2021 года 
дети, 
страдающие 
редкими 
заболеваниями, 
обеспечиваются в рамках работы созданного по поручению Президента 
Российской 
Федерации 
Фонда 
поддержки 
детей 
с 
тяжелыми 
жизнеугрожающими и хроническими заболеваниями, в том числе редкими 
(орфанными) заболеваниями, ""Круг добра"" лекарствами и медицинскими 
изделиями, в том числе не зарегистрированными в Российской Федерации, 
а также техническими средствами реабилитации. За 3 года помощь 
получили более 23 тыс. детей. 
Особое 
внимание 
уделяется 
вопросам 
укрепления 
семьи  
и профилактике социального сиротства, в том числе вопросам, связанным 
с совершенствованием семейного законодательства, помощи семьям  
в трудной жизненной ситуации, развития системы подбора и подготовки 
граждан, желающих принять ребенка на воспитание в семью, включая 
близких родственников, сопровождения опекунов (попечителей) и детей-
сирот. 
Для 
профилактики 
социального 
сиротства, 
помимо 
мер, 
направленных на улучшение финансового положения семей с детьми, 
осуществляются предоставление им социальных услуг, индивидуальное 
сопровождение семей. Помощь семьям с детьми оказывается в центрах 
социальной помощи семье и детям, социально-реабилитационных центрах 
для 
несовершеннолетних, 
реабилитационных 
центрах 
для 
детей  
с ограниченными возможностями здоровья, отделениях по работе с семьей 
и детьми, кризисных центрах для женщин. Помимо этого, для помощи 
"
strategy_family_demography_2036,Стратегия действий по реализации семейной и демографической политики до 2036 года.pdf,27," 
 
25
0029711-Уч-2025 (12.0) 
 
семьям развиваются семейные гостиные, родительские клубы, социальные 
участковые 
службы, 
мультидисциплинарные 
выездные 
бригады.  
С 2022 года началось поэтапное создание нового формата организаций, 
обеспечивающих 
комплексное 
сопровождение 
семьи, 
- 
семейных 
многофункциональных центров, в основе работы которых - оценка 
жизненной ситуации семьи и персональное сопровождение куратором  
с привлечением всех необходимых ресурсов для разрешения проблемы.  
В системе социального обслуживания действуют более 1400 организаций, 
предоставляющих социальные услуги семьям с детьми.  
В результате принимаемых мер снижается количество семей, 
находящихся в трудной жизненной ситуации, - с 4,8 млн. семей  
в 2013 году до 3,8 млн. семей в 2023 году.  
Общее число детей-сирот за последние 10 лет уменьшилось  
на 27 процентов (с 491,5 тыс. в 2013 году до 358 тыс. в 2023 году), из них 
процент детей, проживающих в семьях, составляет 90,1. Ежегодно 
сокращается число выявленных детей-сирот и детей, оставшихся  
без попечения родителей, - с 68,8 тыс. в 2013 году до 41,9 тыс. в 2023 году. 
Уменьшается число детей, в отношении которых родители лишены 
родительских прав, - на 62,8 процента с 2013 года (17,4 тыс. в 2023 году).  
С 2013 года были существенно пересмотрены подходы к семейному 
устройству детей-сирот, упрощена процедура их устройства, сокращена  
на треть длительность предварительных процедур, расширена социальная 
поддержка потенциальных замещающих родителей, реформирована 
система учреждений для детей-сирот, ограничено усыновление за пределы 
Российской Федерации. В связи с этим в 3 раза сократилось число детей, 
состоящих на учете в государственном банке данных о детях, оставшихся 
без попечения родителей, - с 106,6 тыс. в 2013 году до 35,6 тыс.  
в 2023 году. За последние 10 лет доля учреждений для детей-сирот 
сократилась на 27,6 процента, а доля детей в них - на 51,1 процента.  
При этом еще сохраняются вызовы, связанные с несвоевременным 
выявлением 
семейного 
и 
детского 
неблагополучия, 
отсутствием 
комплексной профилактической работы с семьей на ранней стадии 
кризиса, 
недостаточно 
высокой 
эффективностью 
деятельности  
по профилактике социального сиротства, недостаточным сопровождением 
замещающих семей, в том числе принимающих детей с особенностями 
здоровья и развития. Требуется выработать новые подходы к практике 
оказания помощи родителям в восстановлении родительских прав. 
"
strategy_family_demography_2036,Стратегия действий по реализации семейной и демографической политики до 2036 года.pdf,28," 
 
26
0029711-Уч-2025 (12.0) 
 
С 2022 года сформирована комплексная система поддержки семей 
участников специальной военной операции. Во всех субъектах Российской 
Федерации введены дополнительные социальные меры. Законодательно 
закреплены права детей участников специальной военной операции  
на зачисление в детские сады и школы в приоритетном порядке, 
первоочередное получение путевок в детские оздоровительные центры. 
Участники специальной военной операции и их дети получили право 
поступать 
на 
бюджетные 
места 
в 
высшие 
учебные 
заведения  
в первоочередном порядке в пределах отдельной квоты. Кроме того,  
они имеют право переходить на обучение на бюджетных местах в вузах  
и колледжах. 
 
6. Укрепление института семьи, сохранение и продвижение  
в обществе традиционных семейных ценностей 
 
В соответствии с внесенными в 2020 году в Конституцию 
Российской Федерации изменениями дети провозглашены важнейшим 
приоритетом 
государственной 
политики 
Российской 
Федерации.  
Новые конституционные нормы поддерживают традиционные семейные 
ценности - брак как союз мужчины и женщины, уважение детей к старшим 
поколениям, доверие и заботу нескольких поколений семьи друг о друге.  
В 2022 году Президентом Российской Федерации утверждены 
Основы государственной политики по сохранению и укреплению 
традиционных российских духовно-нравственных ценностей, одной  
из которых является крепкая семья. 2024 год (как и 2008 год) объявлен 
Президентом Российской Федерации Годом семьи.  
Учреждена система семейных государственных праздников -  
День семьи, любви и верности, День матери, День отца, формируются 
традиции по их проведению.  
Развивается система государственных наград семьям с детьми.  
С 2022 года возрождено почетное звание ""Мать-героиня"", присваиваемое 
женщинам, родившим 10 и более детей. При присвоении почетного звания 
предоставляется 
выплата 
в 
размере 
1 млн. 
рублей. 
Увеличен  
до 500 тыс. рублей размер денежного поощрения для родителей  
7 
и 
более детей, награжденных орденом ""Родительская слава"".  
Для родителей, воспитывающих от 3 до 6 детей, предусмотрено 
награждение медалью ордена ""Родительская слава"" с выплатой поощрения  
в размере 200 тыс. рублей. Государственные награды за достойное 
"
strategy_family_demography_2036,Стратегия действий по реализации семейной и демографической политики до 2036 года.pdf,29," 
 
27
0029711-Уч-2025 (12.0) 
 
воспитание детей (медали, почетные знаки, почетные дипломы, знаки 
отличия) 
также предусмотрены нормативными правовыми актами 
субъектов Российской Федерации. 
Ежегодно проводится информационно-коммуникационная кампания, 
направленная на популяризацию и продвижение традиционных семейных 
ценностей, а также на поддержку и защиту семьи, материнства, отцовства 
и детства. Размещается социальная реклама на радио, телевидении,  
в информационно-телекоммуникационной сети ""Интернет"", баннерная 
наружная реклама.  
На федеральном и региональном уровнях реализуется система 
семейных 
мероприятий 
спортивной, 
культурной 
направленности, 
семейные форумы и акции. Формируются и укрепляются семейные 
сообщества через Всероссийский семейный форум ""Родные - Любимые""  
и систему конкурсов. С 2015 года проводится Всероссийский конкурс 
""Семья года"", с 2023 года - Всероссийский конкурс ""Это у нас семейное"". 
Фондом 
президентских 
грантов 
ежегодно 
выделяются 
гранты 
некоммерческим и общественным организациям, реализующим проекты 
по направлению ""Поддержка семьи, материнства, отцовства и детства"". 
В 
целях 
укрепления 
ответственного 
родительства, 
оказания 
содействия родителям в воспитании детей действуют интернет-портал  
""Я - родитель"", службы психологической поддержки в организациях 
социального обслуживания, разработана программа просветительской 
деятельности, информирующая о мерах государственной поддержки семей 
с детьми и предоставляющая сведения об актуальных вопросах 
образования, развития и воспитания. В 2023 году была осуществлена ее 
апробация в пилотных субъектах Российской Федерации, с 2024 года 
началось ее поэтапное внедрение во всех субъектах Российской 
Федерации. 
С 2024 года для учеников старших классов общеобразовательных 
организаций введен курс ""Моя семья"", который будет проходить в рамках 
внеурочных занятий ""Разговоры о важном"" или внеклассной работы. 
На системной основе проводятся мероприятия, направленные  
на правовое просвещение детей и их родителей. С 2013 года во всех 
субъектах Российской Федерации ежегодно проводится Всероссийский 
день правовой помощи детям, основной целью которого является создание 
условий, позволяющих детям, находящимся в трудной жизненной 
ситуации, 
их 
родителям, 
усыновителям 
или 
опекунам 
получить 
"
strategy_family_demography_2036,Стратегия действий по реализации семейной и демографической политики до 2036 года.pdf,30," 
 
28
0029711-Уч-2025 (12.0) 
 
квалифицированную юридическую помощь, а также интересующую  
их информацию по правовым вопросам. 
В связи с этим, по данным социологических опросов, россияне 
(67 процентов) считают крепкую семью наиболее важной ценностью. 
Однако в группе молодежи до 24 лет такого мнения придерживаются 
только 57 процентов опрошенных. Ценность рождения детей напрямую 
связана 
с 
ценностью 
брака. 
Исследования 
Федеральной 
службы 
государственной 
статистики 
показывают, 
что 
молодежь 
склонна  
к отдалению регистрации брака и проверке чувств совместным 
проживанием.  
Такая ситуация требует более активной и содержательной работы  
с детьми и молодежью по укреплению семьи как главной ценности, 
создания и продвижения семейно ориентированного контента, развития 
инфраструктуры для продвижения семейных ценностей, особенно в малых 
городах и сельской местности.  
 
III. Цели, основные задачи и приоритетные меры 
по реализации Cтратегии  
 
Целями Стратегии являются: 
сохранение населения за счет повышения уровня рождаемости, 
укрепления материнского, детского, репродуктивного здоровья населения, 
содействия реализации в субъектах Российской Федерации семейно 
ориентированной демографической политики с учетом национальных  
и социокультурных особенностей; 
охрана, поддержка и защита семьи как фундаментальной основы 
российского общества путем повышения благосостояния, качества жизни 
семьи и совершенствования ее поддержки в особых жизненных ситуациях, 
создания условий для гармоничного совмещения работы и учебы 
родителей с рождением и воспитанием детей, развития семейно 
ориентированной инфраструктуры; 
укрепление института семьи и брака как союза мужчины и женщины  
на основе сохранения и продвижения традиционных семейных ценностей,  
в том числе противодействия деструктивным идеологиям, направленным  
на разрушение ценностей крепкой семьи, брака, многодетности. 
Достижение целей Стратегии предполагается осуществить путем 
реализации следующих ключевых задач: 
укрепление института семьи, защита, сохранение и продвижение  
в обществе традиционных семейных ценностей, семейного образа жизни; 
"
strategy_family_demography_2036,Стратегия действий по реализации семейной и демографической политики до 2036 года.pdf,31," 
 
29
0029711-Уч-2025 (12.0) 
 
формирование у граждан всех возрастов системы мотивации  
к ведению здорового образа жизни и создание условий для своевременной 
профилактики заболеваний; 
охрана материнского, отцовского и детского здоровья, укрепление 
репродуктивного здоровья граждан; 
совершенствование целостной системы поддержки семей с детьми, 
дальнейшее 
ее 
развитие 
с 
учетом 
их 
потребностей, 
поддержка 
многодетности, выработка дополнительных стимулирующих мер для 
рождения детей; 
содействие 
в 
успешном 
совмещении 
гражданами 
семейной  
и профессиональной реализации посредством развития государственных 
сервисов, а также корпоративной поддержки работников с детьми; 
формирование 
доступной 
и 
семейно 
ориентированной 
инфраструктуры, оказание поддержки семьям в улучшении жилищных 
условий; 
сопровождение семей в особых жизненных ситуациях; 
содействие реализации государственной миграционной политики  
Российской Федерации по социальной адаптации мигрантов; 
содействие 
субъектам 
Российской 
Федерации 
в 
разработке  
и реализации семейно ориентированной демографической политики  
с учетом национальных и социокультурных особенностей, обеспечение 
дифференцированного подхода при реализации государственной политики 
демографического 
развития 
макрорегионов 
Российской 
Федерации, 
имеющих геополитическое и стратегическое значение для национальной 
безопасности и социально-экономического развития страны.  
Приоритетные меры по реализации задачи ""укрепление института 
семьи, защита, сохранение и продвижение в обществе традиционных 
семейных ценностей, семейного образа жизни"": 
проведение образовательных и информационно-просветительских 
программ, информационных кампаний, направленных на укрепление 
института 
семьи, 
формирование 
""ответственного 
родительства"", 
формирование репродуктивных установок населения на рождение детей  
и многодетность, популяризацию образа благополучной семьи с детьми, 
особенно многодетной;  
преимущественное 
использование 
образа 
многодетной 
семьи  
при формировании регионального и федерального медиаконтента,  
в том числе в рекламных кампаниях коммерческого сектора; 
"
strategy_family_demography_2036,Стратегия действий по реализации семейной и демографической политики до 2036 года.pdf,32," 
 
30
0029711-Уч-2025 (12.0) 
 
расширение программ психологического сопровождения семей, 
направленных 
на 
сохранение 
долгосрочных 
семейных 
союзов, 
профилактику разводов;  
популяризация института добровольного посредничества (медиации)  
при разрешении семейно-правовых споров с акцентом на сохранение  
и восстановление семейных взаимоотношений; 
подготовка детей и молодежи к созданию семьи и семейным 
отношениям на основе традиционных семейных ценностей в рамках 
образовательных программ основного общего образования и среднего 
общего образования, включая курс внеурочной деятельности ""Моя семья""; 
обеспечение приоритета семейного воспитания детей и сохранения 
кровнородственных отношений;  
распространение 
программ, 
включая 
программы 
активного 
долголетия, направленных на развитие навыков межпоколенческой 
коммуникации между людьми старшего возраста, детьми и молодежью, 
формирование 
уважения 
к 
родовым, 
национально-культурным  
и религиозным традициям в сфере семейных отношений, поддержка 
практик по возрождению и формированию традиций в семьях; 
поддержка социальных проектов некоммерческих организаций, 
добровольческих (волонтерских) проектов по укреплению института 
семьи, защите, сохранению и продвижению в обществе традиционных 
российских духовно-нравственных и семейных ценностей, семейного 
образа жизни;  
поддержка и развитие социальных просемейных проектов и практик 
общественных организаций с участием отцов и матерей, сети семейных 
сообществ, включая содействие их вовлечению в реализацию мер 
государственной политики; 
развитие 
качественного 
позитивного 
контента, 
создаваемого  
для семей с детьми в информационно-телекоммуникационной сети 
""Интернет"" с помощью учреждений культуры, поддержка систем  
и рекомендательных сервисов библиотек для помощи семьям с детьми 
разного возраста, реализация программы поддержки детского, юношеского 
и семейного чтения для повышения интеллектуального и культурного 
уровня детей и семей с детьми; 
расширение программ, направленных на вовлечение семей с детьми  
во внутренний туризм, знакомство с историей Российской Федерации, 
национальной культурой, традициями народов страны, в том числе  
в библиотеках, музеях и других учреждениях культуры;  
"
strategy_family_demography_2036,Стратегия действий по реализации семейной и демографической политики до 2036 года.pdf,33," 
 
31
0029711-Уч-2025 (12.0) 
 
установление в субъектах Российской Федерации дня многодетной 
семьи; 
введение общественных наград для многодетных и многовнуковых 
дедушек и бабушек, прадедушек и прабабушек;  
развитие 
программ 
активного 
долголетия, 
практикующих 
распространение здорового образа жизни для всех поколений семьи. 
Приоритетные меры по реализации задачи ""формирование у граждан 
всех возрастов системы мотивации к ведению здорового образа жизни  
и создание условий для своевременной профилактики заболеваний"": 
проведение информационных и коммуникационных кампаний, 
направленных на повышение приверженности граждан к ведению 
здорового образа жизни, профилактике хронических неинфекционных 
заболеваний;  
формирование с раннего детства ответственного отношения к своему 
здоровью, здоровьесберегающего поведения среди детей и молодежи, 
популяризация физической культуры, культуры здорового питания;  
создание здоровьесберегающей среды путем разработки и внедрения 
субъектами Российской Федерации и работодателями региональных, 
корпоративных и муниципальных программ, направленных на укрепление 
здоровья граждан по месту работы и жительства, программ снижения 
потребления алкоголя, табака или никотинсодержащей продукции, 
предупреждения и борьбы с немедицинским потреблением наркотических 
средств и психотропных веществ; 
популяризация 
и 
пропаганда 
здорового 
образа 
жизни, 
диспансеризации и профилактических медицинских осмотров как важных 
факторов ответственного отношения к своему здоровью;  
расширение 
и 
повышение 
результативности 
мероприятий  
по профилактике поведенческих факторов риска (потребление табака, 
иной никотинсодержащей продукции, алкоголя и психоактивных веществ); 
сохранение высокого уровня охвата детей профилактическими 
медицинскими осмотрами и диспансеризацией; 
совершенствование 
проведения 
профилактических 
мероприятий, 
направленных на укрепление здоровья, в образовательных организациях;  
формирование новой модели наблюдения граждан с факторами 
риска развития хронических неинфекционных заболеваний, в том числе 
центрами здоровья, включая использование выездных и дистанционных 
форм работы, в первую очередь для жителей отдаленных, малонаселенных 
и труднодоступных территорий;  
"
strategy_family_demography_2036,Стратегия действий по реализации семейной и демографической политики до 2036 года.pdf,34," 
 
32
0029711-Уч-2025 (12.0) 
 
углубленное изучение и коррекция рационов питания населения  
в субъектах Российской Федерации с целью устранения дефицита макро-  
и микронутриентов с учетом региональных особенностей;  
усиление мер по контролю за потреблением детьми алкогольной, 
спиртосодержащей продукции, наркотических средств и психотропных 
веществ; 
развитие профилактических форм работы по снижению уровня 
суицидальных проявлений среди детей и молодежи. 
Приоритетные меры по реализации задачи ""охрана материнского, 
отцовского и детского здоровья, укрепление репродуктивного здоровья 
граждан"": 
развитие комплексной программы по охране материнства и детства, 
сбережению здоровья детей и подростков в возрасте от 15 до 17 лет,  
в том числе репродуктивного здоровья за счет расширения сети женских 
консультаций, модернизации перинатальных центров, детских поликлиник 
и больниц;  
повышение доступности медицинской помощи женщинам по месту 
жительства, включая сельские территории, поселки городского типа, 
малые города;  
внедрение новых подходов в работе женских консультаций с учетом 
стандартизации и типизации процессов оказания медицинской помощи,  
в том числе по формированию положительных репродуктивных установок 
у женщин; 
разработка и внедрение новых подходов к консультированию 
женщин в состоянии репродуктивного выбора, в том числе путем 
информирования 
о 
мерах 
социальной 
поддержки, 
обеспечения 
межведомственного 
взаимодействия 
при 
предоставлении 
адресной 
помощи женщинам с учетом различных жизненных ситуаций; 
обеспечение 
дальнейшего 
развития 
современных 
технологий 
оказания медицинской помощи беременной женщине, матери и ребенку, 
снижение уровня младенческой смертности;  
дальнейшее 
расширение 
и 
совершенствование 
скрининговых 
программ для беременных женщин, новорожденных детей и детей других 
возрастов; 
развитие программ наблюдения, реабилитации и психологической 
поддержки женщин после родов; 
поддержка естественного вскармливания новорожденных детей  
и детей раннего возраста;  
"
strategy_family_demography_2036,Стратегия действий по реализации семейной и демографической политики до 2036 года.pdf,35," 
 
33
0029711-Уч-2025 (12.0) 
 
совершенствование субъектами Российской Федерации системы 
питания беременных женщин, кормящих матерей, детей в возрасте  
до 3 лет, детей с хроническими заболеваниями, детей-инвалидов; 
совершенствование охраны репродуктивного здоровья, повышение 
охвата 
подростков 
в 
возрасте 
от 
15 
до 
17 
лет 
и 
граждан  
репродуктивного возраста профилактическими медицинскими осмотрами  
и диспансеризацией в целях оценки репродуктивного здоровья; 
совершенствование 
методов 
лечения 
бесплодия, 
в 
том 
числе 
вспомогательных репродуктивных технологий, повышение их доступности 
и эффективности; 
проведение научных исследований в области охраны материнства  
и детства. 
Приоритетные меры по реализации задачи ""совершенствование 
целостной системы поддержки семей с детьми, дальнейшее ее развитие  
с учетом их потребностей, поддержка многодетности, выработка 
дополнительных стимулирующих мер для рождения детей"": 
развитие системы государственной поддержки семьи в связи  
с рождением и воспитанием ребенка, в том числе в период ухода  
за ребенком; 
совершенствование правил направления средств материнского 
(семейного) капитала и порядка его использования; 
совершенствование программ поддержки семей с детьми исходя  
из приоритетности поддержки семей с большим числом детей;  
расширение в субъектах Российской Федерации меры поддержки  
в форме подарочных наборов новорожденным детям, включение в них 
товаров, произведенных местными производителями; 
расширение 
практики 
функционирования 
пунктов 
проката 
предметов первой необходимости при рождении ребенка для молодых  
и иных нуждающихся в поддержке семей; 
развитие производства детского питания в Российской Федерации  
в целях повышения его качества и доступности;  
разработка 
дополнительных 
мероприятий 
для 
профилактики 
бедности семей с детьми и преодоления семьями трудной жизненной 
ситуации 
с 
приоритетным 
вниманием 
к 
многодетным 
семьям  
и обеспечением приоритета сохранения кровнородственных отношений; 
совершенствование условий предоставления семьям ежемесячного 
пособия в связи с рождением и воспитанием ребенка (единого пособия);  
"
strategy_family_demography_2036,Стратегия действий по реализации семейной и демографической политики до 2036 года.pdf,36," 
 
34
0029711-Уч-2025 (12.0) 
 
развитие и совершенствование государственной социальной помощи 
семьям, в том числе предоставляемой на основании социального 
контракта; 
развитие мер поддержки в субъектах Российской Федерации, 
направленных на повышение качества жизни многодетных семей; 
поддержка инициатив по созданию в корпоративном секторе 
программ лояльности для многодетных семей при продаже товаров  
и предоставлении услуг; 
обеспечение 
предоставления 
ежегодной 
семейной 
выплаты 
гражданам Российской Федерации, имеющим 2 и более детей; 
принятие дополнительных мер, направленных на повышение 
эффективности исполнения алиментных обязательств;  
совершенствование системы информирования семей о полагающихся 
им мерах поддержки; 
совершенствование 
механизмов 
предоставления 
региональных  
и муниципальных мер поддержки на основе принципов социального 
казначейства.  
Приоритетные меры по реализации задачи ""содействие в успешном 
совмещении гражданами семейной и профессиональной реализации 
посредством развития государственных сервисов, а также корпоративной 
поддержки работников с детьми"":  
создание условий для студенческих семей и студентов с детьми  
в 
период 
получения 
образования, 
развитие 
в 
образовательных 
организациях 
инфраструктуры 
комнат 
матери 
и 
ребенка, 
групп 
кратковременного пребывания детей; 
расширение условий для совместного проживания студентов, 
имеющих детей, в общежитиях образовательных организаций высшего 
образования;  
формирование 
в 
образовательных 
организациях 
высшего 
образования системы ""единого окна"" по решению вопросов поддержки 
студенческих семей и молодых матерей (отцов) с детьми; 
содействие занятости работников с детьми, особенно многодетных 
родителей, в том числе посредством реализации основных программ 
профессионального обучения и дополнительных профессиональных 
программ персонифицированного сопровождения при трудоустройстве 
центрами занятости; 
распространение 
гибкого 
графика, 
дистанционной 
и 
иных 
индивидуальных форм занятости для беременных женщин, а также 
"
strategy_family_demography_2036,Стратегия действий по реализации семейной и демографической политики до 2036 года.pdf,37," 
 
35
0029711-Уч-2025 (12.0) 
 
работников, имеющих несовершеннолетних детей, особенно для членов 
многодетных семей, проживающих в малых городах и сельской местности; 
развитие системы услуг по уходу за детьми в семье через 
распространение лучших практик создания семейных дошкольных групп, 
дневного ухода за детьми на дому, предоставляемого в том числе нянями, 
прошедшими курсы повышения квалификации, и социальных услуг  
по кратковременному присмотру и уходу на дому для отдельных категорий 
семей;  
гармонизация 
режимов 
работы 
дошкольных 
образовательных 
организаций с графиками работы родителей (законных представителей) 
детей через создание дежурных групп или дежурных образовательных 
организаций;  
повышение доли обучающихся 1 - 4 классов общеобразовательных 
организаций, посещающих группы продленного дня;  
популяризация 
лучших 
корпоративных 
практик 
поддержки 
беременных женщин, работников, имеющих детей, корпоративных 
демографических программ, а также практик корпоративной социальной 
ответственности в отношении семей с детьми, совершенствование систем 
оценки 
успешных 
практик 
и 
форм 
поддержки 
ответственных 
работодателей; 
признание 
и 
поощрение 
успешных 
практик 
работодателей  
по поддержке семьи, работников с семейными обязанностями путем 
проведения конкурсов, присуждения премий и широкое освещение их 
результатов;  
признание 
и 
поощрение 
развития 
социального 
партнерства  
как 
эффективного 
механизма 
расширения 
социальных 
гарантий  
для работников с детьми; 
развитие семейно ориентированных услуг и сервисов. 
Приоритетные 
меры 
по 
реализации 
задачи 
""формирование 
доступной и семейно ориентированной инфраструктуры, оказание 
поддержки семьям в улучшении жилищных условий"": 
формирование 
качественной, 
безбарьерной, 
безопасной, 
дружественной и доступной социальной инфраструктуры в сфере 
образования и физической культуры, здравоохранения, культуры и досуга, 
социального обслуживания, в первую очередь в опорных населенных 
пунктах, а также обеспечение транспортной связанности территорий, 
организация 
подвоза 
к 
образовательным 
учреждениям 
детей, 
проживающих 
на 
отдаленных 
территориях, 
особенно 
с 
учетом 
"
strategy_family_demography_2036,Стратегия действий по реализации семейной и демографической политики до 2036 года.pdf,38," 
 
36
0029711-Уч-2025 (12.0) 
 
потребностей 
многодетной 
семьи 
и 
потенциального 
увеличения  
их количества; 
проведение капитального ремонта и оснащения дошкольных 
образовательных организаций, в первую очередь в опорных населенных 
пунктах, для обеспечения их доступности семьям с детьми, в том числе 
путем организации подвоза к образовательным учреждениям детей, 
проживающих на прилегающих территориях;  
развитие общественных пространств с учетом потребностей семей  
с детьми разного возраста для проведения совместного активного досуга; 
поддержка строительства доступного, комфортного и качественного 
жилья, в том числе отвечающего потребностям многодетной семьи, 
поддержка 
проектов 
жилищного 
строительства, 
включая 
проекты 
индивидуального жилищного строительства, в том числе с учетом 
стандарта комплексного развития территорий; 
совершенствование финансовых механизмов, мер поддержки и иных 
инструментов, повышающих доступность жилья для молодых семей, семей 
с детьми, а также отдельных категорий граждан, в том числе программ 
льготного ипотечного кредитования, предоставления целевых субсидий; 
развитие доступного арендного и социального жилья для молодых 
семей, семей с детьми, а также отдельных категорий граждан; 
совершенствование в субъектах Российской Федерации порядка 
предоставления льгот по содержанию жилья и оплате коммунальных 
услуг; 
улучшение состояния объектов инфраструктуры для детей и семей  
с детьми, в первую очередь в опорных населенных пунктах; 
повышение доступности пространств для занятий физической 
культурой по месту жительства в целях профилактики малоподвижного 
образа жизни; 
совершенствование 
системы 
отдыха 
и 
оздоровления 
детей,  
в том числе на территории региона проживания, развитие профильной 
инфраструктуры, повышение качества условий отдыха и оздоровления. 
Приоритетные меры по реализации задачи ""сопровождение семей  
в особых жизненных ситуациях"": 
оказание помощи семьям с детьми, находящимся в трудной 
жизненной ситуации, с применением семейно ориентированного подхода  
в работе органов системы профилактики;  
"
strategy_family_demography_2036,Стратегия действий по реализации семейной и демографической политики до 2036 года.pdf,39," 
 
37
0029711-Уч-2025 (12.0) 
 
повышение качества, доступности и разнообразия социальных услуг  
в системе социального обслуживания семей с детьми, расширение 
практики деятельности семейных многофункциональных центров;  
реализация комплекса мер по сопровождению беременных женщин  
в состоянии репродуктивного выбора в целях снижения количества 
случаев искусственного прерывания беременности; 
развитие системы информирования беременных женщин о мерах 
поддержки, направленных на профилактику отказов от новорожденных 
детей; 
обеспечение поддержки семей с детьми с инвалидностью в рамках 
проведения мероприятий комплексной реабилитации и абилитации и их 
сопровождения; 
сопровождение семей участников специальной военной операции  
и иных боевых действий, а также детей и членов семей, пострадавших  
в результате событий, связанных с боевыми действиями; 
развитие программ психологической поддержки и консультирования 
семей в кризисных ситуациях, в том числе на базе женских клубов  
при центрах занятости; 
развитие центров помощи дневного и временного пребывания 
родителей 
с 
детьми 
по 
месту 
жительства, 
кризисных 
центров  
для беременных женщин, женщин с детьми и семей, оказавшихся  
в трудной жизненной ситуации; 
обеспечение 
поддержки, 
в 
том 
числе 
психологической, 
сопровождения 
семей, 
оказавшихся 
в 
ситуации 
социального 
неблагополучия, разработка и реализация комплексного индивидуального 
плана по реабилитации и выводу семьи из трудной жизненной ситуации  
с приоритетным сбережением кровнородственных отношений; 
профилактика социального сиротства до и после рождения ребенка, 
оказание помощи детям в случаях нарушения их прав и интересов; 
совершенствование 
системы 
сопровождения 
семей, 
взявших  
на воспитание детей-сирот и детей, оставшихся без попечения родителей, 
посредством 
оказания 
им 
консультативной, 
психологической, 
педагогической, юридической, социальной и иной помощи; 
совершенствование работы органов опеки и попечительства, 
процедур устройства детей в семью, в том числе исключающих 
возможность передачи детей-сирот и детей, оставшихся без попечения 
родителей, на усыновление гражданам тех государств, законодательством 
которых разрешено изменение пола несовершеннолетним детям; 
"
strategy_family_demography_2036,Стратегия действий по реализации семейной и демографической политики до 2036 года.pdf,40," 
 
38
0029711-Уч-2025 (12.0) 
 
формирование положительного имиджа и повышение уровня 
доверия граждан к социальным службам, органам опеки и попечительства, 
комиссиям 
по 
делам 
несовершеннолетних 
и 
защите 
их 
прав, 
содействующих оказанию помощи семье по выходу из трудной жизненной 
ситуации; 
осуществление 
мероприятий 
по 
ресоциализации, 
социальной 
адаптации и социальной реабилитации в отношении осужденных 
несовершеннолетних 
детей 
или 
женщин 
с 
детьми, 
а 
также 
несовершеннолетних детей или женщин с детьми, освобожденных из 
учреждений, исполняющих наказание в виде лишения свободы; 
поддержка 
негосударственных 
организаций, 
осуществляющих 
предоставление 
социальных 
услуг 
детям 
и 
семьям 
с 
детьми,  
их сопровождение в трудных жизненных ситуациях. 
Приоритетные меры по реализации задачи ""содействие реализации 
государственной 
миграционной 
политики 
Российской 
Федерации  
по социальной адаптации мигрантов"": 
реализация государственной программы по оказанию содействия 
добровольному переселению в Российскую Федерацию соотечественников, 
проживающих за рубежом; 
создание стимулов для возвращения соотечественников, выехавших  
на постоянное место жительства в другие страны; 
расширение 
миграции, 
направленной 
на 
привлечение  
в Российскую Федерацию соотечественников и иностранных граждан, 
разделяющих традиционные российские духовно-нравственные ценности  
и пострадавших от политики недружественных стран; 
расширение программ студенческого обмена и приема иностранных 
граждан в российские образовательные организации; 
совершенствование мер по языковой, социальной и культурной 
адаптации детей мигрантов к условиям жизни в российском обществе  
в процессе получения образования; 
привлечение высококвалифицированных иностранных специалистов  
на постоянное место жительства в Российскую Федерацию с последующим 
созданием ими семей и рождением детей. 
Приоритетные меры по реализации задачи ""содействие субъектам  
Российской 
Федерации 
в 
разработке 
и 
реализации 
семейно 
ориентированной демографической политики с учетом национальных  
и социокультурных особенностей, обеспечение дифференцированного 
подхода при реализации государственной политики демографического 
развития 
макрорегионов 
Российской 
Федерации, 
имеющих 
"
strategy_family_demography_2036,Стратегия действий по реализации семейной и демографической политики до 2036 года.pdf,41," 
 
39
0029711-Уч-2025 (12.0) 
 
геополитическое 
и 
стратегическое 
значение 
для 
национальной 
безопасности и социально-экономического развития страны"": 
включение в национальные проекты мероприятий и показателей  
с учетом принципа семейноцентричности; 
совершенствование 
государственных 
программ, 
федеральных, 
региональных, муниципальных нормативных актов с учетом целей  
по 
стабилизации 
и 
увеличению 
численности 
населения, 
росту 
рождаемости, увеличению количества благополучных многодетных семей; 
софинансирование мер демографического и социального характера, 
направленных на содействие росту рождаемости и поддержку семей  
с детьми, проживающих в субъектах Российской Федерации с уровнем 
рождаемости ниже среднероссийского уровня; 
проведение 
оценки 
эффективности 
деятельности 
высших 
должностных лиц субъектов Российской Федерации и деятельности 
исполнительных органов субъектов Российской Федерации с учетом 
динамики показателя суммарного коэффициента рождаемости; 
приоритетное 
демографическое 
развитие 
отдельных 
регионов 
Дальнего Востока, Арктики, Приазовья и Донбасса, а также Центрального 
федерального округа и Северо-Западного федерального округа и других 
субъектов Российской Федерации с низким уровнем рождаемости  
и сокращающейся численностью населения, в том числе опорных 
населенных пунктов таких субъектов Российской Федерации; 
реализация мероприятий, направленных на закрепление молодежи  
в малых городах и на сельских территориях;  
формирование и развитие системы подготовки специалистов  
в области семейной политики и демографии в образовательных 
организациях высшего образования; 
дополнительное профессиональное образование государственных  
и муниципальных служащих, руководителей и специалистов органов  
и организаций по вопросам демографического развития; 
отбор, систематизация и популяризация лучших практик субъектов  
Российской Федерации в сфере семейной и демографической политики. 
 
IV. Основные механизмы, финансовые источники  
и этапы реализации Стратегии 
 
Стратегия реализуется федеральными органами государственной 
власти, иными федеральными государственными органами, органами 
государственной власти субъектов Российской Федерации, иными 
"
strategy_family_demography_2036,Стратегия действий по реализации семейной и демографической политики до 2036 года.pdf,42," 
 
40
0029711-Уч-2025 (12.0) 
 
государственными органами субъектов Российской Федерации, органами 
местного самоуправления, иными муниципальными органами в пределах 
установленной 
компетенции, 
общественными 
объединениями, 
работодателями, 
а 
также 
другими 
субъектами, 
осуществляющими 
деятельность 
в 
сфере 
семейной 
и 
демографической 
политики, 
оказывающими влияние на качество жизни семей с детьми.  
Ключевым 
механизмом 
реализации 
Стратегии 
является 
национальный проект ""Семья"", который объединил в себе основные меры 
поддержки семей с детьми. Дополнительными механизмами обеспечения 
реализации Стратегии являются иные национальные проекты, содержащие 
мероприятия, направленные на повышение качества жизни семей, 
имеющих детей, и повышение рождаемости, а также показатели, 
характеризующие их выполнение. 
Основные положения Стратегии и целевые показатели учитываются  
при определении в Едином плане по достижению национальных целей 
развития Российской Федерации до 2030 года и на перспективу  
до 2036 года плановых значений показателей для оценки эффективности 
деятельности высших должностных лиц субъектов Российской Федерации 
и 
деятельности 
исполнительных 
органов 
субъектов 
Российской 
Федерации, характеризующих достижение показателей национальных 
целей развития Российской Федерации. 
Координация усилий федеральных органов государственной власти, 
органов государственной власти субъектов Российской Федерации  
и 
органов 
местного 
самоуправления 
по 
реализации 
семейной  
и демографической политики осуществляется Советом при Президенте 
Российской Федерации по реализации государственной демографической  
и семейной политики.  
Реализация Стратегии на уровне субъектов Российской Федерации 
может осуществляться на основании перечней приоритетных мер 
реализации Стратегии в субъектах Российской Федерации (стратегия, план 
мероприятий), разработанных исполнительными органами субъектов 
Российской Федерации, осуществляющими функции по выработке  
и реализации государственной политики и нормативно-правовому 
регулированию в сфере социальной защиты населения, и утвержденных 
высшими должностными лицами субъектов Российской Федерации,  
и обеспечиваться в том числе за счет распределения показателей  
и результатов национального проекта ""Семья"" по субъектам Российской 
Федерации. 
"
strategy_family_demography_2036,Стратегия действий по реализации семейной и демографической политики до 2036 года.pdf,43," 
 
41
0029711-Уч-2025 (12.0) 
 
Дополнительным механизмом обеспечения реализации Стратегии  
в субъектах Российской Федерации является установление показателя 
суммарного коэффициента рождаемости в рамках национального проекта 
""Семья"" в качестве показателя для оценки эффективности деятельности 
высших 
должностных 
лиц 
субъектов 
Российской 
Федерации  
и 
деятельности 
исполнительных 
органов 
субъектов 
Российской 
Федерации.  
Реализация Стратегии на уровне муниципальных образований может 
осуществляться на основании планов мероприятий, утвержденных главами 
муниципальных образований, и обеспечиваться субъектами Российской 
Федерации в рамках региональных проектов в сфере семейной  
и демографической политики. 
Реализация 
Стратегии 
предполагает 
научно-методическое 
сопровождение разработки и принятия управленческих решений в сфере 
семейной и демографической политики на федеральном, региональном  
и 
местном 
уровнях, 
а 
также 
дальнейшее 
совершенствование  
ее нормативной правовой базы. 
Реализация Стратегии осуществляется в 2 этапа.  
Первый этап (2025 - 2030 годы) предусматривает: 
разработку и утверждение плана мероприятий по реализации 
Стратегии, включающего перечень наиболее важных социально значимых 
мероприятий, с указанием сроков их исполнения и ответственных 
исполнителей; 
совершенствование федерального и регионального законодательства, 
регулирующего 
вопросы 
семейной 
и 
демографической 
политики, 
повышения качества жизни семей с детьми, с учетом положений 
Стратегии; 
реализацию национального проекта ""Семья"";  
реализацию мероприятий государственных программ Российской 
Федерации 
и 
государственных 
программ 
субъектов 
Российской 
Федерации, 
предусматривающих 
мероприятия 
в 
сфере 
семейной  
и демографической политики, в том числе в опорных населенных  
пунктах; 
корректировку региональных программ по повышению рождаемости  
на 
среднесрочный период 
с 
учетом Стратегии 
и региональных 
особенностей; 
обеспечение межведомственной и межуровневой координации 
вопросов реализации семейной и демографической политики; 
"
strategy_family_demography_2036,Стратегия действий по реализации семейной и демографической политики до 2036 года.pdf,44," 
 
42
0029711-Уч-2025 (12.0) 
 
разработку и внедрение системы качественных и количественных 
показателей эффективности реализации Стратегии; 
включение приоритетных мер по реализации Стратегии в состав 
национальных и федеральных проектов, государственных программ, 
документов 
стратегического 
планирования 
на 
уровне 
субъектов 
Российской Федерации и на уровне муниципальных образований. 
Второй этап (2031 - 2036 годы) предусматривает выполнение плана 
мероприятий 
по 
реализации 
Стратегии, 
а 
также 
разработку  
и 
осуществление 
дополнительных 
мер 
нормативно-правового, 
организационного, научного и методического характера, необходимых  
для достижения ее целей и задач. Также предусматриваются обобщение 
результатов реализации Стратегии и при необходимости подготовка 
предложений в целях разработки новых документов стратегического 
планирования в сфере семейной и демографической политики. 
 
V. Оценка результатов и ожидаемые результаты 
реализации Стратегии 
 
Оценка результатов реализации Стратегии осуществляется на основе 
контроля достижения основных показателей: 
суммарный коэффициент рождаемости к 2030 году составит  
не менее 1,6, к 2036 году - не менее 1,8; 
суммарный коэффициент рождаемости третьих и последующих 
детей к 2030 году составит не менее 0,475, к 2036 году - не менее 0,485; 
охват 
граждан 
репродуктивного 
возраста 
(18 - 49 лет) 
диспансеризацией в целях оценки репродуктивного здоровья к 2030 году 
составит не менее 50 процентов и сохранится не ниже достигнутого уровня 
до 2036 года; 
доля 
беременных 
женщин, 
обратившихся 
в 
медицинские 
организации в ситуации репродуктивного выбора, получивших услуги  
по оказанию правовой, психологической и медико-социальной помощи  
и вставших на учет по беременности, к 2030 году составит не менее 
26 процентов, к 2036 году - не менее 30 процентов;  
младенческая 
смертность 
к 
2030 году 
составит 
не 
более 
3,9 промилле, к 2036 году - 3,7 промилле; 
ожидаемая продолжительность жизни при рождении к 2030 году 
составит 78 лет, к 2036 году - 81 год; 
ожидаемая продолжительность здоровой жизни к 2030 году составит 
68 лет, к 2036 году - 72 года; 
"
strategy_family_demography_2036,Стратегия действий по реализации семейной и демографической политики до 2036 года.pdf,45," 
 
43
0029711-Уч-2025 (12.0) 
 
доля граждан, ведущих здоровый образ жизни, к 2030 году составит 
13,6 процента, к 2036 году - 15 процентов; 
количество многодетных семей к 2030 году составит не менее  
2400 тыс., к 2036 году - не менее 2725 тыс.; 
уровень бедности многодетных семей к 2030 году составит не более  
12 процентов, к 2036 году - не более 8 процентов; 
число 
выявленных 
детей-сирот 
и 
детей, 
оставшихся  
без попечения родителей, составит к 2030 году 37,7 тыс., к 2036 году -  
34,5 тыс.; 
доля молодых студенческих семей, матерей (отцов) с детьми, 
получивших 
поддержку 
образовательных 
организаций 
высшего 
образования, от числа всех молодых студенческих семей, матерей (отцов)  
с детьми, обучающихся в образовательных организациях высшего 
образования, к 2030 году составит не менее 90 процентов и сохранится  
не ниже достигнутого уровня до 2036 года; 
доля обучающихся 1 - 4 классов образовательных организаций, 
посещающих группы продленного дня, к 2030 году составит не менее 
17,6 процента и сохранится не ниже достигнутого уровня до 2036 года. 
Перечень основных показателей, указанных в Стратегии, может 
уточняться по результатам мониторинга ее реализации. 
Источником 
исходной 
информации 
для 
оценки 
реализации 
Стратегии станут данные статистических наблюдений и ведомственной 
отчетности. 
Уточнение основных показателей будет происходить в процессе 
реализации 
Стратегии 
с 
учетом 
достигнутых 
результатов  
и прогнозируемых рисков в отношении запланированных мероприятий. 
Реализация Стратегии позволит обеспечить: 
укрепление 
в 
обществе 
традиционных 
российских 
духовно-
нравственных и семейных ценностей, в том числе ценностей крепкой 
семьи, брака, многодетности; 
повышение приверженности граждан к ведению здорового образа 
жизни, формированию с раннего детства ответственного отношения  
к своему здоровью; 
стабилизацию численности населения Российской Федерации,  
в том числе в макрорегионах, имеющих геополитическое и стратегическое 
значение для национальной безопасности и социально-экономического 
развития страны; 
"
strategy_family_demography_2036,Стратегия действий по реализации семейной и демографической политики до 2036 года.pdf,46," 
 
44
0029711-Уч-2025 (12.0) 
 
укрепление репродуктивного здоровья граждан и повышение уровня 
рождаемости; 
улучшение социально-экономического положения семей с детьми  
и увеличение их количества; 
популяризацию 
многодетности 
и 
увеличение 
количества 
многодетных семей, повышение качества их жизни; 
развитие семейно ориентированной инфраструктуры в городской  
и сельской местностях и улучшение жилищных условий семей с детьми; 
разработку 
государственными 
органами 
с 
участием 
органов 
местного самоуправления, институтов гражданского общества единых 
подходов к решению вопросов семейной и демографической политики.  
 
VI. Контроль за реализацией Стратегии 
 
Контроль за реализацией Стратегии осуществляет Правительство  
Российской Федерации.  
Для контроля за ходом реализации Стратегии Правительство  
Российской Федерации утверждает план мероприятий по реализации 
Стратегии, в который включаются меры, необходимые для достижения 
установленных основных показателей. Дополнительным механизмом 
контроля реализации Стратегии является систематический анализ хода 
достижения ключевых показателей национального проекта ""Семья"". 
Механизмом контроля реализации Стратегии на уровне субъектов  
Российской Федерации может являться контроль хода достижения  
показателей 
и 
результатов 
национального 
проекта 
""Семья"", 
декомпозированных 
по 
соответствующим 
субъектам 
Российской 
Федерации, а также контроль достижения показателей приоритетных 
направлений реализации Стратегии в субъектах Российской Федерации 
(стратегия, план мероприятий). 
 
 
___________ 
"
strategy_older_generation_2030,Стратегия действий в интересах граждан старшего поколения до 2030 года.pdf,1," 
 
0320421-Уч-2025 (20.0) 
 
  
 
ПРАВИТЕЛЬСТВО   РОССИЙСКОЙ   ФЕДЕРАЦИИ 
 
Р А С П О Р Я Ж Е Н И Е 
 
от 7 апреля 2025 г. № 830-р 
 
МОСКВА 
 
 
 
 
1. Утвердить 
прилагаемую 
Стратегию 
действий 
в 
интересах  
граждан старшего поколения в Российской Федерации до 2030 года  
(далее - Стратегия). 
2. Федеральным органам исполнительной власти руководствоваться 
положениями Стратегии при разработке и реализации государственных 
программ Российской Федерации и других программных документов. 
3. Минтруду России совместно с заинтересованными федеральными 
органами исполнительной власти представить в 6-месячный срок 
в Правительство Российской Федерации проект плана мероприятий 
по реализации Стратегии. 
4. Рекомендовать исполнительным органам субъектов Российской 
Федерации учитывать положения Стратегии при разработке и реализации 
государственных программ субъектов Российской Федерации и иных 
программных документов. 
5. Установить, что финансовое обеспечение расходов, связанных 
с реализацией Стратегии, осуществляется в пределах бюджетных 
ассигнований, предусмотренных федеральным органам исполнительной 
власти, принимающим участие в реализации Стратегии, в федеральном 
бюджете на соответствующий финансовый год и плановый период, а также 
за счет средств внебюджетных источников. 
6. Признать 
утратившим 
силу 
распоряжение 
Правительства 
Российской 
Федерации 
от 
5 февраля 
2016 г. 
№ 164-р 
(Собрание 
законодательства Российской Федерации, 2016, № 7, ст. 1017). 
  
Председатель Правительства 
Российской Федерации 
 
М.Мишустин
 
"
strategy_older_generation_2030,Стратегия действий в интересах граждан старшего поколения до 2030 года.pdf,2," 
 
0320421-Уч-2025 (20.0) 
 
УТВЕРЖДЕНА  
распоряжением Правительства 
Российской Федерации 
от 7 апреля 2025 г. № 830-р 
 
 
 
 
  
С Т Р А Т Е Г И Я 
 
действий в интересах граждан старшего поколения 
в Российской Федерации до 2030 года 
 
 
I. Общие положения 
 
Стратегия действий в интересах граждан старшего поколения 
в Российской Федерации до 2030 года (далее - Стратегия) является 
документом стратегического планирования, определяющим основные 
направления государственной политики в отношении граждан старшего 
поколения. 
Стратегия направлена на консолидацию усилий федеральных 
органов 
государственной 
власти, 
органов 
государственной 
власти 
субъектов Российской Федерации, органов местного самоуправления, 
научного, 
делового, 
экспертного 
сообщества, 
некоммерческих 
организаций и иных общественных организаций в интересах граждан 
старшего поколения. 
Для целей Стратегии с учетом особенностей продолжительности 
жизни, состояния здоровья и пенсионной системы к гражданам старшего 
поколения условно относятся: 
граждане с 60 до 64 лет - это достаточно активные в экономическом 
и социальном плане люди, продолжающие осуществлять трудовую 
деятельность; 
граждане с 65 лет до 80 лет - это, как правило, люди менее активные, 
многим из которых требуются медицинская помощь и социальные услуги; 
граждане старше 80 лет - это, как правило, люди, имеющие 
множественные проблемы со здоровьем и зачастую нуждающиеся в уходе 
и помощи. 
Такая градация является условной, так как граждане старшего 
поколения в любом возрасте могут быть физически и социально 
активными либо нуждающимися в уходе и помощи, материально 
"
strategy_older_generation_2030,Стратегия действий в интересах граждан старшего поколения до 2030 года.pdf,3," 
 
2 
0320421-Уч-2025 (20.0) 
 
обеспеченными 
либо 
нуждающимися 
в 
финансовой 
поддержке, 
осуществляющими трудовую деятельность либо нет, проживающими  
в семье, получающими помощь от родственников либо одинокими, 
имеющими либо не имеющими инвалидность. Меры в отношении  
таких 
граждан 
должны 
быть 
дифференцированы 
в 
зависимости  
от потенциала и потребностей различных возрастных групп граждан 
старшего поколения. 
Направления реализации Стратегии нацелены на граждан старшего 
поколения различных возрастных групп независимо от места их 
проживания, активности в обществе, нуждаемости в помощи и поддержке, 
в интересах их семей и лиц, обеспечивающих им поддержку и уход,  
а также в интересах юридических лиц, оказывающих помощь гражданам 
старшего поколения. 
Правовую основу Стратегии составляют: 
Конституция Российской Федерации; 
Федеральный конституционный закон ""О Правительстве Российской 
Федерации""; 
Федеральный закон ""О государственном пенсионном обеспечении  
в Российской Федерации""; 
Федеральный закон ""О страховых пенсиях""; 
Федеральный закон ""Об основах социального обслуживания граждан 
в Российской Федерации""; 
Федеральный закон ""О стратегическом планировании в Российской 
Федерации""; 
Указ Президента Российской Федерации от 9 ноября 2022 г. № 809 
""Об утверждении Основ государственной политики по сохранению  
и 
укреплению 
традиционных 
российских 
духовно-нравственных 
ценностей""; 
Указ Президента Российской Федерации от 7 мая 2024 г. № 309 
""О национальных целях развития Российской Федерации на период  
до 2030 года и на перспективу до 2036 года""; 
иные 
нормативные 
правовые 
акты 
Российской 
Федерации, 
регулирующие вопросы качества жизни и правового положения граждан 
старшего поколения.  
При разработке Стратегии учтены:  
Мадридский международный план действий по проблемам старения 
2002 года; 
"
strategy_older_generation_2030,Стратегия действий в интересах граждан старшего поколения до 2030 года.pdf,4," 
 
3 
0320421-Уч-2025 (20.0) 
 
Региональная стратегия осуществления Мадридского международного 
плана действий по проблемам старения Европейской экономической 
комиссии Организации Объединенных Наций 2002 года; 
Стратегия национальной безопасности Российской Федерации, 
утвержденная Указом Президента Российской Федерации от 2 июля 2021 г. 
№ 400 ""О Стратегии национальной безопасности Российской Федерации""; 
Стратегия долгосрочного развития пенсионной системы Российской 
Федерации, утвержденная распоряжением Правительства Российской 
Федерации от 25 декабря 2012 г. № 2524-р;  
Стратегия устойчивого развития сельских территорий Российской 
Федерации на период до 2030 года, утвержденная распоряжением 
Правительства Российской Федерации от 2 февраля 2015 г. № 151-р; 
Стратегия развития туризма в Российской Федерации на период  
до 2035 года, утвержденная распоряжением Правительства Российской 
Федерации от 20 сентября 2019 г. № 2129-р; 
Стратегия развития физической культуры и спорта в Российской 
Федерации на период до 2030 года, утвержденная распоряжением 
Правительства Российской Федерации от 24 ноября 2020 г. № 3081-р; 
Концепция развития в Российской Федерации системы комплексной 
реабилитации и абилитации инвалидов, в том числе детей-инвалидов,  
на период до 2025 года, утвержденная распоряжением Правительства 
Российской Федерации от 18 декабря 2021 г. № 3711-р; 
Национальная 
стратегия 
действий 
в 
интересах 
женщин  
на 
2023 - 2030 годы, 
утвержденная 
распоряжением 
Правительства 
Российской Федерации от 29 декабря 2022 г. № 4356-р;  
Стратегия повышения финансовой грамотности и формирования 
финансовой культуры до 2030 года, утвержденная распоряжением 
Правительства Российской Федерации от 24 октября 2023 г. № 2958-р. 
 
II. Оценка текущей ситуации в сфере политики  
в отношении граждан старшего поколения 
 
1. Демографическая ситуация 
 
Социально-экономическое 
развитие 
Российской 
Федерации 
сопровождается постепенным старением населения, выражающимся  
в увеличении абсолютной численности и доли граждан старшего 
поколения в населении страны. Если на начало 1990 года доля граждан  
 
"
strategy_older_generation_2030,Стратегия действий в интересах граждан старшего поколения до 2030 года.pdf,5," 
 
4 
0320421-Уч-2025 (20.0) 
 
в возрасте 55 лет и старше составляла 21,1 процента, то в 2015 году -  
уже 27,3 процента, в 2020 году - 29,4 процента, а в 2024 году - 
30 процентов. 
До 2019 года в Российской Федерации наблюдалось увеличение 
абсолютной численности граждан старше трудоспособного возраста. 
Численность этой возрастной группы с 1 января 2016 г. по 1 января 2019 г. 
выросла с 36 млн. человек до 38,2 млн. человек. Постепенное повышение 
пенсионного возраста с января 2019 г. и пандемия новой коронавирусной 
инфекции (COVID-19) (далее - пандемия) временно прервали указанную 
тенденцию 
увеличения 
абсолютной 
численности 
граждан 
старше 
трудоспособного возраста. На 1 января 2024 г. численность граждан 
старше трудоспособного возраста составила 34,6 млн. человек. 
Аналогичная динамика характерна и для показателя доли граждан 
старше трудоспособного возраста в населении страны. Зафиксировано 
увеличение значений этого показателя с 24,5 процента в 2016 году  
до 25,8 процента в 2019 году, а затем его снижение до 23,7 процента  
на начало 2024 года. 
По данным среднего варианта прогноза Федеральной службы 
государственной статистики, с учетом продолжающегося повышения 
пенсионного возраста к 2030 году доля граждан старше трудоспособного 
возраста 
в 
Российской 
Федерации 
снизится 
до 
23 
процентов,  
а численность граждан старше трудоспособного возраста сократится  
до 32,9 млн. человек. 
Сохраняется гендерная диспропорция среди граждан старшего 
поколения. На начало 2024 года на 1000 мужчин в возрасте 65 лет и старше 
приходилось 1869 женщин в возрасте 65 лет и старше. Как следствие,  
в населении граждан старшего поколения высока доля одиноко 
проживающих женщин. 
Сложившаяся демографическая ситуация и перспективы ее развития 
ставят новые цели и задачи перед экономикой, государством и обществом, 
направленные не только на обеспечение основных потребностей  
граждан старшего поколения для поддержания высокого качества  
их жизнедеятельности, но и на создание условий для их активного участия 
в политической, социальной и иной сферах деятельности общества. 
 
 
 
"
strategy_older_generation_2030,Стратегия действий в интересах граждан старшего поколения до 2030 года.pdf,6," 
 
5 
0320421-Уч-2025 (20.0) 
 
2. Укрепление в обществе ценности многопоколенной семьи, 
уважительного отношения к старшему поколению 
 
Восприятие граждан старшего поколения в обществе во многом 
определяется 
характеристиками 
их 
отношений 
с 
представителями 
младшего поколения. Наличие межпоколенных связей, прежде всего 
связей 
между 
гражданами 
старшего 
поколения 
и 
их 
детьми  
и внуками, предотвращает или сглаживает возможные негативные 
последствия вынужденного одиночества граждан старшего поколения,  
что способствует поддержанию физического здоровья, социального, 
эмоционального и психологического самочувствия таких граждан. 
Одновременно с этим укрепление межпоколенных связей играет 
важную роль в поддержании стабильности общества, аккумулировании 
человеческого и социального капитала, сохранении традиций и культуры. 
Преемственность 
поколений 
и 
наставничество 
имеют 
ценность  
как для граждан старшего поколения, так и для детей, молодежи и лиц 
среднего возраста.  
В Российской Федерации основным инструментом межпоколенческой 
заботы традиционно является семья. Большую роль играют поддержка 
гражданина старшего поколения членами его семьи и вклад самих граждан 
старшего поколения в заботу о младшем поколении. 
По данным Комплексного наблюдения условий жизни населения 
Федеральной 
службы 
государственной 
статистики, 
в 
2018 году 
15,1 процента граждан в возрасте 55 лет и старше были вовлечены  
в ежедневные занятия по уходу за детьми (своими или чужими)  
без оплаты, к 2020 году этот показатель вырос до 31,9 процента,  
а в 2022 году составил 30,7 процента. 
Граждане старшего поколения по различным причинам не всегда 
могут рассчитывать на необходимую им помощь и поддержку со стороны 
членов своей семьи. По оценкам Комплексного наблюдения условий 
жизни населения Федеральной службы государственной статистики,  
в 2022 году 94,2 процента россиян в возрасте 55 лет и старше имели  
в своем близком окружении человека, с которым они могли обсуждать 
вопросы личного характера, однако значительная часть граждан старшего 
поколения проживает одиноко. По данным Всероссийской переписи 
населения 2020 года, 11,8 млн. (42,6 процента) частных домохозяйств, 
состоящих из одного человека, - это граждане старше трудоспособного 
возраста. 
"
strategy_older_generation_2030,Стратегия действий в интересах граждан старшего поколения до 2030 года.pdf,7," 
 
6 
0320421-Уч-2025 (20.0) 
 
В связи с этим в Российской Федерации необходимо проводить 
мероприятия, направленные на формирование уважительного и заботливого 
отношения 
к 
старшему 
поколению 
в 
обществе, 
повышение 
заинтересованности членов семьи, в том числе проживающих отдельно,  
в 
оказании 
помощи 
гражданам 
старшего поколения, 
пропаганду 
поддержки таких людей со стороны их родственников или ближайшего 
социального окружения, укрепление их семейных связей. 
В 2024 году во всех субъектах Российской Федерации проведена 
Всероссийская неделя правовой помощи по вопросам защиты интересов 
семьи, на которой более 22 тыс. пенсионеров и граждан предпенсионного 
возраста смогли получить консультации по интересующим их правовым 
вопросам. Целями данной акции являются укрепление традиционных 
российских духовно-нравственных ценностей, правовое просвещение  
и информирование граждан. 
Признание заслуг и востребованность опыта граждан старшего 
поколения, а также уважительное отношение к таким гражданам - важные 
компоненты устойчивости социально-экономического развития страны  
и формирования образа благополучного старения как образа будущего 
каждого человека. Необходимо осуществлять мероприятия по преодолению 
негативных стереотипов, касающихся старости, и проявлений насилия  
и дискриминации по отношению к гражданам старшего поколения, а также 
по формированию благоприятной окружающей среды, способствующей 
активному долголетию, развитию форм интеграции граждан старшего 
поколения в жизнь общества. 
 
3. Охрана здоровья граждан старшего поколения, профилактика 
заболеваний и факторов риска их развития, повышение доступности 
медицинской помощи для граждан старшего поколения, в том числе  
на дому, внедрение новых методов диагностики и лечения у них 
заболеваний, улучшение лекарственного обеспечения, продление 
активного здорового долголетия граждан старшего поколения 
 
Одной из национальных целей развития Российской Федерации  
в соответствии с подпунктом ""б"" пункта 2 Указа Президента Российской 
Федерации от 7 мая 2024 г. № 309 ""О национальных целях развития 
Российской Федерации на период до 2030 года и на перспективу  
до 2036 года"" является увеличение ожидаемой продолжительности жизни 
до 78 лет к 2030 году, достижение которой невозможно без снижения 
уровня смертности граждан старшего поколения. По мере снижения 
"
strategy_older_generation_2030,Стратегия действий в интересах граждан старшего поколения до 2030 года.pdf,8," 
 
7 
0320421-Уч-2025 (20.0) 
 
уровня преждевременной смертности вклад пожилого населения в рост 
ожидаемой продолжительности жизни при рождении приобретает  
все большее значение. Возрастные группы старше 60 лет определяют 
39 процентов целевого роста ожидаемой продолжительности жизни  
при рождении. 
Ключевым фактором качества жизни в старшем возрасте и активного 
долголетия является здоровье. Для представителей старшего поколения 
здоровье 
определяется 
в 
том 
числе 
качеством 
и 
доступностью  
услуг 
системы 
здравоохранения 
и 
социального 
обслуживания,  
а также приверженностью к ведению здорового образа жизни на всем  
ее протяжении.  
Повышение 
доступности 
медицинской помощи 
для граждан 
старшего поколения, приоритет раннего выявления заболеваний и факторов 
риска их развития приобретают особую значимость для поддержания 
здоровья и качества жизни граждан старшего поколения. 
В рамках второго этапа диспансеризации для всех граждан  
в возрасте 65 лет и старше проводится индивидуальное или групповое 
(школы для пациентов) углубленное профилактическое консультирование 
в отделении (кабинете) медицинской профилактики, центре здоровья  
в целях коррекции выявленных факторов риска и (или) профилактики 
старческой астении. 
В 2023 году 22,7 млн. (или 64,4 процента) граждан старшего 
поколения прошли такие профилактические осмотры и диспансеризацию.  
Из них 17,8 млн. граждан (85,9 процента из тех, кто обратился  
в медицинскую организацию с заболеванием, подлежащим диспансерному 
наблюдению) состояли на диспансерном наблюдении.  
Внедрены методические рекомендации по приоритизации в рамках 
диспансерного наблюдения граждан старшего поколения, имеющих 
несколько хронических заболеваний, в целях снижения риска развития 
осложнений, а также преждевременной смерти. 
За 
2023 
год 
гражданами 
старшего 
поколения 
выполнено  
273 млн. посещений врачей, из них 208,75 млн. посещений - по поводу 
заболеваний. 
Пока не получили должного развития выездные методы работы 
врачей первичного звена здравоохранения с гражданами старшего 
поколения. Так, на дому врачами выполнено лишь 15,9 млн. посещений 
(или 5,8 процента общего числа посещений). При заболеваниях доля 
посещений на дому за 2023 год составила лишь 6,9 процента.  
"
strategy_older_generation_2030,Стратегия действий в интересах граждан старшего поколения до 2030 года.pdf,9," 
 
8 
0320421-Уч-2025 (20.0) 
 
В этой связи одним из важных направлений для граждан старшего 
поколения, особенно проживающих в сельской местности, является 
обеспечение 
транспортной 
доступности 
медицинских 
организаций  
и организаций социального обслуживания. 
В 2019 году за счет средств федерального бюджета в рамках 
реализации федерального проекта ""Старшее поколение"" национального 
проекта ""Демография"" для субъектов Российской Федерации приобретены 
транспортные средства в количестве 1581 единицы для доставки граждан 
старше 65 лет и инвалидов, проживающих в сельской местности,  
и создана 1581 мобильная бригада. 
По 
состоянию 
на 
31 декабря 
2024 г. 
численность 
граждан  
старше 65 лет, проживающих в сельской местности, охваченных 
профилактическими осмотрами и диспансеризацией с использованием 
транспортных средств, составила 557889 человек. Численность граждан 
старше 65 лет, к которым с использованием транспортных средств 
доставлены медицинские работники из медицинских организаций в целях 
оказания им медицинской помощи на дому, составила 50618 человек. 
Численность 
граждан 
старше 65 лет, 
которым 
с 
использованием 
транспортных средств доставлены лекарственные средства, медицинские 
изделия, продукты питания и предметы первой необходимости, составила 
83341 человек.  
По состоянию на 31 декабря 2024 г. численность граждан старше 
65 лет и инвалидов, проживающих в сельской местности, доставленных  
в медицинские организации (за исключением охвата профилактическими 
осмотрами и диспансеризацией) и организации социального обслуживания 
с использованием транспортных средств, составила 176286 человек,  
в том числе 55103 инвалида, проживающих в сельской местности,  
из них численность инвалидов старше 65 лет составила 32717 человек.  
Улучшена 
доступность 
для 
граждан 
старшего 
поколения 
современных 
методов 
лечения. 
Количество 
случаев 
оказания  
им высокотехнологичной помощи за последние 5 лет увеличилось  
на 24 процента (с 593279 в 2018 году до 784021 в 2023 году). При этом 
высокие технологии применяются не только при лечении смертельно 
опасных заболеваний (сердечно-сосудистых, онкологических), но и при 
лечении болезней, снижающих качество жизни граждан старшего поколения. 
Одним из основных результатов реализации Стратегии действий  
в интересах граждан старшего поколения до 2025 года, утвержденной 
распоряжением Правительства Российской Федерации от 5 февраля 2016 г. 
"
strategy_older_generation_2030,Стратегия действий в интересах граждан старшего поколения до 2030 года.pdf,10," 
 
9 
0320421-Уч-2025 (20.0) 
 
№ 164-р, стало развитие медицинской помощи по профилю ""гериатрия"", 
обеспечившее 
внедрение 
порядка 
оказания 
медицинской 
помощи  
по профилю ""гериатрия"" и профессионального стандарта ""Врач-гериатр"", 
формирование трехуровневой системы оказания медицинской помощи  
по гериатрии. В настоящее время функционирует 85 гериатрических 
центров в 84 субъектах Российской Федерации, создано 1479 гериатрических 
кабинетов, 
8135 
геронтологических 
коек. 
Работу 
гериатрической 
инфраструктуры обеспечивает 1690 врачей-гериатров.  
Медицинскую помощь на геронтологических койках получили  
207,5 тыс. человек из числа граждан старшего поколения, нуждающихся  
в особых подходах к лечению. 
В 
клинические 
рекомендации 
по 
заболеваниям, 
часто 
встречающимся у граждан старшего поколения, включены разделы  
по особенностям ведения пациентов старших возрастных групп. 
Необходимо дальнейшее совершенствование профилактических 
мероприятий по предупреждению и раннему выявлению заболеваний, 
выявлению синдромов, характерных для граждан старшего поколения,  
и факторов риска их развития, полноценному диспансерному наблюдению 
за такими гражданами с акцентом на выездные формы работы. 
Важно продолжать работу по разработке и внедрению современных 
технологий диагностики и лечения заболеваний у граждан старшего 
поколения, 
внедрению 
персонализированных 
методов 
оказания  
им медицинской помощи и обеспечения ухода за ними. 
Необходимо 
обеспечивать 
доступность 
медицинской 
помощи  
для граждан старшего поколения, проживающих в отдаленных районах  
и сельской местности. 
В последние годы все большую актуальность получают научные 
исследования, 
направленные 
на 
оценку 
биологического 
возраста, 
разработку технологий выявления процессов старения клеток и методов 
борьбы с ними. В этой связи ведущими федеральными государственными 
учреждениями 
проводятся 
эпидемиологические 
исследования, 
позволяющие осуществлять мониторинг состояния здоровья граждан 
старшего поколения, скорость их старения, а также планировать объемы  
и характер оказания медицинской и социальной помощи гражданам 
старшего поколения.  
 
 
"
strategy_older_generation_2030,Стратегия действий в интересах граждан старшего поколения до 2030 года.pdf,11," 
 
10
0320421-Уч-2025 (20.0) 
 
4. Создание условий для реализации  
личностного потенциала граждан старшего поколения  
и расширения их участия в жизни общества 
 
Большое значение для самореализации и социальной активности 
граждан 
старшего 
поколения 
имеет 
формирование 
условий  
для организации их досуга и отдыха, вовлечения в различные виды 
общественно полезной деятельности и сберегающие здоровье практики. 
Во всех субъектах Российской Федерации с 2019 года действуют 
программы, направленные на укрепление здоровья, увеличение периода 
активного долголетия и продолжительности здоровой жизни граждан 
старшего поколения (далее - программа для граждан старшего поколения),  
в мероприятия которых вовлечены более 12 млн. граждан старшего 
поколения. 
В рамках программ для граждан старшего поколения в целях 
поддержания здорового образа жизни и физической активности проводятся 
занятия по физической культуре, спортивные мероприятия и выполняются 
здоровьесберегающие программы. С каждым годом число вовлеченных  
в занятия физической культурой и спортом граждан старшего поколения 
увеличивается в среднем почти на миллион граждан. В 2024 году 
физической 
культурой 
и 
спортом 
систематически 
занимались  
8,4 млн. граждан старшего поколения (16,3 процента граждан данной 
возрастной категории), в 2016 году количество таких граждан составляло 
1,1 млн. человек. 
Образовательное направление программ для граждан старшего 
поколения реализуется через обучение таких граждан, вовлечение их  
в 
непрерывное 
образование 
в 
форме 
общеобразовательных, 
просветительских и ознакомительных программ, университетов ""третьего 
возраста"", тренингов, курсов и семинаров. В 2024 году реализовали 
разнообразные 
образовательные 
программы 
3,5 
тыс. университетов 
""третьего возраста"" и свыше 135 тыс. организаций, отделений и клубов. 
Одним из популярных направлений обучения у граждан старшего 
поколения является освоение навыков компьютерной грамотности.  
В 2024 году обучение навыкам компьютерной грамотности прошли свыше 
1,5 млн. 
граждан 
старшего 
поколения, 
финансовой 
и 
правовой 
грамотности - 1 млн. граждан старшего поколения. Также на ежегодной 
основе 
проводится 
Всероссийский 
чемпионат 
по 
компьютерному 
многоборью среди пенсионеров. 
"
strategy_older_generation_2030,Стратегия действий в интересах граждан старшего поколения до 2030 года.pdf,12," 
 
11
0320421-Уч-2025 (20.0) 
 
Социально-культурное направление программ для граждан старшего 
поколения 
включает 
мастер-классы, 
лекции, 
занятия 
прикладным 
творчеством, 
культурно-досуговые 
занятия, 
совместные 
посещения 
театров, музеев, а также социальный туризм. В образовательных 
организациях, 
учреждениях 
культуры, 
организациях 
социального 
обслуживания 
и 
иных 
профильных 
организациях 
действуют  
110 тыс. клубных формирований и кружков, проводящих различные 
занятия по указанным направлениям. В таких организациях на постоянной 
основе занимаются порядка 2,5 млн. граждан старшего поколения. 
В региональных программах развития туризма особая роль 
отводится развитию туристских продуктов для граждан старшего 
поколения. 
Развивается 
практика 
субсидирования 
части 
затрат 
туроператоров, что позволяет снизить стоимость тура и увеличить 
количество граждан старшего поколения, путешествующих по маршрутам 
внутри Российской Федерации. В сотрудничестве с туроператорами 
разрабатываются и формируются региональные маршруты с учетом 
специфики 
организации 
отдыха 
граждан 
старшего 
поколения, 
составляются 
и 
ведутся 
реестры 
соответствующих 
маршрутов.  
В 
настоящее 
время 
действует 
более 
3,5 тыс. 
таких 
маршрутов.  
В мероприятиях социального туризма в 2024 году приняли участие свыше 
1,6 млн. граждан старшего поколения. 
Важным направлением развития активного долголетия стало 
создание комплексной системы поддержки развития волонтерской 
деятельности граждан старшего поколения для раскрытия их личностного 
и профессионального потенциала. Численность ""серебряных"" волонтеров, 
зарегистрированных в единой информационной системе в сфере развития 
добровольчества (волонтерства), насчитывает более 210 тыс. человек. 
""Серебряные"" волонтеры работают по более чем 10 направлениям, 
которые включают решение социально значимых проблем, вопросов 
экологии, 
наставничества, 
а 
также 
патриотического 
воспитания 
подрастающего поколения. Развивается социальное волонтерство в виде 
регулярной 
помощи 
гражданам 
уязвимых 
социальных 
категорий,  
в том числе проживающим в организациях социального обслуживания. 
Для поддержки развития добровольчества (волонтерства) среди 
граждан 
старшего 
возраста 
Ассоциацией 
волонтерских 
центров, 
некоммерческих организаций и институтов общественного развития 
""Добро.рф"" совместно с Министерством труда и социальной защиты 
Российской Федерации, Федеральным агентством по делам молодежи  
"
strategy_older_generation_2030,Стратегия действий в интересах граждан старшего поколения до 2030 года.pdf,13," 
 
12
0320421-Уч-2025 (20.0) 
 
и Благотворительным фондом ""Память поколений"" с 2018 года реализуется 
федеральная программа ""Молоды душой"". Создано более 80 центров 
""серебряного"" добровольчества в 68 субъектах Российской Федерации.  
На 
базе 
более 
500 организаций 
социальной 
сферы 
развивается 
волонтерство 
граждан 
старшего 
поколения. 
В 
2024 году 
силами 
""серебряных"" волонтеров было организовано более 17000 мероприятий, 
благополучателями стали более 620 тыс. человек. 
Значительный вклад в распространение лучших практик активного 
долголетия осуществляется посредством проведения ежегодно, начиная  
с 2020 года, автономной некоммерческой организацией ""Национальные 
приоритеты"" при поддержке Министерства труда и социальной защиты 
Российской Федерации Всероссийского отбора лучших практик активного 
долголетия, организованного на платформе ""Смартека"" автономной 
некоммерческой организации ""Агентство стратегических инициатив  
по продвижению новых проектов"". За 4 года в результате такого отбора 
более 540 инициатив включены в сборники лучших практик активного 
долголетия.  
В 
целях 
устранения 
барьеров, 
препятствующих 
социальной 
активности граждан старшего поколения, в субъектах Российской 
Федерации проводится масштабная и системная работа по созданию 
условий для активного долголетия, развитию социального туризма, 
вовлечению граждан старшего поколения в занятия физической культурой 
и спортом, приобщению их к культурно-досуговой деятельности  
и ""серебряному"" волонтерству. 
 
5. Развитие социальных услуг для граждан старшего поколения 
 
Важное место в сфере социальной поддержки граждан старшего 
поколения занимает система их социального обслуживания. В настоящее 
время в Российской Федерации социальные услуги гражданам старшего 
поколения предоставляют более 5 тыс. государственных организаций 
социального обслуживания.  
Охват граждан старшего поколения социальными услугами ежегодно 
увеличивается. Так, в 2018 году социальными услугами было охвачено 
3,4 млн. граждан, в том числе 1,3 млн. граждан старшего поколения,  
в 2023 году этот показатель увеличился в 2,4 раза и составил  
8,4 млн. граждан, в том числе 3,9 млн. граждан старшего поколения.  
Такой тенденции способствовало развитие программ для граждан 
старшего поколения, работа мобильных бригад, внедрение таких новых 
"
strategy_older_generation_2030,Стратегия действий в интересах граждан старшего поколения до 2030 года.pdf,14," 
 
13
0320421-Уч-2025 (20.0) 
 
социальных технологий помощи на дому, как ""стационар на дому"", 
""приемная семья для пожилого человека"", ""передышка"". 
К осуществлению деятельности в сфере социального обслуживания 
населения 
в 
интересах 
граждан 
старшего 
поколения 
наряду  
с государственными учреждениями привлекаются негосударственные 
организации. 
В 2019 году на рынке социальных услуг в сфере социального 
обслуживания осуществляли деятельность 1,3 тыс. негосударственных 
поставщиков, а в 2024 году - 2,3 тыс. негосударственных поставщиков.  
Объем 
средств 
консолидированных 
бюджетов 
субъектов  
Российской Федерации, выделяемых негосударственным организациям  
на предоставление услуг в сфере социального обслуживания населения  
и 
социального 
сопровождения, 
с 
2019 
по 
2024 
год 
составил  
135,3 млрд. рублей. За указанное время численность получателей 
социальных услуг, которым предоставлены услуги негосударственными 
поставщиками 
социальных 
услуг, 
увеличилась 
почти 
в 
8 
раз  
(с 352 тыс. человек в 2019 году до 2,8 млн. человек в 2024 году). 
Для 
граждан 
старшего 
поколения 
и 
инвалидов, 
которым  
нужна постоянная круглосуточная помощь, строятся дома-интернаты 
нового типа.  
Одновременно с этим внедряется новый формат работы - открытая 
социокультурная площадка, в том числе для граждан, проживающих  
на 
близлежащей 
территории, 
создаются 
благоприятные 
условия  
жизни, приближенные к семейным. За период с 2019 года введены 
57 домов-интернатов нового типа для проживания 6 тыс. человек. 
В рамках реализации федерального проекта ""Старшее поколение"" 
национального проекта ""Семья"" до 2030 года планируется ввести  
в эксплуатацию 134 объекта стационарного социального обслуживания 
нового типа. 
В 2021 году в Российской Федерации, по оценкам Научного центра 
мирового 
уровня 
""Центр 
междисциплинарных 
исследований 
человеческого потенциала"", 14,7 процента граждан в возрасте старше 
60 лет имели хотя бы одно ограничение по шкале активностей 
повседневной жизни, связанное c передвижением по дому, приемом пищи, 
осуществлением личной гигиены и одеванием, использованием туалета,  
а 19,4 процента граждан в возрасте 60 лет и старше имели хотя бы одно 
ограничение по шкале инструментальных активностей повседневной 
жизни, связанное с приготовлением пищи и другими делами по дому, 
"
strategy_older_generation_2030,Стратегия действий в интересах граждан старшего поколения до 2030 года.pdf,15," 
 
14
0320421-Уч-2025 (20.0) 
 
приемом 
лекарств, 
совершением 
покупок 
и 
оплатой 
счетов, 
использованием транспорта и телефона, а также с ориентацией в городе. 
С 2018 года в Российской Федерации реализуется пилотный проект 
по созданию системы долговременного ухода за гражданами старшего 
поколения и инвалидами, нуждающимися в уходе, направленный  
на формирование системы оказания комплексных услуг гражданам  
с дефицитом самообслуживания и их родственникам в соответствии  
с их ключевыми потребностями.  
На момент старта указанного пилотного проекта в 2018 году  
в 
нем 
участвовало 
6 
субъектов 
Российской 
Федерации 
(охват 
долговременным уходом составлял 7 тыс. человек), а в 2024 году - 
89 субъектов Российской Федерации (173,2 тыс. человек). Министерством 
труда и социальной защиты Российской Федерации в 2025 году 
утверждена 
типовая 
модель 
системы 
долговременного 
ухода  
за гражданами старшего поколения и инвалидами, нуждающимися в уходе. 
Внедрение системы долговременного ухода показывает следующие 
значимые положительные эффекты:  
организована работа 845 ""школ ухода"", в которых прошли обучение 
свыше 38,4 тыс. граждан, осуществляющих уход; 
функционируют 
911 
пунктов 
проката 
технических 
средств 
реабилитации, услугами которых воспользовались 46,3 тыс. человек; 
трудоустроены свыше 16,6 тыс. ранее не работавших родственников, 
ухаживающих за гражданами старшего поколения и инвалидами, 
нуждающимися в уходе; 
получили 
возможность 
сохранить 
занятость 
более  
8,9 тыс. родственников, осуществляющих частичный уход за гражданами 
старшего поколения и инвалидами, нуждающимися в уходе; 
создано дополнительно порядка 47 тыс. рабочих мест (помощников 
по уходу), на которых помощниками по уходу работают в том числе 
14,7 тыс. человек из числа родственников граждан старшего поколения  
и инвалидов, нуждающихся в уходе, остальные рабочие места заняты 
квалифицированными социальными работниками. 
В соответствии с подпунктом ""ж"" пункта 2 Указа Президента 
Российской Федерации от 7 мая 2024 г. № 309 ""О национальных целях 
развития Российской Федерации на период до 2030 года и на перспективу 
до 2036 года"" запланировано увеличение к 2030 году численности граждан 
старшего поколения и инвалидов, получающих услуги долговременного 
"
strategy_older_generation_2030,Стратегия действий в интересах граждан старшего поколения до 2030 года.pdf,16," 
 
15
0320421-Уч-2025 (20.0) 
 
ухода, 
не 
менее 
чем 
до 
500 тыс. человек. 
В 
2025 году 
охват 
долговременным уходом составит свыше 174 тыс. человек. 
Дальнейшее увеличение охвата граждан старшего поколения  
и инвалидов, нуждающихся в уходе, имеющих полную и значительную 
утрату 
к 
самообслуживанию, 
является 
ключевым 
приоритетом 
государственной социальной политики, который окажет существенное 
влияние на улучшение качества жизни граждан старшего поколения, 
нуждающихся в уходе, рост занятости и доходов у их родственников, 
которые в настоящее время ""выпадают"" из рынка труда. 
Для создания достойных условий жизни законодательно закреплено 
понятие сопровождаемого проживания инвалидов как альтернативы 
домам-интернатам. Введены новые виды занятости - сопровождаемая 
трудовая деятельность и социальная занятость инвалидов.  
Одним из направлений поддержки граждан старшего поколения 
является нормативное закрепление их прав на получение правовой 
поддержки в рамках государственной системы бесплатной юридической 
помощи. В 2024 году дополнительные гарантии бесплатной юридической 
помощи 
для 
граждан 
пенсионного 
и 
предпенсионного 
возраста 
установлены в законах 32 субъектов Российской Федерации. По состоянию 
на 1 января 2025 г. численность граждан старшего поколения, получивших 
юридическую помощь, составила более 1 млн. человек. Особое внимание 
уделяется 
вопросам 
предупреждения 
совершения 
мошеннических 
действий в отношении граждан старшего поколения. 
Политика реабилитации и абилитации инвалидов, их социальной 
адаптации занимает особое место в системе мер, направленных  
на поддержку граждан старшего поколения. В 2023 году в Российской 
Федерации 
проживало 
около 
11 млн. человек 
с 
инвалидностью,  
из 
них 
5,3 млн. 
человек 
пенсионного 
возраста 
(старше 
65 лет),  
среди которых I группа инвалидности установлена 0,7 млн. человек, 
II группа - 2,4 млн. человек, III группа - 2,2 млн. человек. 
Численность 
инвалидов 
пенсионного 
возраста 
в 
период  
с 2021 по 2023 год уменьшилась с 5,7 млн. человек до 5,3 млн. человек,  
что соответствует динамике снижения численности граждан старшего 
поколения (с 37,2 млн. человек в 2021 году до 35,8 млн. человек  
в 2023 году). Ежегодно в учреждения медико-социальной экспертизы  
для определения инвалидности обращаются около 2 млн. человек. 
Инвалидность 
при 
первичном 
освидетельствовании 
чаще 
устанавливалась лицам пенсионного возраста, их доля в 2023 году 
"
strategy_older_generation_2030,Стратегия действий в интересах граждан старшего поколения до 2030 года.pdf,17," 
 
16
0320421-Уч-2025 (20.0) 
 
составила 62,1 процента. При этом их абсолютное число с 2021 по 2023 год 
стабильно увеличивалось с 309,1 тыс. человек до 450,4 тыс. человек. 
При первичном освидетельствовании лиц пенсионного возраста доля 
инвалидов III группы составляет 40 процентов, доля инвалидов II группы - 
36 процентов, доля инвалидов I группы - 24 процента. 
Среди причин первичной инвалидности взрослого населения,  
в том числе лиц пенсионного возраста, в течение последних лет 
превалируют злокачественные новообразования - 37,2 процента, болезни 
системы кровообращения - 33,4 процента и болезни костно-мышечной 
системы и соединительной ткани - 5,7 процента. 
С 1 июля 2022 г. медико-социальная экспертиза гражданину может 
проводиться как без личного присутствия гражданина, так и с его личным 
присутствием, в том числе с выездом к гражданину по месту его 
нахождения. Как следствие, 80 процентов решений учреждений медико-
социальной экспертизы принимаются в заочном формате. С 1 июня 2023 г. 
проведение медико-социальной экспертизы возможно дистанционно  
с 
применением 
информационно-коммуникационных 
технологий,  
а также внедрены дистанционные формы осуществления обжалований  
и проведения консультаций экспертов. 
С 1 марта 2025 г. начался поэтапный переход реабилитационных 
организаций к реализации мероприятий и оказанию услуг по отдельным 
основным направлениям комплексной реабилитации и абилитации 
инвалидов в соответствии со стандартами, полный переход к работе  
в соответствии с которыми в субъектах Российской Федерации должен 
быть обеспечен до 1 января 2030 г.  
Важной 
темой 
остается 
вопрос 
обеспечения 
инвалидов 
техническими 
средствами 
реабилитации, 
за 
которыми 
ежегодно 
обращается более 1 млн. граждан. 
В 2021 году были полностью переработаны и оптимизированы  
все 
способы 
обеспечения 
инвалидов 
техническими 
средствами 
реабилитации, в том числе предусмотрена возможность подачи инвалидом 
заявления о предоставлении технического средства реабилитации через 
личный кабинет федеральной государственной информационной системы 
""Единый портал государственных и муниципальных услуг (функций)""  
без необходимости личной явки и представления оригиналов документов. 
Данная услуга предоставляется по экстерриториальному принципу  
(в любом территориальном подразделении органа, предоставляющего  
эту услугу, по выбору заявителя). 
"
strategy_older_generation_2030,Стратегия действий в интересах граждан старшего поколения до 2030 года.pdf,18," 
 
17
0320421-Уч-2025 (20.0) 
 
Кроме того, с 2021 года в федеральный перечень технических 
средств реабилитации, предоставляемых инвалидам за счет средств 
федерального бюджета, дополнительно включены вспомогательные 
электронные средства ориентации с функциями определения расстояния 
до объектов, определения категорий объектов, лиц людей, с вибрационной 
индикацией и речевым выходом, а также расширена номенклатура 
ходунков и кресел-колясок для инвалидов. 
С сентября 2021 г. внедрен механизм формирования электронных 
сертификатов на приобретение технических средств реабилитации. 
Количество организаций, реализующих товары из числа технических 
средств реабилитации с использованием электронных сертификатов, 
составляет более 1 тыс. организаций, число активных точек продаж таких 
товаров - более 3 тыс., включая 244 интернет-магазина. На конец 2024 года 
сформировано более 2 млн. электронных сертификатов на приобретение 
технических средств реабилитации. 
В связи с введением платных парковочных пространств в субъектах 
Российской Федерации на основе федерального реестра инвалидов введен 
сервис для реализации права инвалидов на бесплатную парковку.  
Им воспользовались более 1,4 млн. граждан. 
Значимый шаг сделан к переходу на проактивное предоставление 
мер поддержки для инвалидов. Назначение пенсии по инвалидности  
и 
ежемесячной 
денежной 
выплаты 
может 
осуществляться  
в беззаявительном порядке. 
Реализация в Российской Федерации мер по развитию систем 
социального 
обслуживания, 
долговременного 
ухода, 
реабилитации, 
абилитации и социализации инвалидов должна быть продолжена  
до достижения более выраженных позитивных изменений в жизни граждан 
старшего поколения. 
 
6. Повышение качества жизни и финансовой обеспеченности  
граждан старшего поколения 
 
Экономическая устойчивость и достойная жизнь в старшем возрасте 
складываются из таких составляющих, как пенсионное обеспечение, меры 
социальной защиты, наличие занятости и уровень оплаты труда, доходы  
от предпринимательской деятельности, рента, проценты по банковским 
вкладам и сбережения. 
С 2021 года прожиточный минимум для пенсионеров поступательно 
увеличивается. Так, в 2024 году он составил 13290 рублей (рост  
"
strategy_older_generation_2030,Стратегия действий в интересах граждан старшего поколения до 2030 года.pdf,19," 
 
18
0320421-Уч-2025 (20.0) 
 
на 7,5 процента по отношению к 2023 году), а на 2025 год он установлен  
в размере 15250 рублей (рост по отношению к 2024 году составил 
14,7 процента, что выше прогнозируемого по итогам 2024 года уровня 
инфляции). 
Динамика 
численности 
пенсионеров, 
получающих 
страховые 
пенсии, определяется границами пенсионного возраста и требованиями  
к минимальной продолжительности страхового стажа и величине 
индивидуального пенсионного коэффициента.  
С 1 января 2019 г. осуществляется поэтапное повышение возраста 
назначения страховой пенсии по старости с ежегодным увеличением 
возраста выхода на пенсию на 12 месяцев до 60 лет для женщин  
и 65 лет для мужчин к 2028 году. Для некоторых категорий граждан также 
на 5 лет увеличивается возраст досрочного выхода на пенсию. Возраст 
назначения социальной пенсии по старости нетрудоспособным гражданам 
повышается с 2019 года до 65 лет для женщин и до 70 лет для мужчин, 
который также начнет действовать с 2028 года. 
Минимальный страховой стаж, необходимый для назначения 
страховой 
пенсии 
по 
старости, 
с 
2024 года 
составляет 
15 лет,  
а 
минимально 
требуемая 
величина 
индивидуального пенсионного 
коэффициента с 2025 года составляет 30.  
С 2019 года проводится политика индексации страховых пенсий 
неработающих пенсионеров не ниже уровня инфляции предыдущего года, 
с 1 января 2025 г. возобновлена индексация пенсий работающим 
пенсионерам.  
С 1 января 2025 г. компенсационные выплаты к пенсии (страховой 
или по государственному пенсионному обеспечению) лиц, достигших 
80 лет или являющихся инвалидами I группы (за исключением инвалидов  
с детства I группы, к пенсии которых выплачивается ежемесячная выплата 
в связи с осуществлением за ними ухода), в размере 1200 рублей включены 
в состав пенсии, получаемой такими лицами, в виде надбавки на уход. 
Надбавка на уход будет ежегодно индексироваться и увеличиваться  
на районный коэффициент в зависимости от района проживания 
пенсионера. 
Необходимость дополнительного материального обеспечения лиц, 
достигших возраста 80 лет или являющихся инвалидами I группы,  
также учитывается при установлении им фиксированной выплаты  
к страховой пенсии. Фиксированная выплата устанавливается в размере, 
увеличенном в 2 раза. 
"
strategy_older_generation_2030,Стратегия действий в интересах граждан старшего поколения до 2030 года.pdf,20," 
 
19
0320421-Уч-2025 (20.0) 
 
С 2026 года предусмотрен механизм, устанавливающий возможность 
ежегодного увеличения страховой пенсии дважды в год: 
с 
1  февраля 
- 
на 
индекс 
роста 
потребительских 
цен  
за прошедший год; 
с 1 апреля - исходя из роста доходов бюджета Фонда пенсионного  
и социального страхования Российской Федерации. 
Ежегодно, с 1 августа, осуществляется перерасчет страховой пенсии 
работающих пенсионеров, который носит индивидуальный характер  
и зависит от уровня заработной платы работавшего в прошедшем году 
пенсионера и, соответственно, суммы внесенных за него работодателем 
страховых взносов.  
Данный перерасчет осуществляется в беззаявительном порядке. 
Социальные пенсии ежегодно индексируются с 1 апреля с учетом 
темпов роста прожиточного минимума пенсионера в Российской 
Федерации за прошедший год. 
В случае если пенсия оказывается ниже прожиточного минимума, 
установленного в субъекте Российской Федерации, неработающему 
пенсионеру назначается социальная доплата к пенсии. 
Для финансовой обеспеченности граждан старшего поколения 
государством 
реализуется 
программа 
формирования 
долгосрочных 
сбережений. 
Программа формирования долгосрочных сбережений представляет 
собой 
финансовый 
продукт 
для 
граждан, 
пополнение 
которого  
при стимулирующей финансовой поддержке государства возможно  
как за счет личных средств граждан, так и за счет средств пенсионных 
накоплений, сформированных в их пользу в системе обязательного 
пенсионного страхования.  
Формирование гражданами добровольных долгосрочных сбережений 
позволит им в будущем иметь финансовый ресурс, который может быть 
использован на такие долгосрочные стратегические цели, как получение 
дополнительного периодического дохода при достижении пожилого 
возраста (пожизненно или на срок не менее 10 лет). Кроме того, 
сформированные 
средства 
могут 
быть 
использованы 
на 
оплату 
дорогостоящих видов лечения. 
Государством 
осуществляется 
поддержка 
формирования 
долгосрочных сбережений путем софинансирования в течение 10 лет 
личных взносов граждан. 
"
strategy_older_generation_2030,Стратегия действий в интересах граждан старшего поколения до 2030 года.pdf,21," 
 
20
0320421-Уч-2025 (20.0) 
 
Одним из механизмов поддержки профессиональной и социальной 
активности граждан старшего поколения является их включение  
в образовательный процесс, учитывающий роль граждан старшего 
поколения 
в процессе 
образования 
в 
качестве 
как 
обучаемых,  
так и обучающих.  
С 2019 года была введена специальная категория предпенсионеров, 
границы которой определяются возрастом на 5 лет меньше возраста 
назначения страховой пенсии по старости в текущем году.  
Предпенсионеры имеют право на отдельные меры социальной 
поддержки, а также на участие в программах по поддержке занятости.  
С 
2019  года 
проводятся 
мероприятия 
по 
организации 
профессионального обучения и дополнительного профессионального 
образования граждан предпенсионного возраста. С 2020 года целевой 
возраст 
для 
участия 
в 
программах 
профессионального 
обучения  
и профессиональной подготовки расширен до 50 лет и старше.  
Охват 
граждан 
старшего 
поколения, 
прошедших 
указанные 
программы обучения с 2019 года, увеличился в 9 раз. В общей сложности  
с 2019 года участниками таких программ обучения стали 483,8 тыс. граждан 
старшего поколения. В 2024 году количество граждан в возрасте 50 лет  
и старше, прошедших обучение, составило 71521 человек, из которых 
67354 человека подтвердили занятость. 
Содействие занятости граждан старшего поколения имеет большое 
значение 
как 
с позиции обеспечения доходов пожилых людей, 
использования имеющегося у них образовательного и трудового 
потенциала в интересах экономики страны, так и с точки зрения 
социализации пожилых людей, их интеграции в жизнь общества. 
 
7. Развитие инфраструктуры для комфортной  
и безопасной жизни граждан старшего поколения 
 
Комфортная и безопасная среда для граждан старшего поколения 
предполагает комплексное развитие инфраструктуры для повседневной 
жизни, работы, образования, заботы о здоровье, физической активности  
и досуга. 
В субъектах Российской Федерации проводится системная работа  
по адаптации объектов социальной и транспортной инфраструктуры  
к потребностям граждан старшего поколения и инвалидов. В целях 
обеспечения равного доступа инвалидов и других маломобильных групп 
населения к приоритетным объектам и услугам в приоритетных сферах 
"
strategy_older_generation_2030,Стратегия действий в интересах граждан старшего поколения до 2030 года.pdf,22," 
 
21
0320421-Уч-2025 (20.0) 
 
жизнедеятельности действует в том числе государственная программа 
Российской Федерации ""Доступная среда"", утвержденная постановлением 
Правительства Российской Федерации от 29 марта 2019 г. № 363  
""Об утверждении государственной программы Российской Федерации 
""Доступная среда"".  
Доля доступных для инвалидов и других маломобильных групп 
населения приоритетных объектов социальной, транспортной, инженерной 
инфраструктуры в общем количестве приоритетных объектов к 2024 году 
составила 76,8 процента.  
В субъектах Российской Федерации также функционирует интернет-
портал ""Жить вместе"", на котором на постоянной основе публикуются 
актуальные сведения о доступности объектов социальной, инженерной  
и 
транспортной 
инфраструктуры. 
На 
указанном 
интернет-портале 
размещена информация о более чем 180 тыс. таких объектов, включая 
объекты 
учреждений 
медико-социальной 
экспертизы, 
организаций 
социального обслуживания, учреждений здравоохранения, образования, 
культуры, физической культуры и спорта, территориальных органов 
Фонда пенсионного и социального страхования Российской Федерации  
и др. По каждому объекту на карте доступности граждане могут получить 
информацию об адресе, сайте, телефоне, руководстве и транспортной 
доступности объекта, а также о его доступности для различных категорий  
граждан с нарушениями здоровья (граждане с нарушениями зрения, слуха, 
опорно-двигательного аппарата, передвигающиеся на креслах-колясках,  
граждане с умственными нарушениями). 
Одним из базовых компонентов комфортной и безопасной жизни 
граждан 
старшего 
поколения 
является 
комфортабельность 
жилья,  
его 
приспособленность 
к 
их 
индивидуальным 
потребностям  
и ограниченным возможностям здоровья. Однако запрос на жилье  
и придомовые территории, адаптированные к потребностям граждан 
старшего 
поколения, 
в 
том 
числе 
граждан 
с 
ограниченными 
возможностями 
здоровья 
или 
граждан, 
использующих 
сложные 
ассистивные 
технологии или 
технические 
средства 
реабилитации,  
в настоящее время не удовлетворен.  
Другой важный компонент комфортной и безопасной жизни -  
доступность 
и 
ассортимент 
товаров 
повседневного 
пользования, 
адаптированных к потребностям граждан старшего поколения. Рынок 
товаров и услуг для граждан старшего поколения включает в себя 
множество отраслей: от 
медицинской 
техники 
и лекарственного 
обеспечения, товаров для обеспечения предоставления услуг по уходу, 
"
strategy_older_generation_2030,Стратегия действий в интересах граждан старшего поколения до 2030 года.pdf,23," 
 
22
0320421-Уч-2025 (20.0) 
 
оборудования для отдыха и спорта, одежды, косметики и пищевых добавок 
до реабилитационных и ассистивных технологий. Учитывая факт старения 
населения, этот рынок имеет значительный потенциал роста и должен 
сыграть свою роль, с одной стороны, в повышении качества жизни 
граждан старшего поколения, а с другой - в экономическом развитии 
Российской Федерации. 
Важное значение для граждан старшего поколения имеет вопрос 
обеспечения транспортной доступности объектов торговли, социального  
и медицинского обслуживания, культуры, досуга и спорта, а также 
комфортабельность и доступность самих транспортных средств. Помимо 
реализации социальных билетов на проезд в общественном транспорте  
по льготной стоимости и льготных тарифов при проезде на авиационном, 
железнодорожном 
и 
автомобильном 
транспорте 
определенных  
категорий граждан из числа граждан старшего поколения, обеспечение 
транспортной доступности предполагает адаптацию самих транспортных 
средств к возможностям маломобильных граждан, поддержание сети 
значимых и востребованных маршрутов, в том числе связывающих 
объекты социальной инфраструктуры, развитие системы навигации, 
адаптированной к потребностям граждан старшего поколения. 
Одним из важных направлений для граждан старшего поколения 
остается 
доступность 
транспортной 
инфраструктуры 
на 
сельских 
территориях, в том числе строительство, реконструкция, капитальный 
ремонт и ремонт автомобильных дорог общего пользования, ведущих  
от сети автомобильных дорог общего пользования к объектам социальной 
инфраструктуры. 
В 
рамках 
федерального 
проекта 
""Развитие 
транспортной 
инфраструктуры на сельских территориях"" государственной программы 
Российской Федерации ""Комплексное развитие сельских территорий"", 
утвержденной постановлением Правительства Российской Федерации  
от 31 мая 2019 г. № 696 ""Об утверждении государственной программы 
Российской Федерации ""Комплексное развитие сельских территорий""  
и о внесении изменений в некоторые акты Правительства Российской 
Федерации"", Министерством сельского хозяйства Российской Федерации 
осуществляется 
оказание 
государственной 
поддержки 
субъектам 
Российской Федерации в форме субсидий из федерального бюджета  
на 
софинансирование 
расходных 
обязательств 
муниципальных 
образований, направленных на реализацию мероприятий по развитию 
транспортной инфраструктуры на сельских территориях. 
"
strategy_older_generation_2030,Стратегия действий в интересах граждан старшего поколения до 2030 года.pdf,24," 
 
23
0320421-Уч-2025 (20.0) 
 
В период с 2020 года введено в эксплуатацию более 700 дорог 
протяженностью 
1,4 тыс. 
километров, 
что 
позволило 
обеспечить 
транспортную доступность 976 сельских населенных пунктов. 
В 
связи 
с 
непрерывным 
развитием 
информационно-
телекоммуникационных 
технологий 
сохраняется 
необходимость  
обучения граждан старшего поколения использованию современных 
информационных ресурсов, цифровой и компьютерной грамотности  
как 
для 
получения 
оперативного 
доступа 
к 
получению 
услуг,  
так и для обеспечения их безопасности и защиты от новых форм 
мошенничества, в том числе финансового. 
По данным выборочного федерального статистического наблюдения 
по вопросам использования населением информационных технологий  
и информационно-телекоммуникационных сетей, в 2013 году только 
15,4 процента интернет-пользователей в возрасте старше 50 лет заказывали 
товары или услуги по информационно-телекоммуникационной сети 
""Интернет"", а к 2023 году этот показатель увеличился до 44,9 процента. 
Доля граждан в возрасте старше 50 лет, использовавших информационно-
телекоммуникационную сеть ""Интернет"" для получения государственных 
и 
муниципальных 
услуг, 
возросла 
с 
5,7 процента 
в 
2013 году  
до 61,9 процента в 2023 году, в том числе с 3,1 процента до 51,3 процента 
среди граждан в возрасте 60 - 72 лет. 
Развитию 
информационно-телекоммуникационных 
технологий  
и 
их освоению гражданами старшего поколения способствовали 
образовательные программы и инициативы, реализованные в рамках  
региональных и муниципальных программ для граждан старшего 
поколения, программы благотворительных фондов и общественных 
организаций. 
Тем не менее если в среде проживания представители старшего 
поколения чувствуют себя относительно безопасно, то цифровая среда  
по-прежнему создает для них риски. Так, по данным Министерства 
внутренних 
дел 
Российской 
Федерации, 
в 
2021 году 
в 
среднем  
по Российской Федерации доля граждан старше 60 лет, признанных 
потерпевшими по уголовным делам о мошенничестве, составляла 
20 процентов общего 
количества потерпевших от мошеннических 
посягательств, 
а 
доля 
киберпреступлений, 
совершенных 
против 
пенсионеров, 
составила 
17 процентов 
общего 
количества 
киберпреступлений, по которым имеются потерпевшие. Такая статистика 
свидетельствует 
о 
необходимости 
дальнейшей 
поддержки 
"
strategy_older_generation_2030,Стратегия действий в интересах граждан старшего поколения до 2030 года.pdf,25," 
 
24
0320421-Уч-2025 (20.0) 
 
информационных, инфраструктурных и образовательных инициатив, 
направленных на повышение безопасности граждан старшего поколения  
в цифровой среде. 
Одним из важных вопросов в современном обществе является 
недопущение жестокого и пренебрежительного отношения к гражданам 
старшего поколения. В 2024 году в субъектах Российской Федерации 
завершена 
реализация 
Комплекса 
мер 
по 
профилактике  
и противодействию жестокому обращению с пожилыми людьми.  
В рамках указанного Комплекса мер в субъектах Российской 
Федерации на базе организаций социального обслуживания создан  
и реализуется проект ""Школа безопасности"" для граждан старшего 
поколения, 
позволяющий 
сформировать 
у 
пожилых 
граждан  
ответственное отношение к собственной безопасности и безопасности 
окружающих, повысить бдительность в ситуациях, связанных с угрозой  
их жизни и здоровью. Обучение в рамках реализации проекта ""Школа 
безопасности"" в 2023 году прошли более 160 тыс. граждан старшего 
поколения. 
Развитие инфраструктуры для комфортной и безопасной жизни, 
учитывающей 
особенности 
жизнедеятельности 
граждан 
старшего 
поколения, их обучение использованию современных информационных 
ресурсов, 
цифровой 
и 
компьютерной 
грамотности, 
профилактика  
и противодействие жестокому обращению с пожилыми людьми способны 
внести существенный вклад в повышение продолжительности и качества 
жизни граждан старшего поколения. 
 
III. Цель, ключевые задачи и основные меры реализации Стратегии 
 
Целью Стратегии является повышение продолжительности и качества 
жизни граждан старшего поколения. 
Достижение цели Стратегии предполагается осуществить путем 
реализации следующих ключевых задач: 
укрепление 
в 
обществе 
ценности 
многопоколенной 
семьи, 
уважительного отношения к старшему поколению;  
охрана здоровья граждан старшего поколения, профилактика 
заболеваний и факторов риска их развития, повышение доступности 
медицинской помощи для граждан старшего поколения, в том числе  
на дому, внедрение новых методов диагностики и лечения у них 
заболеваний, 
улучшение 
лекарственного 
обеспечения, 
продление 
активного здорового долголетия граждан старшего поколения; 
"
strategy_older_generation_2030,Стратегия действий в интересах граждан старшего поколения до 2030 года.pdf,26," 
 
25
0320421-Уч-2025 (20.0) 
 
создание условий для реализации личностного потенциала граждан 
старшего поколения и расширения их участия в жизни общества; 
развитие социальных услуг для граждан старшего поколения; 
повышение качества жизни и финансовой обеспеченности граждан 
старшего поколения; 
развитие инфраструктуры для комфортной и безопасной жизни 
граждан старшего поколения. 
В целях реализации ключевой задачи ""Укрепление в обществе 
ценности многопоколенной семьи, уважительного отношения к старшему 
поколению"" предполагается осуществление следующих мер: 
формирование социокультурных установок, нацеленных на повышение 
социального 
статуса 
граждан 
старшего 
поколения 
и 
важности 
благополучного старения граждан старшего поколения; 
признание вклада граждан старшего поколения в социальную, 
экономическую, 
культурную 
и 
политическую 
жизнь 
общества  
и использование их опыта во всех сферах жизнедеятельности с опорой  
на механизмы наставничества и добровольческой деятельности; 
формирование уважительного отношения к гражданам старшего 
поколения; 
расширение знаний общества и самих граждан старшего поколения  
о процессах, связанных со старением, их специфике и последствиях; 
внедрение в систему школьного образования образовательных 
программ, касающихся важности семейных ценностей и взаимоотношений 
с пожилыми людьми в семье, транслирующих в том числе знания  
о старении организма, здоровом образе жизни, а также об основах заботы 
и ухода за пожилыми людьми;  
проведение информационных кампаний, направленных на преодоление 
стереотипов и дискриминационных проявлений в отношении граждан 
старшего поколения; 
пропаганда ценностей многопоколенной семьи, роли граждан 
старшего поколения в сохранении и укреплении семьи и воспитании 
подрастающих поколений, важности семьи в жизни самих граждан 
старшего поколения, в том числе увеличение информационных материалов, 
продвигающих идею преемственности поколений; 
поощрение 
профессиональных 
семейных династий, вносящих 
существенный вклад в экономическое, социальное и культурное развитие 
страны, сохранение трудовых семейных традиций;  
"
strategy_older_generation_2030,Стратегия действий в интересах граждан старшего поколения до 2030 года.pdf,27," 
 
26
0320421-Уч-2025 (20.0) 
 
расширение практик наставничества в образовательной, трудовой  
и общественной деятельности; 
разработка мероприятий в корпоративных программах содействия 
межпоколенческому взаимодействию работников; 
расширение 
добровольческих 
инициатив 
граждан 
старшего 
поколения в решении социально значимых вопросов; 
поддержка социальных проектов некоммерческих организаций, 
волонтерских и добровольческих проектов по укреплению института 
семьи, защите, сохранению и продвижению в обществе традиционных 
российских духовно-нравственных и семейных ценностей, реализация 
общественно значимых проектов для граждан старшего поколения.  
В целях реализации ключевой задачи ""Охрана здоровья граждан 
старшего поколения, профилактика заболеваний и факторов риска  
их развития, повышение доступности медицинской помощи для граждан 
старшего поколения, в том числе на дому, внедрение новых методов 
диагностики и лечения у них заболеваний, улучшение лекарственного 
обеспечения, 
продление 
активного 
здорового 
долголетия 
граждан 
старшего поколения"" предполагается осуществление следующих мер: 
реализация дополнительного комплекса исследований, направленных 
на определение биологического возраста и замедление старения, 
формирование здорового активного долголетия, разработка лекарственных 
препаратов 
и 
биологически 
активных 
добавок, 
направленных  
на предотвращение старения клеток организма; 
совершенствование организации оказания медицинской помощи 
гражданам старшего поколения в целях повышения ее доступности,  
в том числе на дому; 
совершенствование 
профилактических 
мероприятий  
по предупреждению 
и 
раннему 
выявлению 
заболеваний 
граждан  
старшего 
поколения, 
факторов 
риска 
их 
развития 
с 
оценкой 
биологического возраста в центрах здоровья; 
увеличение охвата диспансерным наблюдением граждан старшего 
поколения, в том числе путем выхода медицинских работников на дом  
к гражданам старшего поколения, доставки граждан старшего поколения  
в медицинские организации и обратно к месту их проживания, 
обеспечение преемственности между медицинской помощью, оказываемой 
в амбулаторных и стационарных условиях; 
обеспечение доступности медицинской помощи для граждан 
старшего поколения, проживающих в отдаленных районах и сельской 
"
strategy_older_generation_2030,Стратегия действий в интересах граждан старшего поколения до 2030 года.pdf,28," 
 
27
0320421-Уч-2025 (20.0) 
 
местности, в том числе посредством выездов мобильных медицинских 
бригад и медицинских комплексов для проведения профилактических 
осмотров, первого этапа диспансеризации и диспансерного наблюдения,  
а также проведения консультации с использованием дистанционных 
(телемедицинских) технологий; 
ведение школ для больных с хроническими неинфекционными 
заболеваниями, в том числе больных сахарным диабетом и болезнями 
сердечно-сосудистой системы; 
повышение уровня медицинской грамотности граждан старшего 
поколения по вопросам здорового старения и активного долголетия, 
профилактики и лечения возраст-ассоциированных заболеваний, создание 
условий для ведения здорового образа жизни в пожилом возрасте; 
совершенствование мер по профилактике падений и переломов  
у граждан старшего возраста; 
расширение мер профилактики и лечения когнитивных расстройств  
у граждан старшего поколения;  
проведение 
информационных 
кампаний, 
направленных  
на формирование позитивного представления граждан старшего поколения 
о здоровом и активном образе жизни, транслирующих позитивный образ 
человека старшего поколения, ведущего здоровый и активный образ 
жизни; 
создание образовательных программ по формированию здорового 
образа жизни и профилактике распространенных и наиболее социально 
значимых заболеваний для граждан всех возрастов, включая граждан 
старшего поколения; 
развитие научных исследований в области разработки и внедрения 
современных 
методов 
диагностики 
и 
лечения 
граждан 
старшего 
поколения. 
В 
целях 
реализации 
ключевой 
задачи 
""Создание 
условий  
для реализации личностного потенциала граждан старшего поколения  
и 
расширения 
их 
участия 
в 
жизни 
общества"" 
предполагается 
осуществление следующих мер: 
разработка и реализация в субъектах Российской Федерации 
программ для граждан старшего поколения до 2030 года, направленных  
на вовлечение граждан старшего поколения в культурно-досуговую, 
физкультурно-оздоровительную, 
образовательно-познавательную, 
социально-трудовую, 
добровольческую 
деятельность, 
а 
также  
в деятельность по социальному туризму с учетом интереса граждан 
"
strategy_older_generation_2030,Стратегия действий в интересах граждан старшего поколения до 2030 года.pdf,29," 
 
28
0320421-Уч-2025 (20.0) 
 
старшего 
поколения 
к 
мероприятиям 
соответствующих 
программ  
и возможностей их успешной организации; 
развитие инфраструктуры, обеспечивающей реализацию мероприятий 
указанных программ для граждан старшего поколения; 
развитие в субъектах Российской Федерации информационных 
систем (порталов), направленных на повышение информированности 
граждан старшего поколения о проводимых в рамках программ  
для граждан старшего поколения мероприятиях, а также возможностях 
участия в них; 
внедрение новых форм социальных коммуникаций граждан старшего 
поколения, в том числе посредством участия в проводимых конкурсах  
и фестивалях для демонстрации своих достижений, обмена полученными 
навыками и умениями; 
расширение 
дополнительных 
образовательных 
программ, 
направленных на формирование различных видов функциональной 
грамотности граждан старшего поколения (компьютерной, финансовой, 
правовой, языковой, экологической и др.); 
формирование и реализация образовательных программ для граждан 
старшего 
поколения 
на 
основе 
дистанционных 
образовательных 
технологий и электронного обучения как наиболее доступных механизмов 
получения дополнительного образования; 
создание условий для повышения доступности образовательных  
и просветительских программ в ""университетах третьего возраста""  
для граждан старшего поколения;  
улучшение условий для повышения уровня физической активности 
граждан 
старшего 
поколения, 
в 
том 
числе 
с 
использованием 
Всероссийского физкультурно-спортивного комплекса ""Готов к труду  
и обороне""; 
создание условий для занятия физической культурой и спортом 
граждан старшего поколения по месту жительства (месту отдыха), в том 
числе путем привлечения специалистов в области физической культуры  
и спорта, проведения и (или) предоставления возможности для проведения 
организованных и (или) самостоятельных занятий и (или) для участия  
в физкультурных мероприятиях и любительских спортивных соревнованиях; 
создание условий для реализации гражданами старшего поколения 
творческого потенциала, в том числе создание площадок для общения  
и отдыха лиц разных возрастов с учетом их интересов и потребностей; 
"
strategy_older_generation_2030,Стратегия действий в интересах граждан старшего поколения до 2030 года.pdf,30," 
 
29
0320421-Уч-2025 (20.0) 
 
организация 
досуговых 
мероприятий 
для 
граждан 
старшего 
поколения на базе организаций различных сфер по видам деятельности 
(культурно-досуговая, 
физкультурно-оздоровительная, 
образовательно-
познавательная, социально-трудовая, социальный туризм, волонтерство), 
расширение видов предоставляемых услуг; 
создание условий для повышения доступности и привлекательности 
туристских услуг для граждан старшего поколения; 
развитие добровольческой (волонтерской) деятельности граждан 
старшего поколения, 
включая развитие 
социального волонтерства  
и внедрение дополнительных инструментов мотивации к занятиям 
добровольчеством; 
распространение 
лучших 
практик 
деятельности 
социально 
ориентированных некоммерческих организаций в интересах граждан 
старшего поколения (в том числе в части вовлечения таких граждан  
в добровольческую деятельность и реализации мер по созданию 
позитивного образа людей старшего поколения в обществе); 
создание 
условий 
для 
участия 
организаций, 
реализующих 
программы для граждан старшего поколения, во Всероссийском отборе 
лучших практик программ для граждан старшего поколения, проводимом 
автономной некоммерческой организацией ""Национальные приоритеты""; 
обеспечение возможности участия граждан старшего поколения  
в консультативных органах, создаваемых для разработки законодательных 
инициатив и государственных программ, затрагивающих их интересы. 
В целях реализации ключевой задачи ""Развитие социальных услуг 
для 
граждан 
старшего 
поколения"" 
предполагается 
осуществление 
следующих мер: 
обеспечение 
граждан 
старшего 
поколения 
доступными  
и качественными социальными услугами; 
обеспечение максимально долгого пребывания граждан старшего 
поколения со сниженной способностью к самообслуживанию в домашних 
условиях путем развития и внедрения стационарозамещающих технологий 
и услуг, новых технологий социального обслуживания на дому,  
а также повышения доступности центров дневного пребывания; 
развитие и нормативное закрепление прав граждан старшего 
поколения на получение правовой поддержки в рамках государственной 
системы бесплатной юридической помощи; 
"
strategy_older_generation_2030,Стратегия действий в интересах граждан старшего поколения до 2030 года.pdf,31," 
 
30
0320421-Уч-2025 (20.0) 
 
развитие и нормативное закрепление системы долговременного 
ухода за гражданами пожилого возраста и инвалидами, нуждающимися  
в уходе;  
обеспечение граждан старшего поколения, нуждающихся в постоянном 
постороннем уходе, необходимыми социальными услугами по уходу; 
развитие 
межведомственного 
взаимодействия 
медицинских 
организаций и организаций социального обслуживания при предоставлении 
социальных услуг по уходу за гражданами старшего поколения; 
обеспечение доступа волонтеров в организации социального 
обслуживания, предоставляющие социальные услуги в стационарной 
форме социального обслуживания, с целью организации их регулярной 
деятельности, обеспечение эффективного взаимодействия волонтеров  
с персоналом организаций социального обслуживания, предоставляющих 
социальные услуги в стационарной форме социального обслуживания; 
развитие системы социального сопровождения при предоставлении 
социальных услуг гражданам старшего поколения путем привлечения  
на 
основе 
межведомственного 
взаимодействия 
организаций, 
предоставляющих 
медицинскую, 
психологическую, 
педагогическую, 
юридическую, социальную помощь, не относящуюся к социальным 
услугам; 
совершенствование 
порядка 
определения 
индивидуальной 
потребности граждан старшего поколения в социальных услугах; 
строительство 
(реконструкция) 
организаций 
социального 
обслуживания, предоставляющих социальные услуги в стационарной 
форме социального обслуживания для пожилых граждан и инвалидов,  
в целях их преобразования в стационары нового типа с условиями 
проживания, приближенными к семейным; 
строительство (реконструкция, капитальный ремонт) организаций 
социального 
обслуживания, 
предоставляющих 
социальные 
услуги  
в 
стационарной 
форме 
социального 
обслуживания 
для 
граждан, 
предназначенных для лиц, страдающих психическими расстройствами; 
обеспечение доступности реабилитационных (абилитационных) 
услуг путем увеличения количества профильных и многопрофильных 
реабилитационных 
центров, 
развития 
мобильных 
и 
надомных 
реабилитационных служб;  
создание дистанционных форм обслуживания с использованием 
новых технологий; 
"
strategy_older_generation_2030,Стратегия действий в интересах граждан старшего поколения до 2030 года.pdf,32," 
 
31
0320421-Уч-2025 (20.0) 
 
внедрение методов бережливого производства в организациях 
социальной защиты и социального обслуживания с целью повышения 
качества и объема предоставляемых социальных услуг гражданам 
старшего 
поколения, 
повышения 
эффективности 
социальной 
инфраструктуры; 
совершенствование механизма осуществления контроля качества 
предоставления социальных услуг; 
внедрение системы лицензирования 
организаций социального 
обслуживания, предоставляющих социальные услуги в стационарной 
форме социального обслуживания;  
развитие институтов экспертного сообщества и саморегулируемых 
организаций и ассоциаций в области организации ухода за гражданами 
старшего 
поколения 
с 
целью 
противодействия 
предоставлению 
социальных услуг ненадлежащего качества; 
совершенствование кадрового обеспечения организаций социального 
обслуживания, подготовка (переподготовка) кадров; 
повышение информированности граждан старшего поколения  
и их родственников (законных представителей) о предоставляемых 
социальных услугах, эффективных социальных технологиях, поставщиках 
социальных услуг; 
привлечение 
социально 
ориентированных 
некоммерческих 
организаций, 
социального 
предпринимательства, 
благотворительных  
и добровольческих организаций к предоставлению социальных услуг, 
оказанию помощи гражданам старшего поколения, в том числе 
проживающим в малых городах, сельской местности и труднодоступных 
регионах; 
создание условий для государственно-частного (муниципально-
частного) партнерства и привлечения инвестиций в формирование новой 
инфраструктуры в сфере социального обслуживания;  
обеспечение граждан старшего поколения, имеющих инвалидность, 
техническими средствами реабилитации, в том числе с использованием 
электронного 
сертификата, 
реабилитационными 
(абилитационными) 
услугами путем совершенствования действующих и создания новых 
многопрофильных реабилитационных организаций; 
развитие благотворительности и добровольческой (волонтерской) 
деятельности в интересах граждан старшего поколения. 
"
strategy_older_generation_2030,Стратегия действий в интересах граждан старшего поколения до 2030 года.pdf,33," 
 
32
0320421-Уч-2025 (20.0) 
 
В целях реализации ключевой задачи ""Повышение качества жизни  
и 
финансовой 
обеспеченности 
граждан 
старшего 
поколения"" 
предполагается осуществление следующих мер: 
обеспечение гарантий индексации страховых пенсий по старости  
на уровне не ниже инфляции для всех категорий пенсионеров, включая 
работающих пенсионеров;  
перерасчет страховых пенсий работающим пенсионерам с 1 августа  
с учетом страховых взносов за прошлый год; 
начиная с 2026 года дополнительная индексация страховых пенсий  
с 1 апреля с учетом доходов Фонда пенсионного и социального 
страхования Российской Федерации за прошлый год; 
увеличение фиксированной выплаты к страховой пенсии в 2 раза  
при достижении 80-летнего возраста или при установлении инвалидности 
I группы; 
индексация социальных пенсий с учетом роста прожиточного 
минимума, а также осуществление социальных доплат к пенсии;  
реализация программы долгосрочных сбережений для дополнительных 
гарантий материального обеспечения граждан старшего поколения; 
повышение информированности граждан предпенсионного возраста 
о порядке формирования пенсионных прав и расчета пенсии в системе 
обязательного пенсионного страхования; 
ежегодное повышение прожиточного минимума для пенсионеров; 
реализация 
мероприятий 
по 
профессиональному 
обучению  
и дополнительному профессиональному образованию граждан в возрасте 
50 лет и старше, а также граждан предпенсионного возраста; 
создание 
экономических, 
социальных 
и 
правовых 
условий, 
обеспечивающих 
недопущение 
дискриминации 
граждан 
старшего 
поколения на рынке труда и способствующих продолжению трудовой 
деятельности после наступления пенсионного возраста;  
развитие форм надомной, временной, гибкой и дистанционной 
занятости для граждан старшего поколения; 
совершенствование 
дистанционных 
способов 
получения 
государственных услуг гражданами старшего поколения с использованием 
информационных технологий; 
выработка 
рекомендаций 
для 
финансовых 
организаций  
и при необходимости внесение изменений в законодательство Российской 
Федерации и (или) законодательство субъектов Российской Федерации  
в целях создания условий для обеспечения гражданам старшего поколения 
"
strategy_older_generation_2030,Стратегия действий в интересах граждан старшего поколения до 2030 года.pdf,34," 
 
33
0320421-Уч-2025 (20.0) 
 
безбарьерного 
доступа 
к 
финансовым 
услугам, 
в 
том 
числе 
предоставляемым в цифровых (дистанционных) форматах, с учетом 
поведенческих и когнитивных особенностей таких граждан; 
ведение целевой информационно-просветительской деятельности  
в отношении граждан старшего поколения в соответствии со Стратегией 
повышения финансовой грамотности и формирования финансовой 
культуры до 2030 года, утвержденной распоряжением Правительства 
Российской Федерации от 24 октября 2023 г. № 2958-р, включая обучение 
граждан старшего поколения навыкам финансового планирования;  
поддержка предпринимательских инициатив граждан старшего 
поколения; 
развитие наставничества посредством использования трудового 
потенциала граждан старшего поколения. 
В целях реализации ключевой задачи ""Развитие инфраструктуры  
для комфортной и безопасной жизни граждан старшего поколения"" 
предполагается осуществление следующих мер: 
обеспечение приспособленности жилищного фонда и социально 
значимых объектов для использования гражданами старшего поколения; 
размещение социально значимых объектов, включая досуговые,  
на первых этажах зданий или в зданиях, оснащенных специальными 
пандусами, автоматическими дверями, лифтами, эскалаторами и прочим 
необходимым оборудованием; 
благоустройство общественных территорий, включая придомовые 
территории, с учетом потребностей граждан старшего поколения; 
обеспечение приспособленности парка общественного транспорта  
к потребностям маломобильных групп населения; 
создание 
доступных 
маршрутов 
движения 
и 
остановок 
общественного транспорта, безопасных пешеходных переходов, установка 
светофоров со звуковым дублированием сигналов; 
развитие 
транспортной 
доступности 
для 
граждан 
старшего 
поколения, проживающих в труднодоступных и отдаленных районах  
и населенных пунктах; 
развитие транспортной инфраструктуры на сельских территориях,  
в том числе строительство, реконструкция, капитальный ремонт и ремонт 
автомобильных дорог; 
создание комфортной потребительской среды, обеспечивающей 
экономическую 
и 
территориальную 
доступность 
приобретения 
гражданами старшего поколения товаров и услуг; 
"
strategy_older_generation_2030,Стратегия действий в интересах граждан старшего поколения до 2030 года.pdf,35," 
 
34
0320421-Уч-2025 (20.0) 
 
разработка 
и 
производство 
современных 
товаров, 
включая 
медицинские изделия, учитывающих специфику старшего возраста  
и позволяющих поддерживать независимый образ жизни как можно 
дольше; 
стимулирование 
разработки 
и 
внедрения 
ассистивных, 
вспомогательных и компенсационных технологий для поддержания 
независимого образа жизни; 
формирование общественного мнения о недопустимости жестокого 
обращения с гражданами старшего поколения путем проведения 
информационных 
кампаний, 
включающих 
информирование  
о 
физиологических 
и 
психологических 
особенностях 
старения,  
о гериатрических синдромах, а также об организации различных видов 
помощи гражданам старшего поколения; 
развитие 
в 
субъектах 
Российской 
Федерации 
деятельности, 
направленной на выявление случаев жестокого обращения с гражданами 
старшего поколения, в том числе посредством обучения ухаживающих 
родственников и работников медицинских и социальных организаций 
диагностике ситуаций жестокого обращения, создания системы оказания 
экстренной помощи гражданам старшего поколения в таких ситуациях; 
повышение информированности граждан старшего поколения  
о правилах безопасности дома и на улице, во время выполнения 
повседневных задач и в случае экстренных природных и техногенных 
угроз жизни и здоровью; 
повышение информированности граждан старшего поколения  
о наиболее распространенных правонарушениях, совершаемых в отношении 
них, включая случаи дистанционного мошенничества, о способах защиты 
от преступных посягательств и мерах личной безопасности; 
повышение уровня финансовой, цифровой и правовой грамотности 
граждан старшего поколения; 
создание условий для освоения гражданами старшего поколения, 
желающими пользоваться современными информационными технологиями, 
основ цифровой грамотности с целью их адаптации в цифровом 
пространстве и повышения медиаграмотности; 
повышение доступности и удобства получения государственных  
и муниципальных услуг, связанных с пенсионным и социальным 
обслуживанием, иных услуг, которыми пользуются граждане старшего 
поколения, в электронной форме, в том числе за счет развития 
федеральной государственной информационной системы ""Единый портал 
"
strategy_older_generation_2030,Стратегия действий в интересах граждан старшего поколения до 2030 года.pdf,36," 
 
35
0320421-Уч-2025 (20.0) 
 
государственных и муниципальных услуг (функций)"", а также иных 
государственных информационных систем, за счет увеличения количества 
электронных форм заявлений, упрощения интерфейса подачи заявлений, 
увеличения 
количества 
государственных 
услуг, 
предоставляемых  
в упреждающем (проактивном) режиме.  
 
IV. Основные механизмы, финансовые источники  
и этапы реализации Стратегии 
 
Стратегия реализуется федеральными органами государственной 
власти, органами государственной власти субъектов Российской Федерации, 
органами местного самоуправления, общественными объединениями, 
работодателями, а также другими субъектами, оказывающими влияние  
на продолжительность и качество жизни граждан старшего поколения. 
Ключевыми 
механизмами 
реализации 
Стратегии 
являются 
национальные проекты ""Семья"" и ""Продолжительная и активная жизнь"".  
Реализация Стратегии на уровне субъектов Российской Федерации 
может осуществляться на основании перечней приоритетных направлений 
реализации Стратегии в субъектах Российской Федерации (стратегия, 
планы 
мероприятий), 
разработанных 
исполнительными 
органами 
субъектов Российской Федерации, осуществляющими полномочия в сфере 
социальной защиты населения, и утвержденных высшими должностными 
лицами субъектов Российской Федерации, и обеспечиваться в том числе  
за 
счет 
декомпозиции 
показателей 
и 
результатов 
национальных  
проектов ""Семья"" и ""Продолжительная и активная жизнь"" на субъекты 
Российской Федерации. 
Реализация Стратегии на уровне муниципальных образований может 
осуществляться на основании планов мероприятий, утвержденных  
главами муниципальных образований, и обеспечивается субъектами 
Российской Федерации в рамках региональных проектов в сфере 
поддержки граждан старшего поколения. 
Реализация 
Стратегии 
предполагает 
научно-методическое 
сопровождение 
разработки 
и 
принятия 
управленческих 
решений  
по 
вопросам 
старения 
населения, 
повышения 
продолжительности  
и качества жизни граждан старшего поколения, а также дальнейшее 
совершенствование ее нормативной правовой базы. 
Реализация Стратегии осуществляется за счет средств бюджетов 
субъектов Российской Федерации, а также за счет внебюджетных 
"
strategy_older_generation_2030,Стратегия действий в интересах граждан старшего поколения до 2030 года.pdf,37," 
 
36
0320421-Уч-2025 (20.0) 
 
источников с учетом ограничений, предусмотренных законодательством 
Российской Федерации.  
Реализация Стратегии осуществляется в 2 этапа.  
Первый этап (2025 год) предусматривает: 
разработку и утверждение плана мероприятий по реализации 
Стратегии; 
совершенствование федерального и регионального законодательства 
с учетом положений Стратегии; 
корректировку региональных программ субъектов Российской 
Федерации, предусматривающих мероприятия в сфере повышения 
продолжительности и качества жизни граждан старшего поколения; 
обеспечение межведомственной и межуровневой координации 
вопросов реализации политики в интересах граждан старшего поколения; 
разработку и внедрение системы качественных и количественных 
показателей эффективности реализации Стратегии. 
Второй этап (2026 - 2030 годы) предусматривает: 
выполнение плана мероприятий по реализации Стратегии; 
разработку и осуществление дополнительных мер нормативного, 
организационного, научного и методического характера, необходимых  
для достижения целей и задач Стратегии; 
обобщение результатов реализации Стратегии и при необходимости 
подготовку 
предложений 
по 
разработке 
новых 
документов 
стратегического планирования в сфере повышения продолжительности  
и качества жизни граждан старшего поколения. 
 
V. Ожидаемые результаты реализации Стратегии 
 
Реализация 
Стратегии 
предполагает 
достижение 
следующих 
результатов: 
увеличение к 2030 году ожидаемой продолжительности жизни  
до 78 лет; 
обеспечение ежегодного увеличения уровня пенсионного обеспечения 
в размере не ниже уровня инфляции предыдущего года; 
поддержание 
на 
уровне 
100 процентов 
доли 
неработающих 
пенсионеров, которым предоставлена социальная доплата к пенсии  
(общей сумме материального обеспечения) до величины не ниже 
прожиточного минимума пенсионера в регионе; 
поддержание 
на 
уровне 
100  процентов 
доли 
работающих 
пенсионеров, которым осуществлен перерасчет страховой пенсии с учетом 
"
strategy_older_generation_2030,Стратегия действий в интересах граждан старшего поколения до 2030 года.pdf,38," 
 
37
0320421-Уч-2025 (20.0) 
 
суммы страховых взносов, начисленных или уплаченных работодателем  
за работу в предыдущем году и не учтенных ранее; 
поддержание на уровне 100 процентов доли граждан старшего 
поколения, являющихся получателями страховой пенсии по старости  
и достигших 80-летнего возраста, которым установлена фиксированная 
выплата к страховой пенсии в двойном размере; 
поддержание на уровне 100 процентов доли граждан старшего 
поколения, достигших 80-летнего возраста, которым к пенсии установлена 
надбавка за уход; 
поддержание на уровне не менее 90 процентов охвата диспансерным 
наблюдением лиц старше трудоспособного возраста из числа лиц, 
подлежащих ему; 
увеличение к 2030 году доли посещений граждан старшего 
поколения, выполненных врачами на дому, до 20 процентов; 
увеличение к 2027 году численности граждан старше 65  лет, 
проживающих в сельской местности, охваченных профилактическими 
осмотрами 
и 
диспансеризацией 
с 
использованием 
транспорта,  
до 405350 человек; 
увеличение к 2027 году численности граждан старше 65 лет  
и инвалидов, доставленных в медицинские организации (за исключением 
охвата 
профилактическими 
осмотрами 
и 
диспансеризацией)  
и организации социального обслуживания с использованием транспорта,  
до 118350 человек; 
увеличение к 2030 году доли граждан старшего поколения, 
получивших социальное обслуживание, в общем числе граждан старшего 
поколения, признанных нуждающимися в социальном обслуживании,  
до 100 процентов; 
повышение 
к 
2030 году 
уровня 
удовлетворенности 
граждан 
качеством 
работы 
государственных 
и 
муниципальных 
служащих  
и работников организаций социальной сферы до 75 процентов; 
увеличение к 2030 году доли граждан старшего поколения, 
вовлеченных в региональные программы для граждан старшего поколения,  
в общем числе граждан старшего поколения до 41,9 процента; 
увеличение к 2030 году доли пожилых граждан и инвалидов, 
получающих долговременный уход, в общем числе пожилых граждан  
и инвалидов, нуждающихся в долговременном уходе, до 30,3 процента; 
"
strategy_older_generation_2030,Стратегия действий в интересах граждан старшего поколения до 2030 года.pdf,39," 
 
38
0320421-Уч-2025 (20.0) 
 
увеличение к 2030 году доли потребителей (граждан, потребляющих 
товары или услуги) в общем количестве потребителей, удовлетворенных 
состоянием уровня защиты их прав как потребителей, до 85 процентов;  
увеличение к 2030 году доли региональных программ по защите прав 
потребителей, содержащих указание на специальные меры по защите прав 
потребителей среди социально уязвимых групп населения, в общем 
количестве таких программ до 100 процентов; 
увеличение к 2030 году доли граждан в возрасте от 55 лет 
(женщины) 
и 
от 
60 лет 
(мужчины) 
до 
79 лет 
включительно, 
систематически 
занимающихся 
физической 
культурой 
и 
спортом,  
в 
общей 
численности 
граждан 
указанной 
возрастной 
категории  
до 45 процентов. 
Для мониторинга результатов достижения целей и задач Стратегии 
необходимо проводить регулярную оценку благополучия 
граждан 
старшего поколения на основании целевых показателей реализации 
Стратегии, приведенных в приложении. 
 
 
____________ 
 
"
strategy_older_generation_2030,Стратегия действий в интересах граждан старшего поколения до 2030 года.pdf,40," 
 
0320421-Уч-2025 (20.0) 
 
ПРИЛОЖЕНИЕ 
к Стратегии действий в интересах  
граждан старшего поколения  
в Российской Федерации до 2030 года 
 
 
 
 
  
ЦЕЛЕВЫЕ  ПОКАЗАТЕЛИ 
 
реализации Стратегии действий в интересах граждан  
старшего поколения в Российской Федерации до 2030 года 
 
 
Наименование показателя 
Базовое 
значение 
целевого 
показателя  
в 2025 году 
Значение 
целевого 
показателя  
в 2026 году 
Значение 
целевого 
показателя  
в 2027 году 
Значение 
целевого 
показателя  
в 2028 году 
Значение 
целевого 
показателя  
в 2029 году 
Значение 
целевого 
показателя  
в 2030 году 
 
 
 
 
 
 
 
Доля граждан старшего 
поколения, принявших 
участие в мероприятиях 
региональных программ, 
направленных  
на укрепление здоровья, 
увеличение периода 
активного долголетия  
и продолжительности 
здоровой жизни,  
в общей численности 
граждан старшего 
поколения (процентов) 
 
35,2 
36,6 
38 
39,4 
40,7 
41,9 
Доля пожилых граждан  
и инвалидов, получающих 
долговременный уход,  
от общего числа 
нуждающихся (процентов) 
 
10,5 
11,2 
11,2 
17,5 
23,9 
30,3 
Доля граждан, получивших 
социальные услуги  
в учреждениях социального 
обслуживания населения,  
в общем числе граждан, 
обратившихся  
за получением социальных 
услуг в учреждения 
социального обслуживания 
населения (процентов) 
 
99 
99,5 
99,6 
99,7 
99,8 
100 
Доля потребителей  
в общем количестве 
потребителей, 
удовлетворенных 
70  
(не менее) 
70 
(не менее) 
70 
(не менее) 
70 
(не менее) 
70 
(не менее) 
85 
(не менее) 
"
strategy_older_generation_2030,Стратегия действий в интересах граждан старшего поколения до 2030 года.pdf,41," 
 
2 
0320421-Уч-2025 (20.0) 
 
Наименование показателя 
Базовое 
значение 
целевого 
показателя  
в 2025 году 
Значение 
целевого 
показателя  
в 2026 году 
Значение 
целевого 
показателя  
в 2027 году 
Значение 
целевого 
показателя  
в 2028 году 
Значение 
целевого 
показателя  
в 2029 году 
Значение 
целевого 
показателя  
в 2030 году 
 
 
 
 
 
 
 
состоянием уровня защиты 
их прав как потребителей 
(процентов) 
 
Доля региональных 
программ по защите прав 
потребителей, содержащих 
указание на специальные 
меры по защите прав 
потребителей среди 
социально уязвимых групп 
населения, в общем 
количестве таких 
программ (процентов) 
 
95 
95 
95 
95 
95 
100 
Доля граждан в возрасте 
от 55 лет (женщины)  
и от 60 лет (мужчины)  
до 79 лет включительно, 
систематически 
занимающихся 
физической культурой  
и спортом, в общей 
численности граждан 
указанной возрастной 
категории (процентов) 
 
25 
29 
33 
36,5 
42 
45 
Доля государственных 
услуг и сервисов,  
по которым средняя 
оценка удовлетворенности 
качеством работы 
госслужащих и работников 
организаций соцсферы  
по их оказанию  
в электронном виде  
с использованием  
федеральной 
государственной 
информационной системы 
""Единый портал 
государственных и 
муниципальных услуг 
(функций)"" и (или) 
региональных порталов 
государственных и 
муниципальных услуг  
выше 4,5 (процентов) 
53 
57 
62 
65 
70 
75 
 
 
___________ 
 
"
