region_code,region_name,indicator_key,source_file,indicator_code,z_score,spatial_lag_z,local_moran_I,p_value,cluster_type
1,Республика Адыгея,data (20).xls | 2.14.Я.1,data (20).xls,2.14.Я.1,-0.7757416119036589,0.6863283258332613,-0.5324134417770338,0.36,NS
2,Республика Башкортостан,data (20).xls | 2.14.Я.1,data (20).xls,2.14.Я.1,-0.5781645932905616,-0.6154846968063689,0.35585145940561885,0.2,NS
3,Республика Бурятия,data (20).xls | 2.14.Я.1,data (20).xls,2.14.Я.1,1.9771648474388301,1.3361371870496703,2.641763477590409,0.04,HH
4,Республика Алтай,data (20).xls | 2.14.Я.1,data (20).xls,2.14.Я.1,0.936592549409851,0.31751789108881295,0.2973848910981107,0.24,NS
5,Республика Дагестан,data (20).xls | 2.14.Я.1,data (20).xls,2.14.Я.1,4.295401865832505,0.4624077047384176,1.986226917708725,0.02,HH
6,Республика Ингушетия,data (20).xls | 2.14.Я.1,data (20).xls,2.14.Я.1,2.4513496921102638,0.409720499774925,1.0043682209745257,0.04,HH
7,Кабардино-Балкарская Республика,data (20).xls | 2.14.Я.1,data (20).xls,2.14.Я.1,-0.0908079473782547,0.023347663375979155,-0.0021201533872511197,0.94,NS
8,Республика Калмыкия,data (20).xls | 2.14.Я.1,data (20).xls,2.14.Я.1,-0.0908079473782547,0.752187332037627,-0.06830458766626263,0.62,NS
9,Карачаево-Черкесская Республика,data (20).xls | 2.14.Я.1,data (20).xls,2.14.Я.1,0.1726280774392084,0.2911742886070666,0.050264857641967114,0.86,NS
10,Республика Карелия,data (20).xls | 2.14.Я.1,data (20).xls,2.14.Я.1,-0.30155676723222535,-0.9041666740021722,0.2726575792512084,0.44,NS
11,Республика Коми,data (20).xls | 2.14.Я.1,data (20).xls,2.14.Я.1,0.3043460898479399,-0.4012861194845507,-0.12212986137537622,0.38,NS
12,Республика Марий Эл,data (20).xls | 2.14.Я.1,data (20).xls,2.14.Я.1,0.19897167992095463,-0.6571954007358005,-0.1307632729207272,0.64,NS
13,Республика Мордовия,data (20).xls | 2.14.Я.1,data (20).xls,2.14.Я.1,-1.0260058354802488,-0.1803761958161923,0.18506702948914133,0.5,NS
14,Республика Саха (Якутия),data (20).xls | 2.14.Я.1,data (20).xls,2.14.Я.1,1.5951826114535088,0.24036876953512734,0.38343208149891106,0.16,NS
15,Республика Северная Осетия - Алания,data (20).xls | 2.14.Я.1,data (20).xls,2.14.Я.1,-0.38058757467746424,0.8795147440327341,-0.334732383324489,0.32,NS
16,Республика Татарстан,data (20).xls | 2.14.Я.1,data (20).xls,2.14.Я.1,-1.3421290652612046,-0.2850920156811339,0.38263028051955295,0.16,NS
17,Республика Тыва,data (20).xls | 2.14.Я.1,data (20).xls,2.14.Я.1,1.0419669593368364,1.102557245044853,1.1488282201141848,0.02,HH
18,Удмуртская Республика,data (20).xls | 2.14.Я.1,data (20).xls,2.14.Я.1,-0.8020852143854054,-0.5485280404985969,0.4399662309597234,0.14,NS
19,Республика Хакасия,data (20).xls | 2.14.Я.1,data (20).xls,2.14.Я.1,0.1199408724757155,0.3471544438807775,0.041638006882882266,0.74,NS
20,Чеченская Республика,data (20).xls | 2.14.Я.1,data (20).xls,2.14.Я.1,1.2000285742273142,2.341584681769654,2.8099685270965575,0.02,HH
21,Чувашская Республика - Чувашия,data (20).xls | 2.14.Я.1,data (20).xls,2.14.Я.1,-0.0908079473782547,-0.7625698106627857,0.0692473992389119,0.6,NS
22,Алтайский край,data (20).xls | 2.14.Я.1,data (20).xls,2.14.Я.1,0.6995001270741346,0.23848708364357396,0.16682174531421975,0.54,NS
23,Краснодарский край,data (20).xls | 2.14.Я.1,data (20).xls,2.14.Я.1,0.6863283258332613,-0.24690670561323003,-0.16945906590053406,0.36,NS
24,Красноярский край,data (20).xls | 2.14.Я.1,data (20).xls,2.14.Я.1,0.001394661307857293,0.2829419128315208,0.000394608138197253,1.0,NS
25,Приморский край,data (20).xls | 2.14.Я.1,data (20).xls,2.14.Я.1,-0.011777139933016049,-0.6571954007358005,0.007739882197800081,1.0,NS
26,Ставропольский край,data (20).xls | 2.14.Я.1,data (20).xls,2.14.Я.1,0.27800248736619326,0.7027930773843527,0.1953782236165916,0.36,NS
27,Хабаровский край,data (20).xls | 2.14.Я.1,data (20).xls,2.14.Я.1,-0.6571954007358005,0.7851168351398099,-0.5159751730941308,0.12,NS
28,Амурская область,data (20).xls | 2.14.Я.1,data (20).xls,2.14.Я.1,0.7785309345193733,0.8410969904135208,0.6548200259680707,0.14,NS
29,Архангельская область,data (20).xls | 2.14.Я.1,data (20).xls,2.14.Я.1,-0.6835390032175469,-0.0512925436556354,0.03506045416286553,0.76,NS
30,Астраханская область,data (20).xls | 2.14.Я.1,data (20).xls,2.14.Я.1,-0.6835390032175469,-0.024948941173888926,0.01705357438133325,0.9,NS
31,Белгородская область,data (20).xls | 2.14.Я.1,data (20).xls,2.14.Я.1,-0.788913413144532,-0.8420655052106437,0.6643167718070037,0.1,NS
32,Брянская область,data (20).xls | 2.14.Я.1,data (20).xls,2.14.Я.1,0.4097204997749248,-0.5123055870861958,-0.2099021011784424,0.48,NS
33,Владимирская область,data (20).xls | 2.14.Я.1,data (20).xls,2.14.Я.1,-0.3279003697139716,-0.44381222063365555,0.14552619122935437,0.56,NS
34,Волгоградская область,data (20).xls | 2.14.Я.1,data (20).xls,2.14.Я.1,0.04091006503047685,-0.5044025063416719,-0.020635139335973312,0.8,NS
35,Вологодская область,data (20).xls | 2.14.Я.1,data (20).xls,2.14.Я.1,-0.9733186305167563,-0.16654580451327558,0.1621021343671728,0.52,NS
36,Воронежская область,data (20).xls | 2.14.Я.1,data (20).xls,2.14.Я.1,-1.4343316739473166,-0.25892274586286973,0.3713810954965256,0.3,NS
37,Ивановская область,data (20).xls | 2.14.Я.1,data (20).xls,2.14.Я.1,-0.8284288168671515,-0.41681002808986545,0.3452974384288514,0.24,NS
38,Иркутская область,data (20).xls | 2.14.Я.1,data (20).xls,2.14.Я.1,2.4776932945920107,1.0208920773514394,2.5294574545557698,0.02,HH
39,Калининградская область,data (20).xls | 2.14.Я.1,data (20).xls,2.14.Я.1,-0.6440235994949274,-0.6110940963927446,0.3935590195889555,0.32,NS
40,Калужская область,data (20).xls | 2.14.Я.1,data (20).xls,2.14.Я.1,-0.22252595978698625,-0.4442512806750179,0.09885744261880618,0.5,NS
41,Камчатский край,data (20).xls | 2.14.Я.1,data (20).xls,2.14.Я.1,0.3833768972931786,-0.19179175689161562,-0.0735285286835152,0.7,NS
42,Кемеровская область - Кузбасс,data (20).xls | 2.14.Я.1,data (20).xls,2.14.Я.1,-0.5913363945314347,0.455821804117981,-0.26954402219594076,0.28,NS
43,Кировская область,data (20).xls | 2.14.Я.1,data (20).xls,2.14.Я.1,-0.011777139933016049,-0.4888890515468658,0.005757714771786934,0.94,NS
44,Костромская область,data (20).xls | 2.14.Я.1,data (20).xls,2.14.Я.1,0.34386149357055906,-0.6993451647065947,-0.24047787285735828,0.4,NS
45,Курганская область,data (20).xls | 2.14.Я.1,data (20).xls,2.14.Я.1,-0.5254773883270689,-0.3498533717820935,0.18384003610147356,0.5,NS
46,Курская область,data (20).xls | 2.14.Я.1,data (20).xls,2.14.Я.1,-1.0918648416846146,-0.5807989535387363,0.6341539574561622,0.1,NS
47,Ленинградская область,data (20).xls | 2.14.Я.1,data (20).xls,2.14.Я.1,-1.0655212392028686,-0.38936877550471305,0.41488070018268536,0.16,NS
48,Липецкая область,data (20).xls | 2.14.Я.1,data (20).xls,2.14.Я.1,-0.5254773883270689,-0.5166961874998203,0.27151216316595905,0.28,NS
49,Магаданская область,data (20).xls | 2.14.Я.1,data (20).xls,2.14.Я.1,-0.4201029784000838,0.0837184190633144,-0.035170357195444736,0.88,NS
50,Московская область,data (20).xls | 2.14.Я.1,data (20).xls,2.14.Я.1,0.014566462548730168,-0.2982638169220071,-0.0043446487188357275,0.96,NS
51,Мурманская область,data (20).xls | 2.14.Я.1,data (20).xls,2.14.Я.1,-0.8942878230715173,0.1945810795073301,-0.17401149000351607,0.62,NS
52,Нижегородская область,data (20).xls | 2.14.Я.1,data (20).xls,2.14.Я.1,-1.1840674503707267,-0.18301055606436695,0.2166968425100639,0.36,NS
53,Новгородская область,data (20).xls | 2.14.Я.1,data (20).xls,2.14.Я.1,-0.024948941173888923,-0.09410089768847321,0.002347717760839858,0.96,NS
54,Новосибирская область,data (20).xls | 2.14.Я.1,data (20).xls,2.14.Я.1,0.3702050960523057,0.32081084139903127,0.11876580835474938,0.56,NS
55,Омская область,data (20).xls | 2.14.Я.1,data (20).xls,2.14.Я.1,0.5677821146654031,0.19897167992095455,0.11297256118404729,0.6,NS
56,Оренбургская область,data (20).xls | 2.14.Я.1,data (20).xls,2.14.Я.1,-0.6176799970131811,-0.5188914877066324,0.3205088925767978,0.28,NS
57,Орловская область,data (20).xls | 2.14.Я.1,data (20).xls,2.14.Я.1,-0.5649927920496884,-0.4648871026190525,0.2626578620966285,0.36,NS
58,Пензенская область,data (20).xls | 2.14.Я.1,data (20).xls,2.14.Я.1,0.5546103134245297,-0.1487638728380968,-0.08250597814098375,0.64,NS
59,Пермский край,data (20).xls | 2.14.Я.1,data (20).xls,2.14.Я.1,-0.26204136350960583,-0.3041911274804,0.07971065781248834,0.72,NS
60,Псковская область,data (20).xls | 2.14.Я.1,data (20).xls,2.14.Я.1,0.752187332037627,-0.19881671755341482,-0.14954741634098154,0.54,NS
61,Ростовская область,data (20).xls | 2.14.Я.1,data (20).xls,2.14.Я.1,-0.1698387548234938,-0.07427124901366283,0.012614136451666138,0.88,NS
62,Рязанская область,data (20).xls | 2.14.Я.1,data (20).xls,2.14.Я.1,0.27800248736619326,-0.3476580715752814,-0.09664980865086228,0.48,NS
63,Самарская область,data (20).xls | 2.14.Я.1,data (20).xls,2.14.Я.1,0.08042546875309595,-0.6407306491847091,-0.0515310628051557,0.72,NS
64,Саратовская область,data (20).xls | 2.14.Я.1,data (20).xls,2.14.Я.1,-0.1434951523417476,-0.10178444841231583,0.01460557493094601,0.9,NS
65,Сахалинская область,data (20).xls | 2.14.Я.1,data (20).xls,2.14.Я.1,0.8312181394828662,-0.13690925172131096,-0.11380145349377949,0.68,NS
66,Свердловская область,data (20).xls | 2.14.Я.1,data (20).xls,2.14.Я.1,-0.4332747796409569,-0.4502099526649366,0.19506461803306602,0.38,NS
67,Смоленская область,data (20).xls | 2.14.Я.1,data (20).xls,2.14.Я.1,-0.1698387548234938,0.3728394563004801,-0.06332258900714198,0.72,NS
68,Тамбовская область,data (20).xls | 2.14.Я.1,data (20).xls,2.14.Я.1,0.6072975183880222,-0.254138282765082,-0.15433754845062775,0.4,NS
69,Тверская область,data (20).xls | 2.14.Я.1,data (20).xls,2.14.Я.1,0.9102489469281048,-0.15008105296218407,-0.13661112041268916,0.52,NS
70,Томская область,data (20).xls | 2.14.Я.1,data (20).xls,2.14.Я.1,0.6072975183880222,-0.2510648624755448,-0.15247106793582843,0.4,NS
71,Тульская область,data (20).xls | 2.14.Я.1,data (20).xls,2.14.Я.1,-0.8942878230715173,-0.20408543804976403,0.1825111221141205,0.42,NS
72,Тюменская область,data (20).xls | 2.14.Я.1,data (20).xls,2.14.Я.1,-0.38058757467746424,-0.2515039225169074,0.09571926789257867,0.72,NS
73,Ульяновская область,data (20).xls | 2.14.Я.1,data (20).xls,2.14.Я.1,-0.4596183821227031,-0.32790036971397163,0.15070903742537184,0.52,NS
74,Челябинская область,data (20).xls | 2.14.Я.1,data (20).xls,2.14.Я.1,-0.23569776102785958,-0.5386491895679422,0.12695840796063507,0.62,NS
75,Забайкальский край,data (20).xls | 2.14.Я.1,data (20).xls,2.14.Я.1,0.4887513072201639,1.7071429220009307,0.8343683347396051,0.14,NS
76,Ярославская область,data (20).xls | 2.14.Я.1,data (20).xls,2.14.Я.1,-0.4991337858453227,-0.14349515234174756,0.07162327863878779,0.68,NS
77,Москва,data (20).xls | 2.14.Я.1,data (20).xls,2.14.Я.1,-1.4606752764290631,-0.10397974861912804,0.15188064805726934,0.6,NS
78,Санкт-Петербург,data (20).xls | 2.14.Я.1,data (20).xls,2.14.Я.1,-1.1445520466481074,-0.8547724193488979,0.9783315219841354,0.06,NS
79,Еврейская автономная область,data (20).xls | 2.14.Я.1,data (20).xls,2.14.Я.1,1.937649443716211,0.06066776689178638,0.11755286476937464,0.66,NS
83,Ненецкий автономный округ,data (20).xls | 2.14.Я.1,data (20).xls,2.14.Я.1,1.5688390089717625,-0.6967108044584199,-1.093027088006467,0.02,HL
86,Ханты-Мансийский автономный округ - Югра,data (20).xls | 2.14.Я.1,data (20).xls,2.14.Я.1,-1.4738470776699362,-0.23569776102785955,0.3473824563042578,0.18,NS
87,Чукотский автономный округ,data (20).xls | 2.14.Я.1,data (20).xls,2.14.Я.1,-0.9864904317576293,0.22860823271291905,-0.2255198341923161,0.52,NS
89,Ямало-Ненецкий автономный округ,data (20).xls | 2.14.Я.1,data (20).xls,2.14.Я.1,-1.5133624813925555,0.1001831706144059,-0.15161345167479107,0.5,NS
91,Республика Крым,data (20).xls | 2.14.Я.1,data (20).xls,2.14.Я.1,-0.9864904317576293,0.7297694428668859,-0.7199105727772789,0.1,NS
92,Севастополь,data (20).xls | 2.14.Я.1,data (20).xls,2.14.Я.1,1.5029800027673967,-0.9864904317576293,-1.4826753918530922,0.14,NS
1,Республика Адыгея,data (21).xls | 2.14.Я.2,data (21).xls,2.14.Я.2,0.005995609621249483,0.5039515842716857,0.0030214969673032386,0.96,NS
2,Республика Башкортостан,data (21).xls | 2.14.Я.2,data (21).xls,2.14.Я.2,-0.25854350191179476,0.12011052047864113,-0.031053794580996216,0.84,NS
3,Республика Бурятия,data (21).xls | 2.14.Я.2,data (21).xls,2.14.Я.2,0.3249986558816852,1.4972700128712528,0.48661074167511065,0.24,NS
4,Республика Алтай,data (21).xls | 2.14.Я.2,data (21).xls,2.14.Я.2,1.5426566251440788,0.43392652533646764,0.6693996291360518,0.06,NS
5,Республика Дагестан,data (21).xls | 2.14.Я.2,data (21).xls,2.14.Я.2,1.5348760630401657,1.1082419076755992,1.7010139761492464,0.02,HH
6,Республика Ингушетия,data (21).xls | 2.14.Я.2,data (21).xls,2.14.Я.2,1.3753745399099484,2.604703352328211,3.5824426748103133,0.04,HH
7,Кабардино-Балкарская Республика,data (21).xls | 2.14.Я.2,data (21).xls,2.14.Я.2,0.7684906958047292,0.025447014881032015,0.01955579417207759,0.88,NS
8,Республика Калмыкия,data (21).xls | 2.14.Я.2,data (21).xls,2.14.Я.2,-0.7137063849907087,0.058125375717466954,-0.04148445177954006,0.74,NS
9,Карачаево-Черкесская Республика,data (21).xls | 2.14.Я.2,data (21).xls,2.14.Я.2,-0.05624888721005505,0.2510833158945109,-0.014123157116076965,0.98,NS
10,Республика Карелия,data (21).xls | 2.14.Я.2,data (21).xls,2.14.Я.2,0.5623058000510333,-0.5619854239644037,-0.3160076634393231,0.26,NS
11,Республика Коми,data (21).xls | 2.14.Я.2,data (21).xls,2.14.Я.2,0.4922807411158157,0.721807323181251,0.3553318439984893,0.22,NS
12,Республика Марий Эл,data (21).xls | 2.14.Я.2,data (21).xls,2.14.Я.2,-0.09904197878157649,-0.004702663271631095,0.000465761075965786,0.98,NS
13,Республика Мордовия,data (21).xls | 2.14.Я.2,data (21).xls,2.14.Я.2,-1.417847255394841,-0.5969979534320127,0.8464519097499162,0.1,NS
14,Республика Саха (Якутия),data (21).xls | 2.14.Я.2,data (21).xls,2.14.Я.2,0.44948764954429427,0.2955436707740141,0.13284322991390435,0.5,NS
15,Республика Северная Осетия - Алания,data (21).xls | 2.14.Я.2,data (21).xls,2.14.Я.2,0.6517822642460331,0.5415576344405985,0.35297766119541873,0.32,NS
16,Республика Татарстан,data (21).xls | 2.14.Я.2,data (21).xls,2.14.Я.2,0.2666444401023368,-0.1753887444262236,-0.04676643355778223,0.72,NS
17,Республика Тыва,data (21).xls | 2.14.Я.2,data (21).xls,2.14.Я.2,3.2388191637971255,0.5770888680484683,1.8690864850493696,0.02,HH
18,Удмуртская Республика,data (21).xls | 2.14.Я.2,data (21).xls,2.14.Я.2,-0.24687265875592473,0.120758900653967,-0.02981207087288741,0.78,NS
19,Республика Хакасия,data (21).xls | 2.14.Я.2,data (21).xls,2.14.Я.2,0.2355221916866845,0.942580772879784,0.22199868947037574,0.34,NS
20,Чеченская Республика,data (21).xls | 2.14.Я.2,data (21).xls,2.14.Я.2,4.557624440410389,0.7970194235190773,3.6325152041123454,0.02,HH
21,Чувашская Республика - Чувашия,data (21).xls | 2.14.Я.2,data (21).xls,2.14.Я.2,-0.18462816192462023,-0.4219353060939689,0.07790114001523149,0.52,NS
22,Алтайский край,data (21).xls | 2.14.Я.2,data (21).xls,2.14.Я.2,-0.7409383523544041,0.24330275379059785,-0.1802723415168948,0.48,NS
23,Краснодарский край,data (21).xls | 2.14.Я.2,data (21).xls,2.14.Я.2,0.5039515842716857,-0.10263476775308952,-0.05172295381052599,0.62,NS
24,Красноярский край,data (21).xls | 2.14.Я.2,data (21).xls,2.14.Я.2,-0.01345579563853275,0.7568198526488599,-0.010183613272427528,0.9,NS
25,Приморский край,data (21).xls | 2.14.Я.2,data (21).xls,2.14.Я.2,0.07602066855646708,0.056569263296683985,0.004300433215560732,1.0,NS
26,Ставропольский край,data (21).xls | 2.14.Я.2,data (21).xls,2.14.Я.2,-0.5191923323928821,0.8521317384217946,-0.4424202647772128,0.12,NS
27,Хабаровский край,data (21).xls | 2.14.Я.2,data (21).xls,2.14.Я.2,0.056569263296683985,0.1719809345047281,0.009728834766007726,0.92,NS
28,Амурская область,data (21).xls | 2.14.Я.2,data (21).xls,2.14.Я.2,-0.10293225983353345,0.2578913077354349,-0.02654533509663352,0.86,NS
29,Архангельская область,data (21).xls | 2.14.Я.2,data (21).xls,2.14.Я.2,-0.09126141667766341,0.32240513518038055,-0.029423149380715108,0.74,NS
30,Астраханская область,data (21).xls | 2.14.Я.2,data (21).xls,2.14.Я.2,0.8112837873762514,-0.9101655781145135,-0.7384025773522379,0.16,NS
31,Белгородская область,data (21).xls | 2.14.Я.2,data (21).xls,2.14.Я.2,-1.1299664575500574,-0.4511658099980809,0.5098022320912338,0.12,NS
32,Брянская область,data (21).xls | 2.14.Я.2,data (21).xls,2.14.Я.2,-1.0015871828354914,-0.8897416025917415,0.8911537851913978,0.04,LL
33,Владимирская область,data (21).xls | 2.14.Я.2,data (21).xls,2.14.Я.2,-1.223333202797014,-0.5114117702889689,0.6256269988956952,0.06,NS
34,Волгоградская область,data (21).xls | 2.14.Я.2,data (21).xls,2.14.Я.2,-1.1066247712383182,-0.4281597557770993,0.47381219179028666,0.12,NS
35,Вологодская область,data (21).xls | 2.14.Я.2,data (21).xls,2.14.Я.2,-0.06791973036592422,-0.35093767689576205,0.023835592390003994,0.8,NS
36,Воронежская область,data (21).xls | 2.14.Я.2,data (21).xls,2.14.Я.2,-0.635900763951578,-0.7815631843396149,0.4969966259979891,0.06,NS
37,Ивановская область,data (21).xls | 2.14.Я.2,data (21).xls,2.14.Я.2,-0.507521489237012,-0.4968232163441321,0.25214845864649615,0.24,NS
38,Иркутская область,data (21).xls | 2.14.Я.2,data (21).xls,2.14.Я.2,0.7957226631684253,0.8914235770465561,0.7093259427386096,0.12,NS
39,Калининградская область,data (21).xls | 2.14.Я.2,data (21).xls,2.14.Я.2,-0.6514618881594042,-0.31203486637619676,0.20327882322100452,0.38,NS
40,Калужская область,data (21).xls | 2.14.Я.2,data (21).xls,2.14.Я.2,-0.42971586819788227,-0.7065742030621216,0.30362614711506636,0.22,NS
41,Камчатский край,data (21).xls | 2.14.Я.2,data (21).xls,2.14.Я.2,0.7918323821164683,0.6738271902071203,0.5335581891565507,0.2,NS
42,Кемеровская область - Кузбасс,data (21).xls | 2.14.Я.2,data (21).xls,2.14.Я.2,-0.9976969017835352,0.04814032101744534,-0.048029449129970016,0.72,NS
43,Кировская область,data (21).xls | 2.14.Я.2,data (21).xls,2.14.Я.2,0.20439994327103225,0.04014363218842354,0.008205356142006955,0.92,NS
44,Костромская область,data (21).xls | 2.14.Я.2,data (21).xls,2.14.Я.2,0.14215544643972772,-0.2554312770702292,-0.036310947226588224,0.7,NS
45,Курганская область,data (21).xls | 2.14.Я.2,data (21).xls,2.14.Я.2,0.5272932705834241,0.5623058000510333,0.29650006437693827,0.32,NS
46,Курская область,data (21).xls | 2.14.Я.2,data (21).xls,2.14.Я.2,-0.7175966660426648,-0.9136668310612741,0.655644271843337,0.12,NS
47,Ленинградская область,data (21).xls | 2.14.Я.2,data (21).xls,2.14.Я.2,-1.7990947984865802,-0.2967979322560337,0.5339676161234026,0.14,NS
48,Липецкая область,data (21).xls | 2.14.Я.2,data (21).xls,2.14.Я.2,-0.8109634112896217,-0.849217841633861,0.6886845977794057,0.06,NS
49,Магаданская область,data (21).xls | 2.14.Я.2,data (21).xls,2.14.Я.2,-0.6047785155359258,0.6945753558175553,-0.4200642526191785,0.24,NS
50,Московская область,data (21).xls | 2.14.Я.2,data (21).xls,2.14.Я.2,-0.18462816192462023,-0.7258635132780727,0.13401484626467774,0.46,NS
51,Мурманская область,data (21).xls | 2.14.Я.2,data (21).xls,2.14.Я.2,-0.28966575032744707,0.501358063570381,-0.14522625966683034,0.4,NS
52,Нижегородская область,data (21).xls | 2.14.Я.2,data (21).xls,2.14.Я.2,-0.3052268745352732,-0.5055763487110341,0.15431548875602433,0.36,NS
53,Новгородская область,data (21).xls | 2.14.Я.2,data (21).xls,2.14.Я.2,-0.6942549797309256,-0.7049532526238063,0.48941730611159073,0.28,NS
54,Новосибирская область,data (21).xls | 2.14.Я.2,data (21).xls,2.14.Я.2,0.18494853801125002,-0.6252024910586975,-0.11563028668229772,0.5,NS
55,Омская область,data (21).xls | 2.14.Я.2,data (21).xls,2.14.Я.2,0.15771657064755384,0.18235501730994566,0.02876040797049995,0.82,NS
56,Оренбургская область,data (21).xls | 2.14.Я.2,data (21).xls,2.14.Я.2,0.02544701488103258,-0.06500201957695736,-0.0016541073594720053,0.98,NS
57,Орловская область,data (21).xls | 2.14.Я.2,data (21).xls,2.14.Я.2,-0.9899163396796221,-0.7736167131908391,0.7658158250368555,0.08,NS
58,Пензенская область,data (21).xls | 2.14.Я.2,data (21).xls,2.14.Я.2,-0.9821357775757091,-0.9976969017835353,0.9798738224180483,0.02,LL
59,Пермский край,data (21).xls | 2.14.Я.2,data (21).xls,2.14.Я.2,0.2705347211542937,0.11492347907603224,0.031090791365915693,0.78,NS
60,Псковская область,data (21).xls | 2.14.Я.2,data (21).xls,2.14.Я.2,-0.4219353060939692,-1.0194824756744918,0.43015565043115417,0.16,NS
61,Ростовская область,data (21).xls | 2.14.Я.2,data (21).xls,2.14.Я.2,-0.42971586819788227,-0.3530675240431145,0.1517187176266636,0.38,NS
62,Рязанская область,data (21).xls | 2.14.Я.2,data (21).xls,2.14.Я.2,-0.9587940912639699,-0.8396542340478014,0.8050555183098064,0.04,LL
63,Самарская область,data (21).xls | 2.14.Я.2,data (21).xls,2.14.Я.2,-0.28966575032744707,-0.358718238999675,0.10390838785598133,0.6,NS
64,Саратовская область,data (21).xls | 2.14.Я.2,data (21).xls,2.14.Я.2,-1.1727595491215788,-0.7422351127050564,0.8704633161181861,0.04,LL
65,Сахалинская область,data (21).xls | 2.14.Я.2,data (21).xls,2.14.Я.2,1.1458479578445124,0.42420082270657616,0.4860696464142924,0.28,NS
66,Свердловская область,data (21).xls | 2.14.Я.2,data (21).xls,2.14.Я.2,0.38335287166103277,0.44670887736432485,0.17124713093409005,0.5,NS
67,Смоленская область,data (21).xls | 2.14.Я.2,data (21).xls,2.14.Я.2,-1.421737536446797,-0.5137459389201429,0.7304118855598706,0.08,NS
68,Тамбовская область,data (21).xls | 2.14.Я.2,data (21).xls,2.14.Я.2,-0.8848787512767962,-0.9121107186404915,0.8071073937367793,0.02,LL
69,Тверская область,data (21).xls | 2.14.Я.2,data (21).xls,2.14.Я.2,-0.5308631755487513,-0.5652273248410342,0.300058372572037,0.22,NS
70,Томская область,data (21).xls | 2.14.Я.2,data (21).xls,2.14.Я.2,-0.9198912807444045,0.23422543133603263,-0.21546193201461364,0.44,NS
71,Тульская область,data (21).xls | 2.14.Я.2,data (21).xls,2.14.Я.2,-0.9082204375885354,-0.6748035744711433,0.6128703976924896,0.12,NS
72,Тюменская область,data (21).xls | 2.14.Я.2,data (21).xls,2.14.Я.2,1.2820077946629915,0.18806076285281495,0.24109536384757713,0.34,NS
73,Ульяновская область,data (21).xls | 2.14.Я.2,data (21).xls,2.14.Я.2,-0.5542048618604904,-0.6300653423736432,0.34918527603326754,0.24,NS
74,Челябинская область,data (21).xls | 2.14.Я.2,data (21).xls,2.14.Я.2,0.021556733829075615,0.16938741380342368,0.003651439393355893,0.94,NS
75,Забайкальский край,data (21).xls | 2.14.Я.2,data (21).xls,2.14.Я.2,0.45726821164820736,0.36681917719021784,0.16773474915203782,0.42,NS
76,Ярославская область,data (21).xls | 2.14.Я.2,data (21).xls,2.14.Я.2,-0.6008882344839689,-0.39535171890559895,0.23756219637338769,0.26,NS
77,Москва,data (21).xls | 2.14.Я.2,data (21).xls,2.14.Я.2,0.2666444401023368,-0.30717201506125125,-0.0819057099711139,0.6,NS
78,Санкт-Петербург,data (21).xls | 2.14.Я.2,data (21).xls,2.14.Я.2,-0.507521489237012,-1.2252783433229921,0.6218550895331438,0.22,NS
79,Еврейская автономная область,data (21).xls | 2.14.Я.2,data (21).xls,2.14.Я.2,0.06824010645255402,-0.023181498268424732,-0.0015819079095670003,0.98,NS
83,Ненецкий автономный округ,data (21).xls | 2.14.Я.2,data (21).xls,2.14.Я.2,1.0330298073377735,0.6430291318791314,0.6642682602176748,0.12,NS
86,Ханты-Мансийский автономный округ - Югра,data (21).xls | 2.14.Я.2,data (21).xls,2.14.Я.2,0.7918323821164683,0.6141762140771204,0.48632461463196025,0.1,NS
87,Чукотский автономный округ,data (21).xls | 2.14.Я.2,data (21).xls,2.14.Я.2,1.4804121283127742,-0.003730093008641841,-0.005522074929728067,0.96,NS
89,Ямало-Ненецкий автономный округ,data (21).xls | 2.14.Я.2,data (21).xls,2.14.Я.2,2.46076295340582,0.5759217837328812,1.4172069894692725,0.04,HH
91,Республика Крым,data (21).xls | 2.14.Я.2,data (21).xls,2.14.Я.2,0.38335287166103277,-0.2164521865300369,-0.08297756728359916,0.64,NS
92,Севастополь,data (21).xls | 2.14.Я.2,data (21).xls,2.14.Я.2,-1.1533081438617965,0.38335287166103277,-0.4421239888594752,0.34,NS
1,Республика Адыгея,data (22).xls | 2.14.Я.3,data (22).xls,2.14.Я.3,0.03577952218842641,-0.29046466649331343,-0.010392686979751384,0.96,NS
2,Республика Башкортостан,data (22).xls | 2.14.Я.3,data (22).xls,2.14.Я.3,-0.21305079121290083,-0.1540687909992529,0.03282447782360589,0.86,NS
3,Республика Бурятия,data (22).xls | 2.14.Я.3,data (22).xls,2.14.Я.3,0.9039208378330564,1.4107974021690928,1.275249169781386,0.02,HH
4,Республика Алтай,data (22).xls | 2.14.Я.3,data (22).xls,2.14.Я.3,1.6559413405570664,0.6163835867915226,1.0206950630089269,0.02,HH
5,Республика Дагестан,data (22).xls | 2.14.Я.3,data (22).xls,2.14.Я.3,1.7554734659175972,1.847632841251422,3.2434704275748114,0.02,HH
6,Республика Ингушетия,data (22).xls | 2.14.Я.3,data (22).xls,2.14.Я.3,2.960918095284026,2.883504220003613,8.537819822836548,0.02,HH
7,Кабардино-Балкарская Республика,data (22).xls | 2.14.Я.3,data (22).xls,2.14.Я.3,1.1472215887143535,0.3786123984302546,0.4343523172341085,0.18,NS
8,Республика Калмыкия,data (22).xls | 2.14.Я.3,data (22).xls,2.14.Я.3,0.6163835867915227,0.1861836227332284,0.114760529182147,0.52,NS
9,Карачаево-Черкесская Республика,data (22).xls | 2.14.Я.3,data (22).xls,2.14.Я.3,0.6993270245919652,0.21825508534939936,0.15263167943946085,0.52,NS
10,Республика Карелия,data (22).xls | 2.14.Я.3,data (22).xls,2.14.Я.3,-0.15222560349257638,-0.5586484487147438,0.08504059724579349,0.66,NS
11,Республика Коми,data (22).xls | 2.14.Я.3,data (22).xls,2.14.Я.3,0.12978208502892752,0.4038903985218181,0.052417738043326015,0.62,NS
12,Республика Марий Эл,data (22).xls | 2.14.Я.3,data (22).xls,2.14.Я.3,-0.0526934781320455,-0.43838046390410246,0.023099791388246787,0.82,NS
13,Республика Мордовия,data (22).xls | 2.14.Я.3,data (22).xls,2.14.Я.3,-0.860009606056351,-0.6034379051269827,0.5189623950677261,0.12,NS
14,Республика Саха (Якутия),data (22).xls | 2.14.Я.3,data (22).xls,2.14.Я.3,1.0642781509139112,0.22141483536084483,0.23564697156274803,0.32,NS
15,Республика Северная Осетия - Алания,data (22).xls | 2.14.Я.3,data (22).xls,2.14.Я.3,0.6385018368716406,1.3020493392751793,0.831360894824708,0.06,NS
16,Республика Татарстан,data (22).xls | 2.14.Я.3,data (22).xls,2.14.Я.3,-0.4452924170541393,-0.2870086899182952,0.12780279324925964,0.34,NS
17,Республика Тыва,data (22).xls | 2.14.Я.3,data (22).xls,2.14.Я.3,3.270573596405678,0.5920535117033929,1.9363545830363769,0.02,HH
18,Удмуртская Республика,data (22).xls | 2.14.Я.3,data (22).xls,2.14.Я.3,-0.25175772885310727,-0.23378665066301138,0.05885759620709453,0.7,NS
19,Республика Хакасия,data (22).xls | 2.14.Я.3,data (22).xls,2.14.Я.3,0.18507771022922245,1.0338655570537492,0.19134546998436744,0.38,NS
20,Чеченская Республика,data (22).xls | 2.14.Я.3,data (22).xls,2.14.Я.3,5.128506603135586,1.5047999650095938,7.7173765569499,0.02,HH
21,Чувашская Республика - Чувашия,data (22).xls | 2.14.Я.3,data (22).xls,2.14.Я.3,-0.17434385357269438,-0.5282358548545817,0.09209467453061423,0.48,NS
22,Алтайский край,data (22).xls | 2.14.Я.3,data (22).xls,2.14.Я.3,-0.4176446044539918,0.2882962106031062,-0.120405356842919,0.56,NS
23,Краснодарский край,data (22).xls | 2.14.Я.3,data (22).xls,2.14.Я.3,-0.29046466649331343,-0.020871387943248398,0.006062400738188208,0.9,NS
24,Красноярский край,data (22).xls | 2.14.Я.3,data (22).xls,2.14.Я.3,-0.21858035373293033,0.743563524752201,-0.1625283782632406,0.32,NS
25,Приморский край,data (22).xls | 2.14.Я.3,data (22).xls,2.14.Я.3,-0.27940554145325475,-0.07481172821216348,0.020902811428173268,0.88,NS
26,Ставропольский край,data (22).xls | 2.14.Я.3,data (22).xls,2.14.Я.3,-0.20199166617284184,1.135471268359291,-0.2293557333872832,0.2,NS
27,Хабаровский край,data (22).xls | 2.14.Я.3,data (22).xls,2.14.Я.3,-0.07481172821216348,0.16111627264242806,-0.012053386799482157,0.94,NS
28,Амурская область,data (22).xls | 2.14.Я.3,data (22).xls,2.14.Я.3,-0.3181124790934609,0.45740866434067484,-0.1455074041722408,0.44,NS
29,Архангельская область,data (22).xls | 2.14.Я.3,data (22).xls,2.14.Я.3,-0.4121150419339623,0.007210115834940606,-0.0029713971896652733,0.98,NS
30,Астраханская область,data (22).xls | 2.14.Я.3,data (22).xls,2.14.Я.3,0.6772087745118471,-0.03610479057195698,-0.024450480977241878,0.86,NS
31,Белгородская область,data (22).xls | 2.14.Я.3,data (22).xls,2.14.Я.3,-1.064603419297442,-0.5696533623575476,0.6064549173801299,0.12,NS
32,Брянская область,data (22).xls | 2.14.Я.3,data (22).xls,2.14.Я.3,-0.8489504810162921,-0.6277679802151124,0.5329439287702458,0.16,NS
33,Владимирская область,data (22).xls | 2.14.Я.3,data (22).xls,2.14.Я.3,-0.6720044803753482,-0.6233443301990889,0.41889018271035816,0.04,LL
34,Волгоградская область,data (22).xls | 2.14.Я.3,data (22).xls,2.14.Я.3,-0.6885931679354367,-0.2075212286928713,0.14289770027947848,0.38,NS
35,Вологодская область,data (22).xls | 2.14.Я.3,data (22).xls,2.14.Я.3,-0.2406986038130483,-0.43146851075406556,0.1038538681277988,0.42,NS
36,Воронежская область,data (22).xls | 2.14.Я.3,data (22).xls,2.14.Я.3,-0.8987165436965574,-0.6591970377738094,0.592431283403087,0.08,NS
37,Ивановская область,data (22).xls | 2.14.Я.3,data (22).xls,2.14.Я.3,-0.5614132299747586,-0.5807666987948618,0.3260501082322011,0.22,NS
38,Иркутская область,data (22).xls | 2.14.Я.3,data (22).xls,2.14.Я.3,0.43390802363054937,1.1096205635781533,0.4814732657220129,0.14,NS
39,Калининградская область,data (22).xls | 2.14.Я.3,data (22).xls,2.14.Я.3,-0.6941227304554662,-0.22963947877298918,0.15939798202627734,0.34,NS
40,Калужская область,data (22).xls | 2.14.Я.3,data (22).xls,2.14.Я.3,0.0468386472284854,-0.7540263244224524,-0.035317573010614736,0.74,NS
41,Камчатский край,data (22).xls | 2.14.Я.3,data (22).xls,2.14.Я.3,0.019190834628337927,0.5260673989643743,0.010095672456885177,0.98,NS
42,Кемеровская область - Кузбасс,data (22).xls | 2.14.Я.3,data (22).xls,2.14.Я.3,-0.5724723550148176,0.057897772268544194,-0.03314487404068509,0.76,NS
43,Кировская область,data (22).xls | 2.14.Я.3,data (22).xls,2.14.Я.3,-0.4176446044539918,-0.2253387079240774,0.0941114955391249,0.52,NS
44,Костромская область,data (22).xls | 2.14.Я.3,data (22).xls,2.14.Я.3,-0.17987341609272386,-0.5381890673906348,0.09680590605531066,0.48,NS
45,Курганская область,data (22).xls | 2.14.Я.3,data (22).xls,2.14.Я.3,0.5223810239510213,0.09476152240207414,0.04950162110355313,0.84,NS
46,Курская область,data (22).xls | 2.14.Я.3,data (22).xls,2.14.Я.3,-0.8102435433760856,-0.850056393520298,0.6887527043553825,0.06,NS
47,Ленинградская область,data (22).xls | 2.14.Я.3,data (22).xls,2.14.Я.3,-0.9097756687366163,-0.4646458858742425,0.42272352154695647,0.14,NS
48,Липецкая область,data (22).xls | 2.14.Я.3,data (22).xls,2.14.Я.3,-0.6222384176950831,-0.7558695119291288,0.47033104908673584,0.14,NS
49,Магаданская область,data (22).xls | 2.14.Я.3,data (22).xls,2.14.Я.3,-0.19093254113278285,0.5997948992314343,-0.11452036426873917,0.62,NS
50,Московская область,data (22).xls | 2.14.Я.3,data (22).xls,2.14.Я.3,-0.4397628545341098,-0.5959729957249429,0.2620867858252457,0.2,NS
51,Мурманская область,data (22).xls | 2.14.Я.3,data (22).xls,2.14.Я.3,-0.6720044803753482,0.2772370855630474,-0.1863045636245716,0.46,NS
52,Нижегородская область,data (22).xls | 2.14.Я.3,data (22).xls,2.14.Я.3,-0.7162409805355842,-0.4452924170541393,0.318936677415917,0.16,NS
53,Новгородская область,data (22).xls | 2.14.Я.3,data (22).xls,2.14.Я.3,-0.30152379153337244,-0.4674106671342572,0.14093543655746432,0.54,NS
54,Новосибирская область,data (22).xls | 2.14.Я.3,data (22).xls,2.14.Я.3,-0.21858035373293033,-0.42593894823403605,0.0931018859736279,0.66,NS
55,Омская область,data (22).xls | 2.14.Я.3,data (22).xls,2.14.Я.3,-0.07481172821216348,-0.10798910333234041,0.008078851448374287,0.94,NS
56,Оренбургская область,data (22).xls | 2.14.Я.3,data (22).xls,2.14.Я.3,-0.11904822837239944,-0.3305539947635274,0.03935186745801734,0.64,NS
57,Орловская область,data (22).xls | 2.14.Я.3,data (22).xls,2.14.Я.3,-0.8157731058961151,-0.5890610425749061,0.4805401562637348,0.06,NS
58,Пензенская область,data (22).xls | 2.14.Я.3,data (22).xls,2.14.Я.3,-0.9153052312566459,-0.7096055055115489,0.6495056313232374,0.06,NS
59,Пермский край,data (22).xls | 2.14.Я.3,data (22).xls,2.14.Я.3,0.1408412100689865,-0.16770837854865897,-0.02362025097350079,0.74,NS
60,Псковская область,data (22).xls | 2.14.Я.3,data (22).xls,2.14.Я.3,-0.39552635437387385,-0.632191630231136,0.2500484507709973,0.32,NS
61,Ростовская область,data (22).xls | 2.14.Я.3,data (22).xls,2.14.Я.3,-0.6111792926550241,-0.20905463678666095,0.1277698650375244,0.38,NS
62,Рязанская область,data (22).xls | 2.14.Я.3,data (22).xls,2.14.Я.3,-0.6443566677752007,-0.6989610976604921,0.45038024379301134,0.12,NS
63,Самарская область,data (22).xls | 2.14.Я.3,data (22).xls,2.14.Я.3,-0.5005880422544342,-0.48814652658436786,0.24436031407617081,0.34,NS
64,Саратовская область,data (22).xls | 2.14.Я.3,data (22).xls,2.14.Я.3,-0.8213026684161446,-0.7042602617421869,0.5784108322283106,0.04,LL
65,Сахалинская область,data (22).xls | 2.14.Я.3,data (22).xls,2.14.Я.3,0.37861239843025474,-0.027810446791912774,-0.010529379961303079,1.0,NS
66,Свердловская область,data (22).xls | 2.14.Я.3,data (22).xls,2.14.Я.3,-0.08587085325222246,0.24511296044668543,-0.021048059056735135,0.82,NS
67,Смоленская область,data (22).xls | 2.14.Я.3,data (22).xls,2.14.Я.3,-0.9318939188167343,-0.3922086168618562,0.36549682496108626,0.2,NS
68,Тамбовская область,data (22).xls | 2.14.Я.3,data (22).xls,2.14.Я.3,-0.6554157928152597,-0.7803839057679265,0.5114759362991544,0.08,NS
69,Тверская область,data (22).xls | 2.14.Я.3,data (22).xls,2.14.Я.3,-0.3236420416134904,-0.5107255735411549,0.1652922673250802,0.48,NS
70,Томская область,data (22).xls | 2.14.Я.3,data (22).xls,2.14.Я.3,-0.6388271052551713,0.03577952218842624,-0.022856928587045508,0.8,NS
71,Тульская область,data (22).xls | 2.14.Я.3,data (22).xls,2.14.Я.3,-0.7107114180155547,-0.4950584797344047,0.3518437141326635,0.16,NS
72,Тюменская область,data (22).xls | 2.14.Я.3,data (22).xls,2.14.Я.3,0.5334401489910803,0.09771062241275663,0.05212276897787208,0.68,NS
73,Ульяновская область,data (22).xls | 2.14.Я.3,data (22).xls,2.14.Я.3,-0.5669427924947882,-0.6194736364350681,0.3512061133173987,0.2,NS
74,Челябинская область,data (22).xls | 2.14.Я.3,data (22).xls,2.14.Я.3,-0.1632847285326354,0.026102787778374645,-0.004262186616336897,0.98,NS
75,Забайкальский край,data (22).xls | 2.14.Я.3,data (22).xls,2.14.Я.3,0.5279105864710508,0.520998633321014,0.27504069406711246,0.32,NS
76,Ярославская область,data (22).xls | 2.14.Я.3,data (22).xls,2.14.Я.3,-0.7549479181757907,-0.40289910440057985,0.3041678401021083,0.14,NS
77,Москва,data (22).xls | 2.14.Я.3,data (22).xls,2.14.Я.3,-0.7770661682559087,-0.1964621036528122,0.15266405409298592,0.56,NS
78,Санкт-Петербург,data (22).xls | 2.14.Я.3,data (22).xls,2.14.Я.3,-1.0037782315771178,-0.8019491995960413,0.8049791493851993,0.12,NS
79,Еврейская автономная область,data (22).xls | 2.14.Я.3,data (22).xls,2.14.Я.3,0.3122576481899008,-0.1964621036528122,-0.06134679444506766,0.82,NS
83,Ненецкий автономный округ,data (22).xls | 2.14.Я.3,data (22).xls,2.14.Я.3,1.3960519021156808,0.12148774124888345,0.1696031922542414,0.42,NS
86,Ханты-Мансийский автономный округ - Югра,data (22).xls | 2.14.Я.3,data (22).xls,2.14.Я.3,0.765681774832319,0.19337205400926674,0.1480614575167864,0.48,NS
87,Чукотский автономный округ,data (22).xls | 2.14.Я.3,data (22).xls,2.14.Я.3,1.3905223395956512,0.04960342848850002,0.06897467543379462,0.74,NS
89,Ямало-Ненецкий автономный округ,data (22).xls | 2.14.Я.3,data (22).xls,2.14.Я.3,1.4402884022759168,0.5182338520609993,0.7464062067902305,0.04,HH
91,Республика Крым,data (22).xls | 2.14.Я.3,data (22).xls,2.14.Я.3,-0.047163915612016,-0.47565079951704625,0.02243355416920991,0.88,NS
92,Севастополь,data (22).xls | 2.14.Я.3,data (22).xls,2.14.Я.3,-1.1364877320578255,-0.047163915612016,0.053601211488866735,0.78,NS
1,Республика Адыгея,data (23).xls | 2.14.Я.4,data (23).xls,2.14.Я.4,-0.33465959908010706,-0.5444161315907937,0.18219408433091783,0.56,NS
2,Республика Башкортостан,data (23).xls | 2.14.Я.4,data (23).xls,2.14.Я.4,-0.49957163153678474,-0.3782986018208361,0.18898724971971956,0.2,NS
3,Республика Бурятия,data (23).xls | 2.14.Я.4,data (23).xls,2.14.Я.4,0.12174168372762827,-0.2259237414222684,-0.027504336674792268,0.88,NS
4,Республика Алтай,data (23).xls | 2.14.Я.4,data (23).xls,2.14.Я.4,0.2324063370867146,-0.03195922371554728,-0.007427526119865205,0.94,NS
5,Республика Дагестан,data (23).xls | 2.14.Я.4,data (23).xls,2.14.Я.4,-0.5950470187485456,0.16779168109491688,-0.09984393960633699,0.6,NS
6,Республика Ингушетия,data (23).xls | 2.14.Я.4,data (23).xls,2.14.Я.4,-0.33176640552823555,-0.45725867584066354,0.1517030672802576,0.68,NS
7,Кабардино-Балкарская Республика,data (23).xls | 2.14.Я.4,data (23).xls,2.14.Я.4,-0.45038734115496865,0.11667859501185304,-0.052550562177085876,0.68,NS
8,Республика Калмыкия,data (23).xls | 2.14.Я.4,data (23).xls,2.14.Я.4,-0.04461694550498529,0.04102158363041228,-0.0018302577613663012,0.96,NS
9,Карачаево-Черкесская Республика,data (23).xls | 2.14.Я.4,data (23).xls,2.14.Я.4,-0.35635855071914363,0.029882788455706855,-0.01064898718552245,0.96,NS
10,Республика Карелия,data (23).xls | 2.14.Я.4,data (23).xls,2.14.Я.4,-0.37082451847850134,-0.422902002412189,0.156822431408094,0.46,NS
11,Республика Коми,data (23).xls | 2.14.Я.4,data (23).xls,2.14.Я.4,-0.3997564539972167,0.0069438967230110865,-0.002775867530913805,1.0,NS
12,Республика Марий Эл,data (23).xls | 2.14.Я.4,data (23).xls,2.14.Я.4,1.2226018302147492,0.12861301841332312,0.15724251170157208,0.4,NS
13,Республика Мордовия,data (23).xls | 2.14.Я.4,data (23).xls,2.14.Я.4,2.77118367885399,-0.04591888260332744,-0.1272496580215534,0.5,NS
14,Республика Саха (Якутия),data (23).xls | 2.14.Я.4,data (23).xls,2.14.Я.4,-0.4279650911279642,0.26774462975600266,-0.11458535487255071,0.48,NS
15,Республика Северная Осетия - Алания,data (23).xls | 2.14.Я.4,data (23).xls,2.14.Я.4,-0.37805750235818014,0.10076603047655958,-0.038095353804516376,0.84,NS
16,Республика Татарстан,data (23).xls | 2.14.Я.4,data (23).xls,2.14.Я.4,0.40455135342307125,-0.003117700495327849,-0.001261269954952661,1.0,NS
17,Республика Тыва,data (23).xls | 2.14.Я.4,data (23).xls,2.14.Я.4,0.20781419189580652,-0.21488138603262535,-0.04465540159182088,0.7,NS
18,Удмуртская Республика,data (23).xls | 2.14.Я.4,data (23).xls,2.14.Я.4,-0.3816739942980196,0.11812519178778882,-0.045085313776864984,0.92,NS
19,Республика Хакасия,data (23).xls | 2.14.Я.4,data (23).xls,2.14.Я.4,-0.3339363006921392,-0.04371282252002541,0.014597298245149319,0.82,NS
20,Чеченская Республика,data (23).xls | 2.14.Я.4,data (23).xls,2.14.Я.4,-0.5364598493231469,0.05254613794536728,-0.028188893244685025,0.92,NS
21,Чувашская Республика - Чувашия,data (23).xls | 2.14.Я.4,data (23).xls,2.14.Я.4,-0.5227171799517571,0.763307353855142,-0.3989938674435978,0.2,NS
22,Алтайский край,data (23).xls | 2.14.Я.4,data (23).xls,2.14.Я.4,0.09208644982094498,0.04386655728975262,0.004039515526680412,0.96,NS
23,Краснодарский край,data (23).xls | 2.14.Я.4,data (23).xls,2.14.Я.4,-0.5444161315907937,-0.14479377223853737,0.07882806536054297,0.54,NS
24,Красноярский край,data (23).xls | 2.14.Я.4,data (23).xls,2.14.Я.4,-0.5212705831758213,-0.2576283207615273,0.13429406500596888,0.44,NS
25,Приморский край,data (23).xls | 2.14.Я.4,data (23).xls,2.14.Я.4,-0.3823972926859875,-0.48365906700149136,0.18494991780440093,0.54,NS
26,Ставропольский край,data (23).xls | 2.14.Я.4,data (23).xls,2.14.Я.4,1.084451838112883,-0.41919509817385364,-0.454596894742546,0.08,NS
27,Хабаровский край,data (23).xls | 2.14.Я.4,data (23).xls,2.14.Я.4,-0.48365906700149136,0.12933631680129098,-0.06255468231352171,0.66,NS
28,Амурская область,data (23).xls | 2.14.Я.4,data (23).xls,2.14.Я.4,0.46241522446050193,-0.20699743360377543,-0.09571876472263766,0.52,NS
29,Архангельская область,data (23).xls | 2.14.Я.4,data (23).xls,2.14.Я.4,-0.4930619460450738,0.08400961782197024,-0.04142194564980356,0.7,NS
30,Астраханская область,data (23).xls | 2.14.Я.4,data (23).xls,2.14.Я.4,-0.4561737282587117,0.2877386637662578,-0.1312588190144337,0.72,NS
31,Белгородская область,data (23).xls | 2.14.Я.4,data (23).xls,2.14.Я.4,-0.42000880886031744,-0.1702297655487413,0.07149800106069794,0.8,NS
32,Брянская область,data (23).xls | 2.14.Я.4,data (23).xls,2.14.Я.4,-0.2767957280426763,-0.37245193985142905,0.1030931058520834,0.64,NS
33,Владимирская область,data (23).xls | 2.14.Я.4,data (23).xls,2.14.Я.4,-0.479319276673684,-0.17683589082551465,0.08476085128043225,0.68,NS
34,Волгоградская область,data (23).xls | 2.14.Я.4,data (23).xls,2.14.Я.4,0.6200942730375009,-0.24815311187914807,-0.15387832351269395,0.44,NS
35,Вологодская область,data (23).xls | 2.14.Я.4,data (23).xls,2.14.Я.4,-0.5002949299247527,0.3363804803570981,-0.16828944884830904,0.32,NS
36,Воронежская область,data (23).xls | 2.14.Я.4,data (23).xls,2.14.Я.4,0.28882361134820955,-0.12445100507694057,-0.035944388722236334,0.64,NS
37,Ивановская область,data (23).xls | 2.14.Я.4,data (23).xls,2.14.Я.4,-0.4916153492691381,0.2828563996474746,-0.13905654770570414,0.56,NS
38,Иркутская область,data (23).xls | 2.14.Я.4,data (23).xls,2.14.Я.4,-0.573348067109509,-0.18638342954669068,0.10686257907183645,0.48,NS
39,Калининградская область,data (23).xls | 2.14.Я.4,data (23).xls,2.14.Я.4,-0.50463472025256,0.2852071194083702,-0.14392541491668134,0.54,NS
40,Калужская область,data (23).xls | 2.14.Я.4,data (23).xls,2.14.Я.4,-0.30572766356139164,1.0098315544208627,-0.3087334417236587,0.16,NS
41,Камчатский край,data (23).xls | 2.14.Я.4,data (23).xls,2.14.Я.4,-0.03738396162530647,1.0813175450983552,-0.040423933610727505,0.76,NS
42,Кемеровская область - Кузбасс,data (23).xls | 2.14.Я.4,data (23).xls,2.14.Я.4,-0.09380123588680143,-0.16781877092218161,0.015741608117504653,0.84,NS
43,Кировская область,data (23).xls | 2.14.Я.4,data (23).xls,2.14.Я.4,1.1481020962540567,0.15613854039987887,0.17926298553914966,0.2,NS
44,Костромская область,data (23).xls | 2.14.Я.4,data (23).xls,2.14.Я.4,2.648946251287418,-0.1764019117927339,-0.46727918296329624,0.16,NS
45,Курганская область,data (23).xls | 2.14.Я.4,data (23).xls,2.14.Я.4,-0.46413001052635844,-0.423143101874845,0.19639341232732777,0.38,NS
46,Курская область,data (23).xls | 2.14.Я.4,data (23).xls,2.14.Я.4,-0.2333978247646032,-0.2675375086766874,0.06244267256807999,0.68,NS
47,Ленинградская область,data (23).xls | 2.14.Я.4,data (23).xls,2.14.Я.4,-0.37082451847850134,-0.20024664864940844,0.07425636706235053,0.64,NS
48,Липецкая область,data (23).xls | 2.14.Я.4,data (23).xls,2.14.Я.4,-0.4576203250346475,0.556323465164999,-0.2545849249532082,0.1,NS
49,Магаданская область,data (23).xls | 2.14.Я.4,data (23).xls,2.14.Я.4,0.7864529022701143,0.39171280703664113,0.3080636739503397,0.18,NS
50,Московская область,data (23).xls | 2.14.Я.4,data (23).xls,2.14.Я.4,-0.5776878574373164,0.846757905366937,-0.48916176011953577,0.02,LH
51,Мурманская область,data (23).xls | 2.14.Я.4,data (23).xls,2.14.Я.4,-0.32742661520042826,0.030123887918362846,-0.00986336265778662,0.98,NS
52,Нижегородская область,data (23).xls | 2.14.Я.4,data (23).xls,2.14.Я.4,-0.5154841960720783,0.9400633974147939,-0.4845878246731517,0.04,LH
53,Новгородская область,data (23).xls | 2.14.Я.4,data (23).xls,2.14.Я.4,1.1784806285487082,-0.4487599197820409,-0.5288548723322074,0.1,NS
54,Новосибирская область,data (23).xls | 2.14.Я.4,data (23).xls,2.14.Я.4,-0.007005429330655308,-0.25563925019461564,0.0017908627013800912,1.0,NS
55,Омская область,data (23).xls | 2.14.Я.4,data (23).xls,2.14.Я.4,-0.5516491154704726,-0.19723290536620894,0.10880335778694059,0.7,NS
56,Оренбургская область,data (23).xls | 2.14.Я.4,data (23).xls,2.14.Я.4,-0.5581588009621835,-0.2516611090607923,0.14046686288218513,0.38,NS
57,Орловская область,data (23).xls | 2.14.Я.4,data (23).xls,2.14.Я.4,-0.4720862927940052,0.03349928039554634,-0.015814551093200367,0.94,NS
58,Пензенская область,data (23).xls | 2.14.Я.4,data (23).xls,2.14.Я.4,-0.3484022684514969,0.8875700169080246,-0.30923140730028925,0.16,NS
59,Пермский край,data (23).xls | 2.14.Я.4,data (23).xls,2.14.Я.4,-0.5805810509891879,-0.14848259401717356,0.08620618048809153,0.62,NS
60,Псковская область,data (23).xls | 2.14.Я.4,data (23).xls,2.14.Я.4,-0.39686326044534515,-0.14052631174952676,0.0557697302592762,0.72,NS
61,Ростовская область,data (23).xls | 2.14.Я.4,data (23).xls,2.14.Я.4,-0.448217445991065,0.05540488871685936,-0.024833437716089878,0.78,NS
62,Рязанская область,data (23).xls | 2.14.Я.4,data (23).xls,2.14.Я.4,1.223325128602717,0.3654932404728054,0.4471170654048184,0.06,NS
63,Самарская область,data (23).xls | 2.14.Я.4,data (23).xls,2.14.Я.4,-0.3672080265386619,-0.20012609891808048,0.07348790984258938,0.76,NS
64,Саратовская область,data (23).xls | 2.14.Я.4,data (23).xls,2.14.Я.4,-0.5805810509891879,0.20287165291135922,-0.11778343746319067,0.5,NS
65,Сахалинская область,data (23).xls | 2.14.Я.4,data (23).xls,2.14.Я.4,-0.05835961487637506,-0.2605215143133989,0.015203935242339994,0.96,NS
66,Свердловская область,data (23).xls | 2.14.Я.4,data (23).xls,2.14.Я.4,-0.6095129865079033,-0.4423277305461837,0.26960449606046755,0.18,NS
67,Смоленская область,data (23).xls | 2.14.Я.4,data (23).xls,2.14.Я.4,-0.47859597828571615,-0.4168262959532588,0.19949138888696136,0.22,NS
68,Тамбовская область,data (23).xls | 2.14.Я.4,data (23).xls,2.14.Я.4,1.0902382252166258,0.02510901909511884,0.027374812415192733,0.88,NS
69,Тверская область,data (23).xls | 2.14.Я.4,data (23).xls,2.14.Я.4,-0.5270569702795644,-0.21627976291602988,0.1139917565753052,0.44,NS
70,Томская область,data (23).xls | 2.14.Я.4,data (23).xls,2.14.Я.4,-0.4691930992421336,-0.2969275331744491,0.1393163495404412,0.42,NS
71,Тульская область,data (23).xls | 2.14.Я.4,data (23).xls,2.14.Я.4,1.44103794338105,-0.11795940204492879,-0.1699839741252826,0.36,NS
72,Тюменская область,data (23).xls | 2.14.Я.4,data (23).xls,2.14.Я.4,-0.11550018752583796,-0.5173647718807948,0.059755728171494174,0.82,NS
73,Ульяновская область,data (23).xls | 2.14.Я.4,data (23).xls,2.14.Я.4,-0.06631589714402175,0.22613775105765951,-0.014996527839520145,0.86,NS
74,Челябинская область,data (23).xls | 2.14.Я.4,data (23).xls,2.14.Я.4,-0.5444161315907937,-0.5328433573833075,0.29008851937047103,0.16,NS
75,Забайкальский край,data (23).xls | 2.14.Я.4,data (23).xls,2.14.Я.4,-0.3122373490531027,-0.10428906251233575,0.03256294041408502,0.92,NS
76,Ярославская область,data (23).xls | 2.14.Я.4,data (23).xls,2.14.Я.4,-0.5227171799517571,0.012161977950493785,-0.006357274816917563,0.94,NS
77,Москва,data (23).xls | 2.14.Я.4,data (23).xls,2.14.Я.4,6.423117239703841,-0.441707760499354,-2.837140731374376,0.02,HL
78,Санкт-Петербург,data (23).xls | 2.14.Я.4,data (23).xls,2.14.Я.4,-0.6073430913439997,-0.4377296193655307,0.2658520601982937,0.3,NS
79,Еврейская автономная область,data (23).xls | 2.14.Я.4,data (23).xls,2.14.Я.4,0.39587177276745655,-0.010621921270494716,-0.004204918803547098,0.98,NS
83,Ненецкий автономный округ,data (23).xls | 2.14.Я.4,data (23).xls,2.14.Я.4,0.9542581282786636,-0.2746258328787726,-0.26206393325986665,0.18,NS
86,Ханты-Мансийский автономный округ - Югра,data (23).xls | 2.14.Я.4,data (23).xls,2.14.Я.4,-0.49233864765710594,-0.3322486044535474,0.16357882860262024,0.34,NS
87,Чукотский автономный округ,data (23).xls | 2.14.Я.4,data (23).xls,2.14.Я.4,2.5158593479013267,-0.04588271768392907,-0.11543446419223045,0.52,NS
89,Ямало-Ненецкий автономный округ,data (23).xls | 2.14.Я.4,data (23).xls,2.14.Я.4,0.12174168372762827,-0.11477688913787007,-0.013973131736663631,0.9,NS
90,Запорожская область,data (23).xls | 2.14.Я.4,data (23).xls,2.14.Я.4,-0.5588820993501513,-0.50463472025256,0.282031311859727,0.2,NS
91,Республика Крым,data (23).xls | 2.14.Я.4,data (23).xls,2.14.Я.4,-0.3635915345988225,-0.48414126592680323,0.17602966584094298,0.38,NS
92,Севастополь,data (23).xls | 2.14.Я.4,data (23).xls,2.14.Я.4,-0.3491255668394648,-0.3635915345988225,0.12693910061484476,0.7,NS
93,Донецкая Народная Республика,data (23).xls | 2.14.Я.4,data (23).xls,2.14.Я.4,-0.45038734115496865,-0.5294076900404601,0.23843852190431658,0.28,NS
94,Луганская Народная Республика,data (23).xls | 2.14.Я.4,data (23).xls,2.14.Я.4,-0.5661150832298303,-0.25744749616453544,0.1457449107184974,0.36,NS
95,Херсонская область,data (23).xls | 2.14.Я.4,data (23).xls,2.14.Я.4,-0.5588820993501513,-0.46123681697448693,0.2577770005682828,0.3,NS
1,Республика Адыгея,data (25).xls | 2.14.Я.6,data (25).xls,2.14.Я.6,0.6354879642710094,0.4196575078258953,0.2666872953393234,0.7,NS
2,Республика Башкортостан,data (25).xls | 2.14.Я.6,data (25).xls,2.14.Я.6,0.4000365572399771,0.279040695293475,0.11162647907505123,0.74,NS
3,Республика Бурятия,data (25).xls | 2.14.Я.6,data (25).xls,2.14.Я.6,-0.5221481202982311,-0.6071722395038813,0.317033843554219,0.28,NS
4,Республика Алтай,data (25).xls | 2.14.Я.6,data (25).xls,2.14.Я.6,-0.9538090331884566,0.41965750782589595,-0.40027312180969493,0.22,NS
5,Республика Дагестан,data (25).xls | 2.14.Я.6,data (25).xls,2.14.Я.6,-1.8367518095548256,0.14496419962302567,-0.2662632559782594,0.36,NS
6,Республика Ингушетия,data (25).xls | 2.14.Я.6,data (25).xls,2.14.Я.6,-2.5038641294760806,-0.24745481209535958,0.6195932276718146,0.12,NS
7,Кабардино-Балкарская Республика,data (25).xls | 2.14.Я.6,data (25).xls,2.14.Я.6,-0.16897100975168408,-1.5882197687998456,0.26836309804169617,0.34,NS
8,Республика Калмыкия,data (25).xls | 2.14.Я.6,data (25).xls,2.14.Я.6,-0.07086625682208751,-0.29846928361875036,0.02115140090643084,0.88,NS
9,Карачаево-Черкесская Республика,data (25).xls | 2.14.Я.6,data (25).xls,2.14.Я.6,-3.3868069058424495,0.020698179245536324,-0.07010073640714728,0.72,NS
10,Республика Карелия,data (25).xls | 2.14.Я.6,data (25).xls,2.14.Я.6,0.6354879642710094,0.7139717666146856,0.4537204645129428,0.18,NS
11,Республика Коми,data (25).xls | 2.14.Я.6,data (25).xls,2.14.Я.6,-0.24745481209535963,0.2991288113695347,-0.07402086380975648,0.76,NS
12,Республика Марий Эл,data (25).xls | 2.14.Я.6,data (25).xls,2.14.Я.6,-0.3455595650249562,0.08119611021878757,-0.028058092528922638,0.82,NS
13,Республика Мордовия,data (25).xls | 2.14.Я.6,data (25).xls,2.14.Я.6,0.6158670136850884,0.7453652875521569,0.4590458937492741,0.12,NS
14,Республика Саха (Якутия),data (25).xls | 2.14.Я.6,data (25).xls,2.14.Я.6,-0.2866967132671988,-0.2923026991488901,0.08380222312511763,0.68,NS
15,Республика Северная Осетия - Алания,data (25).xls | 2.14.Я.6,data (25).xls,2.14.Я.6,-1.189260440219486,-0.9538090331884557,1.134327350695025,0.04,LL
16,Республика Татарстан,data (25).xls | 2.14.Я.6,data (25).xls,2.14.Я.6,-0.679115724985585,0.3877734631237775,-0.26334305653947515,0.26,NS
17,Республика Тыва,data (25).xls | 2.14.Я.6,data (25).xls,2.14.Я.6,-0.36518051561087717,0.023314305990325968,-0.008513930282657,0.98,NS
18,Удмуртская Республика,data (25).xls | 2.14.Я.6,data (25).xls,2.14.Я.6,0.7924555689583633,-0.1738762473981629,-0.13778920056025631,0.54,NS
19,Республика Хакасия,data (25).xls | 2.14.Я.6,data (25).xls,2.14.Я.6,0.5962460630991702,-0.01690864271080897,-0.010081711648670328,1.0,NS
20,Чеченская Республика,data (25).xls | 2.14.Я.6,data (25).xls,2.14.Я.6,0.6943508160287668,-1.5097359664561694,-1.0482864002968202,0.08,NS
21,Чувашская Республика - Чувашия,data (25).xls | 2.14.Я.6,data (25).xls,2.14.Я.6,0.6551089148569276,0.22737219208388695,0.14895355002471608,0.44,NS
22,Алтайский край,data (25).xls | 2.14.Я.6,data (25).xls,2.14.Я.6,0.8120765195442815,-0.025084038788274643,-0.020370158915295828,0.96,NS
23,Краснодарский край,data (25).xls | 2.14.Я.6,data (25).xls,2.14.Я.6,0.4196575078258953,-0.38280089868607364,-0.16064527113611068,0.46,NS
24,Красноярский край,data (25).xls | 2.14.Я.6,data (25).xls,2.14.Я.6,0.6158670136850884,0.2577846654920618,0.15876107211040558,0.38,NS
25,Приморский край,data (25).xls | 2.14.Я.6,data (25).xls,2.14.Я.6,0.3411737054822197,0.22344800196670217,0.07623458281357809,0.82,NS
26,Ставропольский край,data (25).xls | 2.14.Я.6,data (25).xls,2.14.Я.6,-0.18859196033760225,-0.6178002544045875,0.11651216107523055,0.38,NS
27,Хабаровский край,data (25).xls | 2.14.Я.6,data (25).xls,2.14.Я.6,0.22344800196670217,-0.22456370307845414,-0.05017831076712434,0.88,NS
28,Амурская область,data (25).xls | 2.14.Я.6,data (25).xls,2.14.Я.6,0.557004161927331,-0.806651903794061,-0.449308467639897,0.12,NS
29,Архангельская область,data (25).xls | 2.14.Я.6,data (25).xls,2.14.Я.6,0.49814131016957364,0.40984703253293664,0.20416173775506893,0.24,NS
30,Астраханская область,data (25).xls | 2.14.Я.6,data (25).xls,2.14.Я.6,0.5373832113414129,-0.3357490897319971,-0.18042592404513677,0.62,NS
31,Белгородская область,data (25).xls | 2.14.Я.6,data (25).xls,2.14.Я.6,0.9494231736457173,-1.5449767326065653,-1.466836712680116,0.02,HL
32,Брянская область,data (25).xls | 2.14.Я.6,data (25).xls,2.14.Я.6,0.5962460630991702,-1.2137866284518868,-0.7237154986568527,0.16,NS
33,Владимирская область,data (25).xls | 2.14.Я.6,data (25).xls,2.14.Я.6,0.7532136677865241,0.6668814852084796,0.5023042494528035,0.14,NS
34,Волгоградская область,data (25).xls | 2.14.Я.6,data (25).xls,2.14.Я.6,-0.6006319226419067,0.313704374661932,-0.18842086169437325,0.48,NS
35,Вологодская область,data (25).xls | 2.14.Я.6,data (25).xls,2.14.Я.6,0.8120765195442815,-0.07331887564532624,-0.05954053735095652,0.72,NS
36,Воронежская область,data (25).xls | 2.14.Я.6,data (25).xls,2.14.Я.6,-0.05124530623616653,-0.199354628820761,0.010215989003517207,0.94,NS
37,Ивановская область,data (25).xls | 2.14.Я.6,data (25).xls,2.14.Я.6,0.5962460630991702,0.1793008631483848,0.10690743376250753,0.6,NS
38,Иркутская область,data (25).xls | 2.14.Я.6,data (25).xls,2.14.Я.6,0.3804156066540589,-0.47898202900920883,-0.18221223914193022,0.48,NS
39,Калининградская область,data (25).xls | 2.14.Я.6,data (25).xls,2.14.Я.6,-0.6987366755715032,-0.9047566567236567,0.6321866585202756,0.12,NS
40,Калужская область,data (25).xls | 2.14.Я.6,data (25).xls,2.14.Я.6,0.7532136677865241,0.26596006156952856,0.2003247534595144,0.54,NS
41,Камчатский край,data (25).xls | 2.14.Я.6,data (25).xls,2.14.Я.6,0.4392784584118163,-0.6398738238137458,-0.2810827869029764,0.3,NS
42,Кемеровская область - Кузбасс,data (25).xls | 2.14.Я.6,data (25).xls,2.14.Я.6,0.6354879642710094,0.3215527548962992,0.20434290561478402,0.28,NS
43,Кировская область,data (25).xls | 2.14.Я.6,data (25).xls,2.14.Я.6,-0.46328526854047375,0.07302071414132189,-0.03382942115997948,0.76,NS
44,Костромская область,data (25).xls | 2.14.Я.6,data (25).xls,2.14.Я.6,-1.0322928355321321,0.38826398688842506,-0.40080213196006287,0.2,NS
45,Курганская область,data (25).xls | 2.14.Я.6,data (25).xls,2.14.Я.6,-0.40442241678271357,0.3673349729301115,-0.14855849752120837,0.6,NS
46,Курская область,data (25).xls | 2.14.Я.6,data (25).xls,2.14.Я.6,-4.5836848915835295,0.5216864508726772,-2.3912463030089235,0.02,LH
47,Ленинградская область,data (25).xls | 2.14.Я.6,data (25).xls,2.14.Я.6,0.6158670136850884,-0.3848014661967949,-0.23698652984826357,0.36,NS
48,Липецкая область,data (25).xls | 2.14.Я.6,data (25).xls,2.14.Я.6,0.7728346183724452,-0.2997773469911453,-0.23167831155860583,0.32,NS
49,Магаданская область,data (25).xls | 2.14.Я.6,data (25).xls,2.14.Я.6,-0.6987366755715032,-0.22783386150944077,0.1591958749737249,0.58,NS
50,Московская область,data (25).xls | 2.14.Я.6,data (25).xls,2.14.Я.6,0.8905603218879599,0.1743956255019049,0.15530982438282853,0.52,NS
51,Мурманская область,data (25).xls | 2.14.Я.6,data (25).xls,2.14.Я.6,0.9298022230597991,0.642028281132982,0.5969593230647083,0.16,NS
52,Нижегородская область,data (25).xls | 2.14.Я.6,data (25).xls,2.14.Я.6,0.8120765195442815,0.2038270513807836,0.1655231624742802,0.3,NS
53,Новгородская область,data (25).xls | 2.14.Я.6,data (25).xls,2.14.Я.6,-0.1101081579939239,-0.3602752779643969,0.039669247227408666,0.78,NS
54,Новосибирская область,data (25).xls | 2.14.Я.6,data (25).xls,2.14.Я.6,0.24306895255262315,0.7090665289682061,0.17235205848642607,0.54,NS
55,Омская область,data (25).xls | 2.14.Я.6,data (25).xls,2.14.Я.6,0.7728346183724452,0.3738752897920843,0.2889437669053528,0.34,NS
56,Оренбургская область,data (25).xls | 2.14.Я.6,data (25).xls,2.14.Я.6,0.6747298654428485,0.12043801139062676,0.08126312321980185,0.64,NS
57,Орловская область,data (25).xls | 2.14.Я.6,data (25).xls,2.14.Я.6,0.3411737054822197,-0.30631766385311826,-0.10450753243142534,0.6,NS
58,Пензенская область,data (25).xls | 2.14.Я.6,data (25).xls,2.14.Я.6,0.6747298654428485,0.6943508160287664,0.4684992326692216,0.16,NS
59,Пермский край,data (25).xls | 2.14.Я.6,data (25).xls,2.14.Я.6,0.046859446693430035,0.2430689525526226,0.011390076624967493,1.0,NS
60,Псковская область,data (25).xls | 2.14.Я.6,data (25).xls,2.14.Я.6,-1.9544775130703402,-0.49467878947794347,0.9668385702274973,0.06,NS
61,Ростовская область,data (25).xls | 2.14.Я.6,data (25).xls,2.14.Я.6,0.5962460630991702,-0.07023970545883823,-0.04188014785307759,0.76,NS
62,Рязанская область,data (25).xls | 2.14.Я.6,data (25).xls,2.14.Я.6,0.8513184207161207,0.7703819995492038,0.6558403872043554,0.02,HH
63,Самарская область,data (25).xls | 2.14.Я.6,data (25).xls,2.14.Я.6,0.6551089148569276,0.3215527548963001,0.21065207632937075,0.46,NS
64,Саратовская область,data (25).xls | 2.14.Я.6,data (25).xls,2.14.Я.6,0.557004161927331,0.3542543392061656,0.19732114131865072,0.3,NS
65,Сахалинская область,data (25).xls | 2.14.Я.6,data (25).xls,2.14.Я.6,0.06648039727934824,0.33136323018925923,0.022029159186750073,0.82,NS
66,Свердловская область,data (25).xls | 2.14.Я.6,data (25).xls,2.14.Я.6,0.7335927172006059,-0.009200412123482674,-0.006749355329031051,0.98,NS
67,Смоленская область,data (25).xls | 2.14.Я.6,data (25).xls,2.14.Я.6,-1.365848995492761,-0.12580491846266073,0.17183052151027386,0.62,NS
68,Тамбовская область,data (25).xls | 2.14.Я.6,data (25).xls,2.14.Я.6,0.713971766614685,0.5609283520445159,0.40048700645348695,0.28,NS
69,Тверская область,data (25).xls | 2.14.Я.6,data (25).xls,2.14.Я.6,-0.9145671320166173,-0.25726528738831966,0.23528637605416636,0.4,NS
70,Томская область,data (25).xls | 2.14.Я.6,data (25).xls,2.14.Я.6,0.6158670136850884,0.38368576508504426,0.2362994063364046,0.34,NS
71,Тульская область,data (25).xls | 2.14.Я.6,data (25).xls,2.14.Я.6,0.9298022230597991,0.7218201468490539,0.671149977189601,0.1,NS
72,Тюменская область,data (25).xls | 2.14.Я.6,data (25).xls,2.14.Я.6,0.26268990313854135,0.29800761419319693,0.07828359130695871,0.7,NS
73,Ульяновская область,data (25).xls | 2.14.Я.6,data (25).xls,2.14.Я.6,0.7335927172006059,0.413117190963923,0.3030597626415059,0.16,NS
74,Челябинская область,data (25).xls | 2.14.Я.6,data (25).xls,2.14.Я.6,0.10572229845118741,0.35098418077517957,0.03710685431155905,0.74,NS
75,Забайкальский край,data (25).xls | 2.14.Я.6,data (25).xls,2.14.Я.6,-1.8367518095548256,0.03214373375399002,-0.05904006113848969,0.64,NS
76,Ярославская область,data (25).xls | 2.14.Я.6,data (25).xls,2.14.Я.6,0.18420610079486577,0.18420610079486435,0.03393188757004799,0.9,NS
77,Москва,data (25).xls | 2.14.Я.6,data (25).xls,2.14.Я.6,0.20382705138078397,0.821886994837242,0.16752280272588865,0.72,NS
78,Санкт-Петербург,data (25).xls | 2.14.Я.6,data (25).xls,2.14.Я.6,-0.9930509343602929,-0.04143483094320738,0.04114689758321286,0.94,NS
79,Еврейская автономная область,data (25).xls | 2.14.Я.6,data (25).xls,2.14.Я.6,-1.3266070943209218,0.3902260819470166,-0.5176766886999696,0.18,NS
83,Ненецкий автономный округ,data (25).xls | 2.14.Я.6,data (25).xls,2.14.Я.6,0.7924555689583633,0.4736151219371745,0.37531894092200824,0.28,NS
86,Ханты-Мансийский автономный округ - Югра,data (25).xls | 2.14.Я.6,data (25).xls,2.14.Я.6,-0.22783386150944146,0.44908893370477493,-0.10231766592711643,0.6,NS
87,Чукотский автономный округ,data (25).xls | 2.14.Я.6,data (25).xls,2.14.Я.6,-1.2873651931490826,-0.3112229014995972,0.40065753070144683,0.22,NS
89,Ямало-Ненецкий автономный округ,data (25).xls | 2.14.Я.6,data (25).xls,2.14.Я.6,0.713971766614685,0.23325847725966267,0.16653996708693267,0.5,NS
91,Республика Крым,data (25).xls | 2.14.Я.6,data (25).xls,2.14.Я.6,0.046859446693430035,0.4105780091233922,0.019239458332012228,0.92,NS
92,Севастополь,data (25).xls | 2.14.Я.6,data (25).xls,2.14.Я.6,0.8120765195442815,0.046859446693430035,0.03805345637857145,0.92,NS
1,Республика Адыгея,data (29).xls | 2.14.Я3.1,data (29).xls,2.14.Я3.1,1.6054116113320718,-0.666235292833159,-1.0695818749935764,0.14,NS
2,Республика Башкортостан,data (29).xls | 2.14.Я3.1,data (29).xls,2.14.Я3.1,2.553411743964154,-0.1664306713673825,-0.4249660308253131,0.14,NS
3,Республика Бурятия,data (29).xls | 2.14.Я3.1,data (29).xls,2.14.Я3.1,-0.23221113572449506,0.14893483460192491,-0.03458432709185281,0.68,NS
4,Республика Алтай,data (29).xls | 2.14.Я3.1,data (29).xls,2.14.Я3.1,0.44039940014565754,-0.19604245596543948,-0.08633698001026104,0.48,NS
5,Республика Дагестан,data (29).xls | 2.14.Я3.1,data (29).xls,2.14.Я3.1,0.062214608279043224,-0.180178999930766,-0.011209765900802363,0.9,NS
6,Республика Ингушетия,data (29).xls | 2.14.Я3.1,data (29).xls,2.14.Я3.1,0.11297766758999792,-0.6414883014190685,-0.07247385208059591,0.58,NS
7,Кабардино-Балкарская Республика,data (29).xls | 2.14.Я3.1,data (29).xls,2.14.Я3.1,0.5063913772498984,-0.5922058313380164,-0.2998879265466791,0.28,NS
8,Республика Калмыкия,data (29).xls | 2.14.Я3.1,data (29).xls,2.14.Я3.1,-0.5596328682801538,0.18125398236323242,-0.10143568603713617,0.36,NS
9,Карачаево-Черкесская Республика,data (29).xls | 2.14.Я3.1,data (29).xls,2.14.Я3.1,0.11424674407277244,-0.15141326632122507,-0.017298472686623535,0.8,NS
10,Республика Карелия,data (29).xls | 2.14.Я3.1,data (29).xls,2.14.Я3.1,0.10155597924503354,-0.16050831444777114,-0.016300579050713162,0.78,NS
11,Республика Коми,data (29).xls | 2.14.Я3.1,data (29).xls,2.14.Я3.1,-0.030427974963449473,-0.2079173859113951,0.006326505012977793,0.86,NS
12,Республика Марий Эл,data (29).xls | 2.14.Я3.1,data (29).xls,2.14.Я3.1,0.19039133303920402,0.8928251662545426,0.16998617357415133,0.44,NS
13,Республика Мордовия,data (29).xls | 2.14.Я3.1,data (29).xls,2.14.Я3.1,0.45435924145617007,0.6048717123131511,0.274829052384898,0.22,NS
14,Республика Саха (Якутия),data (29).xls | 2.14.Я3.1,data (29).xls,2.14.Я3.1,0.12186120296941505,-0.17111416791095266,-0.02085217834673917,0.74,NS
15,Республика Северная Осетия - Алания,data (29).xls | 2.14.Я3.1,data (29).xls,2.14.Я3.1,-1.5964683547064074,0.10832438715316053,-0.17293645613298608,0.28,NS
16,Республика Татарстан,data (29).xls | 2.14.Я3.1,data (29).xls,2.14.Я3.1,1.36555615608781,0.2670118256866769,0.3646196423146869,0.16,NS
17,Республика Тыва,data (29).xls | 2.14.Я3.1,data (29).xls,2.14.Я3.1,0.17770056821146601,-0.09895810503323818,-0.01758491149353636,0.72,NS
18,Удмуртская Республика,data (29).xls | 2.14.Я3.1,data (29).xls,2.14.Я3.1,-0.5507493329007367,1.0460661515494876,-0.5761202351359213,0.22,NS
19,Республика Хакасия,data (29).xls | 2.14.Я3.1,data (29).xls,2.14.Я3.1,-0.9720827251816622,0.15771261360777744,-0.1533097072313708,0.42,NS
20,Чеченская Республика,data (29).xls | 2.14.Я3.1,data (29).xls,2.14.Я3.1,0.31349175186827033,-0.039734535837124496,-0.012456449249252727,0.8,NS
21,Чувашская Республика - Чувашия,data (29).xls | 2.14.Я3.1,data (29).xls,2.14.Я3.1,0.10028690276225992,0.7503078772390368,0.07524605312642893,0.52,NS
22,Алтайский край,data (29).xls | 2.14.Я3.1,data (29).xls,2.14.Я3.1,0.09774874979671178,-0.12433963468871559,-0.012154043841001804,0.88,NS
23,Краснодарский край,data (29).xls | 2.14.Я3.1,data (29).xls,2.14.Я3.1,-0.666235292833159,0.3657304236386071,-0.24366251589086269,0.16,NS
24,Красноярский край,data (29).xls | 2.14.Я3.1,data (29).xls,2.14.Я3.1,0.10028690276225992,-0.21603041056912795,-0.02166502077843722,0.7,NS
25,Приморский край,data (29).xls | 2.14.Я3.1,data (29).xls,2.14.Я3.1,0.01779693138195798,-0.9048216715946468,-0.01610304920227845,0.82,NS
26,Ставропольский край,data (29).xls | 2.14.Я3.1,data (29).xls,2.14.Я3.1,-0.2943958833804146,-0.1451207620941379,0.04272295495354272,0.44,NS
27,Хабаровский край,data (29).xls | 2.14.Я3.1,data (29).xls,2.14.Я3.1,-0.9048216715946468,-0.5154267041301972,0.4663692520156045,0.16,NS
28,Амурская область,data (29).xls | 2.14.Я3.1,data (29).xls,2.14.Я3.1,0.0990178262794854,-0.8099582045072999,-0.08020030078754774,0.48,NS
29,Архангельская область,data (29).xls | 2.14.Я3.1,data (29).xls,2.14.Я3.1,-0.9961951783543659,-0.11968635425187832,0.11923096902053373,0.32,NS
30,Астраханская область,data (29).xls | 2.14.Я3.1,data (29).xls,2.14.Я3.1,0.09774874979671178,-0.09197818437798219,-0.008990752531519205,0.94,NS
31,Белгородская область,data (29).xls | 2.14.Я3.1,data (29).xls,2.14.Я3.1,0.0317567726924705,0.6662850605383651,0.021159063215905806,0.76,NS
32,Брянская область,data (29).xls | 2.14.Я3.1,data (29).xls,2.14.Я3.1,0.09774874979671178,-0.3181910674324247,-0.031102779038000728,0.68,NS
33,Владимирская область,data (29).xls | 2.14.Я3.1,data (29).xls,2.14.Я3.1,-0.07357657537776109,0.09800256509326669,-0.007210693117798674,0.88,NS
34,Волгоградская область,data (29).xls | 2.14.Я3.1,data (29).xls,2.14.Я3.1,0.3756764995241894,0.5246660786018422,0.1971047158282233,0.2,NS
35,Вологодская область,data (29).xls | 2.14.Я3.1,data (29).xls,2.14.Я3.1,0.38963634083470194,-0.4995103699087416,-0.1946273927402305,0.4,NS
36,Воронежская область,data (29).xls | 2.14.Я3.1,data (29).xls,2.14.Я3.1,2.1498454224420627,0.24210246713434913,0.5204828807307104,0.06,NS
37,Ивановская область,data (29).xls | 2.14.Я3.1,data (29).xls,2.14.Я3.1,-1.1269100560800744,0.2357608172983704,-0.26568123584319076,0.24,NS
38,Иркутская область,data (29).xls | 2.14.Я3.1,data (29).xls,2.14.Я3.1,0.16881703283204888,0.05358488819618118,0.009046041829916387,0.88,NS
39,Калининградская область,data (29).xls | 2.14.Я3.1,data (29).xls,2.14.Я3.1,0.09774874979671178,0.2636804999193954,0.025774439212892863,0.76,NS
40,Калужская область,data (29).xls | 2.14.Я3.1,data (29).xls,2.14.Я3.1,0.09774874979671178,0.7356711951377111,0.07191093958616404,0.46,NS
41,Камчатский край,data (29).xls | 2.14.Я3.1,data (29).xls,2.14.Я3.1,-2.1510547776785893,-0.21275196298862886,0.4576411264471885,0.12,NS
42,Кемеровская область - Кузбасс,data (29).xls | 2.14.Я3.1,data (29).xls,2.14.Я3.1,-0.08753641668827361,-0.40142133342767755,0.035138985110487596,0.68,NS
43,Кировская область,data (29).xls | 2.14.Я3.1,data (29).xls,2.14.Я3.1,0.4848170770427423,0.2102735312693284,0.10194419880945148,0.36,NS
44,Костромская область,data (29).xls | 2.14.Я3.1,data (29).xls,2.14.Я3.1,0.12313027945218957,0.1282065853832846,0.015786112685854836,0.84,NS
45,Курганская область,data (29).xls | 2.14.Я3.1,data (29).xls,2.14.Я3.1,0.13455196779715395,-0.18948556080444132,-0.025495655075384843,0.76,NS
46,Курская область,data (29).xls | 2.14.Я3.1,data (29).xls,2.14.Я3.1,-0.15099024082696721,0.2929327128473333,-0.04422998085891569,0.54,NS
47,Ленинградская область,data (29).xls | 2.14.Я3.1,data (29).xls,2.14.Я3.1,0.7538612913908037,-0.2658416625180025,-0.2004077390112996,0.26,NS
48,Липецкая область,data (29).xls | 2.14.Я3.1,data (29).xls,2.14.Я3.1,0.6929456202176574,0.23882775213174054,0.1654946448261179,0.2,NS
49,Магаданская область,data (29).xls | 2.14.Я3.1,data (29).xls,2.14.Я3.1,-0.8972072126980037,-0.6995485505059733,0.627640005146393,0.12,NS
50,Московская область,data (29).xls | 2.14.Я3.1,data (29).xls,2.14.Я3.1,0.11043951462445067,0.5295520230605215,0.058483468395199904,0.4,NS
51,Мурманская область,data (29).xls | 2.14.Я3.1,data (29).xls,2.14.Я3.1,-0.7893357116622244,-0.5896676783724687,0.4654457565523442,0.1,NS
52,Нижегородская область,data (29).xls | 2.14.Я3.1,data (29).xls,2.14.Я3.1,1.620640529125358,0.09568650051220429,0.1550734208202526,0.3,NS
53,Новгородская область,data (29).xls | 2.14.Я3.1,data (29).xls,2.14.Я3.1,-2.3490307089913127,-0.013295442446002101,0.031231402595285507,0.68,NS
54,Новосибирская область,data (29).xls | 2.14.Я3.1,data (29).xls,2.14.Я3.1,-0.7258818875235308,-0.3074039173288467,0.22313893574279065,0.42,NS
55,Омская область,data (29).xls | 2.14.Я3.1,data (29).xls,2.14.Я3.1,0.10917043814167705,-0.6738497517298022,-0.07356447263800281,0.52,NS
56,Оренбургская область,data (29).xls | 2.14.Я3.1,data (29).xls,2.14.Я3.1,-0.9720827251816622,0.8921906280131557,-0.867283097060567,0.08,NS
57,Орловская область,data (29).xls | 2.14.Я3.1,data (29).xls,2.14.Я3.1,-1.5076330009122358,0.20282828257038818,-0.30579061232146926,0.2,NS
58,Пензенская область,data (29).xls | 2.14.Я3.1,data (29).xls,2.14.Я3.1,0.569845201388592,0.30207006352330523,0.17213317618190263,0.24,NS
59,Пермский край,data (29).xls | 2.14.Я3.1,data (29).xls,2.14.Я3.1,-0.21952037089675616,0.4789793252219828,-0.10514571912460766,0.3,NS
60,Псковская область,data (29).xls | 2.14.Я3.1,data (29).xls,2.14.Я3.1,0.19039133303920402,-0.5192762361279446,-0.09886569481197985,0.42,NS
61,Ростовская область,data (29).xls | 2.14.Я3.1,data (29).xls,2.14.Я3.1,0.6650259375966323,0.14360826821036066,0.09550322321322374,0.32,NS
62,Рязанская область,data (29).xls | 2.14.Я3.1,data (29).xls,2.14.Я3.1,0.612993801802904,0.46292550771489327,0.28377046692569197,0.28,NS
63,Самарская область,data (29).xls | 2.14.Я3.1,data (29).xls,2.14.Я3.1,0.20942748028081282,0.19610217721168688,0.041069184851025016,0.62,NS
64,Саратовская область,data (29).xls | 2.14.Я3.1,data (29).xls,2.14.Я3.1,0.27034315145395826,0.5795747877565252,0.156684074625358,0.28,NS
65,Сахалинская область,data (29).xls | 2.14.Я3.1,data (29).xls,2.14.Я3.1,0.12313027945218957,-1.527938224636618,-0.18813546058518918,0.34,NS
66,Свердловская область,data (29).xls | 2.14.Я3.1,data (29).xls,2.14.Я3.1,-0.062154887032796265,0.2922800449419067,-0.018166633175304824,0.8,NS
67,Смоленская область,data (29).xls | 2.14.Я3.1,data (29).xls,2.14.Я3.1,0.28811022221279253,-0.178148477558328,-0.05132639745620056,0.5,NS
68,Тамбовская область,data (29).xls | 2.14.Я3.1,data (29).xls,2.14.Я3.1,0.05206199641685247,0.8591946394610349,0.044731388240999245,0.62,NS
69,Тверская область,data (29).xls | 2.14.Я3.1,data (29).xls,2.14.Я3.1,-1.3870707350487181,-0.3496007103810781,0.48492091432183604,0.08,NS
70,Томская область,data (29).xls | 2.14.Я3.1,data (29).xls,2.14.Я3.1,-1.348998440565502,-0.07273052438924481,0.09811336398260245,0.36,NS
71,Тульская область,data (29).xls | 2.14.Я3.1,data (29).xls,2.14.Я3.1,0.27668853386782727,0.001298937105897624,0.00035940100341733225,1.0,NS
72,Тюменская область,data (29).xls | 2.14.Я3.1,data (29).xls,2.14.Я3.1,0.05333107289962608,-0.210636835517339,-0.011233488430321754,0.84,NS
73,Ульяновская область,data (29).xls | 2.14.Я3.1,data (29).xls,2.14.Я3.1,0.12059212648664143,0.49496968890493387,0.059689447331477345,0.54,NS
74,Челябинская область,data (29).xls | 2.14.Я3.1,data (29).xls,2.14.Я3.1,-0.5596328682801538,0.4134315248867124,-0.23136987010978866,0.34,NS
75,Забайкальский край,data (29).xls | 2.14.Я3.1,data (29).xls,2.14.Я3.1,0.10028690276225992,0.03937123158911356,0.003948418874007848,0.94,NS
76,Ярославская область,data (29).xls | 2.14.Я3.1,data (29).xls,2.14.Я3.1,-0.7271509640063049,-0.3273918719325352,0.2380633152835717,0.18,NS
77,Москва,data (29).xls | 2.14.Я3.1,data (29).xls,2.14.Я3.1,5.1486731512367205,0.10409413221058123,0.5359466637139051,0.12,NS
78,Санкт-Петербург,data (29).xls | 2.14.Я3.1,data (29).xls,2.14.Я3.1,-0.025351669032353644,0.42580502059375774,-0.010794867954407475,0.88,NS
79,Еврейская автономная область,data (29).xls | 2.14.Я3.1,data (29).xls,2.14.Я3.1,-2.557159252166228,-0.4029019226575807,1.0302843792393943,0.12,NS
83,Ненецкий автономный округ,data (29).xls | 2.14.Я3.1,data (29).xls,2.14.Я3.1,-0.874363836008074,-0.429552528795832,0.37558519684489233,0.22,NS
86,Ханты-Мансийский автономный округ - Югра,data (29).xls | 2.14.Я3.1,data (29).xls,2.14.Я3.1,0.11424674407277244,-0.1983690961838583,-0.02266302336366444,0.62,NS
87,Чукотский автономный округ,data (29).xls | 2.14.Я3.1,data (29).xls,2.14.Я3.1,0.13582104427992758,-0.7071630094026166,-0.09604761841319963,0.48,NS
89,Ямало-Ненецкий автономный округ,data (29).xls | 2.14.Я3.1,data (29).xls,2.14.Я3.1,0.09774874979671178,-0.17256454103412278,-0.01686796814532887,0.86,NS
91,Республика Крым,data (29).xls | 2.14.Я3.1,data (29).xls,2.14.Я3.1,0.10409413221058078,-0.15819162777039347,-0.01646682021573832,0.66,NS
92,Севастополь,data (29).xls | 2.14.Я3.1,data (29).xls,2.14.Я3.1,0.19166040952197855,0.10409413221058078,0.01995072400831489,0.86,NS
1,Республика Адыгея,data (30).xls | 2.14.Я3.2,data (30).xls,2.14.Я3.2,-1.4893825199103286,0.4541029044463872,-0.6763329281229593,0.36,NS
2,Республика Башкортостан,data (30).xls | 2.14.Я3.2,data (30).xls,2.14.Я3.2,-0.6807480705196994,0.7642919622886314,-0.5202902786417007,0.14,NS
3,Республика Бурятия,data (30).xls | 2.14.Я3.2,data (30).xls,2.14.Я3.2,0.8998613164297896,-0.9162898615160937,-0.8245338010151417,0.08,NS
4,Республика Алтай,data (30).xls | 2.14.Я3.2,data (30).xls,2.14.Я3.2,0.34412436895107823,-0.3727284765418958,-0.12826495178007666,0.4,NS
5,Республика Дагестан,data (30).xls | 2.14.Я3.2,data (30).xls,2.14.Я3.2,0.5975531681359207,0.2575229134644342,0.1538836328082652,0.4,NS
6,Республика Ингушетия,data (30).xls | 2.14.Я3.2,data (30).xls,2.14.Я3.2,0.6177424645070401,-0.11969815031174635,-0.07394263037051232,0.78,NS
7,Кабардино-Балкарская Республика,data (30).xls | 2.14.Я3.2,data (30).xls,2.14.Я3.2,0.778194240930148,-0.1446691221391837,-0.11258067768913294,0.62,NS
8,Республика Калмыкия,data (30).xls | 2.14.Я3.2,data (30).xls,2.14.Я3.2,0.08697648885576663,-0.09780870266726938,-0.008507057537536746,0.96,NS
9,Карачаево-Черкесская Республика,data (30).xls | 2.14.Я3.2,data (30).xls,2.14.Я3.2,-0.11119739394495938,0.5111288117402512,-0.056836191835699684,0.8,NS
10,Республика Карелия,data (30).xls | 2.14.Я3.2,data (30).xls,2.14.Я3.2,-0.1675149048749241,0.09893067749656098,-0.016572363030048207,0.9,NS
11,Республика Коми,data (30).xls | 2.14.Я3.2,data (30).xls,2.14.Я3.2,-1.2561430170966057,0.4412758702857887,-0.554305603072721,0.08,NS
12,Республика Марий Эл,data (30).xls | 2.14.Я3.2,data (30).xls,2.14.Я3.2,-0.8688273051348655,0.4721670117258101,-0.410231592371318,0.2,NS
13,Республика Мордовия,data (30).xls | 2.14.Я3.2,data (30).xls,2.14.Я3.2,0.4827929571842938,-0.022151971002863702,-0.010694815587933294,0.96,NS
14,Республика Саха (Якутия),data (30).xls | 2.14.Я3.2,data (30).xls,2.14.Я3.2,0.7425973236442266,-0.23582455425089252,-0.1751226828363055,0.42,NS
15,Республика Северная Осетия - Алания,data (30).xls | 2.14.Я3.2,data (30).xls,2.14.Я3.2,-0.6238992623168103,0.5656753317604688,-0.35292442219617337,0.32,NS
16,Республика Татарстан,data (30).xls | 2.14.Я3.2,data (30).xls,2.14.Я3.2,1.3514639984153578,0.18971609900748324,0.25639447772841717,0.38,NS
17,Республика Тыва,data (30).xls | 2.14.Я3.2,data (30).xls,2.14.Я3.2,-1.6020175417702587,0.1469068212416162,-0.2353473046347768,0.4,NS
18,Удмуртская Республика,data (30).xls | 2.14.Я3.2,data (30).xls,2.14.Я3.2,0.3085274516651569,0.6045928570021663,0.18653349346583495,0.36,NS
19,Республика Хакасия,data (30).xls | 2.14.Я3.2,data (30).xls,2.14.Я3.2,-0.017689073910300286,-0.21758967284802996,0.0038489598051268613,1.0,NS
20,Чеченская Республика,data (30).xls | 2.14.Я3.2,data (30).xls,2.14.Я3.2,0.38450296169331755,0.5054616408290598,0.1943514979211374,0.48,NS
21,Чувашская Республика - Чувашия,data (30).xls | 2.14.Я3.2,data (30).xls,2.14.Я3.2,0.41372431170414825,0.22203225563309767,0.09186014213792283,0.48,NS
22,Алтайский край,data (30).xls | 2.14.Я3.2,data (30).xls,2.14.Я3.2,-0.023533343912466812,0.4231105635258091,-0.009957206404450502,0.88,NS
23,Краснодарский край,data (30).xls | 2.14.Я3.2,data (30).xls,2.14.Я3.2,0.4541029044463872,-0.12463088087507188,-0.056595244989081826,0.64,NS
24,Красноярский край,data (30).xls | 2.14.Я3.2,data (30).xls,2.14.Я3.2,0.2352084280016178,0.0703070369177698,0.01653680763088034,0.92,NS
25,Приморский край,data (30).xls | 2.14.Я3.2,data (30).xls,2.14.Я3.2,0.12735508159800557,0.1788909170716527,0.022782667340802375,0.92,NS
26,Ставропольский край,data (30).xls | 2.14.Я3.2,data (30).xls,2.14.Я3.2,0.30108928984421846,0.18486801139205003,0.05566177826494523,0.64,NS
27,Хабаровский край,data (30).xls | 2.14.Я3.2,data (30).xls,2.14.Я3.2,0.1788909170716527,-0.01689212800091419,-0.003021848269375283,1.0,NS
28,Амурская область,data (30).xls | 2.14.Я3.2,data (30).xls,2.14.Я3.2,0.1672023770673204,0.08299175930883498,0.013876419433436126,0.9,NS
29,Архангельская область,data (30).xls | 2.14.Я3.2,data (30).xls,2.14.Я3.2,-0.9309890860669967,-0.07338673802185379,0.06832225216040377,0.66,NS
30,Астраханская область,data (30).xls | 2.14.Я3.2,data (30).xls,2.14.Я3.2,0.1417001079669591,-0.6775602868821541,-0.096010365805325,0.68,NS
31,Белгородская область,data (30).xls | 2.14.Я3.2,data (30).xls,2.14.Я3.2,1.3110854056731185,-0.42602748973009985,-0.5585584242006882,0.22,NS
32,Брянская область,data (30).xls | 2.14.Я3.2,data (30).xls,2.14.Я3.2,-1.1110988615882995,-0.4765970933985763,0.5295464879114506,0.22,NS
33,Владимирская область,data (30).xls | 2.14.Я3.2,data (30).xls,2.14.Я3.2,-0.20948738943593606,0.051060793206090804,-0.010696592271272143,0.82,NS
34,Волгоградская область,data (30).xls | 2.14.Я3.2,data (30).xls,2.14.Я3.2,-1.4420970626200749,0.24030888182169005,-0.3465487325965739,0.24,NS
35,Вологодская область,data (30).xls | 2.14.Я3.2,data (30).xls,2.14.Я3.2,0.6846859208954893,-0.17362482351355255,-0.11887847217769353,0.56,NS
36,Воронежская область,data (30).xls | 2.14.Я3.2,data (30).xls,2.14.Я3.2,0.2352084280016178,-0.11449846891276028,-0.02693100488156245,0.82,NS
37,Ивановская область,data (30).xls | 2.14.Я3.2,data (30).xls,2.14.Я3.2,-0.5713008322973145,-0.15662331077997824,0.08947902780576253,0.68,NS
38,Иркутская область,data (30).xls | 2.14.Я3.2,data (30).xls,2.14.Я3.2,-0.7269709332641046,-0.02884631664170853,0.02097043373025472,0.9,NS
39,Калининградская область,data (30).xls | 2.14.Я3.2,data (30).xls,2.14.Я3.2,0.8121972663972966,-0.49041082249460555,-0.3983103294417685,0.26,NS
40,Калужская область,data (30).xls | 2.14.Я3.2,data (30).xls,2.14.Я3.2,0.05775513884493552,-0.5519084818355813,-0.03187555099811157,0.7,NS
41,Камчатский край,data (30).xls | 2.14.Я3.2,data (30).xls,2.14.Я3.2,2.514473728846427,0.2070496725366352,0.5206209621596247,0.14,NS
42,Кемеровская область - Кузбасс,data (30).xls | 2.14.Я3.2,data (30).xls,2.14.Я3.2,0.1523260534254428,0.3721060253250861,0.056681442293598235,0.58,NS
43,Кировская область,data (30).xls | 2.14.Я3.2,data (30).xls,2.14.Я3.2,0.23786491436623863,0.08992814037201205,0.021390749408703735,0.92,NS
44,Костромская область,data (30).xls | 2.14.Я3.2,data (30).xls,2.14.Я3.2,0.1252298925063088,-0.03819714864517444,-0.004783424818882695,1.0,NS
45,Курганская область,data (30).xls | 2.14.Я3.2,data (30).xls,2.14.Я3.2,0.5369852790225622,0.26336718346660026,0.14142430049919869,0.48,NS
46,Курская область,data (30).xls | 2.14.Я3.2,data (30).xls,2.14.Я3.2,-1.5132908971919175,0.03384676156334687,-0.051219996173238094,0.78,NS
47,Ленинградская область,data (30).xls | 2.14.Я3.2,data (30).xls,2.14.Я3.2,1.164978655618964,-0.7328152032662707,-0.853714070318278,0.16,NS
48,Липецкая область,data (30).xls | 2.14.Я3.2,data (30).xls,2.14.Я3.2,-0.3051208985622915,-0.1666294094200505,0.050842115129149774,0.74,NS
49,Магаданская область,data (30).xls | 2.14.Я3.2,data (30).xls,2.14.Я3.2,-2.675238033077138,1.2564946108801571,-3.3614221713830554,0.02,LH
50,Московская область,data (30).xls | 2.14.Я3.2,data (30).xls,2.14.Я3.2,1.1756046010774481,-0.5228199561429816,-0.6146295459767989,0.04,HL
51,Мурманская область,data (30).xls | 2.14.Я3.2,data (30).xls,2.14.Я3.2,-0.5229527804612127,-0.17158818396734302,0.08973251790001212,0.64,NS
52,Нижегородская область,data (30).xls | 2.14.Я3.2,data (30).xls,2.14.Я3.2,-0.11438517758250431,-0.024595938458315043,0.0028134107883627138,1.0,NS
53,Новгородская область,data (30).xls | 2.14.Я3.2,data (30).xls,2.14.Я3.2,-1.0096210824597778,-0.14320805463864222,0.14458587114122495,0.52,NS
54,Новосибирская область,data (30).xls | 2.14.Я3.2,data (30).xls,2.14.Я3.2,0.7728812682009063,0.3726815973707539,0.2880386256110478,0.46,NS
55,Омская область,data (30).xls | 2.14.Я3.2,data (30).xls,2.14.Я3.2,0.44028917535035816,0.46331205717707347,0.20399128358437166,0.36,NS
56,Оренбургская область,data (30).xls | 2.14.Я3.2,data (30).xls,2.14.Я3.2,0.3212785862153377,0.6740599754370054,0.21656103593274637,0.4,NS
57,Орловская область,data (30).xls | 2.14.Я3.2,data (30).xls,2.14.Я3.2,0.0391597342925889,-0.6243243001351496,-0.02444837370569898,0.84,NS
58,Пензенская область,data (30).xls | 2.14.Я3.2,data (30).xls,2.14.Я3.2,-0.8624517378597752,0.41117408479411205,-0.3546178039935845,0.16,NS
59,Пермский край,data (30).xls | 2.14.Я3.2,data (30).xls,2.14.Я3.2,1.5097905857467682,-0.15890788905355227,-0.23991763489394513,0.16,NS
60,Псковская область,data (30).xls | 2.14.Я3.2,data (30).xls,2.14.Я3.2,-2.0414003864785704,0.019289216285223787,-0.03937701357952457,0.84,NS
61,Ростовская область,data (30).xls | 2.14.Я3.2,data (30).xls,2.14.Я3.2,-0.08728901666337033,-0.05210285021029783,0.004548006560215775,0.94,NS
62,Рязанская область,data (30).xls | 2.14.Я3.2,data (30).xls,2.14.Я3.2,0.1932359434406062,0.026607836219754526,0.005141590334837399,0.94,NS
63,Самарская область,data (30).xls | 2.14.Я3.2,data (30).xls,2.14.Я3.2,1.526792098480343,0.6892019477153448,1.052268088029051,0.04,HH
64,Саратовская область,data (30).xls | 2.14.Я3.2,data (30).xls,2.14.Я3.2,0.8249484009474771,0.002057474733382192,0.001697310491293476,1.0,NS
65,Сахалинская область,data (30).xls | 2.14.Я3.2,data (30).xls,2.14.Я3.2,1.7063705767287216,1.34668232295904,2.2979390920979914,0.06,NS
66,Свердловская область,data (30).xls | 2.14.Я3.2,data (30).xls,2.14.Я3.2,0.5959592763171481,0.10671038756437956,0.06359504534839004,0.7,NS
67,Смоленская область,data (30).xls | 2.14.Я3.2,data (30).xls,2.14.Я3.2,-0.49001234953991224,-0.4600471833469877,0.22542880121107622,0.36,NS
68,Тамбовская область,data (30).xls | 2.14.Я3.2,data (30).xls,2.14.Я3.2,0.2957763171149764,0.017164027193526887,0.005076712750162687,0.94,NS
69,Тверская область,data (30).xls | 2.14.Я3.2,data (30).xls,2.14.Я3.2,-0.3810964085904518,-0.35143231085218396,0.13392959152841055,0.34,NS
70,Томская область,data (30).xls | 2.14.Я3.2,data (30).xls,2.14.Я3.2,0.9216445046196815,0.28984349756732275,0.26713266673267105,0.34,NS
71,Тульская область,data (30).xls | 2.14.Я3.2,data (30).xls,2.14.Я3.2,-0.249865982178175,0.23212690381865744,-0.0580006168126276,0.64,NS
72,Тюменская область,data (30).xls | 2.14.Я3.2,data (30).xls,2.14.Я3.2,-0.30458960128936746,0.5875647794049459,-0.1789661218906276,0.46,NS
73,Ульяновская область,data (30).xls | 2.14.Я3.2,data (30).xls,2.14.Я3.2,0.25911680528320646,0.6228783381453075,0.16139824506032488,0.42,NS
74,Челябинская область,data (30).xls | 2.14.Я3.2,data (30).xls,2.14.Я3.2,0.49873187537202,0.19336876775883716,0.09643916818274145,0.58,NS
75,Забайкальский край,data (30).xls | 2.14.Я3.2,data (30).xls,2.14.Я3.2,-0.4198811095139181,0.270672520969308,-0.1136502784195223,0.58,NS
76,Ярославская область,data (30).xls | 2.14.Я3.2,data (30).xls,2.14.Я3.2,-0.42785056860778137,0.13727263069259066,-0.058732173096110896,0.56,NS
77,Москва,data (30).xls | 2.14.Я3.2,data (30).xls,2.14.Я3.2,-2.675238033077138,0.6166798699611918,-1.6497654423532442,0.04,LH
78,Санкт-Петербург,data (30).xls | 2.14.Я3.2,data (30).xls,2.14.Я3.2,-2.675238033077138,0.9885879610081303,-2.644708112331129,0.02,LH
79,Еврейская автономная область,data (30).xls | 2.14.Я3.2,data (30).xls,2.14.Я3.2,-0.16964009396662122,0.17304664706948655,-0.029355649469476438,0.88,NS
83,Ненецкий автономный округ,data (30).xls | 2.14.Я3.2,data (30).xls,2.14.Я3.2,0.5837394390398918,-0.5151161456855808,-0.3006936099228921,0.24,NS
86,Ханты-Мансийский автономный округ - Югра,data (30).xls | 2.14.Я3.2,data (30).xls,2.14.Я3.2,0.442945661714979,0.14028331523916104,0.06213788589618119,0.64,NS
87,Чукотский автономный округ,data (30).xls | 2.14.Я3.2,data (30).xls,2.14.Я3.2,1.5900164739583225,0.348507571452703,0.554132779909005,0.24,NS
89,Ямало-Ненецкий автономный округ,data (30).xls | 2.14.Я3.2,data (30).xls,2.14.Я3.2,0.649620300882492,0.0014376279149707072,0.0009339122786803405,1.0,NS
91,Республика Крым,data (30).xls | 2.14.Я3.2,data (30).xls,2.14.Я3.2,0.6389943554240083,-0.7403783762102503,-0.47309760327634276,0.12,NS
92,Севастополь,data (30).xls | 2.14.Я3.2,data (30).xls,2.14.Я3.2,-2.675238033077138,0.6389943554240083,-1.7094620025519176,0.08,NS
1,Республика Адыгея,data (31).xls | 2.14.Я3.3,data (31).xls,2.14.Я3.3,-0.7205826722802964,-0.2906242813536356,0.20941882128734346,0.12,NS
2,Республика Башкортостан,data (31).xls | 2.14.Я3.3,data (31).xls,2.14.Я3.3,-0.21245002845787922,-0.3492549710254529,0.07419922853341325,0.26,NS
3,Республика Бурятия,data (31).xls | 2.14.Я3.3,data (31).xls,2.14.Я3.3,-0.40788566069727045,0.5432344162011002,-0.22157752876568176,0.08,NS
4,Республика Алтай,data (31).xls | 2.14.Я3.3,data (31).xls,2.14.Я3.3,0.21750836246878172,0.15887767279696421,0.034557222442918596,0.46,NS
5,Республика Дагестан,data (31).xls | 2.14.Я3.3,data (31).xls,2.14.Я3.3,0.8429023856348336,0.19145027817019594,0.16137389620011067,0.12,NS
6,Республика Ингушетия,data (31).xls | 2.14.Я3.3,data (31).xls,2.14.Я3.3,0.29568261536453794,0.02207273022939031,0.006526522602462025,0.9,NS
7,Кабардино-Балкарская Республика,data (31).xls | 2.14.Я3.3,data (31).xls,2.14.Я3.3,-0.2515371549057573,-0.06913056481565898,0.017388905590758907,0.54,NS
8,Республика Калмыкия,data (31).xls | 2.14.Я3.3,data (31).xls,2.14.Я3.3,0.1002469831251467,0.20969093717920595,0.021020883840900055,0.6,NS
9,Карачаево-Черкесская Республика,data (31).xls | 2.14.Я3.3,data (31).xls,2.14.Я3.3,-0.3687985342493922,-0.08215960696495163,0.030300342623180314,0.58,NS
10,Республика Карелия,data (31).xls | 2.14.Я3.3,data (31).xls,2.14.Я3.3,-0.05610152266636609,0.002529167005451239,-0.00014189012008334793,1.0,NS
11,Республика Коми,data (31).xls | 2.14.Я3.3,data (31).xls,2.14.Я3.3,-0.21245002845787922,-0.17336290201000085,0.036830953465565204,0.44,NS
12,Республика Марий Эл,data (31).xls | 2.14.Я3.3,data (31).xls,2.14.Я3.3,0.21750836246878172,-0.5251470400409051,-0.114223872734625,0.32,NS
13,Республика Мордовия,data (31).xls | 2.14.Я3.3,data (31).xls,2.14.Я3.3,-1.0723668103112005,-0.2280848790370304,0.2445906542131563,0.14,NS
14,Республика Саха (Якутия),data (31).xls | 2.14.Я3.3,data (31).xls,2.14.Я3.3,-0.3687985342493922,1.3454511542504106,-0.4962004135917043,0.04,LH
15,Республика Северная Осетия - Алания,data (31).xls | 2.14.Я3.3,data (31).xls,2.14.Я3.3,-0.13427577556212264,0.11327602527443953,-0.015210226146319974,0.7,NS
16,Республика Татарстан,data (31).xls | 2.14.Я3.3,data (31).xls,2.14.Я3.3,-0.681495545832418,-0.23687948248780294,0.16143231221452597,0.1,NS
17,Республика Тыва,data (31).xls | 2.14.Я3.3,data (31).xls,2.14.Я3.3,0.9210766385305901,-0.040466672087214856,-0.03727290629861152,0.42,NS
18,Удмуртская Республика,data (31).xls | 2.14.Я3.3,data (31).xls,2.14.Я3.3,-0.4860599135930268,-0.3394831894134834,0.16500916971260288,0.1,NS
19,Республика Хакасия,data (31).xls | 2.14.Я3.3,data (31).xls,2.14.Я3.3,-0.5251470400409051,0.4031722130962032,-0.21172469433421215,0.08,NS
20,Чеченская Республика,data (31).xls | 2.14.Я3.3,data (31).xls,2.14.Я3.3,0.17842123602090326,0.4780892054546364,0.08530126696546779,0.28,NS
21,Чувашская Республика - Чувашия,data (31).xls | 2.14.Я3.3,data (31).xls,2.14.Я3.3,-0.6424084193845397,-0.3609811089598164,0.23189730363455396,0.08,NS
22,Алтайский край,data (31).xls | 2.14.Я3.3,data (31).xls,2.14.Я3.3,-0.2515371549057573,0.21750836246878158,-0.05471143466360752,0.46,NS
23,Краснодарский край,data (31).xls | 2.14.Я3.3,data (31).xls,2.14.Я3.3,-0.2906242813536356,-0.16401264823227324,0.047666058025411046,0.48,NS
24,Красноярский край,data (31).xls | 2.14.Я3.3,data (31).xls,2.14.Я3.3,-0.01701439621848798,0.05627396587128376,-0.000957467552119692,0.9,NS
25,Приморский край,data (31).xls | 2.14.Я3.3,data (31).xls,2.14.Я3.3,0.29568261536453794,-0.13427577556212264,-0.03970301249831013,0.44,NS
26,Ставропольский край,data (31).xls | 2.14.Я3.3,data (31).xls,2.14.Я3.3,0.29568261536453794,-0.026786177830457475,-0.007920207116529271,0.76,NS
27,Хабаровский край,data (31).xls | 2.14.Я3.3,data (31).xls,2.14.Я3.3,-0.13427577556212264,0.2565954889166598,-0.03445455828002654,0.5,NS
28,Амурская область,data (31).xls | 2.14.Я3.3,data (31).xls,2.14.Я3.3,0.29568261536453794,0.24682370730469022,0.07298147930982202,0.36,NS
29,Архангельская область,data (31).xls | 2.14.Я3.3,data (31).xls,2.14.Я3.3,0.022072730229390478,-0.06261604374101253,-0.0013821070415270837,0.94,NS
30,Астраханская область,data (31).xls | 2.14.Я3.3,data (31).xls,2.14.Я3.3,-0.01701439621848798,0.15887767279696421,-0.0027032076752388384,0.94,NS
31,Белгородская область,data (31).xls | 2.14.Я3.3,data (31).xls,2.14.Я3.3,-0.01701439621848798,-0.232836647350302,0.003961574972202397,0.88,NS
32,Брянская область,data (31).xls | 2.14.Я3.3,data (31).xls,2.14.Я3.3,-0.13427577556212264,0.051388075065299056,-0.006900173634037607,0.84,NS
33,Владимирская область,data (31).xls | 2.14.Я3.3,data (31).xls,2.14.Я3.3,-0.9941925574154441,-0.2515371549057574,0.25007636732075966,0.12,NS
34,Волгоградская область,data (31).xls | 2.14.Я3.3,data (31).xls,2.14.Я3.3,0.21750836246878172,-0.1655454767204253,-0.03600752555557353,0.48,NS
35,Вологодская область,data (31).xls | 2.14.Я3.3,data (31).xls,2.14.Я3.3,0.5302053740518076,-0.2271077008758334,-0.12041372349291728,0.12,NS
36,Воронежская область,data (31).xls | 2.14.Я3.3,data (31).xls,2.14.Я3.3,-0.5251470400409051,-0.13214897603481168,0.06939764360911785,0.3,NS
37,Ивановская область,data (31).xls | 2.14.Я3.3,data (31).xls,2.14.Я3.3,0.1002469831251467,-0.5740059481007529,-0.05754236459299,0.34,NS
38,Иркутская область,data (31).xls | 2.14.Я3.3,data (31).xls,2.14.Я3.3,0.5302053740518076,0.06115985667726856,0.032427284686526114,0.56,NS
39,Калининградская область,data (31).xls | 2.14.Я3.3,data (31).xls,2.14.Я3.3,-0.13427577556212264,1.9471137077873932,-0.26145020322079243,0.1,NS
40,Калужская область,data (31).xls | 2.14.Я3.3,data (31).xls,2.14.Я3.3,0.21750836246878172,-0.15381933878606177,-0.033456992495387056,0.42,NS
41,Камчатский край,data (31).xls | 2.14.Я3.3,data (31).xls,2.14.Я3.3,-0.01701439621848798,2.7842296658794528,-0.04737198669854141,0.46,NS
42,Кемеровская область - Кузбасс,data (31).xls | 2.14.Я3.3,data (31).xls,2.14.Я3.3,0.49111824760392914,-0.10821769126353711,-0.05314768289309138,0.26,NS
43,Кировская область,data (31).xls | 2.14.Я3.3,data (31).xls,2.14.Я3.3,-0.4860599135930268,-0.15164783176117957,0.07370993200240882,0.24,NS
44,Костромская область,data (31).xls | 2.14.Я3.3,data (31).xls,2.14.Я3.3,-0.4860599135930268,-0.13427577556212267,0.06526607186736201,0.42,NS
45,Курганская область,data (31).xls | 2.14.Я3.3,data (31).xls,2.14.Я3.3,0.6865538798433204,-0.368798534249392,-0.25320006456944977,0.06,NS
46,Курская область,data (31).xls | 2.14.Я3.3,data (31).xls,2.14.Я3.3,-0.17336290201000093,-0.15772805143084961,0.02734419272443477,0.42,NS
47,Ленинградская область,data (31).xls | 2.14.Я3.3,data (31).xls,2.14.Я3.3,-0.44697278714514854,0.041616293453329456,-0.018601350675485066,0.7,NS
48,Липецкая область,data (31).xls | 2.14.Я3.3,data (31).xls,2.14.Я3.3,-0.5642341664887834,-0.11473221233818354,0.0647358341980491,0.4,NS
49,Магаданская область,data (31).xls | 2.14.Я3.3,data (31).xls,2.14.Я3.3,0.21750836246878172,1.9568854893993632,0.425638958338176,0.04,HH
50,Московская область,data (31).xls | 2.14.Я3.3,data (31).xls,2.14.Я3.3,-0.40788566069727045,-0.2661948273237117,0.10857705301712796,0.2,NS
51,Мурманская область,data (31).xls | 2.14.Я3.3,data (31).xls,2.14.Я3.3,-0.09518864911424454,-0.03004343836778056,0.0028597943129760957,0.94,NS
52,Нижегородская область,data (31).xls | 2.14.Я3.3,data (31).xls,2.14.Я3.3,-0.2906242813536356,-0.437201005533179,0.127061228040167,0.24,NS
53,Новгородская область,data (31).xls | 2.14.Я3.3,data (31).xls,2.14.Я3.3,0.022072730229390478,0.05138807506529905,0.0011342751179240133,0.92,NS
54,Новосибирская область,data (31).xls | 2.14.Я3.3,data (31).xls,2.14.Я3.3,-0.05610152266636609,0.022072730229390304,-0.001238313775272724,0.92,NS
55,Омская область,data (31).xls | 2.14.Я3.3,data (31).xls,2.14.Я3.3,-0.13427577556212264,-0.1863919441592936,0.025027922860521006,0.54,NS
56,Оренбургская область,data (31).xls | 2.14.Я3.3,data (31).xls,2.14.Я3.3,-0.32971140780151387,-0.33948318941348343,0.11193148030646762,0.22,NS
57,Орловская область,data (31).xls | 2.14.Я3.3,data (31).xls,2.14.Я3.3,0.45203112115605104,-0.16554547672042524,-0.07483170744424678,0.22,NS
58,Пензенская область,data (31).xls | 2.14.Я3.3,data (31).xls,2.14.Я3.3,-0.09518864911424454,-0.28280685606406,0.026920002588984467,0.56,NS
59,Пермский край,data (31).xls | 2.14.Я3.3,data (31).xls,2.14.Я3.3,0.022072730229390478,-0.306259131932787,-0.0067599751994397135,0.84,NS
60,Псковская область,data (31).xls | 2.14.Я3.3,data (31).xls,2.14.Я3.3,-0.01701439621848798,-0.14209320085169827,0.002417630019243988,0.9,NS
61,Ростовская область,data (31).xls | 2.14.Я3.3,data (31).xls,2.14.Я3.3,-0.2906242813536356,-0.02890476577658204,0.008400426781514316,0.76,NS
62,Рязанская область,data (31).xls | 2.14.Я3.3,data (31).xls,2.14.Я3.3,-0.13427577556212264,-0.4665163503690878,0.0626418447582202,0.22,NS
63,Самарская область,data (31).xls | 2.14.Я3.3,data (31).xls,2.14.Я3.3,0.022072730229390478,-0.27108071812969653,-0.005983491561666232,0.72,NS
64,Саратовская область,data (31).xls | 2.14.Я3.3,data (31).xls,2.14.Я3.3,-0.09518864911424454,-0.08215960696495159,0.007820661998751019,0.88,NS
65,Сахалинская область,data (31).xls | 2.14.Я3.3,data (31).xls,2.14.Я3.3,-0.21245002845787922,-0.0756450858903053,0.01607080065009408,0.64,NS
66,Свердловская область,data (31).xls | 2.14.Я3.3,data (31).xls,2.14.Я3.3,-0.13427577556212264,-0.1286919003552829,0.017280204728769018,0.64,NS
67,Смоленская область,data (31).xls | 2.14.Я3.3,data (31).xls,2.14.Я3.3,-0.2906242813536356,-0.04046667208721484,0.01176059749412004,0.76,NS
68,Тамбовская область,data (31).xls | 2.14.Я3.3,data (31).xls,2.14.Я3.3,-0.13427577556212264,-0.2828068560640601,0.03797410993228725,0.42,NS
69,Тверская область,data (31).xls | 2.14.Я3.3,data (31).xls,2.14.Я3.3,0.13933410957302514,-0.1147322123381835,-0.015986110645484046,0.62,NS
70,Томская область,data (31).xls | 2.14.Я3.3,data (31).xls,2.14.Я3.3,-0.01701439621848798,-0.06913056481565893,0.0011762148205814854,0.94,NS
71,Тульская область,data (31).xls | 2.14.Я3.3,data (31).xls,2.14.Я3.3,-0.17336290201000093,-0.08737122382466876,0.01514692891440991,0.64,NS
72,Тюменская область,data (31).xls | 2.14.Я3.3,data (31).xls,2.14.Я3.3,-0.4860599135930268,0.037707580808541585,-0.0183281434696018,0.7,NS
73,Ульяновская область,data (31).xls | 2.14.Я3.3,data (31).xls,2.14.Я3.3,0.022072730229390478,-0.4274292239212094,-0.00943452995177059,0.74,NS
74,Челябинская область,data (31).xls | 2.14.Я3.3,data (31).xls,2.14.Я3.3,-0.4860599135930268,0.002529167005451166,-0.0012293266961319281,0.96,NS
75,Забайкальский край,data (31).xls | 2.14.Я3.3,data (31).xls,2.14.Я3.3,0.17842123602090326,0.012300948617420718,0.0021947504565498254,0.94,NS
76,Ярославская область,data (31).xls | 2.14.Я3.3,data (31).xls,2.14.Я3.3,-0.5251470400409051,-0.18639194415929367,0.09788317776272273,0.2,NS
77,Москва,data (31).xls | 2.14.Я3.3,data (31).xls,2.14.Я3.3,-0.3687985342493922,-0.09518864911424436,0.035105434270513027,0.6,NS
78,Санкт-Петербург,data (31).xls | 2.14.Я3.3,data (31).xls,2.14.Я3.3,-0.09518864911424454,-0.2906242813536356,0.027664132741850703,0.66,NS
79,Еврейская автономная область,data (31).xls | 2.14.Я3.3,data (31).xls,2.14.Я3.3,1.3119479030093726,0.08070341990120765,0.10587868250507425,0.16,NS
83,Ненецкий автономный округ,data (31).xls | 2.14.Я3.3,data (31).xls,2.14.Я3.3,-0.05610152266636609,-0.16359112039803136,0.00917771094902638,0.82,NS
86,Ханты-Мансийский автономный округ - Югра,data (31).xls | 2.14.Я3.3,data (31).xls,2.14.Я3.3,-0.21245002845787922,-0.2059355073832328,0.043751004404055605,0.48,NS
87,Чукотский автономный округ,data (31).xls | 2.14.Я3.3,data (31).xls,2.14.Я3.3,8.347630663627456,-0.07564508589030527,-0.631457238530645,0.06,NS
89,Ямало-Ненецкий автономный округ,data (31).xls | 2.14.Я3.3,data (31).xls,2.14.Я3.3,-0.3687985342493922,-0.12450399395015313,0.04591689047701167,0.44,NS
91,Республика Крым,data (31).xls | 2.14.Я3.3,data (31).xls,2.14.Я3.3,0.1002469831251467,-0.4152432374404005,-0.04162688181651911,0.44,NS
92,Севастополь,data (31).xls | 2.14.Я3.3,data (31).xls,2.14.Я3.3,-0.9551054309675658,0.1002469831251467,-0.09574643802094153,0.34,NS
1,Республика Адыгея,data (32).xls | 2.14.Я3.3,data (32).xls,2.14.Я3.3,-1.11013921349786,0.13725671457710634,-0.1523740611679291,0.74,NS
2,Республика Башкортостан,data (32).xls | 2.14.Я3.3,data (32).xls,2.14.Я3.3,-0.44975313392876004,-0.5353587368358657,0.2407792696680729,0.3,NS
3,Республика Бурятия,data (32).xls | 2.14.Я3.3,data (32).xls,2.14.Я3.3,0.4307616388300399,0.5285966135810172,0.22769914354616827,0.36,NS
4,Республика Алтай,data (32).xls | 2.14.Я3.3,data (32).xls,2.14.Я3.3,0.06388048351387296,-0.3030006718022935,-0.01935582941975884,0.72,NS
5,Республика Дагестан,data (32).xls | 2.14.Я3.3,data (32).xls,2.14.Я3.3,1.164523949462373,-0.6209643397429712,-0.7231278453927795,0.12,NS
6,Республика Ингушетия,data (32).xls | 2.14.Я3.3,data (32).xls,2.14.Я3.3,0.6508903320197397,0.6875784475513562,0.4475381640163194,0.14,NS
7,Кабардино-Балкарская Республика,data (32).xls | 2.14.Я3.3,data (32).xls,2.14.Я3.3,-0.9633867513713934,0.18617420195259515,-0.17935775960827238,0.38,NS
8,Республика Калмыкия,data (32).xls | 2.14.Я3.3,data (32).xls,2.14.Я3.3,-2.064030217319893,0.09323097593916638,-0.19243155152866329,0.3,NS
9,Карачаево-Черкесская Республика,data (32).xls | 2.14.Я3.3,data (32).xls,2.14.Я3.3,-0.7432580581816935,-0.25408318442680466,0.18884937427368795,0.42,NS
10,Республика Карелия,data (32).xls | 2.14.Я3.3,data (32).xls,2.14.Я3.3,0.5775141009565059,-0.11956009414421034,-0.06904764027996885,0.8,NS
11,Республика Коми,data (32).xls | 2.14.Я3.3,data (32).xls,2.14.Я3.3,1.237900180525606,-0.0514250224426365,-0.06365904456527306,0.68,NS
12,Республика Марий Эл,data (32).xls | 2.14.Я3.3,data (32).xls,2.14.Я3.3,-0.44975313392876004,-0.8716664625423517,0.3920347232690188,0.16,NS
13,Республика Мордовия,data (32).xls | 2.14.Я3.3,data (32).xls,2.14.Я3.3,-0.5965055960552268,-0.05352148618730035,0.03192586601991718,0.8,NS
14,Республика Саха (Якутия),data (32).xls | 2.14.Я3.3,data (32).xls,2.14.Я3.3,-1.11013921349786,1.4999581486085818,-1.6651623593760372,0.04,LH
15,Республика Северная Осетия - Алания,data (32).xls | 2.14.Я3.3,data (32).xls,2.14.Я3.3,1.237900180525606,-0.08287197861259357,-0.10258723728504375,0.62,NS
16,Республика Татарстан,data (32).xls | 2.14.Я3.3,data (32).xls,2.14.Я3.3,-1.4036441377507933,-0.3580328450997185,0.5025507041464577,0.1,NS
17,Республика Тыва,data (32).xls | 2.14.Я3.3,data (32).xls,2.14.Я3.3,0.4307616388300399,0.12258146836445967,0.05280339420286734,0.68,NS
18,Удмуртская Республика,data (32).xls | 2.14.Я3.3,data (32).xls,2.14.Я3.3,-0.9633867513713934,-0.4680971916945684,0.45095863283270265,0.22,NS
19,Республика Хакасия,data (32).xls | 2.14.Я3.3,data (32).xls,2.14.Я3.3,-0.9633867513713934,0.1556007723429147,-0.14990372257832035,0.54,NS
20,Чеченская Республика,data (32).xls | 2.14.Я3.3,data (32).xls,2.14.Я3.3,0.13725671457710634,0.6264315883319952,0.08598194172176804,0.56,NS
21,Чувашская Республика - Чувашия,data (32).xls | 2.14.Я3.3,data (32).xls,2.14.Я3.3,-1.2568916756243265,-0.4791036263540535,0.6021813597258375,0.02,LL
22,Алтайский край,data (32).xls | 2.14.Я3.3,data (32).xls,2.14.Я3.3,-0.3030006718022936,0.1372567145771062,-0.041588876726238844,0.74,NS
23,Краснодарский край,data (32).xls | 2.14.Я3.3,data (32).xls,2.14.Я3.3,0.13725671457710634,-0.325876790898478,-0.04472877767565576,0.7,NS
24,Красноярский край,data (32).xls | 2.14.Я3.3,data (32).xls,2.14.Я3.3,0.5041378698932729,-0.26631255627067696,-0.13425824484413146,0.52,NS
25,Приморский край,data (32).xls | 2.14.Я3.3,data (32).xls,2.14.Я3.3,-0.5231293649919934,0.5041378698932729,-0.26372932374568403,0.42,NS
26,Ставропольский край,data (32).xls | 2.14.Я3.3,data (32).xls,2.14.Я3.3,0.06388048351387296,-0.18376429632453942,-0.011738952101798206,0.88,NS
27,Хабаровский край,data (32).xls | 2.14.Я3.3,data (32).xls,2.14.Я3.3,0.5041378698932729,0.039421739826128635,0.019873991943431292,0.94,NS
28,Амурская область,data (32).xls | 2.14.Я3.3,data (32).xls,2.14.Я3.3,0.5775141009565059,0.10056859904548965,0.05807978406221127,0.68,NS
29,Архангельская область,data (32).xls | 2.14.Я3.3,data (32).xls,2.14.Я3.3,-0.15624820967582684,0.516367241737145,-0.08068145705667379,0.68,NS
30,Астраханская область,data (32).xls | 2.14.Я3.3,data (32).xls,2.14.Я3.3,0.13725671457710634,-1.2935797911559432,-0.17755251217740411,0.56,NS
31,Белгородская область,data (32).xls | 2.14.Я3.3,data (32).xls,2.14.Я3.3,-0.89001052030816,-0.275376678931429,0.24508814129649423,0.36,NS
32,Брянская область,data (32).xls | 2.14.Я3.3,data (32).xls,2.14.Я3.3,0.6508903320197397,-0.08287197861259354,-0.053940569674283775,0.74,NS
33,Владимирская область,data (32).xls | 2.14.Я3.3,data (32).xls,2.14.Я3.3,0.5775141009565059,-0.44975313392876015,-0.2597387767932389,0.28,NS
34,Волгоградская область,data (32).xls | 2.14.Я3.3,data (32).xls,2.14.Я3.3,-0.5231293649919934,-0.7579333043943401,0.39649716823409437,0.18,NS
35,Вологодская область,data (32).xls | 2.14.Я3.3,data (32).xls,2.14.Я3.3,-0.009495747549360419,0.28400917670357306,-0.0026968794436788243,0.96,NS
36,Воронежская область,data (32).xls | 2.14.Я3.3,data (32).xls,2.14.Я3.3,-0.6698818271184601,-0.5311144254312276,0.3557839017168419,0.18,NS
37,Ивановская область,data (32).xls | 2.14.Я3.3,data (32).xls,2.14.Я3.3,-0.8166342892449266,-0.08287197861259366,0.06767609935261618,0.68,NS
38,Иркутская область,data (32).xls | 2.14.Я3.3,data (32).xls,2.14.Я3.3,0.5775141009565059,0.16660720700239967,0.09621801136486532,0.46,NS
39,Калининградская область,data (32).xls | 2.14.Я3.3,data (32).xls,2.14.Я3.3,0.06388048351387296,1.1094917761649474,0.07087487111608255,0.68,NS
40,Калужская область,data (32).xls | 2.14.Я3.3,data (32).xls,2.14.Я3.3,-0.89001052030816,-0.02172511939323246,0.01933558481492772,0.78,NS
41,Камчатский край,data (32).xls | 2.14.Я3.3,data (32).xls,2.14.Я3.3,1.6047813358417726,2.0450387222211726,3.281839972494245,0.02,HH
42,Кемеровская область - Кузбасс,data (32).xls | 2.14.Я3.3,data (32).xls,2.14.Я3.3,-0.376376902865527,0.014962996138384088,-0.0056317261441538435,0.94,NS
43,Кировская область,data (32).xls | 2.14.Я3.3,data (32).xls,2.14.Я3.3,-0.15624820967582684,-0.31115358636487495,0.048617190803724473,0.62,NS
44,Костромская область,data (32).xls | 2.14.Я3.3,data (32).xls,2.14.Я3.3,-0.5231293649919934,-0.2736501793770002,0.1431544445674352,0.56,NS
45,Курганская область,data (32).xls | 2.14.Я3.3,data (32).xls,2.14.Я3.3,0.21063294564033938,-0.1317894659880825,-0.027759203425437137,0.84,NS
46,Курская область,data (32).xls | 2.14.Я3.3,data (32).xls,2.14.Я3.3,-0.15624820967582684,-0.2589749331643535,0.040464369657847145,0.78,NS
47,Ленинградская область,data (32).xls | 2.14.Я3.3,data (32).xls,2.14.Я3.3,-0.89001052030816,0.28400917670357284,-0.252771155130239,0.22,NS
48,Липецкая область,data (32).xls | 2.14.Я3.3,data (32).xls,2.14.Я3.3,-1.2568916756243265,-0.18070695336357132,0.22712906541010616,0.24,NS
49,Магаданская область,data (32).xls | 2.14.Я3.3,data (32).xls,2.14.Я3.3,2.4852961086005725,1.5680932203101556,3.89717597835977,0.04,HH
50,Московская область,data (32).xls | 2.14.Я3.3,data (32).xls,2.14.Я3.3,-0.6698818271184601,0.09139657016258551,-0.06122490141287332,0.72,NS
51,Мурманская область,data (32).xls | 2.14.Я3.3,data (32).xls,2.14.Я3.3,0.5775141009565059,0.4307616388300395,0.24877092057548136,0.32,NS
52,Нижегородская область,data (32).xls | 2.14.Я3.3,data (32).xls,2.14.Я3.3,-0.6698818271184601,-0.44975313392876015,0.30128145110845134,0.24,NS
53,Новгородская область,data (32).xls | 2.14.Я3.3,data (32).xls,2.14.Я3.3,1.0177714873359063,0.394073523298423,0.4010767959271369,0.14,NS
54,Новосибирская область,data (32).xls | 2.14.Я3.3,data (32).xls,2.14.Я3.3,0.7242665630829727,-0.24796849850486863,-0.17959529216496645,0.44,NS
55,Омская область,data (32).xls | 2.14.Я3.3,data (32).xls,2.14.Я3.3,-0.376376902865527,0.28400917670357284,-0.10689449431307893,0.6,NS
56,Оренбургская область,data (32).xls | 2.14.Я3.3,data (32).xls,2.14.Я3.3,-0.5231293649919934,-0.44975313392876026,0.23527907135531131,0.36,NS
57,Орловская область,data (32).xls | 2.14.Я3.3,data (32).xls,2.14.Я3.3,0.8710190252094394,-0.43507788771611344,-0.3789611176486711,0.16,NS
58,Пензенская область,data (32).xls | 2.14.Я3.3,data (32).xls,2.14.Я3.3,1.3112764115888391,-0.25897493316435355,-0.339587721051213,0.16,NS
59,Пермский край,data (32).xls | 2.14.Я3.3,data (32).xls,2.14.Я3.3,0.13725671457710634,-0.12689771725053356,-0.017417563757142828,0.94,NS
60,Псковская область,data (32).xls | 2.14.Я3.3,data (32).xls,2.14.Я3.3,0.35738540776680616,0.43076163883003976,0.15394792394357143,0.4,NS
61,Ростовская область,data (32).xls | 2.14.Я3.3,data (32).xls,2.14.Я3.3,-0.376376902865527,-0.4365577444770524,0.1643102517882331,0.4,NS
62,Рязанская область,data (32).xls | 2.14.Я3.3,data (32).xls,2.14.Я3.3,-0.376376902865527,-0.25714052738777277,0.09678175529941814,0.44,NS
63,Самарская область,data (32).xls | 2.14.Я3.3,data (32).xls,2.14.Я3.3,0.21063294564033938,-0.5047853072261852,-0.10632441617701507,0.56,NS
64,Саратовская область,data (32).xls | 2.14.Я3.3,data (32).xls,2.14.Я3.3,-0.8166342892449266,0.13725671457710625,-0.11208853955276893,0.58,NS
65,Сахалинская область,data (32).xls | 2.14.Я3.3,data (32).xls,2.14.Я3.3,-1.623772830940493,1.0544596028675228,-1.7122028544605856,0.06,NS
66,Свердловская область,data (32).xls | 2.14.Я3.3,data (32).xls,2.14.Я3.3,-0.3030006718022936,0.04291584606723489,-0.013003530189335992,0.94,NS
67,Смоленская область,data (32).xls | 2.14.Я3.3,data (32).xls,2.14.Я3.3,-0.15624820967582684,0.31335966912886637,-0.048961887285994835,0.78,NS
68,Тамбовская область,data (32).xls | 2.14.Я3.3,data (32).xls,2.14.Я3.3,-0.22962444073906021,-0.3617016566528803,0.08305554062330922,0.74,NS
69,Тверская область,data (32).xls | 2.14.Я3.3,data (32).xls,2.14.Я3.3,2.118414953284406,0.13725671457710636,0.2907666765988318,0.3,NS
70,Томская область,data (32).xls | 2.14.Я3.3,data (32).xls,2.14.Я3.3,0.06388048351387296,-0.03395449123710484,-0.0021690293176938194,0.96,NS
71,Тульская область,data (32).xls | 2.14.Я3.3,data (32).xls,2.14.Я3.3,-0.5231293649919934,-0.46442838014140686,0.24295612358763427,0.24,NS
72,Тюменская область,data (32).xls | 2.14.Я3.3,data (32).xls,2.14.Я3.3,0.06388048351387296,-0.22962444073906035,-0.014668520301013843,0.82,NS
73,Ульяновская область,data (32).xls | 2.14.Я3.3,data (32).xls,2.14.Я3.3,0.7242665630829727,-0.4252943902410158,-0.30802650631832906,0.24,NS
74,Челябинская область,data (32).xls | 2.14.Я3.3,data (32).xls,2.14.Я3.3,-0.15624820967582684,-0.26631255627067696,0.04161086013148617,0.86,NS
75,Забайкальский край,data (32).xls | 2.14.Я3.3,data (32).xls,2.14.Я3.3,0.5775141009565059,0.11891265681129791,0.06867373609072625,0.66,NS
76,Ярославская область,data (32).xls | 2.14.Я3.3,data (32).xls,2.14.Я3.3,0.2840091767035731,0.11279797088936191,0.032035658846121286,0.72,NS
77,Москва,data (32).xls | 2.14.Я3.3,data (32).xls,2.14.Я3.3,-0.3030006718022936,-0.77994617371331,0.23632421460476133,0.52,NS
78,Санкт-Петербург,data (32).xls | 2.14.Я3.3,data (32).xls,2.14.Я3.3,-0.3030006718022936,-0.4130650183971435,0.12515897807236126,0.6,NS
79,Еврейская автономная область,data (32).xls | 2.14.Я3.3,data (32).xls,2.14.Я3.3,0.4307616388300399,0.5408259854248894,0.2329670878034966,0.4,NS
83,Ненецкий автономный округ,data (32).xls | 2.14.Я3.3,data (32).xls,2.14.Я3.3,0.8710190252094394,0.41241758106423115,0.3592235594378016,0.24,NS
86,Ханты-Мансийский автономный округ - Югра,data (32).xls | 2.14.Я3.3,data (32).xls,2.14.Я3.3,-0.7432580581816935,0.2595504330158285,-0.1929129508435624,0.28,NS
87,Чукотский автономный округ,data (32).xls | 2.14.Я3.3,data (32).xls,2.14.Я3.3,5.273592889003438,0.7609546786145894,4.012965181995795,0.04,HH
89,Ямало-Ненецкий автономный округ,data (32).xls | 2.14.Я3.3,data (32).xls,2.14.Я3.3,-0.009495747549360419,0.46744975436165626,-0.004438784859428827,0.9,NS
91,Республика Крым,data (32).xls | 2.14.Я3.3,data (32).xls,2.14.Я3.3,0.21063294564033938,-0.44658788474564,-0.09406612165126253,0.6,NS
92,Севастополь,data (32).xls | 2.14.Я3.3,data (32).xls,2.14.Я3.3,-1.4770203688140264,0.21063294564033938,-0.3111091510540788,0.4,NS
1,Республика Адыгея,data (33).xls | 2.14.Я3.4,data (33).xls,2.14.Я3.4,-0.0235236927338117,-0.04675111005167948,0.0010997587478203238,0.94,NS
2,Республика Башкортостан,data (33).xls | 2.14.Я3.4,data (33).xls,2.14.Я3.4,-0.3203456361431989,0.060298758885231625,-0.01931644427373489,0.56,NS
3,Республика Бурятия,data (33).xls | 2.14.Я3.4,data (33).xls,2.14.Я3.4,-0.15799821404778464,-0.14161677236044606,0.022375197112162147,0.58,NS
4,Республика Алтай,data (33).xls | 2.14.Я3.4,data (33).xls,2.14.Я3.4,0.11535181291407325,-0.09277807121050766,-0.010702118712803044,0.58,NS
5,Республика Дагестан,data (33).xls | 2.14.Я3.4,data (33).xls,2.14.Я3.4,-0.8848941265322235,-0.12197534227761711,0.10793526396322099,0.18,NS
6,Республика Ингушетия,data (33).xls | 2.14.Я3.4,data (33).xls,2.14.Я3.4,-0.27951428148968377,0.08075518606693297,-0.022572227810064488,0.48,NS
7,Кабардино-Балкарская Республика,data (33).xls | 2.14.Я3.4,data (33).xls,2.14.Я3.4,0.11535181291407325,2.690742645351373,0.31038204222649013,0.06,NS
8,Республика Калмыкия,data (33).xls | 2.14.Я3.4,data (33).xls,2.14.Я3.4,-0.32865860655169915,-0.20386625077233234,0.06700239790175401,0.3,NS
9,Карачаево-Черкесская Республика,data (33).xls | 2.14.Я3.4,data (33).xls,2.14.Я3.4,7.801181953831781,0.034911599255351325,0.2723517380902538,0.1,NS
10,Республика Карелия,data (33).xls | 2.14.Я3.4,data (33).xls,2.14.Я3.4,-0.3577540029814496,-0.15824271317744626,0.056611964081876784,0.34,NS
11,Республика Коми,data (33).xls | 2.14.Я3.4,data (33).xls,2.14.Я3.4,-0.1719346644385053,-0.3002268506167449,0.051619402816219295,0.36,NS
12,Республика Марий Эл,data (33).xls | 2.14.Я3.4,data (33).xls,2.14.Я3.4,-0.26068784850572735,0.16663550536062927,-0.04343985137712704,0.4,NS
13,Республика Мордовия,data (33).xls | 2.14.Я3.4,data (33).xls,2.14.Я3.4,-0.23623793553955041,-0.036726645735547105,0.00867622696785808,0.68,NS
14,Республика Саха (Якутия),data (33).xls | 2.14.Я3.4,data (33).xls,2.14.Я3.4,-0.17853614093937295,-0.02359354962800056,0.0042123013016447984,0.92,NS
15,Республика Северная Осетия - Алания,data (33).xls | 2.14.Я3.4,data (33).xls,2.14.Я3.4,0.2349118873186783,-0.04267612455731677,-0.010025128963206276,0.68,NS
16,Республика Татарстан,data (33).xls | 2.14.Я3.4,data (33).xls,2.14.Я3.4,0.6918807606565244,-0.0764271919143768,-0.05287850367656119,0.34,NS
17,Республика Тыва,data (33).xls | 2.14.Я3.4,data (33).xls,2.14.Я3.4,-0.08464847514925394,-0.13237470525923115,0.011205316948525843,0.64,NS
18,Удмуртская Республика,data (33).xls | 2.14.Я3.4,data (33).xls,2.14.Я3.4,0.08356692605804335,0.04242994749245068,0.003545740284748288,0.86,NS
19,Республика Хакасия,data (33).xls | 2.14.Я3.4,data (33).xls,2.14.Я3.4,-0.2460179007260213,-0.10194678857282401,0.025080734910445702,0.52,NS
20,Чеченская Республика,data (33).xls | 2.14.Я3.4,data (33).xls,2.14.Я3.4,-0.07340151518481237,-0.37609143770608233,0.02760568137566092,0.46,NS
21,Чувашская Республика - Чувашия,data (33).xls | 2.14.Я3.4,data (33).xls,2.14.Я3.4,0.04200207401554255,0.013102276889521466,0.0005503228036858132,0.96,NS
22,Алтайский край,data (33).xls | 2.14.Я3.4,data (33).xls,2.14.Я3.4,0.10312685643098479,-0.07617250532097912,-0.007855431020225038,0.8,NS
23,Краснодарский край,data (33).xls | 2.14.Я3.4,data (33).xls,2.14.Я3.4,-0.04675111005167948,1.2454354195918163,-0.05822548836359661,0.28,NS
24,Красноярский край,data (33).xls | 2.14.Я3.4,data (33).xls,2.14.Я3.4,-0.2949177266583751,-0.1790862639811121,0.05281571384905123,0.26,NS
25,Приморский край,data (33).xls | 2.14.Я3.4,data (33).xls,2.14.Я3.4,0.0001927228433802084,0.04884804964607211,9.4141350213686e-06,1.0,NS
26,Ставропольский край,data (33).xls | 2.14.Я3.4,data (33).xls,2.14.Я3.4,0.03613409490366022,0.8490325762466266,0.03067902368639474,0.42,NS
27,Хабаровский край,data (33).xls | 2.14.Я3.4,data (33).xls,2.14.Я3.4,0.04884804964607211,-0.10820189130667068,-0.005285451358347148,0.9,NS
28,Амурская область,data (33).xls | 2.14.Я3.4,data (33).xls,2.14.Я3.4,-0.21643350603694708,-0.6334267716750942,0.1370947770113054,0.1,NS
29,Архангельская область,data (33).xls | 2.14.Я3.4,data (33).xls,2.14.Я3.4,-0.01667771710328214,-0.41565954685634526,0.006932252333748574,0.78,NS
30,Астраханская область,data (33).xls | 2.14.Я3.4,data (33).xls,2.14.Я3.4,-0.06117655870172393,-0.2062867921559839,0.012619916049720872,0.62,NS
31,Белгородская область,data (33).xls | 2.14.Я3.4,data (33).xls,2.14.Я3.4,-0.07266801779582704,-0.07729624249730682,0.005616964725344855,0.56,NS
32,Брянская область,data (33).xls | 2.14.Я3.4,data (33).xls,2.14.Я3.4,0.10312685643098479,0.2863789541124806,0.029533361285613367,0.46,NS
33,Владимирская область,data (33).xls | 2.14.Я3.4,data (33).xls,2.14.Я3.4,-0.34552904649836114,-0.20288825425368534,0.07010378503799296,0.28,NS
34,Волгоградская область,data (33).xls | 2.14.Я3.4,data (33).xls,2.14.Я3.4,-0.08391497776026861,-0.10186121387744232,0.008547681497159537,0.76,NS
35,Вологодская область,data (33).xls | 2.14.Я3.4,data (33).xls,2.14.Я3.4,-0.20298605390554986,0.06538230328944915,-0.013271695739981134,0.56,NS
36,Воронежская область,data (33).xls | 2.14.Я3.4,data (33).xls,2.14.Я3.4,-0.06802253433225348,-0.043749523677537754,0.0029759534763750487,0.94,NS
37,Ивановская область,data (33).xls | 2.14.Я3.4,data (33).xls,2.14.Я3.4,-0.6802483550053231,0.3283716796318894,-0.22337429489992772,0.12,NS
38,Иркутская область,data (33).xls | 2.14.Я3.4,data (33).xls,2.14.Я3.4,-0.07829149777804782,-0.1956021801897646,0.015313987655708265,0.52,NS
39,Калининградская область,data (33).xls | 2.14.Я3.4,data (33).xls,2.14.Я3.4,0.0393125835892631,-0.4504191731232602,-0.017707141393614935,0.56,NS
40,Калужская область,data (33).xls | 2.14.Я3.4,data (33).xls,2.14.Я3.4,-0.48513804953523143,0.36196993503291075,-0.17560538827226077,0.2,NS
41,Камчатский край,data (33).xls | 2.14.Я3.4,data (33).xls,2.14.Я3.4,-0.13966077932315196,0.25096733016646783,-0.03505029291569968,0.34,NS
42,Кемеровская область - Кузбасс,data (33).xls | 2.14.Я3.4,data (33).xls,2.14.Я3.4,-0.1435727653977402,-0.12971781471690652,0.01862394538025795,0.6,NS
43,Кировская область,data (33).xls | 2.14.Я3.4,data (33).xls,2.14.Я3.4,-0.017655713621929022,0.2026108356333623,-0.0035772388906423766,0.82,NS
44,Костромская область,data (33).xls | 2.14.Я3.4,data (33).xls,2.14.Я3.4,1.9341808384679722,-0.2352110391949711,-0.45494068500705226,0.08,NS
45,Курганская область,data (33).xls | 2.14.Я3.4,data (33).xls,2.14.Я3.4,0.41535224500906365,-0.21773750139514325,-0.09043776002713688,0.2,NS
46,Курская область,data (33).xls | 2.14.Я3.4,data (33).xls,2.14.Я3.4,-0.16386619315966697,0.34787048522241554,-0.057004212126003415,0.3,NS
47,Ленинградская область,data (33).xls | 2.14.Я3.4,data (33).xls,2.14.Я3.4,-0.08587097079756272,-0.1760503997878117,0.01511761873907842,0.62,NS
48,Липецкая область,data (33).xls | 2.14.Я3.4,data (33).xls,2.14.Я3.4,-0.049929598737282706,0.26445553215280865,-0.013204158604244301,0.78,NS
49,Магаданская область,data (33).xls | 2.14.Я3.4,data (33).xls,2.14.Я3.4,1.772322414631882,-0.35103027691575106,-0.6221388279922221,0.04,HL
50,Московская область,data (33).xls | 2.14.Я3.4,data (33).xls,2.14.Я3.4,0.08992390342924911,-0.2258772849201331,-0.020311767156019032,0.62,NS
51,Мурманская область,data (33).xls | 2.14.Я3.4,data (33).xls,2.14.Я3.4,-0.32743611090339036,-0.5968741517906597,0.19543815096109352,0.14,NS
52,Нижегородская область,data (33).xls | 2.14.Я3.4,data (33).xls,2.14.Я3.4,-0.04968509960762081,0.03585903338279056,-0.0017816596454569488,0.98,NS
53,Новгородская область,data (33).xls | 2.14.Я3.4,data (33).xls,2.14.Я3.4,0.046158559219792665,-0.3505412786564275,-0.01618048036984455,0.54,NS
54,Новосибирская область,data (33).xls | 2.14.Я3.4,data (33).xls,2.14.Я3.4,-0.2002965634792704,-0.07126214780027193,0.014273563310546317,0.58,NS
55,Омская область,data (33).xls | 2.14.Я3.4,data (33).xls,2.14.Я3.4,0.010950684548497987,-0.29671072027589473,-0.003249185499898949,0.88,NS
56,Оренбургская область,data (33).xls | 2.14.Я3.4,data (33).xls,2.14.Я3.4,-0.010565238861737918,0.03136636187525561,-0.00033139310543578524,0.98,NS
57,Орловская область,data (33).xls | 2.14.Я3.4,data (33).xls,2.14.Я3.4,1.826845720546456,-0.10538200134457186,-0.192516658178952,0.1,NS
58,Пензенская область,data (33).xls | 2.14.Я3.4,data (33).xls,2.14.Я3.4,0.05276003572066033,-0.08381717810840378,-0.004422197311004332,0.9,NS
59,Пермский край,data (33).xls | 2.14.Я3.4,data (33).xls,2.14.Я3.4,-0.18415962092159374,-0.08944065809062435,0.016471357688947256,0.58,NS
60,Псковская область,data (33).xls | 2.14.Я3.4,data (33).xls,2.14.Я3.4,-0.35946549688908214,-0.15731361648473155,0.056548817317102526,0.22,NS
61,Ростовская область,data (33).xls | 2.14.Я3.4,data (33).xls,2.14.Я3.4,-0.02547968577110581,-0.07017330482746292,0.0017879937565237777,0.9,NS
62,Рязанская область,data (33).xls | 2.14.Я3.4,data (33).xls,2.14.Я3.4,-0.14895174625029908,-0.049746224390036294,0.007409786992255125,0.72,NS
63,Самарская область,data (33).xls | 2.14.Я3.4,data (33).xls,2.14.Я3.4,-0.0479736056999886,0.14389708630208467,-0.00690326207963344,0.7,NS
64,Саратовская область,data (33).xls | 2.14.Я3.4,data (33).xls,2.14.Я3.4,-0.02596868403042925,-0.025846434465598422,0.000671197889950322,0.98,NS
65,Сахалинская область,data (33).xls | 2.14.Я3.4,data (33).xls,2.14.Я3.4,0.11535181291407325,-0.04540636483853992,-0.005237706501963411,0.78,NS
66,Свердловская область,data (33).xls | 2.14.Я3.4,data (33).xls,2.14.Я3.4,-0.02083420230753191,-0.15185080735914572,0.003163690441082497,0.88,NS
67,Смоленская область,data (33).xls | 2.14.Я3.4,data (33).xls,2.14.Я3.4,-0.03232566140163537,-0.28107907591951903,0.009086067035258934,0.64,NS
68,Тамбовская область,data (33).xls | 2.14.Я3.4,data (33).xls,2.14.Я3.4,0.07183096783427834,-0.04802250552592084,-0.003449503049753874,0.84,NS
69,Тверская область,data (33).xls | 2.14.Я3.4,data (33).xls,2.14.Я3.4,-0.7538425930335154,-0.1140291205636097,0.0859600079270029,0.24,NS
70,Томская область,data (33).xls | 2.14.Я3.4,data (33).xls,2.14.Я3.4,-0.2555533667828303,-0.20526804578239316,0.052456940192622724,0.22,NS
71,Тульская область,data (33).xls | 2.14.Я3.4,data (33).xls,2.14.Я3.4,0.06889697827833699,0.24655004589057838,0.016986553156246167,0.5,NS
72,Тюменская область,data (33).xls | 2.14.Я3.4,data (33).xls,2.14.Я3.4,-0.4342822305655835,-0.003914862534937669,0.0017001552340303655,0.96,NS
73,Ульяновская область,data (33).xls | 2.14.Я3.4,data (33).xls,2.14.Я3.4,-0.0797584925560185,0.07941044085379317,-0.0063336570557074095,0.86,NS
74,Челябинская область,data (33).xls | 2.14.Я3.4,data (33).xls,2.14.Я3.4,-0.1980960713123144,0.015901791924148728,-0.003150082506999752,0.88,NS
75,Забайкальский край,data (33).xls | 2.14.Я3.4,data (33).xls,2.14.Я3.4,-0.26191034415403647,-0.1578148397005381,0.04133333897858203,0.4,NS
76,Ярославская область,data (33).xls | 2.14.Я3.4,data (33).xls,2.14.Я3.4,-0.22547997383443263,0.00691644890907861,-0.001559520719046235,0.86,NS
77,Москва,data (33).xls | 2.14.Я3.4,data (33).xls,2.14.Я3.4,0.11535181291407325,-0.19760707305299116,-0.022794334121306242,0.54,NS
78,Санкт-Петербург,data (33).xls | 2.14.Я3.4,data (33).xls,2.14.Я3.4,-0.22156798775984443,-0.023279193604149807,0.005157924083543313,0.8,NS
79,Еврейская автономная область,data (33).xls | 2.14.Я3.4,data (33).xls,2.14.Я3.4,-2.1421086512530394,-0.08379272819543748,0.17949312797954112,0.12,NS
83,Ненецкий автономный округ,data (33).xls | 2.14.Я3.4,data (33).xls,2.14.Я3.4,-1.4161907352872476,-0.19815719609473006,0.28062838523985506,0.14,NS
86,Ханты-Мансийский автономный округ - Югра,data (33).xls | 2.14.Я3.4,data (33).xls,2.14.Я3.4,-0.16948967314188776,-0.24235041378109476,0.041075892417559004,0.3,NS
87,Чукотский автономный округ,data (33).xls | 2.14.Я3.4,data (33).xls,2.14.Я3.4,-1.1347722370465516,0.37335951948965507,-0.42367801715390146,0.08,NS
89,Ямало-Ненецкий автономный округ,data (33).xls | 2.14.Я3.4,data (33).xls,2.14.Я3.4,-0.27658029193374245,-0.513133199881504,0.1419225302241218,0.16,NS
91,Республика Крым,data (33).xls | 2.14.Я3.4,data (33).xls,2.14.Я3.4,-0.31570015267962537,0.064757751836181,-0.020444032141871633,0.38,NS
92,Севастополь,data (33).xls | 2.14.Я3.4,data (33).xls,2.14.Я3.4,0.2410243655602225,-0.31570015267962537,-0.07609142900687207,0.26,NS
1,Республика Адыгея,data (34).xls | 2.14.Я3.5,data (34).xls,2.14.Я3.5,0.15957718721853198,1.4831480512860846,0.2366765942528804,0.42,NS
2,Республика Башкортостан,data (34).xls | 2.14.Я3.5,data (34).xls,2.14.Я3.5,1.0347598410981325,-0.08144735352697471,-0.08427845059343578,0.62,NS
3,Республика Бурятия,data (34).xls | 2.14.Я3.5,data (34).xls,2.14.Я3.5,-0.554287328718094,-0.45965582260193993,0.2547813980397474,0.44,NS
4,Республика Алтай,data (34).xls | 2.14.Я3.5,data (34).xls,2.14.Я3.5,0.15005052552898637,-0.12669899655231695,-0.01901125101667039,0.86,NS
5,Республика Дагестан,data (34).xls | 2.14.Я3.5,data (34).xls,2.14.Я3.5,1.0849335926630732,1.331991685811959,1.4451225250853121,0.02,HH
6,Республика Ингушетия,data (34).xls | 2.14.Я3.5,data (34).xls,2.14.Я3.5,-1.8232386657655844,2.1014283949376016,-3.831405502987946,0.04,LH
7,Кабардино-Балкарская Республика,data (34).xls | 2.14.Я3.5,data (34).xls,2.14.Я3.5,4.353213662956559,0.09775973803303542,0.42556902729246376,0.28,NS
8,Республика Калмыкия,data (34).xls | 2.14.Я3.5,data (34).xls,2.14.Я3.5,-1.0191884191679255,0.6921810867420684,-0.7054629475745854,0.06,NS
9,Карачаево-Черкесская Республика,data (34).xls | 2.14.Я3.5,data (34).xls,2.14.Я3.5,0.13099720214989488,2.1078853545271827,0.2761270838958002,0.34,NS
10,Республика Карелия,data (34).xls | 2.14.Я3.5,data (34).xls,2.14.Я3.5,-0.8000752003083739,-0.24292426916477472,0.19435768331177247,0.38,NS
11,Республика Коми,data (34).xls | 2.14.Я3.5,data (34).xls,2.14.Я3.5,-0.7619685535501909,-0.24580495019947068,0.1872956423589674,0.38,NS
12,Республика Марий Эл,data (34).xls | 2.14.Я3.5,data (34).xls,2.14.Я3.5,-0.4069416279197869,-0.044769706022223715,0.018218657050174007,0.92,NS
13,Республика Мордовия,data (34).xls | 2.14.Я3.5,data (34).xls,2.14.Я3.5,0.6968809065089109,-0.15835926890057384,-0.11035755086552028,0.6,NS
14,Республика Саха (Якутия),data (34).xls | 2.14.Я3.5,data (34).xls,2.14.Я3.5,-0.8108720835565256,-0.7999844701970447,0.6486850741615409,0.02,LL
15,Республика Северная Осетия - Алания,data (34).xls | 2.14.Я3.5,data (34).xls,2.14.Я3.5,-0.3250123373896937,1.0057564488432933,-0.32688325428331666,0.3,NS
16,Республика Татарстан,data (34).xls | 2.14.Я3.5,data (34).xls,2.14.Я3.5,1.0214225147327685,-0.025319438406067832,-0.025861844448347243,0.88,NS
17,Республика Тыва,data (34).xls | 2.14.Я3.5,data (34).xls,2.14.Я3.5,0.1367131991636223,-0.32767980266276653,-0.04479815412333125,0.78,NS
18,Удмуртская Республика,data (34).xls | 2.14.Я3.5,data (34).xls,2.14.Я3.5,-0.025240049558655046,0.43585037621535805,-0.011000885095834084,0.98,NS
19,Республика Хакасия,data (34).xls | 2.14.Я3.5,data (34).xls,2.14.Я3.5,-0.2259350558184183,-0.1748086380845228,0.03949539940316834,0.8,NS
20,Чеченская Республика,data (34).xls | 2.14.Я3.5,data (34).xls,2.14.Я3.5,4.527869127264897,-0.08367024125453537,-0.3788479022472165,0.28,NS
21,Чувашская Республика - Чувашия,data (34).xls | 2.14.Я3.5,data (34).xls,2.14.Я3.5,-0.22212439114259985,0.25014398434714674,-0.055563080221094,0.6,NS
22,Алтайский край,data (34).xls | 2.14.Я3.5,data (34).xls,2.14.Я3.5,0.27516734905168677,-0.34216032843087596,-0.09415135052497862,0.54,NS
23,Краснодарский край,data (34).xls | 2.14.Я3.5,data (34).xls,2.14.Я3.5,1.4831480512860846,0.19998517656524828,0.29660762490885156,0.2,NS
24,Красноярский край,data (34).xls | 2.14.Я3.5,data (34).xls,2.14.Я3.5,-0.29325679842454133,-0.33374511060511064,0.09787302262589918,0.42,NS
25,Приморский край,data (34).xls | 2.14.Я3.5,data (34).xls,2.14.Я3.5,0.37932551685738675,-0.5174509035185174,-0.19628233142548338,0.58,NS
26,Ставропольский край,data (34).xls | 2.14.Я3.5,data (34).xls,2.14.Я3.5,0.4872943493389051,1.3122238628061516,0.6394392734131082,0.04,HH
27,Хабаровский край,data (34).xls | 2.14.Я3.5,data (34).xls,2.14.Я3.5,-0.5174509035185174,-0.5567219200387558,0.288076260532618,0.1,NS
28,Амурская область,data (34).xls | 2.14.Я3.5,data (34).xls,2.14.Я3.5,-0.9055035896726799,-0.639074617755051,0.5786843604458944,0.18,NS
29,Архангельская область,data (34).xls | 2.14.Я3.5,data (34).xls,2.14.Я3.5,-0.368199870382301,-0.7090426552749369,0.26106941376775433,0.28,NS
30,Астраханская область,data (34).xls | 2.14.Я3.5,data (34).xls,2.14.Я3.5,0.7730942000252768,-0.08271757508558092,-0.06394847753881795,0.88,NS
31,Белгородская область,data (34).xls | 2.14.Я3.5,data (34).xls,2.14.Я3.5,0.03890613915095292,0.44066476498552576,0.017144564665448832,0.82,NS
32,Брянская область,data (34).xls | 2.14.Я3.5,data (34).xls,2.14.Я3.5,-0.45012916091239413,-0.625102180610384,0.28137672004266,0.26,NS
33,Владимирская область,data (34).xls | 2.14.Я3.5,data (34).xls,2.14.Я3.5,-0.38661808298208933,0.2088617836924487,-0.08074974241939432,0.56,NS
34,Волгоградская область,data (34).xls | 2.14.Я3.5,data (34).xls,2.14.Я3.5,0.8537532689967636,0.17342260220733857,0.14806011355244067,0.38,NS
35,Вологодская область,data (34).xls | 2.14.Я3.5,data (34).xls,2.14.Я3.5,-0.3624838733685736,-0.019682830239753257,0.00713470854416185,0.98,NS
36,Воронежская область,data (34).xls | 2.14.Я3.5,data (34).xls,2.14.Я3.5,0.920439900823584,0.42479477872328425,0.39099806399843606,0.12,NS
37,Ивановская область,data (34).xls | 2.14.Я3.5,data (34).xls,2.14.Я3.5,0.4104459450432362,-0.30421245936751895,-0.12486277037902842,0.5,NS
38,Иркутская область,data (34).xls | 2.14.Я3.5,data (34).xls,2.14.Я3.5,-0.7149703558817654,-0.46448266452464315,0.33209133595609475,0.18,NS
39,Калининградская область,data (34).xls | 2.14.Я3.5,data (34).xls,2.14.Я3.5,-0.46854737351218273,-0.424883507435098,0.19907805145735913,0.42,NS
40,Калужская область,data (34).xls | 2.14.Я3.5,data (34).xls,2.14.Я3.5,-1.2167078715311734,-0.10367623080258143,0.12614368610818352,0.42,NS
41,Камчатский край,data (34).xls | 2.14.Я3.5,data (34).xls,2.14.Я3.5,-0.6330410653516721,-0.9973829490785208,0.6313843646482593,0.18,NS
42,Кемеровская область - Кузбасс,data (34).xls | 2.14.Я3.5,data (34).xls,2.14.Я3.5,-0.6927414786061585,-0.18835766804298787,0.13048316946690738,0.46,NS
43,Кировская область,data (34).xls | 2.14.Я3.5,data (34).xls,2.14.Я3.5,-0.5460308885871545,-0.09919517141527659,0.05416362759143859,0.68,NS
44,Костромская область,data (34).xls | 2.14.Я3.5,data (34).xls,2.14.Я3.5,0.20975093878347276,-0.3076103020367902,-0.06452154963168434,0.58,NS
45,Курганская область,data (34).xls | 2.14.Я3.5,data (34).xls,2.14.Я3.5,0.6981511280675171,-0.5028433555945472,-0.35106065594958874,0.28,NS
46,Курская область,data (34).xls | 2.14.Я3.5,data (34).xls,2.14.Я3.5,0.4015543941329935,-0.015459343557387928,-0.0062077673358807055,0.96,NS
47,Ленинградская область,data (34).xls | 2.14.Я3.5,data (34).xls,2.14.Я3.5,0.9452092212164029,-0.5487830352974676,-0.5187147854102931,0.04,HL
48,Липецкая область,data (34).xls | 2.14.Я3.5,data (34).xls,2.14.Я3.5,0.5190498883040575,0.322694805702865,0.16749470285637164,0.44,NS
49,Магаданская область,data (34).xls | 2.14.Я3.5,data (34).xls,2.14.Я3.5,-0.9518666765618022,-0.8443741771647615,0.803731641792428,0.06,NS
50,Московская область,data (34).xls | 2.14.Я3.5,data (34).xls,2.14.Я3.5,1.7803798959999113,-0.21521756141767923,-0.3831690196141623,0.08,NS
51,Мурманская область,data (34).xls | 2.14.Я3.5,data (34).xls,2.14.Я3.5,-1.1862225541246272,-0.5885833108004588,0.6981907982528495,0.06,NS
52,Нижегородская область,data (34).xls | 2.14.Я3.5,data (34).xls,2.14.Я3.5,-0.43234605909190893,-0.04389642870068198,0.018978447956948818,0.9,NS
53,Новгородская область,data (34).xls | 2.14.Я3.5,data (34).xls,2.14.Я3.5,-0.4329811698712119,0.24531714242444375,-0.10621770331639836,0.58,NS
54,Новосибирская область,data (34).xls | 2.14.Я3.5,data (34).xls,2.14.Я3.5,-0.4837900322154558,0.1368719768584481,-0.06621729809374173,0.7,NS
55,Омская область,data (34).xls | 2.14.Я3.5,data (34).xls,2.14.Я3.5,1.5174440333684491,-0.381960603933867,-0.5796038394212558,0.18,NS
56,Оренбургская область,data (34).xls | 2.14.Я3.5,data (34).xls,2.14.Я3.5,-0.3192963403759663,0.3000954471393315,-0.0958193780350778,0.56,NS
57,Орловская область,data (34).xls | 2.14.Я3.5,data (34).xls,2.14.Я3.5,-1.10556348515314,-0.062457541225813554,0.06905077695170635,0.6,NS
58,Пензенская область,data (34).xls | 2.14.Я3.5,data (34).xls,2.14.Я3.5,-0.4024958524646655,0.45706307624407994,-0.18396599250298337,0.48,NS
59,Пермский край,data (34).xls | 2.14.Я3.5,data (34).xls,2.14.Я3.5,0.2332500376176858,-0.18617712103404743,-0.043425820484744006,0.78,NS
60,Псковская область,data (34).xls | 2.14.Я3.5,data (34).xls,2.14.Я3.5,-1.0439577395607442,0.18129797587069638,-0.18926742507691055,0.4,NS
61,Ростовская область,data (34).xls | 2.14.Я3.5,data (34).xls,2.14.Я3.5,0.2618300226863227,0.38934959303963024,0.1019434127784769,0.5,NS
62,Рязанская область,data (34).xls | 2.14.Я3.5,data (34).xls,2.14.Я3.5,-0.10653422930944506,0.45014036874967667,-0.04795535726581621,0.76,NS
63,Самарская область,data (34).xls | 2.14.Я3.5,data (34).xls,2.14.Я3.5,-0.0893862382682628,0.2511919171329968,-0.02245310055591178,0.72,NS
64,Саратовская область,data (34).xls | 2.14.Я3.5,data (34).xls,2.14.Я3.5,-0.06906269333056522,0.5077237460731531,-0.03506476937169594,0.78,NS
65,Сахалинская область,data (34).xls | 2.14.Я3.5,data (34).xls,2.14.Я3.5,-0.6241495144414295,-0.5752459844350948,0.35903950186954653,0.34,NS
66,Свердловская область,data (34).xls | 2.14.Я3.5,data (34).xls,2.14.Я3.5,-0.632405954572369,0.06875634577819623,-0.04348192248476806,0.7,NS
67,Смоленская область,data (34).xls | 2.14.Я3.5,data (34).xls,2.14.Я3.5,-0.5796917598902162,0.10241721708125784,-0.059370416812892665,0.66,NS
68,Тамбовская область,data (34).xls | 2.14.Я3.5,data (34).xls,2.14.Я3.5,1.3923272098457489,0.17227940280459314,0.23986930022081104,0.2,NS
69,Тверская область,data (34).xls | 2.14.Я3.5,data (34).xls,2.14.Я3.5,1.4425009614106896,-0.20772854681173084,-0.29964862848836715,0.18,NS
70,Томская область,data (34).xls | 2.14.Я3.5,data (34).xls,2.14.Я3.5,-0.5523819963801849,0.015195336723639097,-0.008393630435072902,0.92,NS
71,Тульская область,data (34).xls | 2.14.Я3.5,data (34).xls,2.14.Я3.5,0.4339450438774488,-0.02587516033795792,-0.011228397588191172,0.9,NS
72,Тюменская область,data (34).xls | 2.14.Я3.5,data (34).xls,2.14.Я3.5,-0.10970978320596035,0.23680665798178274,-0.025980007108909384,0.88,NS
73,Ульяновская область,data (34).xls | 2.14.Я3.5,data (34).xls,2.14.Я3.5,0.3717041875057503,0.15587237433926432,0.057938414258368404,0.64,NS
74,Челябинская область,data (34).xls | 2.14.Я3.5,data (34).xls,2.14.Я3.5,-0.7664143290053121,0.19530216855432855,-0.14968238046584809,0.42,NS
75,Забайкальский край,data (34).xls | 2.14.Я3.5,data (34).xls,2.14.Я3.5,-0.8007103110876768,-0.7464083394572663,0.5976568536852639,0.1,NS
76,Ярославская область,data (34).xls | 2.14.Я3.5,data (34).xls,2.14.Я3.5,-0.6076366341795502,0.5156626308144412,-0.31333550536025906,0.28,NS
77,Москва,data (34).xls | 2.14.Я3.5,data (34).xls,2.14.Я3.5,-0.7009979187370982,0.28183601223436894,-0.19756645800145595,0.42,NS
78,Санкт-Петербург,data (34).xls | 2.14.Я3.5,data (34).xls,2.14.Я3.5,-0.18465285516372001,0.2383309238521101,-0.04400848556309927,0.88,NS
79,Еврейская автономная область,data (34).xls | 2.14.Я3.5,data (34).xls,2.14.Я3.5,-0.42726517285748444,-0.7114772465955986,0.30398944875083556,0.36,NS
83,Ненецкий автономный округ,data (34).xls | 2.14.Я3.5,data (34).xls,2.14.Я3.5,-0.5974748617107014,-0.5698475428110188,0.34046958183719644,0.24,NS
86,Ханты-Мансийский автономный округ - Югра,data (34).xls | 2.14.Я3.5,data (34).xls,2.14.Я3.5,0.15322607942550165,-0.3854537132200338,-0.05906156127670743,0.74,NS
87,Чукотский автономный округ,data (34).xls | 2.14.Я3.5,data (34).xls,2.14.Я3.5,-1.4161326562323306,-0.7160817997455456,1.0140668211532875,0.06,NS
89,Ямало-Ненецкий автономный округ,data (34).xls | 2.14.Я3.5,data (34).xls,2.14.Я3.5,0.037000806813043706,-0.37486853356498295,-0.013870438190726924,0.92,NS
91,Республика Крым,data (34).xls | 2.14.Я3.5,data (34).xls,2.14.Я3.5,0.16021229799783515,0.38710375593096874,0.06201878230129361,0.66,NS
92,Севастополь,data (34).xls | 2.14.Я3.5,data (34).xls,2.14.Я3.5,-0.32183678349317846,0.16021229799783515,-0.05156221066367386,0.86,NS
1,Республика Адыгея,data (35).xls | 2.14.Я5.2,data (35).xls,2.14.Я5.2,-0.03481725681272382,-0.15362796892912758,0.0053489044478225905,0.96,NS
2,Республика Башкортостан,data (35).xls | 2.14.Я5.2,data (35).xls,2.14.Я5.2,1.941760953851096,-0.26883835643594456,-0.5220198234248207,0.12,NS
3,Республика Бурятия,data (35).xls | 2.14.Я5.2,data (35).xls,2.14.Я5.2,-0.22923478573047615,-0.26523803182635675,0.0608017833932881,0.78,NS
4,Республика Алтай,data (35).xls | 2.14.Я5.2,data (35).xls,2.14.Я5.2,-0.4560552361345218,0.15690002864783764,-0.07155507961450283,0.78,NS
5,Республика Дагестан,data (35).xls | 2.14.Я5.2,data (35).xls,2.14.Я5.2,0.33241585336525403,0.940870712385627,0.3127603407640427,0.46,NS
6,Республика Ингушетия,data (35).xls | 2.14.Я5.2,data (35).xls,2.14.Я5.2,-0.9204971107713751,3.1028656404432278,-2.8561788571397635,0.02,LH
7,Кабардино-Балкарская Республика,data (35).xls | 2.14.Я5.2,data (35).xls,2.14.Я5.2,0.2460080627351405,0.9372703877760393,0.23057607235579736,0.42,NS
8,Республика Калмыкия,data (35).xls | 2.14.Я5.2,data (35).xls,2.14.Я5.2,-0.8448902939700265,-0.2637979019825213,0.22288028695468864,0.5,NS
9,Карачаево-Черкесская Республика,data (35).xls | 2.14.Я5.2,data (35).xls,2.14.Я5.2,1.3153044717827806,-0.14282699510036417,-0.1878609853468063,0.56,NS
10,Республика Карелия,data (35).xls | 2.14.Я5.2,data (35).xls,2.14.Я5.2,-0.7368805556823861,-0.5829666786224982,0.42957681008766146,0.26,NS
11,Республика Коми,data (35).xls | 2.14.Я5.2,data (35).xls,2.14.Я5.2,-0.2400357595592411,0.22749210760011723,-0.054606240841526744,0.74,NS
12,Республика Марий Эл,data (35).xls | 2.14.Я5.2,data (35).xls,2.14.Я5.2,-0.8880941892850832,0.39722169633783805,-0.35277028037559777,0.3,NS
13,Республика Мордовия,data (35).xls | 2.14.Я5.2,data (35).xls,2.14.Я5.2,-0.7908854248262063,-0.2573173176852629,0.20350851611264903,0.44,NS
14,Республика Саха (Якутия),data (35).xls | 2.14.Я5.2,data (35).xls,2.14.Я5.2,-0.9853029537439586,-0.19837486050543668,0.1954593360045525,0.32,NS
15,Республика Северная Осетия - Алания,data (35).xls | 2.14.Я5.2,data (35).xls,2.14.Я5.2,2.017367770652443,-0.39845004238111326,-0.8038202737147578,0.1,NS
16,Республика Татарстан,data (35).xls | 2.14.Я5.2,data (35).xls,2.14.Я5.2,-0.41285134081946506,0.007036516773737123,-0.0029050353847360276,0.96,NS
17,Республика Тыва,data (35).xls | 2.14.Я5.2,data (35).xls,2.14.Я5.2,0.6348431205706467,-0.45821543090027417,-0.2908949140463536,0.32,NS
18,Удмуртская Республика,data (35).xls | 2.14.Я5.2,data (35).xls,2.14.Я5.2,-0.32644355018935306,1.0695823171783994,-0.34915824883947133,0.34,NS
19,Республика Хакасия,data (35).xls | 2.14.Я5.2,data (35).xls,2.14.Я5.2,-0.4884581576208136,0.24600806273514086,-0.12016464508347244,0.6,NS
20,Чеченская Республика,data (35).xls | 2.14.Я5.2,data (35).xls,2.14.Я5.2,4.188363510234013,-0.36964744550440876,-1.5482178724018816,0.04,HL
21,Чувашская Республика - Чувашия,data (35).xls | 2.14.Я5.2,data (35).xls,2.14.Я5.2,-0.38044841933317325,-0.48413776808930764,0.1841894486090675,0.52,NS
22,Алтайский край,data (35).xls | 2.14.Я5.2,data (35).xls,2.14.Я5.2,-0.7908854248262063,0.4836294869679496,-0.38249551225912704,0.34,NS
23,Краснодарский край,data (35).xls | 2.14.Я5.2,data (35).xls,2.14.Я5.2,-0.15362796892912758,0.4138255463020555,-0.06357517816937143,0.62,NS
24,Красноярский край,data (35).xls | 2.14.Я5.2,data (35).xls,2.14.Я5.2,-0.46685620996328525,-0.11582456052845408,0.0540734153489772,0.68,NS
25,Приморский край,data (35).xls | 2.14.Я5.2,data (35).xls,2.14.Я5.2,0.35401780102278085,-0.8664922416275549,-0.3067536779842871,0.48,NS
26,Ставропольский край,data (35).xls | 2.14.Я5.2,data (35).xls,2.14.Я5.2,-0.5208610791071054,0.9089178314755337,-0.4734199225220367,0.12,NS
27,Хабаровский край,data (35).xls | 2.14.Я5.2,data (35).xls,2.14.Я5.2,-0.8664922416275549,-0.5316620529358693,0.4606810440367092,0.16,NS
28,Амурская область,data (35).xls | 2.14.Я5.2,data (35).xls,2.14.Я5.2,-0.3696474455044083,-0.8988951631138467,0.3322743008213018,0.16,NS
29,Архангельская область,data (35).xls | 2.14.Я5.2,data (35).xls,2.14.Я5.2,-0.7908854248262063,0.08939394221806295,-0.07070036596802205,0.72,NS
30,Астраханская область,data (35).xls | 2.14.Я5.2,data (35).xls,2.14.Я5.2,-0.9745019799151953,-0.5856669220796897,0.570733575137496,0.3,NS
31,Белгородская область,data (35).xls | 2.14.Я5.2,data (35).xls,2.14.Я5.2,-0.9745019799151953,0.012791741554064262,-0.012465577470999101,0.9,NS
32,Брянская область,data (35).xls | 2.14.Я5.2,data (35).xls,2.14.Я5.2,-0.6072688697372174,0.0029861515879501255,-0.0018133968996784696,1.0,NS
33,Владимирская область,data (35).xls | 2.14.Я5.2,data (35).xls,2.14.Я5.2,-0.7044776341960943,-0.0974629050195554,0.06866043675005504,0.8,NS
34,Волгоградская область,data (35).xls | 2.14.Я5.2,data (35).xls,2.14.Я5.2,-0.32644355018935306,0.029988586159860074,-0.009789580531184021,0.88,NS
35,Вологодская область,data (35).xls | 2.14.Я5.2,data (35).xls,2.14.Я5.2,-0.4236523146482285,0.028638464431265345,-0.012132751744276526,0.98,NS
36,Воронежская область,data (35).xls | 2.14.Я5.2,data (35).xls,2.14.Я5.2,0.7320518850295221,-0.22218238517169503,-0.1626490338852947,0.36,NS
37,Ивановская область,data (35).xls | 2.14.Я5.2,data (35).xls,2.14.Я5.2,0.9588723354335662,0.09749467258963579,0.09348494439835496,0.76,NS
38,Иркутская область,data (35).xls | 2.14.Я5.2,data (35).xls,2.14.Я5.2,-0.6504727650522741,-0.36532705597290327,0.2376353002471013,0.38,NS
39,Калининградская область,data (35).xls | 2.14.Я5.2,data (35).xls,2.14.Я5.2,-0.9204971107713751,0.29191220150738817,-0.26870433808646227,0.38,NS
40,Калужская область,data (35).xls | 2.14.Я5.2,data (35).xls,2.14.Я5.2,-0.3480454978468815,0.19920384281049675,-0.06933200064399127,0.76,NS
41,Камчатский край,data (35).xls | 2.14.Я5.2,data (35).xls,2.14.Я5.2,-0.11042407361407237,0.46922818852959736,-0.051814088031990085,0.82,NS
42,Кемеровская область - Кузбасс,data (35).xls | 2.14.Я5.2,data (35).xls,2.14.Я5.2,1.2721005764677238,-0.26883835643594456,-0.34198942819880046,0.18,NS
43,Кировская область,data (35).xls | 2.14.Я5.2,data (35).xls,2.14.Я5.2,1.941760953851096,-0.033617148609527886,-0.06527646654979091,0.74,NS
44,Костромская область,data (35).xls | 2.14.Я5.2,data (35).xls,2.14.Я5.2,1.5313239483580614,0.408022670166602,0.62481488629912,0.1,NS
45,Курганская область,data (35).xls | 2.14.Я5.2,data (35).xls,2.14.Я5.2,1.0884840213787366,-0.337244524018117,-0.3670852756911979,0.28,NS
46,Курская область,data (35).xls | 2.14.Я5.2,data (35).xls,2.14.Я5.2,-0.6936766603673293,-0.39772997745919536,0.2758960024918678,0.34,NS
47,Ленинградская область,data (35).xls | 2.14.Я5.2,data (35).xls,2.14.Я5.2,-0.4776571837920487,-0.49205848223040116,0.23503526888316326,0.3,NS
48,Липецкая область,data (35).xls | 2.14.Я5.2,data (35).xls,2.14.Я5.2,-0.15362796892912758,-0.09962309978530817,0.015304894478440701,0.94,NS
49,Магаданская область,data (35).xls | 2.14.Я5.2,data (35).xls,2.14.Я5.2,-0.8880941892850832,0.1677010024766015,-0.14893428583675314,0.44,NS
50,Московская область,data (35).xls | 2.14.Я5.2,data (35).xls,2.14.Я5.2,-0.5748659482509256,0.06509175110334325,-0.037419031221336656,0.92,NS
51,Мурманская область,data (35).xls | 2.14.Я5.2,data (35).xls,2.14.Я5.2,-0.6396717912235093,-0.29764095331264856,0.1903925217469748,0.62,NS
52,Нижегородская область,data (35).xls | 2.14.Я5.2,data (35).xls,2.14.Я5.2,0.44042559165289435,0.15419978519064664,0.06791353162533977,0.72,NS
53,Новгородская область,data (35).xls | 2.14.Я5.2,data (35).xls,2.14.Я5.2,0.11639637678997329,-0.46415596650609364,-0.0540260727667575,0.86,NS
54,Новосибирская область,data (35).xls | 2.14.Я5.2,data (35).xls,2.14.Я5.2,0.6348431205706467,0.11099588987559081,0.07046497709913592,0.8,NS
55,Омская область,data (35).xls | 2.14.Я5.2,data (35).xls,2.14.Я5.2,0.00838663850233294,0.2424077381255532,0.002032986069827205,1.0,NS
56,Оренбургская область,data (35).xls | 2.14.Я5.2,data (35).xls,2.14.Я5.2,-0.5316620529358689,-0.05371896101306056,0.02856033309378568,0.86,NS
57,Орловская область,data (35).xls | 2.14.Я5.2,data (35).xls,2.14.Я5.2,-0.9853029537439586,-0.030496867281218087,0.030048653412121668,0.86,NS
58,Пензенская область,data (35).xls | 2.14.Я5.2,data (35).xls,2.14.Я5.2,-0.14282699510036417,-0.35884647167564526,0.05125296325180036,0.82,NS
59,Пермский край,data (35).xls | 2.14.Я5.2,data (35).xls,2.14.Я5.2,0.8076587018308706,0.5959596147870962,0.4813319688225719,0.2,NS
60,Псковская область,data (35).xls | 2.14.Я5.2,data (35).xls,2.14.Я5.2,-0.4776571837920487,0.05591092334889418,-0.026706254190045894,0.82,NS
61,Ростовская область,data (35).xls | 2.14.Я5.2,data (35).xls,2.14.Я5.2,0.17040124593379347,-0.15911014388087005,-0.027112566758005403,0.74,NS
62,Рязанская область,data (35).xls | 2.14.Я5.2,data (35).xls,2.14.Я5.2,-0.43445328847699344,-0.14282699510036417,0.06205165770464065,0.62,NS
63,Самарская область,data (35).xls | 2.14.Я5.2,data (35).xls,2.14.Я5.2,-0.9312980846001385,-0.16172869930070133,0.1506176278836149,0.48,NS
64,Саратовская область,data (35).xls | 2.14.Я5.2,data (35).xls,2.14.Я5.2,1.0668820737212066,-0.38404874394276106,-0.4097347203476776,0.14,NS
65,Сахалинская область,data (35).xls | 2.14.Я5.2,data (35).xls,2.14.Я5.2,-0.3372445240181165,-0.4884581576208136,0.1647298388695974,0.6,NS
66,Свердловская область,data (35).xls | 2.14.Я5.2,data (35).xls,2.14.Я5.2,-0.3372445240181165,0.39259270755408165,-0.13239974079205988,0.46,NS
67,Смоленская область,data (35).xls | 2.14.Я5.2,data (35).xls,2.14.Я5.2,2.03896971830997,-0.4970989366838244,-1.013569678902403,0.06,NS
68,Тамбовская область,data (35).xls | 2.14.Я5.2,data (35).xls,2.14.Я5.2,-0.8664922416275549,0.21360514124884866,-0.18508719766388537,0.44,NS
69,Тверская область,data (35).xls | 2.14.Я5.2,data (35).xls,2.14.Я5.2,-0.4776571837920487,-0.03301709450792967,0.015770852379653602,0.96,NS
70,Томская область,data (35).xls | 2.14.Я5.2,data (35).xls,2.14.Я5.2,-0.04561823064148724,0.23520708890637707,-0.010729731230243903,0.92,NS
71,Тульская область,data (35).xls | 2.14.Я5.2,data (35).xls,2.14.Я5.2,1.650134660474465,-0.4992591314495774,-0.8238447973633247,0.06,NS
72,Тюменская область,data (35).xls | 2.14.Я5.2,data (35).xls,2.14.Я5.2,0.13799832444750015,0.10775559772696197,0.014870091936159608,0.84,NS
73,Ульяновская область,data (35).xls | 2.14.Я5.2,data (35).xls,2.14.Я5.2,-0.769283477168678,-0.26523803182635675,0.2040432354007562,0.44,NS
74,Челябинская область,data (35).xls | 2.14.Я5.2,data (35).xls,2.14.Я5.2,-0.8124873724837347,0.5403345995689618,-0.4390150390658367,0.2,NS
75,Забайкальский край,data (35).xls | 2.14.Я5.2,data (35).xls,2.14.Я5.2,-0.780084450997443,-0.5586644875077793,0.43580548002927383,0.18,NS
76,Ярославская область,data (35).xls | 2.14.Я5.2,data (35).xls,2.14.Я5.2,-0.8772932154563183,0.0515905338173884,-0.0452600252997646,0.88,NS
77,Москва,data (35).xls | 2.14.Я5.2,data (35).xls,2.14.Я5.2,-0.32644355018935306,-0.4614557230489036,0.15063924448727897,0.78,NS
78,Санкт-Петербург,data (35).xls | 2.14.Я5.2,data (35).xls,2.14.Я5.2,-0.510060105278342,-0.6990771472817119,0.35657136334019296,0.4,NS
79,Еврейская автономная область,data (35).xls | 2.14.Я5.2,data (35).xls,2.14.Я5.2,-0.9637010060864303,-0.6180698435659816,0.595634530076219,0.26,NS
83,Ненецкий автономный округ,data (35).xls | 2.14.Я5.2,data (35).xls,2.14.Я5.2,0.6348431205706467,-0.5397627833074425,-0.3426646897227946,0.24,NS
86,Ханты-Мансийский автономный округ - Югра,data (35).xls | 2.14.Я5.2,data (35).xls,2.14.Я5.2,-0.175229916586656,-0.24003575955924059,0.04206144612538034,0.82,NS
87,Чукотский автономный округ,data (35).xls | 2.14.Я5.2,data (35).xls,2.14.Я5.2,2.633023278891992,-0.7260795818536223,-1.911784441348751,0.02,HL
89,Ямало-Ненецкий автономный округ,data (35).xls | 2.14.Я5.2,data (35).xls,2.14.Я5.2,-0.4884581576208136,-0.061819691384633904,0.030196332558425562,0.94,NS
91,Республика Крым,data (35).xls | 2.14.Я5.2,data (35).xls,2.14.Я5.2,1.5529258960155883,0.6104456267456739,0.9479768218828231,0.04,HH
92,Севастополь,data (35).xls | 2.14.Я5.2,data (35).xls,2.14.Я5.2,1.9849648491661496,1.5529258960155883,3.08250331695079,0.04,HH
